사고번호,사고일시,요일,시군구,사고내용,사망자수,중상자수,경상자수,부상신고자수,사고유형,법규위반,노면상태,기상상태,도로형태,가해운전자 차종,가해운전자 성별,가해운전자 연령,가해운전자 상해정도,피해운전자 차종,피해운전자 성별,피해운전자 연령,피해운전자 상해정도
2012011400100331,2012년 1월 14일 15시,토요일,경상남도 함안군 가야읍,경상사고,0,0,2,0,차대차 - 기타,안전운전불이행,건조,맑음,교차로 - 교차로안,승용,여,47세,상해없음,승용,남,48세,경상
2012011400100358,2012년 1월 14일 16시,토요일,경상남도 합천군 대양면,경상사고,0,0,2,0,차대차 - 기타,교차로운행방법위반,건조,맑음,교차로 - 교차로안,승합,남,48세,상해없음,승용,남,53세,상해없음
2012011400100359,2012년 1월 14일 16시,토요일,경상남도 창원시 성산구 반지동,경상사고,0,0,1,0,차대차 - 추돌 - 진행중,안전거리미확보,건조,맑음,교차로 - 교차로부근,화물,남,37세,상해없음,승용,여,30세,경상
2012011400100391,2012년 1월 14일 17시,토요일,경상남도 양산시 하북면,경상사고,0,0,2,1,차대차 - 측면직각충돌,중앙선침범,건조,맑음,단일로 - 기타,승용,남,41세,상해없음,승용,남,28세,경상
2012011400100438,2012년 1월 14일 18시,토요일,경상남도 거창군 거창읍,부상신고사고,0,0,0,1,차대차 - 추돌 - 진행중,안전운전불이행,건조,맑음,단일로 - 기타,기타불명,기타불명,기타불명,기타불명,자전거,남,70세,부상신고
2012011400100439,2012년 1월 14일 18시,토요일,경상남도 거제시 장승포동,중상사고,0,1,0,0,차대사람 - 기타,안전운전불이행,건조,맑음,단일로 - 기타,승용,남,55세,상해없음,보행자,남,32세,중상
2012011400100479,2012년 1월 14일 19시,토요일,경상남도 양산시 북부동,중상사고,0,1,0,0,차대차 - 측면직각충돌,직진우회전진행방해,건조,맑음,교차로 - 교차로안,화물,남,46세,상해없음,이륜,남,30세,중상
2012011400100480,2012년 1월 14일 19시,토요일,경상남도 거제시 옥포동,경상사고,0,0,1,0,차대차 - 추돌 - 진행중,안전운전불이행,건조,맑음,단일로 - 기타,승용,여,47세,경상,승합,남,53세,상해없음
2012011400100481,2012년 1월 14일 19시,토요일,경상남도 창원시 의창구 소계동,경상사고,0,0,1,0,차대차 - 기타,안전운전불이행,건조,맑음,교차로 - 교차로안,승용,남,24세,상해없음,승용,여,36세,경상
2012011400100514,2012년 1월 14일 20시,토요일,경상남도 김해시 동상동,경상사고,0,0,2,0,차대차 - 측면직각충돌,교차로운행방법위반,건조,맑음,교차로 - 교차로안,승용,남,31세,상해없음,승용,여,56세,경상
2012011400100515,2012년 1월 14일 20시,토요일,경상남도 합천군 합천읍,중상사고,0,2,0,0,차대차 - 측면직각충돌,중앙선침범,건조,흐림,단일로 - 기타,승용,남,58세,중상,승합,남,51세,중상
2012011400100516,2012년 1월 14일 20시,토요일,경상남도 김해시 진영읍,경상사고,0,0,1,0,차대차 - 기타,안전운전불이행,건조,맑음,교차로 - 교차로부근,화물,남,23세,상해없음,승용,남,54세,경상
2012011400100562,2012년 1월 14일 22시,토요일,경상남도 사천시 사남면,경상사고,0,0,3,0,차대차 - 추돌 - 주정차중,안전운전불이행,건조,맑음,단일로 - 기타,화물,남,49세,경상,승합,남,51세,상해없음
2012011400100563,2012년 1월 14일 22시,토요일,경상남도 창원시 의창구 팔용동,중상사고,0,1,0,0,차대차 - 측면직각충돌,신호위반,건조,맑음,교차로 - 교차로안,승용,기타불명,기타불명,기타불명,승용,남,30세,중상
2012011400100585,2012년 1월 14일 23시,토요일,경상남도 창원시 마산합포구 중앙동2가,중상사고,0,2,0,0,차대차 - 측면직각충돌,신호위반,건조,맑음,교차로 - 교차로안,승용,남,61세,상해없음,승용,남,44세,중상
2012011400100586,2012년 1월 14일 23시,토요일,경상남도 창원시 의창구 팔용동,경상사고,0,0,2,0,차대차 - 정면충돌,중앙선침범,건조,맑음,단일로 - 터널,승용,남,45세,상해없음,승용,여,40세,경상
2012011500100020,2012년 1월 15일 00시,일요일,경상남도 양산시 산막동,중상사고,0,1,0,0,차대차 - 측면직각충돌,신호위반,건조,맑음,단일로 - 기타,승용,남,59세,상해없음,승용,남,31세,중상
2012011500100021,2012년 1월 15일 00시,일요일,경상남도 거제시 능포동,중상사고,0,1,1,0,차대차 - 측면직각충돌,안전운전불이행,건조,맑음,교차로 - 교차로부근,승용,남,46세,상해없음,원동기,남,18세,경상
2012011500100022,2012년 1월 15일 00시,일요일,경상남도 남해군 남해읍,중상사고,0,1,1,0,차대차 - 추돌 - 진행중,안전운전불이행,건조,맑음,단일로 - 기타,승용,남,31세,상해없음,승용,남,23세,경상
2012011500100085,2012년 1월 15일 04시,일요일,경상남도 창원시 성산구 상남동,중상사고,0,5,0,0,차대차 - 추돌 - 주정차중,안전운전불이행,건조,맑음,교차로 - 교차로부근,승용,남,25세,상해없음,승용,남,57세,중상
2012011500100108,2012년 1월 15일 06시,일요일,경상남도 창원시 마산합포구 진동면,중상사고,0,2,1,0,차대차 - 측면직각충돌,신호위반,건조,맑음,교차로 - 교차로안,승합,남,45세,중상,화물,남,46세,상해없음
2012011500100109,2012년 1월 15일 06시,일요일,경상남도 남해군 남해읍,경상사고,0,0,1,0,차대차 - 기타,안전운전불이행,건조,맑음,교차로 - 교차로안,승용,남,48세,상해없음,원동기,여,44세,상해없음
2012011500100122,2012년 1월 15일 07시,일요일,경상남도 창원시 의창구 서상동,중상사고,0,2,0,0,차대차 - 측면직각충돌,신호위반,건조,맑음,교차로 - 교차로안,승합,남,46세,상해없음,승용,남,75세,중상
2012011500100141,2012년 1월 15일 09시,일요일,경상남도 양산시 물금읍,경상사고,0,0,2,0,차대차 - 기타,신호위반,건조,맑음,교차로 - 교차로안,승용,남,56세,기타불명,승용,남,49세,경상
2012011500100154,2012년 1월 15일 10시,일요일,경상남도 창원시 마산합포구 교방동,중상사고,0,1,0,0,차대사람 - 기타,보행자보호의무위반,건조,맑음,단일로 - 횡단보도상,화물,남,52세,상해없음,보행자,남,46세,중상
2012011500100171,2012년 1월 15일 11시,일요일,경상남도 창원시 마산회원구 구암동,경상사고,0,0,2,0,차대차 - 측면직각충돌,안전운전불이행,건조,맑음,교차로 - 교차로안,승용,남,64세,상해없음,원동기,남,17세,경상
2012011500100203,2012년 1월 15일 13시,일요일,경상남도 양산시 삼호동,중상사고,0,1,0,0,차대사람 - 보도통행중,기타,건조,맑음,단일로 - 기타,화물,남,43세,기타불명,보행자,여,36세,중상
2012011500100204,2012년 1월 15일 13시,일요일,경상남도 거제시 일운면,중상사고,0,2,0,0,차대차 - 측면직각충돌,중앙선침범,건조,맑음,단일로 - 기타,승용,남,48세,상해없음,이륜,남,57세,중상
2012011500100205,2012년 1월 15일 13시,일요일,경상남도 산청군 신안면,경상사고,0,0,1,0,차량단독 - 도로외이탈 - 기타,안전운전불이행,건조,맑음,단일로 - 기타,승용,남,57세,경상,,,,
2012011500100221,2012년 1월 15일 14시,일요일,경상남도 사천시 대방동,경상사고,0,0,1,0,차대사람 - 차도통행중,안전운전불이행,건조,맑음,단일로 - 기타,승용,여,56세,상해없음,보행자,남,39세,경상
2012011500100222,2012년 1월 15일 14시,일요일,경상남도 김해시 구산동,부상신고사고,0,0,0,1,차대차 - 측면직각충돌,신호위반,건조,맑음,교차로 - 교차로안,자전거,남,18세,부상신고,승용,여,34세,상해없음
2012011500100223,2012년 1월 15일 14시,일요일,경상남도 양산시 어곡동,중상사고,0,1,0,0,차대차 - 정면충돌,중앙선침범,건조,맑음,단일로 - 기타,승용,남,37세,기타불명,화물,남,54세,중상
2012011500100224,2012년 1월 15일 14시,일요일,경상남도 거제시 사등면,사망사고,1,0,2,0,차대차 - 측면직각충돌,안전운전불이행,건조,맑음,단일로 - 기타,승용,남,32세,상해없음,승용,남,56세,상해없음
2012011500100225,2012년 1월 15일 14시,일요일,경상남도 거제시 옥포동,중상사고,0,1,0,0,차대차 - 측면직각충돌,신호위반,건조,맑음,교차로 - 교차로부근,승용,남,54세,상해없음,승용,남,41세,중상
2012011500100226,2012년 1월 15일 14시,일요일,경상남도 창원시 의창구 명서동,경상사고,0,0,3,0,차대차 - 추돌 - 주정차중,안전거리미확보,건조,맑음,교차로 - 교차로안,화물,남,49세,상해없음,승용,남,30세,경상
2012011500100289,2012년 1월 15일 17시,일요일,경상남도 양산시 물금읍,경상사고,0,0,5,0,차대차 - 기타,안전운전불이행,건조,맑음,교차로 - 교차로부근,승용,여,46세,기타불명,승용,남,57세,경상
2012011500100324,2012년 1월 15일 18시,일요일,경상남도 양산시 북정동,경상사고,0,0,2,0,차대차 - 측면직각충돌,안전운전불이행,건조,맑음,단일로 - 기타,승용,여,50세,상해없음,화물,남,52세,경상
2012011500100351,2012년 1월 15일 19시,일요일,경상남도 사천시 선구동,경상사고,0,0,1,0,차대차 - 기타,직진우회전진행방해,건조,맑음,교차로 - 교차로안,승용,여,35세,상해없음,원동기,남,53세,경상
2012011500100383,2012년 1월 15일 20시,일요일,경상남도 김해시 삼방동,경상사고,0,0,1,0,차대차 - 추돌 - 주정차중,안전운전불이행,건조,맑음,단일로 - 기타,승용,여,52세,상해없음,승용,남,41세,경상
2012011500100384,2012년 1월 15일 20시,일요일,경상남도 거제시 일운면,중상사고,0,1,0,0,차대차 - 측면직각충돌,차로위반,건조,맑음,교차로 - 교차로부근,승용,남,37세,상해없음,원동기,남,17세,중상
2012011500100385,2012년 1월 15일 20시,일요일,경상남도 김해시 내동,경상사고,0,0,2,0,차대차 - 추돌 - 진행중,안전거리미확보,건조,맑음,단일로 - 기타,기타불명,기타불명,기타불명,기타불명,화물,남,39세,경상
2012011500100386,2012년 1월 15일 20시,일요일,경상남도 창원시 의창구 동읍,사망사고,1,0,2,0,차대차 - 추돌 - 진행중,안전운전불이행,건조,맑음,단일로 - 기타,승용,남,38세,상해없음,승용,남,55세,경상
2012011500100417,2012년 1월 15일 21시,일요일,경상남도 창원시 의창구 소답동,중상사고,0,1,0,0,차대사람 - 기타,안전운전불이행,건조,맑음,단일로 - 기타,승합,남,31세,상해없음,보행자,남,45세,중상
2012011500100435,2012년 1월 15일 22시,일요일,경상남도 창원시 마산회원구 합성동,부상신고사고,0,0,0,1,차대사람 - 기타,안전운전불이행,건조,맑음,교차로 - 교차로안,이륜,남,21세,상해없음,보행자,여,66세,부상신고
2012011500100436,2012년 1월 15일 22시,일요일,경상남도 창원시 의창구 서상동,중상사고,0,1,0,0,차대차 - 추돌 - 진행중,과속,건조,맑음,단일로 - 기타,승용,남,44세,상해없음,승용,여,49세,중상
2012011500100453,2012년 1월 15일 23시,일요일,경상남도 거제시 사등면,경상사고,0,0,1,0,차량단독 - 공작물충돌,안전운전불이행,건조,맑음,단일로 - 기타,승용,남,20세,상해없음,,,,
2012011500100454,2012년 1월 15일 23시,일요일,경상남도 창원시 마산회원구 합성동,중상사고,0,1,1,0,차대차 - 기타,신호위반,건조,맑음,교차로 - 교차로부근,승용,남,32세,상해없음,승용,남,44세,중상
2012011600100023,2012년 1월 16일 02시,월요일,경상남도 남해군 상주면,중상사고,0,3,0,0,차량단독 - 도로외이탈 - 추락,안전운전불이행,건조,맑음,단일로 - 기타,승용,남,19세,중상,,,,
2012011600100024,2012년 1월 16일 02시,월요일,경상남도 김해시 내동,경상사고,0,0,2,0,차대차 - 기타,중앙선침범,건조,맑음,단일로 - 기타,승용,남,24세,상해없음,승용,여,23세,경상
2012011600100079,2012년 1월 16일 07시,월요일,경상남도 밀양시 부북면,경상사고,0,0,2,0,차대차 - 측면직각충돌,교차로운행방법위반,건조,맑음,단일로 - 기타,승용,여,20세,상해없음,화물,남,60세,경상
2012011600100110,2012년 1월 16일 08시,월요일,경상남도 사천시 벌리동,경상사고,0,0,1,0,차대차 - 측면직각충돌,직진우회전진행방해,건조,맑음,교차로 - 교차로안,승용,여,26세,경상,승용,여,28세,상해없음
2012011600100111,2012년 1월 16일 08시,월요일,경상남도 창원시 의창구 신월동,경상사고,0,0,1,0,차대차 - 측면직각충돌,직진우회전진행방해,건조,맑음,단일로 - 기타,승용,남,61세,상해없음,승용,여,44세,경상
2012011600100112,2012년 1월 16일 08시,월요일,경상남도 김해시 풍유동,경상사고,0,0,2,0,차대차 - 측면직각충돌,직진우회전진행방해,건조,흐림,교차로 - 교차로안,승용,여,42세,상해없음,승용,여,39세,경상
2012011600100145,2012년 1월 16일 09시,월요일,경상남도 창원시 마산합포구 해운동,중상사고,0,1,0,0,차대사람 - 횡단중,보행자보호의무위반,습기,흐림,단일로 - 기타,승용,남,62세,상해없음,보행자,여,26세,중상
2012011600100146,2012년 1월 16일 09시,월요일,경상남도 양산시 북정동,경상사고,0,0,1,0,차대차 - 기타,안전운전불이행,습기,비,단일로 - 기타,기타불명,기타불명,기타불명,기타불명,승용,여,51세,경상
2012011600100147,2012년 1월 16일 09시,월요일,경상남도 거제시 사등면,경상사고,0,0,1,0,차대차 - 추돌 - 진행중,안전운전불이행,건조,맑음,기타 - 기타,승용,남,52세,상해없음,승용,남,48세,경상
2012011600100178,2012년 1월 16일 10시,월요일,경상남도 창원시 마산합포구 남성동,경상사고,0,0,1,0,차대차 - 추돌 - 진행중,안전운전불이행,건조,흐림,교차로 - 교차로안,승용,남,55세,상해없음,승용,남,46세,상해없음
2012011600100179,2012년 1월 16일 10시,월요일,경상남도 밀양시 청도면,경상사고,0,0,4,0,차대차 - 측면직각충돌,중앙선침범,건조,흐림,단일로 - 기타,승용,남,53세,상해없음,승용,남,37세,경상
2012011600100180,2012년 1월 16일 10시,월요일,경상남도 김해시 동상동,중상사고,0,1,0,0,차대사람 - 기타,보행자보호의무위반,건조,맑음,단일로 - 횡단보도상,승용,남,55세,상해없음,보행자,여,36세,중상
2012011600100181,2012년 1월 16일 10시,월요일,경상남도 함안군 칠서면,중상사고,0,1,0,0,차대사람 - 횡단중,안전운전불이행,건조,맑음,단일로 - 기타,승용,남,78세,상해없음,보행자,여,73세,중상
2012011600100182,2012년 1월 16일 10시,월요일,경상남도 김해시 한림면,중상사고,0,1,0,0,차대차 - 측면직각충돌,신호위반,건조,맑음,교차로 - 교차로안,화물,남,53세,상해없음,승용,남,32세,중상
2012011600100209,2012년 1월 16일 11시,월요일,경상남도 창원시 진해구 충무동,중상사고,0,1,0,0,차대사람 - 횡단중,안전운전불이행,건조,맑음,단일로 - 횡단보도부근,승용,남,63세,상해없음,보행자,여,67세,중상
2012011600100210,2012년 1월 16일 11시,월요일,경상남도 함안군 대산면,중상사고,0,1,0,0,차대차 - 측면직각충돌,안전운전불이행,건조,맑음,단일로 - 기타,이륜,남,73세,중상,화물,여,52세,상해없음
2012011600100240,2012년 1월 16일 12시,월요일,경상남도 진주시 신안동,중상사고,0,1,0,0,차대차 - 추돌 - 주정차중,안전거리미확보,건조,맑음,교차로 - 교차로안,승용,남,52세,상해없음,승용,여,34세,중상
2012011600100241,2012년 1월 16일 12시,월요일,경상남도 양산시 물금읍,중상사고,0,1,0,0,차대차 - 측면직각충돌,안전거리미확보,습기,비,교차로 - 교차로부근,승용,여,43세,상해없음,원동기,남,17세,중상
2012011600100268,2012년 1월 16일 13시,월요일,경상남도 김해시 구산동,경상사고,0,0,2,0,차대차 - 측면직각충돌,안전거리미확보,습기,비,단일로 - 기타,건설기계,남,47세,상해없음,승용,여,23세,경상
2012011600100269,2012년 1월 16일 13시,월요일,경상남도 김해시 내동,경상사고,0,0,1,0,차대사람 - 기타,안전운전불이행,건조,맑음,단일로 - 기타,화물,남,30세,상해없음,보행자,여,24세,경상
2012011600100270,2012년 1월 16일 13시,월요일,경상남도 거창군 거창읍,중상사고,0,1,2,0,차대차 - 추돌 - 진행중,교차로운행방법위반,건조,맑음,교차로 - 교차로안,화물,남,56세,상해없음,승용,남,41세,경상
2012011600100271,2012년 1월 16일 13시,월요일,경상남도 창녕군 영산면,경상사고,0,0,1,0,차대차 - 측면직각충돌,안전운전불이행,건조,맑음,단일로 - 기타,원동기,남,17세,경상,화물,남,66세,상해없음
2012011600100272,2012년 1월 16일 13시,월요일,경상남도 산청군 금서면,중상사고,0,1,0,0,차대차 - 측면직각충돌,안전운전불이행,건조,맑음,단일로 - 기타,화물,남,68세,상해없음,자전거,남,9세,중상
2012011600100299,2012년 1월 16일 14시,월요일,경상남도 양산시 동면,경상사고,0,0,2,0,차대차 - 기타,안전거리미확보,습기,비,교차로 - 교차로부근,승용,남,47세,상해없음,승용,여,44세,경상
2012011600100300,2012년 1월 16일 14시,월요일,경상남도 창원시 의창구 도계동,경상사고,0,0,1,0,차대차 - 기타,안전운전불이행,습기,흐림,교차로 - 교차로부근,승용,여,44세,상해없음,승용,남,30세,경상
2012011600100329,2012년 1월 16일 15시,월요일,경상남도 남해군 이동면,중상사고,0,1,0,0,차대차 - 측면직각충돌,중앙선침범,건조,맑음,단일로 - 기타,화물,남,42세,상해없음,원동기,남,82세,중상
2012011600100357,2012년 1월 16일 16시,월요일,경상남도 창원시 마산합포구 오동동,부상신고사고,0,0,0,1,차대차 - 측면직각충돌,안전운전불이행,습기,비,단일로 - 기타,이륜,남,28세,부상신고,승용,남,63세,상해없음
2012011600100358,2012년 1월 16일 16시,월요일,경상남도 양산시 동면,중상사고,0,1,0,0,차대차 - 추돌 - 진행중,안전거리미확보,습기,비,단일로 - 기타,승합,여,47세,중상,화물,남,64세,상해없음
2012011600100387,2012년 1월 16일 17시,월요일,경상남도 김해시 외동,중상사고,0,1,0,0,차대차 - 기타,안전거리미확보,건조,흐림,단일로 - 기타,승용,남,44세,상해없음,원동기,남,18세,중상
2012011600100388,2012년 1월 16일 17시,월요일,경상남도 거창군 거창읍,경상사고,0,0,2,0,차대차 - 측면직각충돌,교차로운행방법위반,건조,맑음,교차로 - 교차로안,화물,남,50세,상해없음,승용,남,48세,경상
2012011600100433,2012년 1월 16일 18시,월요일,경상남도 창원시 진해구 여좌동,중상사고,0,1,0,0,차대차 - 측면직각충돌,안전거리미확보,건조,맑음,교차로 - 교차로안,화물,남,44세,상해없음,화물,남,53세,중상
2012011600100434,2012년 1월 16일 18시,월요일,경상남도 밀양시 삼문동,경상사고,0,0,1,0,차대차 - 측면직각충돌,교차로운행방법위반,습기,비,교차로 - 교차로안,승용,남,47세,상해없음,이륜,남,53세,경상
2012011600100435,2012년 1월 16일 18시,월요일,경상남도 창녕군 계성면,경상사고,0,0,1,0,차대차 - 추돌 - 주정차중,안전운전불이행,습기,비,단일로 - 기타,승용,남,27세,경상,화물,남,56세,상해없음
2012011600100436,2012년 1월 16일 18시,월요일,경상남도 창녕군 계성면,경상사고,0,0,1,0,차대차 - 추돌 - 진행중,안전운전불이행,습기,비,단일로 - 기타,승합,남,52세,상해없음,승합,여,34세,경상
2012011600100437,2012년 1월 16일 18시,월요일,경상남도 양산시 소주동,중상사고,0,1,0,0,차대사람 - 기타,안전운전불이행,건조,맑음,단일로 - 기타,화물,남,48세,상해없음,보행자,남,46세,중상
2012011600100438,2012년 1월 16일 18시,월요일,경상남도 양산시 소주동,중상사고,0,1,0,0,차대차 - 추돌 - 주정차중,안전거리미확보,습기,비,교차로 - 교차로부근,화물,여,25세,상해없음,승용,여,39세,중상
2012011600100480,2012년 1월 16일 19시,월요일,경상남도 양산시 물금읍,경상사고,0,0,1,0,차대사람 - 기타,안전운전불이행,습기,비,교차로 - 교차로안,화물,남,60세,상해없음,보행자,남,79세,경상
2012011600100481,2012년 1월 16일 19시,월요일,경상남도 거제시 옥포동,중상사고,0,1,0,0,차대차 - 측면직각충돌,안전운전불이행,습기,비,교차로 - 교차로안,승용,여,43세,상해없음,원동기,남,18세,중상
2012011600100523,2012년 1월 16일 20시,월요일,경상남도 거제시 장평동,사망사고,1,0,1,0,차대사람 - 기타,안전운전불이행,습기,비,교차로 - 교차로안,승용,여,49세,경상,보행자,여,85세,사망
2012011600100558,2012년 1월 16일 21시,월요일,경상남도 창원시 마산합포구 완월동,경상사고,0,0,1,0,차대차 - 추돌 - 주정차중,안전운전불이행,습기,흐림,단일로 - 기타,화물,남,43세,상해없음,승용,남,26세,경상
2012011600100559,2012년 1월 16일 21시,월요일,경상남도 창원시 마산회원구 양덕동,중상사고,0,2,0,0,차대차 - 추돌 - 주정차중,안전운전불이행,습기,비,단일로 - 기타,승용,남,46세,상해없음,승용,남,38세,중상
2012011600100593,2012년 1월 16일 22시,월요일,경상남도 창원시 진해구 태평동,경상사고,0,0,1,0,차대차 - 정면충돌,중앙선침범,건조,맑음,교차로 - 교차로안,승용,남,32세,상해없음,화물,남,36세,경상
2012011600100594,2012년 1월 16일 22시,월요일,경상남도 창원시 마산회원구 양덕동,경상사고,0,0,2,0,차대차 - 추돌 - 주정차중,안전운전불이행,건조,맑음,단일로 - 기타,승용,남,46세,상해없음,승용,남,33세,경상
2012011600100625,2012년 1월 16일 23시,월요일,경상남도 창원시 마산합포구 자산동,중상사고,0,1,0,0,차대사람 - 횡단중,안전운전불이행,습기,흐림,교차로 - 교차로안,승용,여,39세,상해없음,보행자,남,32세,중상
2012011600100626,2012년 1월 16일 23시,월요일,경상남도 진주시 이현동,경상사고,0,0,1,0,차대사람 - 차도통행중,안전운전불이행,습기,비,단일로 - 기타,이륜,남,17세,상해없음,보행자,여,44세,경상
2012011600100627,2012년 1월 16일 23시,월요일,경상남도 양산시 명동,중상사고,0,1,0,0,차대차 - 추돌 - 진행중,안전운전불이행,건조,맑음,단일로 - 기타,승용,남,48세,기타불명,승합,남,24세,중상
2012011700100025,2012년 1월 17일 00시,화요일,경상남도 창원시 의창구 봉곡동,중상사고,0,1,1,0,차대차 - 추돌 - 주정차중,안전거리미확보,습기,흐림,교차로 - 교차로부근,승용,남,27세,상해없음,승용,남,49세,중상
2012011700100026,2012년 1월 17일 00시,화요일,경상남도 김해시 진영읍,사망사고,1,3,0,0,차량단독 - 공작물충돌,안전운전불이행,습기,비,단일로 - 기타,승용,여,30세,중상,,,,
2012011700100038,2012년 1월 17일 01시,화요일,경상남도 밀양시 산내면,중상사고,0,3,0,1,차량단독 - 도로외이탈 - 추락,안전운전불이행,습기,흐림,단일로 - 교량,승용,여,29세,상해없음,,,,
2012011700100045,2012년 1월 17일 02시,화요일,경상남도 김해시 대동면,중상사고,0,1,0,0,차량단독 - 공작물충돌,안전운전불이행,습기,흐림,단일로 - 기타,승용,남,25세,상해없음,,,,
2012011700100064,2012년 1월 17일 04시,화요일,경상남도 통영시 봉평동,중상사고,0,1,0,0,차대차 - 측면직각충돌,안전운전불이행,습기,비,교차로 - 교차로부근,원동기,남,26세,중상,승합,여,56세,상해없음
2012011700100074,2012년 1월 17일 05시,화요일,경상남도 거제시 일운면,경상사고,0,0,1,2,차대차 - 추돌 - 진행중,교차로운행방법위반,습기,맑음,교차로 - 교차로부근,승용,남,64세,상해없음,승용,남,45세,경상
2012011700100117,2012년 1월 17일 07시,화요일,경상남도 함안군 칠원면,경상사고,0,0,1,0,차대차 - 측면직각충돌,안전운전불이행,습기,흐림,교차로 - 교차로안,승용,남,40세,상해없음,승용,여,44세,경상
2012011700100118,2012년 1월 17일 07시,화요일,경상남도 함안군 함안면,중상사고,0,1,1,0,차대차 - 측면직각충돌,중앙선침범,결빙,흐림,단일로 - 기타,승용,남,40세,상해없음,승용,남,49세,경상
2012011700100151,2012년 1월 17일 08시,화요일,경상남도 진주시 문산읍,중상사고,0,1,0,0,차대사람 - 기타,안전운전불이행,결빙,맑음,단일로 - 기타,화물,여,36세,상해없음,보행자,여,47세,중상
2012011700100152,2012년 1월 17일 08시,화요일,경상남도 통영시 무전동,경상사고,0,0,1,1,차대차 - 측면직각충돌,안전운전불이행,건조,맑음,교차로 - 교차로안,화물,여,25세,부상신고,화물,남,40세,경상
2012011700100153,2012년 1월 17일 08시,화요일,경상남도 거제시 옥포동,중상사고,0,1,0,0,차대사람 - 기타,안전운전불이행,건조,맑음,기타 - 기타,화물,남,37세,상해없음,보행자,여,80세,중상
2012011700100154,2012년 1월 17일 08시,화요일,경상남도 함안군 칠서면,중상사고,0,1,0,0,차대차 - 측면직각충돌,중앙선침범,습기,맑음,단일로 - 기타,화물,남,50세,상해없음,승용,남,31세,중상
2012011700100155,2012년 1월 17일 08시,화요일,경상남도 김해시 주촌면,중상사고,0,1,1,0,차대차 - 추돌 - 주정차중,안전운전불이행,습기,흐림,단일로 - 기타,승용,남,31세,상해없음,승용,여,42세,중상
2012011700100184,2012년 1월 17일 09시,화요일,경상남도 통영시 정량동,경상사고,0,0,1,0,차대차 - 측면직각충돌,안전거리미확보,건조,맑음,단일로 - 기타,승용,남,49세,상해없음,이륜,남,62세,경상
2012011700100185,2012년 1월 17일 09시,화요일,경상남도 함안군 대산면,중상사고,0,2,0,0,차대차 - 측면직각충돌,중앙선침범,결빙,맑음,단일로 - 기타,승용,여,37세,상해없음,승용,남,30세,중상
2012011700100212,2012년 1월 17일 10시,화요일,경상남도 창원시 진해구 회현동,사망사고,1,0,0,0,차대차 - 기타,직진우회전진행방해,건조,맑음,교차로 - 교차로안,원동기,남,78세,사망,승용,남,40세,상해없음
2012011700100213,2012년 1월 17일 10시,화요일,경상남도 창녕군 계성면,경상사고,0,0,2,0,차대차 - 측면직각충돌,안전운전불이행,건조,맑음,단일로 - 기타,승합,남,52세,상해없음,화물,남,35세,경상
2012011700100242,2012년 1월 17일 11시,화요일,경상남도 밀양시 산내면,경상사고,0,0,1,0,차대차 - 측면직각충돌,안전운전불이행,건조,맑음,단일로 - 기타,승용,여,56세,상해없음,원동기,남,74세,경상
2012011700100260,2012년 1월 17일 12시,화요일,경상남도 밀양시 상남면,경상사고,0,0,1,0,차대차 - 기타,안전운전불이행,건조,맑음,단일로 - 기타,기타불명,기타불명,기타불명,기타불명,이륜,남,72세,경상
2012011700100261,2012년 1월 17일 12시,화요일,경상남도 김해시 전하동,중상사고,0,1,0,0,차대차 - 추돌 - 진행중,교차로운행방법위반,건조,맑음,교차로 - 교차로부근,승합,남,57세,상해없음,승용,여,48세,중상
2012011700100289,2012년 1월 17일 13시,화요일,경상남도 창원시 마산합포구 진동면,경상사고,0,0,1,0,차대차 - 측면직각충돌,안전운전불이행,건조,맑음,단일로 - 기타,화물,남,34세,상해없음,승용,여,49세,경상
2012011700100290,2012년 1월 17일 13시,화요일,경상남도 진주시 문산읍,중상사고,0,1,0,0,차대차 - 측면직각충돌,교차로운행방법위반,건조,맑음,교차로 - 교차로안,승용,남,82세,상해없음,화물,남,31세,중상
2012011700100291,2012년 1월 17일 13시,화요일,경상남도 양산시 상북면,경상사고,0,0,1,0,차대사람 - 기타,안전운전불이행,건조,맑음,단일로 - 기타,화물,남,50세,상해없음,보행자,여,66세,경상
2012011700100307,2012년 1월 17일 14시,화요일,경상남도 밀양시 삼랑진읍,중상사고,0,1,0,0,차대차 - 측면직각충돌,안전운전불이행,건조,맑음,단일로 - 기타,화물,남,52세,상해없음,원동기,남,55세,중상
2012011700100341,2012년 1월 17일 15시,화요일,경상남도 창원시 마산합포구 진전면,사망사고,3,1,0,0,차량단독 - 공작물충돌,안전운전불이행,건조,흐림,교차로 - 교차로안,승용,남,52세,사망,,,,
2012011700100342,2012년 1월 17일 15시,화요일,경상남도 사천시 죽림동,사망사고,1,0,0,0,차대차 - 측면직각충돌,안전운전불이행,습기,흐림,단일로 - 기타,승용,남,40세,상해없음,이륜,남,45세,사망
2012011700100343,2012년 1월 17일 15시,화요일,경상남도 김해시 부원동,중상사고,0,1,1,0,차대사람 - 횡단중,보행자보호의무위반,건조,맑음,단일로 - 기타,승용,남,32세,상해없음,보행자,여,44세,경상
2012011700100344,2012년 1월 17일 15시,화요일,경상남도 고성군 마암면,중상사고,0,1,1,0,차대차 - 추돌 - 진행중,안전거리미확보,건조,맑음,단일로 - 기타,승합,남,39세,상해없음,승용,남,51세,상해없음