사고번호,사고일시,요일,시군구,사고내용,사망자수,중상자수,경상자수,부상신고자수,사고유형,법규위반,노면상태,기상상태,도로형태,가해운전자 차종,가해운전자 성별,가해운전자 연령,가해운전자 상해정도,피해운전자 차종,피해운전자 성별,피해운전자 연령,피해운전자 상해정도
2012011700100375,2012년 1월 17일 16시,화요일,경상남도 창원시 마산합포구 예곡동,경상사고,0,0,1,0,차대차 - 추돌 - 진행중,안전운전불이행,건조,맑음,단일로 - 기타,화물,남,57세,상해없음,승용,남,59세,상해없음
2012011700100376,2012년 1월 17일 16시,화요일,경상남도 함안군 대산면,경상사고,0,0,1,0,차대차 - 측면직각충돌,안전운전불이행,건조,맑음,교차로 - 교차로안,이륜,여,57세,경상,건설기계,남,40세,상해없음
2012011700100399,2012년 1월 17일 17시,화요일,경상남도 창원시 마산회원구 석전동,경상사고,0,0,1,1,차대차 - 기타,안전운전불이행,습기,비,교차로 - 교차로부근,승합,남,62세,상해없음,승용,남,56세,부상신고
2012011700100439,2012년 1월 17일 18시,화요일,경상남도 김해시 어방동,중상사고,0,1,0,0,차대차 - 측면직각충돌,직진우회전진행방해,습기,비,교차로 - 교차로안,승용,남,55세,상해없음,이륜,남,36세,중상
2012011700100440,2012년 1월 17일 18시,화요일,경상남도 김해시 외동,중상사고,0,1,0,0,차대사람 - 횡단중,안전운전불이행,습기,비,단일로 - 횡단보도상,승용,여,50세,상해없음,보행자,여,34세,중상
2012011700100441,2012년 1월 17일 18시,화요일,경상남도 양산시 남부동,중상사고,0,1,0,0,차대사람 - 기타,안전운전불이행,습기,비,교차로 - 교차로안,승용,남,39세,상해없음,보행자,여,71세,중상
2012011700100442,2012년 1월 17일 18시,화요일,경상남도 고성군 고성읍,중상사고,0,1,0,0,차대차 - 측면직각충돌,직진우회전진행방해,건조,맑음,교차로 - 교차로안,화물,남,42세,상해없음,승용,여,64세,중상
2012011700100443,2012년 1월 17일 18시,화요일,경상남도 거제시 사등면,중상사고,0,1,0,0,차대사람 - 차도통행중,안전운전불이행,습기,비,단일로 - 기타,승용,남,56세,상해없음,보행자,남,59세,중상
2012011700100444,2012년 1월 17일 18시,화요일,경상남도 창원시 의창구 팔용동,경상사고,0,0,1,0,차대사람 - 횡단중,보행자보호의무위반,건조,맑음,단일로 - 횡단보도상,승용,남,47세,상해없음,보행자,여,48세,경상
2012011700100486,2012년 1월 17일 19시,화요일,경상남도 진주시 상대동,중상사고,0,2,1,0,차대사람 - 횡단중,보행자보호의무위반,습기,비,단일로 - 횡단보도상,승용,남,45세,상해없음,보행자,남,19세,중상
2012011700100487,2012년 1월 17일 19시,화요일,경상남도 거창군 거창읍,중상사고,0,1,1,0,차대차 - 추돌 - 주정차중,중앙선침범,건조,맑음,교차로 - 교차로부근,화물,남,59세,상해없음,승용,여,41세,경상
2012011700100488,2012년 1월 17일 19시,화요일,경상남도 거제시 고현동,중상사고,0,1,0,0,차대사람 - 횡단중,보행자보호의무위반,습기,비,교차로 - 교차로부근,승용,여,47세,상해없음,보행자,여,59세,중상
2012011700100489,2012년 1월 17일 19시,화요일,경상남도 창원시 마산회원구 양덕동,중상사고,0,1,0,0,차대차 - 정면충돌,안전운전불이행,습기,비,교차로 - 교차로안,승용,남,42세,상해없음,이륜,남,51세,중상
2012011700100517,2012년 1월 17일 20시,화요일,경상남도 진주시 이반성면,중상사고,0,1,0,0,차대차 - 추돌 - 주정차중,안전운전불이행,건조,맑음,단일로 - 기타,화물,남,42세,중상,건설기계,남,56세,상해없음
2012011700100518,2012년 1월 17일 20시,화요일,경상남도 김해시 외동,중상사고,0,1,0,0,차대차 - 측면직각충돌,안전거리미확보,습기,비,단일로 - 기타,승용,남,39세,상해없음,화물,남,36세,중상
2012011700100519,2012년 1월 17일 20시,화요일,경상남도 창원시 의창구 소계동,중상사고,0,1,0,0,차대차 - 추돌 - 진행중,안전거리미확보,건조,맑음,단일로 - 기타,승용,남,50세,상해없음,승용,남,53세,중상
2012011700100549,2012년 1월 17일 21시,화요일,경상남도 거제시 장평동,중상사고,0,1,0,0,차대차 - 추돌 - 진행중,안전거리미확보,건조,맑음,교차로 - 교차로부근,승용,남,39세,상해없음,승용,남,27세,중상
2012011700100550,2012년 1월 17일 21시,화요일,경상남도 창원시 성산구 성산동,중상사고,0,1,0,0,차대사람 - 횡단중,신호위반,기타,맑음,교차로 - 교차로안,승용,남,47세,상해없음,보행자,남,42세,중상
2012011700100551,2012년 1월 17일 21시,화요일,경상남도 창원시 마산회원구 내서읍,경상사고,0,0,1,0,차대차 - 정면충돌,중앙선침범,습기,비,단일로 - 기타,승합,남,64세,상해없음,승용,남,60세,경상
2012011700100573,2012년 1월 17일 22시,화요일,경상남도 창원시 진해구 청안동,중상사고,0,1,0,0,차대사람 - 기타,보행자보호의무위반,습기,비,교차로 - 교차로부근,승용,여,35세,상해없음,보행자,여,42세,중상
2012011700100574,2012년 1월 17일 22시,화요일,경상남도 통영시 북신동,경상사고,0,0,1,0,차대사람 - 차도통행중,안전운전불이행,습기,비,단일로 - 기타,승합,남,51세,상해없음,보행자,남,37세,경상
2012011800100018,2012년 1월 18일 00시,수요일,경상남도 김해시 장유면,경상사고,0,0,1,0,차대차 - 추돌 - 진행중,안전운전불이행,건조,맑음,단일로 - 터널,화물,남,56세,상해없음,승용,남,32세,경상
2012011800100037,2012년 1월 18일 01시,수요일,경상남도 함양군 백전면,경상사고,0,0,1,0,차대차 - 추돌 - 주정차중,안전운전불이행,건조,맑음,단일로 - 기타,화물,남,34세,상해없음,승용,남,36세,경상
2012011800100038,2012년 1월 18일 01시,수요일,경상남도 통영시 도산면,경상사고,0,0,1,0,차량단독 - 전도전복,안전운전불이행,습기,비,단일로 - 기타,이륜,남,22세,경상,,,,
2012011800100067,2012년 1월 18일 04시,수요일,경상남도 창원시 의창구 동읍,사망사고,1,0,0,0,차대차 - 측면직각충돌,안전운전불이행,습기,흐림,단일로 - 기타,승용,남,42세,사망,화물,남,44세,상해없음
2012011800100092,2012년 1월 18일 06시,수요일,경상남도 창원시 마산회원구 봉암동,경상사고,0,0,1,0,차대사람 - 횡단중,보행자보호의무위반,습기,비,단일로 - 횡단보도상,승용,남,33세,상해없음,보행자,남,60세,경상
2012011800100093,2012년 1월 18일 06시,수요일,경상남도 김해시 풍유동,중상사고,0,1,0,0,차대차 - 측면직각충돌,안전운전불이행,건조,맑음,교차로 - 교차로부근,특수,남,50세,상해없음,승용,남,26세,중상
2012011800100108,2012년 1월 18일 07시,수요일,경상남도 사천시 사남면,경상사고,0,0,1,0,차대차 - 측면직각충돌,신호위반,건조,맑음,교차로 - 교차로안,승용,여,51세,상해없음,승용,여,28세,경상
2012011800100137,2012년 1월 18일 08시,수요일,경상남도 김해시 상동면,경상사고,0,0,1,0,차대차 - 정면충돌,중앙선침범,건조,맑음,단일로 - 기타,승용,남,38세,기타불명,승용,남,60세,경상
2012011800100138,2012년 1월 18일 08시,수요일,경상남도 거제시 사등면,중상사고,0,1,0,0,차대차 - 기타,안전운전불이행,건조,맑음,단일로 - 기타,기타불명,기타불명,기타불명,기타불명,이륜,남,52세,중상
2012011800100161,2012년 1월 18일 09시,수요일,경상남도 김해시 내동,중상사고,0,1,2,0,차대차 - 측면직각충돌,직진우회전진행방해,습기,흐림,교차로 - 교차로안,승용,여,36세,상해없음,승용,여,43세,중상
2012011800100210,2012년 1월 18일 11시,수요일,경상남도 창원시 마산합포구 완월동,경상사고,0,0,1,0,차대사람 - 기타,안전운전불이행,건조,맑음,단일로 - 기타,승용,남,59세,상해없음,보행자,남,46세,경상
2012011800100211,2012년 1월 18일 11시,수요일,경상남도 거제시 고현동,경상사고,0,0,1,0,차대차 - 추돌 - 진행중,안전운전불이행,건조,맑음,교차로 - 교차로안,승합,남,43세,상해없음,이륜,여,37세,경상
2012011800100262,2012년 1월 18일 13시,수요일,경상남도 진주시 정촌면,중상사고,0,1,1,0,차대차 - 추돌 - 주정차중,안전운전불이행,건조,맑음,교차로 - 교차로부근,화물,여,36세,상해없음,승용,여,54세,중상
2012011800100263,2012년 1월 18일 13시,수요일,경상남도 하동군 하동읍,경상사고,0,0,5,0,차대차 - 기타,안전운전불이행,건조,맑음,단일로 - 기타,승용,남,45세,상해없음,화물,남,25세,경상
2012011800100284,2012년 1월 18일 14시,수요일,경상남도 창녕군 창녕읍,경상사고,0,0,1,0,차대사람 - 기타,안전운전불이행,건조,맑음,단일로 - 기타,기타불명,기타불명,기타불명,기타불명,보행자,여,73세,경상
2012011800100310,2012년 1월 18일 15시,수요일,경상남도 하동군 금남면,경상사고,0,0,1,0,차량단독 - 기타,안전운전불이행,습기,비,단일로 - 기타,승용,남,24세,상해없음,,,,
2012011800100340,2012년 1월 18일 16시,수요일,경상남도 김해시 삼계동,경상사고,0,0,3,0,차대차 - 측면직각충돌,안전거리미확보,습기,비,단일로 - 기타,화물,남,42세,상해없음,승용,남,52세,경상
2012011800100341,2012년 1월 18일 16시,수요일,경상남도 창녕군 장마면,중상사고,0,2,1,0,차대차 - 측면직각충돌,교차로운행방법위반,건조,맑음,교차로 - 교차로안,승용,남,45세,경상,승용,여,58세,중상
2012011800100342,2012년 1월 18일 16시,수요일,경상남도 창원시 의창구 명서동,중상사고,0,1,0,0,차대사람 - 횡단중,안전운전불이행,습기,비,단일로 - 기타,승용,여,54세,상해없음,보행자,여,14세,중상
2012011800100367,2012년 1월 18일 17시,수요일,경상남도 사천시 사천읍,경상사고,0,0,6,0,차대차 - 추돌 - 진행중,안전운전불이행,습기,비,교차로 - 교차로부근,화물,남,66세,상해없음,승용,여,34세,상해없음
2012011800100368,2012년 1월 18일 17시,수요일,경상남도 밀양시 내이동,중상사고,0,1,1,0,차대차 - 측면직각충돌,안전운전불이행,건조,맑음,교차로 - 교차로안,승용,남,55세,상해없음,승용,남,74세,중상
2012011800100369,2012년 1월 18일 17시,수요일,경상남도 창원시 마산회원구 내서읍,중상사고,0,1,0,0,차대사람 - 기타,안전운전불이행,습기,비,단일로 - 기타,승용,여,35세,상해없음,보행자,여,75세,중상
2012011800100414,2012년 1월 18일 18시,수요일,경상남도 창원시 마산합포구 월영동,중상사고,0,1,0,0,차대차 - 측면직각충돌,교차로운행방법위반,습기,비,교차로 - 교차로안,승용,남,37세,상해없음,원동기,남,43세,중상
2012011800100415,2012년 1월 18일 18시,수요일,경상남도 창원시 마산합포구 신포동1가,경상사고,0,0,2,0,차대차 - 측면직각충돌,교차로운행방법위반,건조,맑음,교차로 - 교차로안,승용,남,30세,상해없음,화물,남,43세,경상
2012011800100416,2012년 1월 18일 18시,수요일,경상남도 사천시 벌리동,경상사고,0,0,1,0,차대차 - 기타,교차로운행방법위반,습기,비,교차로 - 교차로안,승용,남,41세,상해없음,원동기,남,33세,경상
2012011800100417,2012년 1월 18일 18시,수요일,경상남도 창녕군 창녕읍,중상사고,0,1,0,0,차대차 - 측면직각충돌,안전운전불이행,건조,흐림,교차로 - 교차로안,이륜,남,62세,중상,승용,여,51세,상해없음
2012011800100418,2012년 1월 18일 18시,수요일,경상남도 양산시 중부동,중상사고,0,1,0,0,차대차 - 측면직각충돌,직진우회전진행방해,건조,맑음,교차로 - 교차로안,승용,여,49세,상해없음,승합,남,41세,중상
2012011800100470,2012년 1월 18일 19시,수요일,경상남도 통영시 광도면,중상사고,0,2,2,0,차대차 - 측면직각충돌,신호위반,습기,흐림,교차로 - 교차로안,화물,남,54세,상해없음,특수,남,45세,경상
2012011800100471,2012년 1월 18일 19시,수요일,경상남도 양산시 남부동,부상신고사고,0,0,0,1,차대차 - 측면직각충돌,안전운전불이행,습기,비,교차로 - 교차로부근,승용,기타불명,기타불명,기타불명,자전거,남,17세,부상신고
2012011800100472,2012년 1월 18일 19시,수요일,경상남도 양산시 물금읍,경상사고,0,0,1,0,차대차 - 측면직각충돌,신호위반,습기,비,교차로 - 교차로안,승용,남,49세,상해없음,승용,여,49세,경상
2012011800100473,2012년 1월 18일 19시,수요일,경상남도 고성군 고성읍,중상사고,0,1,0,0,차대차 - 정면충돌,중앙선침범,습기,맑음,단일로 - 기타,승용,남,51세,상해없음,승용,남,26세,중상
2012011800100474,2012년 1월 18일 19시,수요일,경상남도 거제시 장승포동,경상사고,0,0,1,0,차대차 - 추돌 - 진행중,안전운전불이행,습기,비,교차로 - 교차로부근,승용,남,39세,상해없음,자전거,남,53세,경상
2012011800100475,2012년 1월 18일 19시,수요일,경상남도 창원시 성산구 성주동,경상사고,0,0,1,0,차대차 - 추돌 - 주정차중,안전운전불이행,건조,맑음,단일로 - 기타,승용,남,59세,상해없음,승용,남,61세,경상
2012011800100476,2012년 1월 18일 19시,수요일,경상남도 창원시 마산회원구 내서읍,중상사고,0,1,2,0,차대차 - 추돌 - 주정차중,안전운전불이행,건조,맑음,단일로 - 기타,화물,남,45세,상해없음,승용,여,44세,중상
2012011800100477,2012년 1월 18일 19시,수요일,경상남도 김해시 장유면,경상사고,0,0,1,0,차대차 - 기타,안전운전불이행,건조,맑음,교차로 - 교차로부근,기타불명,기타불명,기타불명,기타불명,승용,여,23세,경상
2012011800100521,2012년 1월 18일 21시,수요일,경상남도 진주시 하대동,중상사고,0,1,0,0,차대사람 - 기타,안전운전불이행,습기,비,단일로 - 기타,승용,남,48세,상해없음,보행자,남,52세,중상
2012011800100586,2012년 1월 18일 23시,수요일,경상남도 통영시 광도면,중상사고,0,1,1,0,차대차 - 측면직각충돌,안전운전불이행,습기,맑음,교차로 - 교차로부근,승용,남,38세,상해없음,승용,남,43세,중상
2012011800100587,2012년 1월 18일 23시,수요일,경상남도 김해시 지내동,중상사고,0,1,0,0,차대사람 - 차도통행중,안전운전불이행,습기,비,단일로 - 기타,승용,여,25세,상해없음,보행자,남,57세,중상
2012011800100588,2012년 1월 18일 23시,수요일,경상남도 거제시 옥포동,중상사고,0,1,0,0,차대사람 - 기타,안전운전불이행,습기,비,교차로 - 교차로안,승용,여,47세,상해없음,보행자,남,37세,중상
2012011800100589,2012년 1월 18일 23시,수요일,경상남도 거제시 아주동,경상사고,0,0,2,0,차대차 - 추돌 - 진행중,안전운전불이행,습기,비,교차로 - 교차로부근,승용,남,28세,상해없음,승용,남,60세,상해없음
2012011900100017,2012년 1월 19일 00시,목요일,경상남도 창원시 진해구 용원동,경상사고,0,0,3,0,차대차 - 측면직각충돌,신호위반,습기,비,교차로 - 교차로안,승용,남,52세,상해없음,승용,남,38세,경상
2012011900100018,2012년 1월 19일 00시,목요일,경상남도 창녕군 창녕읍,경상사고,0,0,1,0,차량단독 - 공작물충돌,안전운전불이행,습기,비,단일로 - 기타,화물,남,40세,경상,,,,
2012011900100035,2012년 1월 19일 01시,목요일,경상남도 사천시 사남면,경상사고,0,0,1,0,차대차 - 기타,안전운전불이행,습기,비,단일로 - 기타,승용,남,33세,상해없음,승용,남,25세,경상
2012011900100053,2012년 1월 19일 03시,목요일,경상남도 창원시 진해구 용원동,경상사고,0,0,1,0,차대차 - 측면직각충돌,안전운전불이행,건조,맑음,단일로 - 기타,승용,남,28세,상해없음,승용,남,26세,경상
2012011900100073,2012년 1월 19일 05시,목요일,경상남도 진주시 인사동,중상사고,0,1,1,0,차대차 - 측면직각충돌,신호위반,습기,비,교차로 - 교차로안,승용,여,58세,상해없음,승용,남,61세,경상
2012011900100074,2012년 1월 19일 05시,목요일,경상남도 밀양시 상남면,중상사고,0,1,0,0,차대사람 - 횡단중,안전운전불이행,건조,흐림,단일로 - 기타,승합,남,44세,상해없음,보행자,남,56세,중상
2012011900100102,2012년 1월 19일 06시,목요일,경상남도 창원시 진해구 제덕동,중상사고,0,1,0,0,차대사람 - 횡단중,안전운전불이행,건조,맑음,단일로 - 기타,기타불명,기타불명,기타불명,기타불명,보행자,여,78세,중상
2012011900100126,2012년 1월 19일 07시,목요일,경상남도 김해시 삼방동,경상사고,0,0,3,0,차대차 - 측면직각충돌,직진우회전진행방해,습기,흐림,교차로 - 교차로안,화물,남,36세,경상,승용,남,68세,경상
2012011900100127,2012년 1월 19일 07시,목요일,경상남도 창원시 의창구 삼동동,경상사고,0,0,3,0,차대차 - 추돌 - 진행중,안전운전불이행,습기,비,단일로 - 기타,승용,남,57세,상해없음,승용,남,52세,상해없음
2012011900100128,2012년 1월 19일 07시,목요일,경상남도 창원시 의창구 대원동,경상사고,0,0,1,0,차대차 - 추돌 - 진행중,안전운전불이행,습기,비,단일로 - 기타,승용,남,65세,상해없음,승용,남,41세,경상
2012011900100152,2012년 1월 19일 08시,목요일,경상남도 사천시 대방동,경상사고,0,0,1,0,차대차 - 기타,교차로운행방법위반,습기,비,교차로 - 교차로안,승용,여,59세,경상,화물,남,25세,상해없음
2012011900100153,2012년 1월 19일 08시,목요일,경상남도 김해시 외동,경상사고,0,0,1,0,차대차 - 측면직각충돌,직진우회전진행방해,습기,비,교차로 - 교차로안,원동기,남,42세,경상,화물,남,42세,상해없음
2012011900100154,2012년 1월 19일 08시,목요일,경상남도 창녕군 남지읍,중상사고,0,1,0,1,차대차 - 측면직각충돌,안전운전불이행,습기,비,교차로 - 교차로안,승용,남,44세,부상신고,승용,남,36세,중상
2012011900100155,2012년 1월 19일 08시,목요일,경상남도 양산시 북정동,경상사고,0,0,2,0,차대차 - 정면충돌,직진우회전진행방해,건조,맑음,교차로 - 교차로안,화물,남,31세,상해없음,승용,여,46세,경상
2012011900100156,2012년 1월 19일 08시,목요일,경상남도 창원시 마산회원구 구암동,경상사고,0,0,1,0,차대사람 - 길가장자리구역통행중,안전운전불이행,습기,비,교차로 - 교차로부근,승용,남,29세,상해없음,보행자,여,55세,경상
2012011900100157,2012년 1월 19일 08시,목요일,경상남도 창원시 의창구 팔용동,중상사고,0,1,0,0,차대차 - 측면직각충돌,안전거리미확보,건조,맑음,교차로 - 교차로안,승용,남,51세,상해없음,승용,여,53세,중상
2012011900100177,2012년 1월 19일 09시,목요일,경상남도 창원시 성산구 중앙동,중상사고,0,1,0,0,차대차 - 측면직각충돌,신호위반,습기,흐림,교차로 - 교차로안,승용,남,29세,상해없음,승용,여,41세,중상
2012011900100225,2012년 1월 19일 11시,목요일,경상남도 창원시 진해구 석동,경상사고,0,0,1,0,차대차 - 추돌 - 주정차중,안전거리미확보,습기,비,교차로 - 교차로부근,화물,남,53세,상해없음,승용,남,56세,상해없음
2012011900100249,2012년 1월 19일 12시,목요일,경상남도 창원시 진해구 여좌동,중상사고,0,1,0,0,차대사람 - 횡단중,신호위반,습기,비,단일로 - 횡단보도상,승용,여,41세,기타불명,보행자,남,7세,중상
2012011900100250,2012년 1월 19일 12시,목요일,경상남도 밀양시 내일동,경상사고,0,0,1,0,차대사람 - 횡단중,보행자보호의무위반,건조,맑음,교차로 - 교차로부근,승용,여,42세,상해없음,보행자,여,36세,경상
2012011900100277,2012년 1월 19일 13시,목요일,경상남도 창원시 진해구 청안동,중상사고,0,1,0,0,차대차 - 기타,안전운전불이행,건조,맑음,단일로 - 횡단보도부근,승합,여,55세,상해없음,승용,남,48세,중상
2012011900100278,2012년 1월 19일 13시,목요일,경상남도 사천시 서포면,경상사고,0,0,1,0,차대차 - 기타,안전운전불이행,습기,비,단일로 - 기타,화물,남,48세,상해없음,승용,여,41세,경상
2012011900100307,2012년 1월 19일 14시,목요일,경상남도 거제시 장평동,경상사고,0,0,1,0,차대차 - 추돌 - 진행중,교차로운행방법위반,습기,흐림,교차로 - 교차로안,승합,남,60세,상해없음,승용,남,54세,경상
2012011900100342,2012년 1월 19일 15시,목요일,경상남도 김해시 서상동,중상사고,0,1,0,0,차대차 - 측면직각충돌,교차로운행방법위반,건조,맑음,교차로 - 교차로안,승용,남,72세,상해없음,승용,남,46세,상해없음
2012011900100343,2012년 1월 19일 15시,목요일,경상남도 거창군 거창읍,경상사고,0,0,1,0,차대사람 - 기타,안전운전불이행,습기,비,단일로 - 기타,승용,여,50세,상해없음,보행자,남,45세,경상
2012011900100377,2012년 1월 19일 16시,목요일,경상남도 창원시 마산합포구 중앙동2가,부상신고사고,0,0,0,4,차대차 - 측면직각충돌,직진우회전진행방해,건조,맑음,교차로 - 교차로안,승합,여,57세,상해없음,승용,남,50세,부상신고
2012011900100378,2012년 1월 19일 16시,목요일,경상남도 김해시 한림면,경상사고,0,0,1,0,차대차 - 추돌 - 주정차중,안전운전불이행,건조,맑음,단일로 - 기타,승용,남,39세,상해없음,승용,남,33세,경상
2012011900100379,2012년 1월 19일 16시,목요일,경상남도 김해시 진영읍,중상사고,0,1,0,0,차대차 - 정면충돌,중앙선침범,건조,맑음,교차로 - 교차로부근,화물,남,49세,상해없음,화물,남,38세,중상
2012011900100403,2012년 1월 19일 17시,목요일,경상남도 거창군 거창읍,부상신고사고,0,0,0,1,차대차 - 측면직각충돌,안전운전불이행,습기,비,단일로 - 기타,승용,남,34세,상해없음,자전거,여,61세,부상신고
2012011900100404,2012년 1월 19일 17시,목요일,경상남도 거창군 거창읍,중상사고,0,1,0,0,차대사람 - 횡단중,보행자보호의무위반,습기,비,교차로 - 교차로안,화물,남,45세,상해없음,보행자,여,74세,중상
2012011900100405,2012년 1월 19일 17시,목요일,경상남도 양산시 상북면,경상사고,0,0,2,1,차대차 - 측면직각충돌,안전거리미확보,습기,비,교차로 - 교차로안,승용,여,48세,부상신고,승용,남,28세,경상
2012011900100406,2012년 1월 19일 17시,목요일,경상남도 하동군 하동읍,경상사고,0,0,1,0,차대차 - 측면직각충돌,교차로운행방법위반,습기,맑음,교차로 - 교차로안,승용,여,51세,상해없음,승용,여,57세,경상
2012011900100407,2012년 1월 19일 17시,목요일,경상남도 창원시 마산회원구 석전동,사망사고,1,0,0,0,차대사람 - 횡단중,안전운전불이행,습기,흐림,단일로 - 교량,이륜,남,21세,상해없음,보행자,남,79세,사망
2012011900100463,2012년 1월 19일 18시,목요일,경상남도 진주시 금산면,중상사고,0,3,0,0,차대사람 - 길가장자리구역통행중,안전운전불이행,습기,맑음,단일로 - 기타,화물,남,71세,상해없음,보행자,남,25세,중상
2012011900100464,2012년 1월 19일 18시,목요일,경상남도 진주시 옥봉동,중상사고,0,1,0,0,차대차 - 측면직각충돌,교차로운행방법위반,건조,맑음,단일로 - 기타,승용,남,69세,상해없음,승용,남,44세,상해없음
2012011900100465,2012년 1월 19일 18시,목요일,경상남도 김해시 외동,경상사고,0,0,1,0,차대차 - 측면직각충돌,교차로운행방법위반,건조,맑음,교차로 - 교차로안,승용,여,33세,상해없음,승용,여,45세,경상
2012011900100466,2012년 1월 19일 18시,목요일,경상남도 양산시 북정동,중상사고,0,1,0,0,차대사람 - 기타,안전운전불이행,건조,맑음,단일로 - 기타,승용,남,53세,상해없음,보행자,남,20세,중상
2012011900100519,2012년 1월 19일 19시,목요일,경상남도 김해시 구산동,경상사고,0,0,4,0,차대차 - 정면충돌,안전운전불이행,습기,비,단일로 - 기타,승용,남,34세,경상,승용,남,20세,경상
2012011900100520,2012년 1월 19일 19시,목요일,경상남도 합천군 대양면,중상사고,0,1,0,0,차대차 - 추돌 - 주정차중,안전운전불이행,습기,비,단일로 - 교량,승용,남,33세,상해없음,화물,남,62세,중상
2012011900100521,2012년 1월 19일 19시,목요일,경상남도 거제시 장평동,경상사고,0,0,1,0,차대사람 - 횡단중,신호위반,건조,맑음,교차로 - 교차로부근,승용,남,52세,기타불명,보행자,남,11세,경상
2012011900100522,2012년 1월 19일 19시,목요일,경상남도 창원시 마산회원구 봉암동,경상사고,0,0,2,0,차대차 - 기타,신호위반,건조,맑음,교차로 - 교차로안,승합,남,53세,상해없음,승용,남,55세,경상
2012011900100566,2012년 1월 19일 20시,목요일,경상남도 거제시 고현동,중상사고,0,1,0,0,차대사람 - 기타,보행자보호의무위반,건조,맑음,단일로 - 횡단보도상,승용,남,34세,상해없음,보행자,여,40세,중상
2012011900100599,2012년 1월 19일 21시,목요일,경상남도 창원시 의창구 동읍,경상사고,0,0,1,0,차대차 - 측면직각충돌,안전운전불이행,건조,맑음,단일로 - 기타,승용,여,32세,상해없음,승용,남,52세,경상
2012011900100641,2012년 1월 19일 22시,목요일,경상남도 양산시 동면,부상신고사고,0,0,0,2,차대차 - 추돌 - 진행중,안전운전불이행,습기,비,단일로 - 기타,승용,남,36세,상해없음,승용,남,39세,부상신고
2012011900100685,2012년 1월 19일 23시,목요일,경상남도 김해시 부원동,경상사고,0,0,3,0,차대차 - 추돌 - 진행중,안전운전불이행,건조,맑음,단일로 - 기타,화물,남,53세,상해없음,승용,여,32세,경상
2012011900100686,2012년 1월 19일 23시,목요일,경상남도 창원시 성산구 남양동,경상사고,0,0,1,0,차대차 - 추돌 - 주정차중,안전운전불이행,건조,맑음,교차로 - 교차로부근,승용,남,25세,상해없음,승용,남,49세,경상
2012012000100027,2012년 1월 20일 00시,금요일,경상남도 양산시 동면,사망사고,1,0,0,0,차량단독 - 공작물충돌,안전운전불이행,습기,비,기타 - 기타,원동기,남,22세,사망,,,,
2012012000100071,2012년 1월 20일 02시,금요일,경상남도 창원시 마산회원구 합성동,중상사고,0,1,0,0,차대사람 - 기타,안전운전불이행,건조,맑음,교차로 - 교차로안,승용,남,54세,상해없음,보행자,남,27세,중상
2012012000100152,2012년 1월 20일 07시,금요일,경상남도 양산시 중부동,경상사고,0,0,1,0,차대차 - 측면직각충돌,교차로운행방법위반,건조,흐림,교차로 - 교차로안,승용,남,46세,상해없음,이륜,남,47세,경상
2012012000100177,2012년 1월 20일 08시,금요일,경상남도 통영시 미수동,중상사고,0,1,0,0,차대사람 - 횡단중,안전운전불이행,건조,맑음,단일로 - 횡단보도부근,화물,남,44세,상해없음,보행자,여,9세,중상
2012012000100234,2012년 1월 20일 10시,금요일,경상남도 사천시 용현면,경상사고,0,0,1,0,차대차 - 기타,안전운전불이행,건조,맑음,교차로 - 교차로부근,화물,남,38세,상해없음,승용,남,29세,경상
2012012000100235,2012년 1월 20일 10시,금요일,경상남도 거창군 거창읍,사망사고,1,0,0,0,차대차 - 측면직각충돌,안전운전불이행,건조,흐림,교차로 - 교차로안,원동기,여,73세,사망,화물,남,35세,상해없음
2012012000100261,2012년 1월 20일 11시,금요일,경상남도 창원시 성산구 대방동,중상사고,0,1,2,0,차대차 - 측면직각충돌,신호위반,건조,맑음,교차로 - 교차로안,승용,남,65세,상해없음,승용,남,42세,중상
2012012000100289,2012년 1월 20일 12시,금요일,경상남도 산청군 산청읍,중상사고,0,1,0,0,차대차 - 측면직각충돌,교차로운행방법위반,건조,흐림,교차로 - 교차로안,승용,남,33세,상해없음,승용,남,54세,중상
2012012000100317,2012년 1월 20일 13시,금요일,경상남도 창원시 마산합포구 월포동,경상사고,0,0,1,0,차대차 - 측면직각충돌,신호위반,건조,맑음,교차로 - 교차로안,승용,남,34세,상해없음,승용,남,57세,경상
2012012000100318,2012년 1월 20일 13시,금요일,경상남도 사천시 벌리동,경상사고,0,0,1,0,차대차 - 기타,안전운전불이행,건조,맑음,교차로 - 교차로부근,승용,남,70세,상해없음,원동기,남,32세,경상
2012012000100319,2012년 1월 20일 13시,금요일,경상남도 창원시 의창구 대원동,중상사고,0,2,0,0,차대차 - 측면직각충돌,안전운전불이행,건조,맑음,단일로 - 기타,승용,남,44세,상해없음,승용,여,32세,중상
2012012000100358,2012년 1월 20일 14시,금요일,경상남도 통영시 태평동,경상사고,0,0,1,0,차대사람 - 차도통행중,안전운전불이행,건조,맑음,단일로 - 기타,승용,남,69세,상해없음,보행자,여,58세,경상
2012012000100359,2012년 1월 20일 14시,금요일,경상남도 거창군 위천면,경상사고,0,0,1,0,차량단독 - 공작물충돌,안전운전불이행,건조,맑음,단일로 - 기타,화물,남,55세,경상,,,,