사고번호,사고일시,요일,시군구,사고내용,사망자수,중상자수,경상자수,부상신고자수,사고유형,법규위반,노면상태,기상상태,도로형태,가해운전자 차종,가해운전자 성별,가해운전자 연령,가해운전자 상해정도,피해운전자 차종,피해운전자 성별,피해운전자 연령,피해운전자 상해정도
2012012400100217,2012년 1월 24일 17시,화요일,경상남도 창원시 마산회원구 내서읍,경상사고,0,0,1,0,차대사람 - 기타,안전운전불이행,건조,맑음,단일로 - 기타,승용,남,42세,상해없음,보행자,남,51세,경상
2012012400100225,2012년 1월 24일 18시,화요일,경상남도 통영시 광도면,중상사고,0,1,0,0,차대차 - 측면직각충돌,차로위반,건조,맑음,단일로 - 기타,승용,남,44세,상해없음,원동기,남,17세,중상
2012012400100226,2012년 1월 24일 18시,화요일,경상남도 김해시 생림면,중상사고,0,2,2,0,차대차 - 측면직각충돌,안전운전불이행,건조,맑음,단일로 - 기타,승용,남,49세,상해없음,승용,남,23세,경상
2012012400100252,2012년 1월 24일 19시,화요일,경상남도 창원시 마산회원구 구암동,경상사고,0,0,2,0,차대차 - 기타,안전운전불이행,건조,맑음,단일로 - 기타,승용,남,63세,상해없음,승합,남,52세,상해없음
2012012400100274,2012년 1월 24일 20시,화요일,경상남도 창원시 성산구 중앙동,경상사고,0,0,1,0,차대차 - 측면직각충돌,안전운전불이행,건조,맑음,교차로 - 교차로안,승용,남,51세,상해없음,승용,남,60세,상해없음
2012012400100291,2012년 1월 24일 21시,화요일,경상남도 창원시 마산회원구 내서읍,중상사고,0,1,0,0,차대사람 - 기타,안전운전불이행,건조,맑음,단일로 - 기타,승용,남,24세,상해없음,보행자,남,51세,중상
2012012400100309,2012년 1월 24일 22시,화요일,경상남도 창원시 마산합포구 신포동1가,경상사고,0,0,1,0,차대차 - 측면직각충돌,직진우회전진행방해,건조,맑음,교차로 - 교차로안,승용,여,49세,상해없음,이륜,남,54세,경상
2012012500100067,2012년 1월 25일 05시,수요일,경상남도 창원시 마산합포구 월영동,중상사고,0,2,0,0,차대사람 - 횡단중,신호위반,건조,맑음,단일로 - 횡단보도상,승용,남,70세,상해없음,보행자,여,66세,중상
2012012500100076,2012년 1월 25일 06시,수요일,경상남도 통영시 무전동,중상사고,0,1,0,2,차대차 - 측면직각충돌,신호위반,건조,맑음,교차로 - 교차로안,승용,남,23세,부상신고,승용,남,53세,중상
2012012500100077,2012년 1월 25일 06시,수요일,경상남도 양산시 상북면,중상사고,0,1,2,0,차대차 - 측면직각충돌,안전거리미확보,건조,맑음,교차로 - 교차로부근,승합,남,72세,상해없음,승용,남,45세,상해없음
2012012500100078,2012년 1월 25일 06시,수요일,경상남도 창원시 마산회원구 구암동,중상사고,0,2,0,0,차대차 - 측면직각충돌,안전운전불이행,건조,맑음,기타 - 기타,승용,남,49세,기타불명,승용,여,58세,중상
2012012500100079,2012년 1월 25일 06시,수요일,경상남도 김해시 진영읍,경상사고,0,0,1,0,차대차 - 추돌 - 진행중,교차로운행방법위반,건조,맑음,교차로 - 교차로안,화물,남,42세,상해없음,승용,남,56세,경상
2012012500100080,2012년 1월 25일 06시,수요일,경상남도 진주시 정촌면,사망사고,1,0,0,0,차대사람 - 차도통행중,안전운전불이행,건조,맑음,단일로 - 기타,승용,남,31세,상해없음,보행자,남,23세,사망
2012012500100117,2012년 1월 25일 08시,수요일,경상남도 거제시 장승포동,경상사고,0,0,1,0,차대사람 - 기타,안전운전불이행,건조,맑음,단일로 - 기타,승용,여,44세,상해없음,보행자,여,31세,경상
2012012500100192,2012년 1월 25일 11시,수요일,경상남도 통영시 정량동,중상사고,0,1,0,0,차대차 - 기타,안전운전불이행,건조,맑음,단일로 - 기타,승용,남,68세,상해없음,승용,남,49세,상해없음
2012012500100227,2012년 1월 25일 12시,수요일,경상남도 창원시 진해구 부흥동,경상사고,0,0,3,0,차대차 - 정면충돌,안전운전불이행,건조,맑음,교차로 - 교차로부근,승용,여,40세,경상,승용,남,34세,경상
2012012500100262,2012년 1월 25일 13시,수요일,경상남도 창원시 진해구 용원동,경상사고,0,0,1,0,차대사람 - 횡단중,안전운전불이행,건조,맑음,단일로 - 기타,승용,남,45세,상해없음,보행자,남,4세,경상
2012012500100263,2012년 1월 25일 13시,수요일,경상남도 창녕군 창녕읍,중상사고,0,1,0,0,차대차 - 측면직각충돌,안전운전불이행,건조,맑음,단일로 - 기타,승용,여,41세,상해없음,이륜,남,77세,중상
2012012500100264,2012년 1월 25일 13시,수요일,경상남도 창녕군 부곡면,중상사고,0,1,0,0,차대차 - 측면직각충돌,안전운전불이행,건조,맑음,단일로 - 기타,승용,남,33세,상해없음,이륜,남,60세,중상
2012012500100265,2012년 1월 25일 13시,수요일,경상남도 창원시 의창구 용호동,중상사고,0,1,0,0,차대차 - 정면충돌,신호위반,건조,맑음,교차로 - 교차로안,승용,여,38세,상해없음,승용,남,55세,중상
2012012500100310,2012년 1월 25일 14시,수요일,경상남도 밀양시 삼문동,경상사고,0,0,1,0,차대차 - 측면직각충돌,안전운전불이행,건조,맑음,단일로 - 기타,승용,남,61세,상해없음,이륜,남,17세,경상
2012012500100311,2012년 1월 25일 14시,수요일,경상남도 창원시 의창구 도계동,경상사고,0,0,1,0,차대사람 - 길가장자리구역통행중,안전운전불이행,건조,맑음,기타 - 기타,승용,여,54세,상해없음,보행자,여,13세,경상
2012012500100343,2012년 1월 25일 15시,수요일,경상남도 고성군 고성읍,중상사고,0,1,0,0,차대차 - 측면직각충돌,신호위반,건조,맑음,교차로 - 교차로안,승용,여,32세,상해없음,승용,남,57세,중상
2012012500100344,2012년 1월 25일 15시,수요일,경상남도 김해시 흥동,중상사고,0,2,0,0,차대차 - 측면직각충돌,교차로운행방법위반,건조,맑음,교차로 - 교차로안,화물,남,25세,상해없음,승용,여,60세,중상
2012012500100417,2012년 1월 25일 17시,수요일,경상남도 김해시 어방동,중상사고,0,1,1,0,차대사람 - 길가장자리구역통행중,안전운전불이행,건조,맑음,기타 - 기타,승용,기타불명,기타불명,기타불명,보행자,여,35세,중상
2012012500100418,2012년 1월 25일 17시,수요일,경상남도 거제시 수월동,중상사고,0,1,0,0,차대차 - 기타,안전운전불이행,건조,맑음,교차로 - 교차로안,승용,남,37세,상해없음,승용,남,32세,중상
2012012500100419,2012년 1월 25일 17시,수요일,경상남도 창원시 의창구 명서동,중상사고,0,1,0,0,차대차 - 측면직각충돌,교차로운행방법위반,건조,맑음,교차로 - 교차로부근,승용,남,38세,상해없음,화물,남,40세,중상
2012012500100461,2012년 1월 25일 18시,수요일,경상남도 고성군 동해면,경상사고,0,0,1,0,차대차 - 정면충돌,중앙선침범,건조,맑음,단일로 - 기타,승용,여,37세,상해없음,승용,남,49세,경상
2012012500100462,2012년 1월 25일 18시,수요일,경상남도 하동군 하동읍,경상사고,0,0,1,0,차대차 - 추돌 - 진행중,안전운전불이행,건조,맑음,단일로 - 기타,화물,남,51세,상해없음,승용,남,51세,경상
2012012500100501,2012년 1월 25일 19시,수요일,경상남도 창원시 마산합포구 우산동,중상사고,0,2,0,0,차대차 - 추돌 - 주정차중,안전운전불이행,건조,맑음,교차로 - 교차로부근,승용,여,43세,상해없음,승용,남,26세,중상
2012012500100502,2012년 1월 25일 19시,수요일,경상남도 창원시 의창구 소답동,중상사고,0,1,0,0,차대사람 - 길가장자리구역통행중,안전운전불이행,건조,맑음,단일로 - 기타,승용,남,53세,상해없음,보행자,여,69세,중상
2012012500100538,2012년 1월 25일 20시,수요일,경상남도 창원시 마산합포구 중앙동3가,중상사고,0,1,2,0,차대차 - 측면직각충돌,교차로운행방법위반,건조,맑음,교차로 - 교차로안,승용,남,49세,상해없음,승용,남,57세,경상
2012012500100539,2012년 1월 25일 20시,수요일,경상남도 창원시 진해구 이동,경상사고,0,0,1,0,차대사람 - 기타,안전운전불이행,건조,맑음,단일로 - 기타,승용,남,46세,상해없음,보행자,남,52세,경상
2012012500100540,2012년 1월 25일 20시,수요일,경상남도 창원시 마산회원구 합성동,경상사고,0,0,1,0,차대사람 - 기타,안전운전불이행,건조,맑음,단일로 - 기타,승용,남,51세,상해없음,보행자,남,56세,경상
2012012500100612,2012년 1월 25일 22시,수요일,경상남도 거제시 고현동,중상사고,0,1,2,0,차대차 - 기타,안전운전불이행,건조,맑음,교차로 - 교차로안,승용,여,39세,중상,승용,남,38세,경상
2012012500100613,2012년 1월 25일 22시,수요일,경상남도 창원시 성산구 대방동,경상사고,0,0,1,0,차대차 - 측면직각충돌,직진우회전진행방해,건조,맑음,교차로 - 교차로안,승용,남,35세,상해없음,원동기,남,18세,경상
2012012500100646,2012년 1월 25일 23시,수요일,경상남도 양산시 물금읍,중상사고,0,2,1,0,차대차 - 기타,안전운전불이행,건조,맑음,단일로 - 기타,승용,남,56세,상해없음,승용,남,28세,경상
2012012500100647,2012년 1월 25일 23시,수요일,경상남도 창원시 성산구 사파동,중상사고,0,1,0,0,차대차 - 측면직각충돌,신호위반,건조,맑음,교차로 - 교차로안,승용,남,29세,상해없음,승용,남,29세,중상
2012012500100648,2012년 1월 25일 23시,수요일,경상남도 창원시 마산회원구 합성동,경상사고,0,0,1,0,차대차 - 추돌 - 진행중,안전운전불이행,건조,맑음,단일로 - 횡단보도부근,승용,남,34세,상해없음,승용,남,53세,경상
2012012600100021,2012년 1월 26일 00시,목요일,경상남도 거창군 거창읍,부상신고사고,0,0,0,1,차대차 - 추돌 - 진행중,안전운전불이행,건조,맑음,단일로 - 기타,이륜,남,18세,부상신고,승용,남,20세,상해없음
2012012600100039,2012년 1월 26일 01시,목요일,경상남도 김해시 불암동,경상사고,0,0,1,0,차대차 - 측면직각충돌,신호위반,건조,맑음,단일로 - 기타,승용,여,59세,경상,승용,미분류,기타불명,기타불명
2012012600100040,2012년 1월 26일 01시,목요일,경상남도 창원시 마산회원구 내서읍,중상사고,0,1,0,0,차대차 - 정면충돌,안전운전불이행,건조,맑음,단일로 - 기타,승용,남,69세,상해없음,승용,여,58세,중상
2012012600100049,2012년 1월 26일 02시,목요일,경상남도 창원시 성산구 반지동,경상사고,0,0,1,0,차대사람 - 기타,안전운전불이행,건조,맑음,교차로 - 교차로부근,승용,남,52세,상해없음,보행자,남,42세,경상
2012012600100114,2012년 1월 26일 08시,목요일,경상남도 고성군 동해면,중상사고,0,1,0,0,차대차 - 측면직각충돌,기타,건조,맑음,교차로 - 교차로안,화물,남,29세,상해없음,승용,여,43세,중상
2012012600100115,2012년 1월 26일 08시,목요일,경상남도 거제시 장평동,경상사고,0,0,1,0,차대차 - 추돌 - 진행중,안전운전불이행,건조,맑음,교차로 - 교차로부근,승용,남,44세,상해없음,이륜,남,29세,경상
2012012600100136,2012년 1월 26일 09시,목요일,경상남도 김해시 외동,중상사고,0,1,0,0,차대차 - 측면직각충돌,안전운전불이행,건조,맑음,단일로 - 기타,승용,여,44세,상해없음,자전거,남,80세,중상
2012012600100137,2012년 1월 26일 09시,목요일,경상남도 양산시 삼호동,경상사고,0,0,1,0,차대사람 - 기타,안전운전불이행,건조,맑음,단일로 - 기타,승용,여,39세,상해없음,보행자,여,36세,경상
2012012600100158,2012년 1월 26일 10시,목요일,경상남도 밀양시 내이동,중상사고,0,1,0,0,차대사람 - 횡단중,보행자보호의무위반,건조,맑음,단일로 - 기타,화물,남,54세,상해없음,보행자,여,70세,중상
2012012600100159,2012년 1월 26일 10시,목요일,경상남도 창원시 의창구 용호동,중상사고,0,1,0,0,차대사람 - 기타,안전운전불이행,건조,맑음,단일로 - 기타,승용,남,24세,상해없음,보행자,남,6세,중상
2012012600100190,2012년 1월 26일 11시,목요일,경상남도 김해시 진영읍,경상사고,0,0,1,0,차대차 - 측면직각충돌,안전운전불이행,건조,맑음,단일로 - 기타,승용,남,68세,상해없음,자전거,여,69세,경상
2012012600100222,2012년 1월 26일 12시,목요일,경상남도 사천시 용현면,경상사고,0,0,1,0,차대차 - 기타,안전운전불이행,건조,맑음,교차로 - 교차로부근,화물,남,56세,상해없음,승용,남,28세,경상
2012012600100223,2012년 1월 26일 12시,목요일,경상남도 양산시 북부동,중상사고,0,1,0,0,차대사람 - 횡단중,보행자보호의무위반,건조,맑음,교차로 - 교차로안,승합,남,57세,상해없음,보행자,남,32세,중상
2012012600100224,2012년 1월 26일 12시,목요일,경상남도 남해군 서면,경상사고,0,0,4,0,차대차 - 측면직각충돌,중앙선침범,건조,맑음,단일로 - 기타,화물,남,31세,경상,승용,남,36세,상해없음
2012012600100256,2012년 1월 26일 13시,목요일,경상남도 김해시 대성동,중상사고,0,2,1,0,차대차 - 측면직각충돌,안전운전불이행,건조,맑음,단일로 - 기타,기타불명,기타불명,기타불명,기타불명,승합,남,45세,경상
2012012600100257,2012년 1월 26일 13시,목요일,경상남도 거창군 남하면,중상사고,0,1,0,0,차대차 - 측면직각충돌,과속,건조,맑음,기타 - 기타,승용,남,56세,상해없음,이륜,남,78세,중상
2012012600100293,2012년 1월 26일 14시,목요일,경상남도 통영시 광도면,중상사고,0,1,0,0,차대차 - 측면직각충돌,차로위반,건조,맑음,단일로 - 기타,승용,여,25세,상해없음,이륜,남,51세,중상
2012012600100294,2012년 1월 26일 14시,목요일,경상남도 사천시 동금동,경상사고,0,0,1,0,차대차 - 측면직각충돌,신호위반,건조,맑음,교차로 - 교차로안,이륜,남,49세,상해없음,승용,여,21세,경상
2012012600100295,2012년 1월 26일 14시,목요일,경상남도 양산시 북부동,중상사고,0,1,0,0,차대사람 - 횡단중,보행자보호의무위반,건조,맑음,교차로 - 교차로안,화물,남,43세,상해없음,보행자,여,68세,중상
2012012600100326,2012년 1월 26일 15시,목요일,경상남도 창원시 진해구 용원동,경상사고,0,0,2,0,차대사람 - 기타,안전운전불이행,건조,맑음,단일로 - 기타,승용,여,51세,상해없음,보행자,남,45세,경상
2012012600100327,2012년 1월 26일 15시,목요일,경상남도 창녕군 창녕읍,중상사고,0,2,0,0,차대차 - 추돌 - 진행중,안전거리미확보,건조,맑음,단일로 - 기타,이륜,남,70세,중상,승용,남,54세,상해없음
2012012600100328,2012년 1월 26일 15시,목요일,경상남도 하동군 금남면,경상사고,0,0,2,0,차대차 - 측면직각충돌,안전운전불이행,건조,맑음,교차로 - 교차로안,승용,여,41세,상해없음,승용,남,30세,경상
2012012600100359,2012년 1월 26일 16시,목요일,경상남도 양산시 남부동,경상사고,0,0,1,0,차대사람 - 횡단중,안전운전불이행,건조,맑음,단일로 - 기타,화물,남,66세,상해없음,보행자,남,39세,경상
2012012600100394,2012년 1월 26일 17시,목요일,경상남도 사천시 벌리동,중상사고,0,1,0,0,차대차 - 기타,안전운전불이행,건조,맑음,교차로 - 교차로부근,화물,남,38세,상해없음,자전거,남,82세,중상
2012012600100395,2012년 1월 26일 17시,목요일,경상남도 거제시 연초면,중상사고,0,2,0,0,차대차 - 측면직각충돌,중앙선침범,건조,맑음,단일로 - 기타,승용,남,49세,상해없음,승용,남,52세,중상
2012012600100435,2012년 1월 26일 18시,목요일,경상남도 밀양시 내이동,중상사고,0,1,1,0,차대차 - 측면직각충돌,안전운전불이행,건조,맑음,교차로 - 교차로안,승용,여,36세,상해없음,승용,남,26세,중상
2012012600100436,2012년 1월 26일 18시,목요일,경상남도 양산시 신기동,중상사고,0,1,0,0,차대사람 - 횡단중,안전운전불이행,건조,맑음,단일로 - 기타,승용,여,46세,상해없음,보행자,남,80세,중상
2012012600100478,2012년 1월 26일 19시,목요일,경상남도 함안군 군북면,중상사고,0,1,0,0,차량단독 - 공작물충돌,안전운전불이행,건조,맑음,단일로 - 기타,승용,남,46세,중상,,,,
2012012600100506,2012년 1월 26일 20시,목요일,경상남도 창원시 진해구 장천동,경상사고,0,0,2,0,차대차 - 측면직각충돌,안전운전불이행,건조,맑음,단일로 - 기타,승용,여,36세,상해없음,승용,여,31세,경상
2012012600100507,2012년 1월 26일 20시,목요일,경상남도 거제시 장승포동,경상사고,0,0,1,0,차대차 - 추돌 - 주정차중,안전운전불이행,건조,맑음,단일로 - 기타,승용,남,39세,상해없음,승용,남,21세,경상
2012012600100508,2012년 1월 26일 20시,목요일,경상남도 김해시 한림면,중상사고,0,1,0,0,차대차 - 측면직각충돌,신호위반,건조,맑음,교차로 - 교차로안,승용,남,31세,상해없음,승용,남,51세,중상
2012012600100540,2012년 1월 26일 21시,목요일,경상남도 창원시 마산회원구 회원동,중상사고,0,1,0,0,차대사람 - 기타,안전운전불이행,건조,맑음,단일로 - 기타,이륜,남,18세,상해없음,보행자,남,43세,중상
2012012600100541,2012년 1월 26일 21시,목요일,경상남도 창원시 의창구 중동,경상사고,0,0,1,0,차대사람 - 기타,안전운전불이행,건조,맑음,단일로 - 횡단보도상,승용,남,43세,상해없음,보행자,여,19세,경상
2012012600100565,2012년 1월 26일 22시,목요일,경상남도 창원시 마산회원구 두척동,중상사고,0,2,3,0,차대차 - 추돌 - 주정차중,안전운전불이행,건조,맑음,단일로 - 기타,승용,여,30세,상해없음,승용,남,45세,경상
2012012600100586,2012년 1월 26일 23시,목요일,경상남도 진주시 봉곡동,중상사고,0,1,0,0,차대사람 - 횡단중,안전운전불이행,건조,맑음,단일로 - 기타,화물,남,42세,상해없음,보행자,남,44세,중상
2012012600100587,2012년 1월 26일 23시,목요일,경상남도 밀양시 상남면,중상사고,0,2,0,0,차대차 - 측면직각충돌,교차로운행방법위반,건조,맑음,교차로 - 교차로안,승용,남,40세,상해없음,승용,남,44세,중상
2012012700100012,2012년 1월 27일 00시,금요일,경상남도 창원시 의창구 도계동,경상사고,0,0,1,0,차대차 - 추돌 - 주정차중,안전거리미확보,건조,맑음,교차로 - 교차로부근,승용,남,24세,상해없음,승용,남,72세,경상
2012012700100032,2012년 1월 27일 01시,금요일,경상남도 진주시 상평동,경상사고,0,0,1,0,차대사람 - 기타,안전운전불이행,건조,맑음,단일로 - 기타,승용,남,51세,상해없음,보행자,남,23세,경상
2012012700100065,2012년 1월 27일 05시,금요일,경상남도 거제시 사등면,중상사고,0,1,0,0,차대차 - 추돌 - 진행중,안전운전불이행,건조,맑음,단일로 - 기타,기타불명,기타불명,기타불명,기타불명,이륜,남,47세,중상
2012012700100087,2012년 1월 27일 07시,금요일,경상남도 통영시 도산면,경상사고,0,0,1,0,차대차 - 측면직각충돌,안전운전불이행,건조,맑음,단일로 - 기타,승합,남,42세,상해없음,승용,남,30세,경상
2012012700100088,2012년 1월 27일 07시,금요일,경상남도 양산시 중부동,중상사고,0,1,0,0,차대사람 - 기타,보행자보호의무위반,건조,맑음,교차로 - 교차로안,화물,남,44세,상해없음,보행자,남,37세,중상
2012012700100115,2012년 1월 27일 08시,금요일,경상남도 양산시 유산동,중상사고,0,1,0,1,차대차 - 정면충돌,중앙선침범,건조,맑음,단일로 - 기타,승용,남,26세,상해없음,승용,남,31세,중상
2012012700100142,2012년 1월 27일 09시,금요일,경상남도 함안군 가야읍,중상사고,0,2,0,1,차대차 - 측면직각충돌,중앙선침범,건조,맑음,교차로 - 교차로부근,화물,남,25세,상해없음,승용,남,67세,중상
2012012700100162,2012년 1월 27일 10시,금요일,경상남도 창원시 마산합포구 해운동,중상사고,0,1,2,0,차대차 - 측면직각충돌,직진우회전진행방해,건조,맑음,교차로 - 교차로안,승용,남,61세,상해없음,승용,여,42세,경상
2012012700100163,2012년 1월 27일 10시,금요일,경상남도 밀양시 무안면,중상사고,0,1,0,0,차대사람 - 기타,안전운전불이행,건조,맑음,단일로 - 기타,화물,남,57세,상해없음,보행자,남,51세,중상
2012012700100187,2012년 1월 27일 11시,금요일,경상남도 창원시 마산합포구 진동면,경상사고,0,0,1,0,차대차 - 측면직각충돌,신호위반,건조,맑음,교차로 - 교차로안,승용,여,49세,상해없음,화물,남,62세,경상
2012012700100220,2012년 1월 27일 12시,금요일,경상남도 진주시 상대동,중상사고,0,2,0,0,차대차 - 측면직각충돌,교차로운행방법위반,건조,맑음,교차로 - 교차로안,승용,남,43세,상해없음,화물,남,31세,중상
2012012700100221,2012년 1월 27일 12시,금요일,경상남도 고성군 하이면,중상사고,0,1,0,0,차대차 - 측면직각충돌,안전거리미확보,건조,맑음,단일로 - 기타,승용,남,56세,상해없음,이륜,남,76세,중상
2012012700100241,2012년 1월 27일 13시,금요일,경상남도 창원시 의창구 도계동,경상사고,0,0,1,0,차대차 - 측면직각충돌,안전운전불이행,건조,맑음,단일로 - 기타,승용,여,57세,상해없음,이륜,남,34세,경상
2012012700100313,2012년 1월 27일 15시,금요일,경상남도 진주시 장대동,중상사고,0,1,0,0,차대사람 - 횡단중,안전운전불이행,건조,맑음,단일로 - 기타,원동기,남,66세,상해없음,보행자,여,62세,중상
2012012700100314,2012년 1월 27일 15시,금요일,경상남도 양산시 동면,중상사고,0,1,1,1,차대차 - 추돌 - 주정차중,안전거리미확보,건조,맑음,단일로 - 기타,화물,남,52세,상해없음,화물,남,75세,경상
2012012700100315,2012년 1월 27일 15시,금요일,경상남도 거제시 장승포동,중상사고,0,1,0,0,차대사람 - 기타,안전운전불이행,건조,맑음,단일로 - 횡단보도부근,승용,여,37세,상해없음,보행자,남,16세,중상
2012012700100346,2012년 1월 27일 16시,금요일,경상남도 통영시 도천동,중상사고,0,1,0,0,차대차 - 측면직각충돌,안전운전불이행,건조,맑음,단일로 - 기타,승용,남,54세,상해없음,자전거,남,45세,중상
2012012700100347,2012년 1월 27일 16시,금요일,경상남도 통영시 도천동,중상사고,0,1,0,0,차대차 - 측면직각충돌,안전운전불이행,건조,맑음,단일로 - 기타,화물,남,42세,상해없음,원동기,남,30세,중상
2012012700100348,2012년 1월 27일 16시,금요일,경상남도 거제시 사등면,중상사고,0,1,0,2,차대차 - 추돌 - 진행중,안전거리미확보,건조,맑음,단일로 - 기타,승합,남,46세,상해없음,승용,남,63세,상해없음
2012012700100349,2012년 1월 27일 16시,금요일,경상남도 남해군 고현면,중상사고,0,1,0,0,차대차 - 측면직각충돌,안전운전불이행,건조,맑음,단일로 - 기타,승합,남,25세,상해없음,원동기,여,56세,중상
2012012700100372,2012년 1월 27일 17시,금요일,경상남도 창원시 마산합포구 진동면,중상사고,0,1,0,0,차대차 - 추돌 - 진행중,안전거리미확보,건조,맑음,단일로 - 터널,승용,남,58세,상해없음,승용,남,44세,중상
2012012700100373,2012년 1월 27일 17시,금요일,경상남도 김해시 내동,중상사고,0,1,0,0,차대차 - 측면직각충돌,차로위반,건조,맑음,교차로 - 교차로안,승용,여,50세,상해없음,승용,여,64세,중상
2012012700100412,2012년 1월 27일 18시,금요일,경상남도 김해시 장유면,중상사고,0,1,0,0,차대차 - 추돌 - 진행중,안전거리미확보,건조,맑음,교차로 - 교차로부근,승합,남,48세,상해없음,승용,남,56세,상해없음
2012012700100413,2012년 1월 27일 18시,금요일,경상남도 김해시 진영읍,중상사고,0,1,0,0,차대사람 - 횡단중,안전운전불이행,건조,맑음,단일로 - 기타,승합,남,45세,상해없음,보행자,남,66세,중상
2012012700100466,2012년 1월 27일 19시,금요일,경상남도 거제시 고현동,경상사고,0,0,1,0,차대차 - 측면직각충돌,중앙선침범,건조,맑음,단일로 - 기타,이륜,남,19세,상해없음,원동기,남,51세,경상
2012012700100525,2012년 1월 27일 21시,금요일,경상남도 창원시 진해구 경화동,경상사고,0,0,1,0,차대사람 - 차도통행중,안전운전불이행,건조,맑음,단일로 - 기타,승용,여,33세,상해없음,보행자,여,62세,경상
2012012700100526,2012년 1월 27일 21시,금요일,경상남도 통영시 광도면,부상신고사고,0,0,0,1,차량단독 - 공작물충돌,안전운전불이행,건조,맑음,단일로 - 기타,승용,남,41세,부상신고,,,,
2012012700100527,2012년 1월 27일 21시,금요일,경상남도 창원시 마산회원구 회원동,경상사고,0,0,2,0,차대차 - 측면직각충돌,안전운전불이행,건조,맑음,단일로 - 기타,승용,남,58세,상해없음,승용,여,42세,경상
2012012700100560,2012년 1월 27일 22시,금요일,경상남도 고성군 고성읍,경상사고,0,0,1,0,차대차 - 측면직각충돌,교차로운행방법위반,건조,맑음,교차로 - 교차로안,승용,남,47세,상해없음,이륜,남,16세,경상
2012012700100561,2012년 1월 27일 22시,금요일,경상남도 거제시 장평동,경상사고,0,0,1,0,차대사람 - 길가장자리구역통행중,안전운전불이행,건조,맑음,단일로 - 기타,승용,여,42세,상해없음,보행자,남,21세,경상
2012012700100586,2012년 1월 27일 23시,금요일,경상남도 양산시 교동,중상사고,0,1,0,0,차대사람 - 기타,안전운전불이행,건조,맑음,교차로 - 교차로안,이륜,남,24세,상해없음,보행자,남,45세,중상
2012012700100587,2012년 1월 27일 23시,금요일,경상남도 창원시 성산구 상남동,중상사고,0,1,0,0,차대차 - 기타,중앙선침범,기타,맑음,단일로 - 기타,승용,남,54세,상해없음,이륜,남,48세,중상
2012012700100588,2012년 1월 27일 23시,금요일,경상남도 창원시 성산구 상남동,중상사고,0,1,0,0,차대사람 - 기타,안전운전불이행,기타,맑음,단일로 - 기타,이륜,남,17세,상해없음,보행자,여,52세,중상
2012012800100026,2012년 1월 28일 00시,토요일,경상남도 창원시 성산구 사파동,중상사고,0,1,0,0,차대차 - 기타,중앙선침범,기타,맑음,단일로 - 기타,승용,남,52세,상해없음,승용,남,44세,상해없음
2012012800100065,2012년 1월 28일 02시,토요일,경상남도 고성군 거류면,사망사고,1,0,0,0,차량단독 - 전도전복,안전운전불이행,건조,맑음,단일로 - 기타,원동기,남,34세,사망,,,,
2012012800100102,2012년 1월 28일 05시,토요일,경상남도 하동군 금성면,사망사고,1,0,0,0,차량단독 - 공작물충돌,안전운전불이행,건조,맑음,단일로 - 기타,승용,남,27세,사망,,,,
2012012800100121,2012년 1월 28일 06시,토요일,경상남도 창원시 마산합포구 진동면,경상사고,0,0,1,0,차대사람 - 기타,안전운전불이행,건조,맑음,단일로 - 기타,승합,남,54세,상해없음,보행자,남,68세,경상
2012012800100122,2012년 1월 28일 06시,토요일,경상남도 창원시 진해구 이동,경상사고,0,0,2,0,차대차 - 측면직각충돌,신호위반,건조,맑음,교차로 - 교차로안,승용,남,30세,상해없음,승용,남,50세,경상
2012012800100134,2012년 1월 28일 07시,토요일,경상남도 진주시 신안동,중상사고,0,1,0,0,차대사람 - 횡단중,안전운전불이행,건조,맑음,단일로 - 기타,승용,남,63세,상해없음,보행자,남,33세,중상
2012012800100154,2012년 1월 28일 08시,토요일,경상남도 김해시 어방동,경상사고,0,0,3,0,차대차 - 측면직각충돌,신호위반,건조,맑음,교차로 - 교차로안,승용,남,23세,경상,승용,남,36세,경상
2012012800100155,2012년 1월 28일 08시,토요일,경상남도 거제시 장평동,경상사고,0,0,1,0,차대사람 - 기타,보행자보호의무위반,건조,맑음,교차로 - 교차로부근,기타불명,기타불명,기타불명,기타불명,보행자,여,26세,경상
2012012800100180,2012년 1월 28일 09시,토요일,경상남도 고성군 하이면,사망사고,1,0,0,0,차대사람 - 길가장자리구역통행중,안전운전불이행,건조,맑음,단일로 - 기타,승합,남,48세,상해없음,보행자,여,82세,사망
2012012800100198,2012년 1월 28일 10시,토요일,경상남도 양산시 중부동,경상사고,0,0,3,2,차대차 - 측면직각충돌,안전거리미확보,건조,맑음,교차로 - 교차로부근,승용,남,51세,부상신고,승용,여,37세,경상
2012012800100199,2012년 1월 28일 10시,토요일,경상남도 고성군 동해면,중상사고,0,1,0,1,차대차 - 측면직각충돌,안전운전불이행,건조,맑음,교차로 - 교차로부근,승용,남,30세,상해없음,원동기,남,73세,중상
2012012800100218,2012년 1월 28일 11시,토요일,경상남도 창원시 의창구 동읍,사망사고,1,0,0,0,차대차 - 기타,신호위반,건조,맑음,단일로 - 기타,원동기,남,72세,사망,승용,남,33세,상해없음
2012012800100239,2012년 1월 28일 12시,토요일,경상남도 합천군 청덕면,중상사고,0,3,0,0,차대차 - 측면직각충돌,안전운전불이행,건조,맑음,단일로 - 기타,승용,남,32세,상해없음,승용,남,53세,상해없음