사고번호,사고일시,요일,시군구,사고내용,사망자수,중상자수,경상자수,부상신고자수,사고유형,법규위반,노면상태,기상상태,도로형태,가해운전자 차종,가해운전자 성별,가해운전자 연령,가해운전자 상해정도,피해운전자 차종,피해운전자 성별,피해운전자 연령,피해운전자 상해정도
2012012800100240,2012년 1월 28일 12시,토요일,경상남도 거제시 고현동,경상사고,0,0,2,0,차대차 - 측면직각충돌,중앙선침범,건조,맑음,기타 - 기타,승용,남,32세,상해없음,승용,남,39세,경상
2012012800100273,2012년 1월 28일 13시,토요일,경상남도 진주시 주약동,중상사고,0,2,3,0,차대차 - 추돌 - 주정차중,안전운전불이행,건조,맑음,단일로 - 기타,승용,남,36세,상해없음,승용,남,58세,중상
2012012800100291,2012년 1월 28일 14시,토요일,경상남도 창녕군 부곡면,부상신고사고,0,0,0,1,차대차 - 측면직각충돌,안전운전불이행,건조,맑음,교차로 - 교차로안,승용,여,65세,상해없음,원동기,남,70세,부상신고
2012012800100310,2012년 1월 28일 15시,토요일,경상남도 양산시 신기동,중상사고,0,1,0,0,차대차 - 추돌 - 주정차중,안전운전불이행,건조,맑음,교차로 - 교차로부근,승용,남,48세,상해없음,승용,남,43세,상해없음
2012012800100311,2012년 1월 28일 15시,토요일,경상남도 창원시 마산회원구 회성동,경상사고,0,0,1,0,차대차 - 기타,신호위반,건조,맑음,교차로 - 교차로안,화물,남,56세,상해없음,승용,남,59세,경상
2012012800100312,2012년 1월 28일 15시,토요일,경상남도 김해시 장유면,중상사고,0,3,1,0,차대차 - 측면직각충돌,안전운전불이행,건조,맑음,단일로 - 기타,건설기계,남,58세,상해없음,승용,여,46세,중상
2012012800100329,2012년 1월 28일 16시,토요일,경상남도 양산시 상북면,경상사고,0,0,1,0,차대차 - 측면직각충돌,신호위반,건조,맑음,교차로 - 교차로안,승용,남,34세,상해없음,승용,남,30세,경상
2012012800100330,2012년 1월 28일 16시,토요일,경상남도 거제시 고현동,경상사고,0,0,1,0,차대사람 - 횡단중,안전운전불이행,건조,맑음,단일로 - 기타,승용,여,45세,상해없음,보행자,남,2세,경상
2012012800100347,2012년 1월 28일 17시,토요일,경상남도 양산시 남부동,중상사고,0,1,0,0,차대사람 - 차도통행중,안전운전불이행,건조,맑음,단일로 - 기타,승용,남,50세,상해없음,보행자,여,65세,중상
2012012800100348,2012년 1월 28일 17시,토요일,경상남도 양산시 평산동,중상사고,0,1,0,0,차대차 - 기타,안전운전불이행,건조,맑음,단일로 - 기타,승용,여,36세,상해없음,원동기,남,49세,중상
2012012800100401,2012년 1월 28일 19시,토요일,경상남도 창원시 진해구 안골동,중상사고,0,2,0,0,차대차 - 측면직각충돌,직진우회전진행방해,건조,맑음,교차로 - 교차로안,승용,남,64세,상해없음,승용,남,37세,중상
2012012800100427,2012년 1월 28일 20시,토요일,경상남도 통영시 북신동,경상사고,0,0,1,0,차대차 - 추돌 - 주정차중,안전운전불이행,건조,맑음,교차로 - 교차로부근,승용,남,30세,상해없음,승용,남,61세,상해없음
2012012800100428,2012년 1월 28일 20시,토요일,경상남도 사천시 사천읍,경상사고,0,0,2,0,차대차 - 기타,안전운전불이행,건조,맑음,교차로 - 교차로부근,승용,남,52세,상해없음,승용,남,24세,경상
2012012800100447,2012년 1월 28일 21시,토요일,경상남도 김해시 외동,중상사고,0,1,0,0,차대차 - 측면직각충돌,안전거리미확보,건조,맑음,단일로 - 기타,화물,남,33세,상해없음,화물,남,57세,중상
2012012800100448,2012년 1월 28일 21시,토요일,경상남도 김해시 흥동,경상사고,0,0,1,0,차대차 - 정면충돌,신호위반,건조,맑음,교차로 - 교차로안,승용,남,22세,상해없음,승용,남,48세,경상
2012012800100472,2012년 1월 28일 22시,토요일,경상남도 통영시 북신동,중상사고,0,1,0,0,차대차 - 측면직각충돌,중앙선침범,건조,맑음,단일로 - 기타,승용,여,36세,상해없음,원동기,남,17세,중상
2012012900100014,2012년 1월 29일 00시,일요일,경상남도 창원시 마산합포구 오동동,경상사고,0,0,1,0,차대사람 - 길가장자리구역통행중,안전운전불이행,건조,맑음,단일로 - 기타,승용,남,62세,상해없음,보행자,남,53세,경상
2012012900100015,2012년 1월 29일 00시,일요일,경상남도 진주시 상대동,경상사고,0,0,1,0,차대사람 - 기타,안전운전불이행,건조,맑음,단일로 - 횡단보도상,승용,남,40세,상해없음,보행자,남,40세,경상
2012012900100016,2012년 1월 29일 00시,일요일,경상남도 창원시 진해구 청안동,중상사고,0,1,0,0,차대사람 - 횡단중,보행자보호의무위반,건조,맑음,교차로 - 교차로안,승용,남,49세,상해없음,보행자,남,36세,중상
2012012900100017,2012년 1월 29일 00시,일요일,경상남도 창원시 마산회원구 양덕동,경상사고,0,0,1,0,차량단독 - 공작물충돌,안전운전불이행,건조,맑음,단일로 - 기타,승용,남,42세,경상,,,,
2012012900100041,2012년 1월 29일 01시,일요일,경상남도 김해시 어방동,중상사고,0,1,0,0,차대사람 - 기타,중앙선침범,건조,맑음,교차로 - 교차로부근,승용,남,69세,상해없음,보행자,남,58세,중상
2012012900100042,2012년 1월 29일 01시,일요일,경상남도 김해시 전하동,경상사고,0,0,1,0,차대차 - 측면직각충돌,교차로운행방법위반,건조,맑음,교차로 - 교차로안,승용,남,25세,상해없음,승용,남,50세,경상
2012012900100057,2012년 1월 29일 02시,일요일,경상남도 김해시 어방동,중상사고,0,3,0,0,차대차 - 기타,안전거리미확보,건조,맑음,단일로 - 기타,승용,남,32세,중상,승용,남,50세,상해없음
2012012900100097,2012년 1월 29일 05시,일요일,경상남도 창원시 성산구 반지동,부상신고사고,0,0,0,2,차대차 - 측면직각충돌,안전운전불이행,건조,맑음,교차로 - 교차로안,승용,남,48세,상해없음,승용,여,32세,부상신고
2012012900100139,2012년 1월 29일 08시,일요일,경상남도 창원시 마산회원구 양덕동,중상사고,0,1,0,0,차대차 - 추돌 - 주정차중,안전운전불이행,건조,맑음,단일로 - 횡단보도부근,승합,남,45세,상해없음,승용,남,39세,중상
2012012900100161,2012년 1월 29일 10시,일요일,경상남도 거창군 위천면,중상사고,0,1,0,0,차대차 - 측면직각충돌,기타,건조,맑음,교차로 - 교차로부근,화물,여,38세,상해없음,이륜,남,71세,중상
2012012900100162,2012년 1월 29일 10시,일요일,경상남도 창원시 성산구 삼정자동,중상사고,0,1,0,0,차대차 - 정면충돌,중앙선침범,건조,맑음,교차로 - 교차로안,승용,남,55세,상해없음,승용,여,48세,중상
2012012900100163,2012년 1월 29일 10시,일요일,경상남도 창원시 의창구 명서동,중상사고,0,1,0,0,차대차 - 측면직각충돌,안전운전불이행,건조,맑음,단일로 - 횡단보도상,승용,남,41세,상해없음,자전거,남,72세,중상
2012012900100179,2012년 1월 29일 11시,일요일,경상남도 사천시 사남면,경상사고,0,0,1,0,차대차 - 측면직각충돌,직진우회전진행방해,건조,맑음,교차로 - 교차로안,승용,남,34세,상해없음,승용,여,51세,경상
2012012900100180,2012년 1월 29일 11시,일요일,경상남도 김해시 외동,중상사고,0,1,0,0,차대사람 - 기타,안전운전불이행,건조,맑음,기타 - 기타,승용,여,53세,상해없음,보행자,여,75세,중상
2012012900100214,2012년 1월 29일 13시,일요일,경상남도 거제시 덕포동,중상사고,0,2,0,0,차량단독 - 공작물충돌,안전운전불이행,건조,맑음,단일로 - 기타,승용,남,57세,상해없음,,,,
2012012900100215,2012년 1월 29일 13시,일요일,경상남도 의령군 의령읍,중상사고,0,1,0,0,차량단독 - 공작물충돌,안전운전불이행,건조,맑음,교차로 - 교차로부근,화물,여,18세,상해없음,,,,
2012012900100216,2012년 1월 29일 13시,일요일,경상남도 창원시 의창구 명서동,중상사고,0,2,0,0,차대차 - 측면직각충돌,교차로운행방법위반,건조,맑음,교차로 - 교차로안,승용,남,38세,상해없음,승용,여,32세,중상
2012012900100234,2012년 1월 29일 14시,일요일,경상남도 의령군 의령읍,중상사고,0,1,0,0,차대차 - 측면직각충돌,교차로운행방법위반,건조,맑음,교차로 - 교차로안,승용,남,63세,상해없음,자전거,남,89세,중상
2012012900100259,2012년 1월 29일 15시,일요일,경상남도 창원시 마산회원구 회성동,경상사고,0,0,2,0,차대차 - 측면직각충돌,신호위반,건조,맑음,교차로 - 교차로부근,화물,남,65세,상해없음,승용,여,38세,경상
2012012900100292,2012년 1월 29일 17시,일요일,경상남도 진주시 문산읍,중상사고,0,1,0,0,차대차 - 측면직각충돌,직진우회전진행방해,건조,맑음,단일로 - 기타,승용,남,40세,상해없음,승용,남,55세,상해없음
2012012900100293,2012년 1월 29일 17시,일요일,경상남도 김해시 외동,중상사고,0,1,0,0,차대사람 - 차도통행중,안전운전불이행,건조,맑음,단일로 - 기타,승용,남,54세,기타불명,보행자,남,13세,중상
2012012900100328,2012년 1월 29일 18시,일요일,경상남도 창원시 진해구 태평동,경상사고,0,0,2,0,차대차 - 추돌 - 주정차중,안전운전불이행,건조,맑음,단일로 - 횡단보도부근,승용,여,33세,상해없음,승용,여,42세,경상
2012012900100329,2012년 1월 29일 18시,일요일,경상남도 김해시 지내동,경상사고,0,0,1,0,차대차 - 추돌 - 주정차중,안전운전불이행,건조,맑음,단일로 - 기타,화물,남,53세,상해없음,승용,여,32세,경상
2012012900100330,2012년 1월 29일 18시,일요일,경상남도 김해시 내동,중상사고,0,2,2,0,차대차 - 측면직각충돌,신호위반,건조,맑음,교차로 - 교차로안,승용,남,27세,상해없음,승용,남,54세,경상
2012012900100375,2012년 1월 29일 20시,일요일,경상남도 창원시 진해구 청안동,경상사고,0,0,1,0,차대사람 - 차도통행중,안전운전불이행,건조,맑음,교차로 - 교차로안,승합,남,37세,상해없음,보행자,여,40세,경상
2012013000100024,2012년 1월 30일 02시,월요일,경상남도 김해시 외동,부상신고사고,0,0,0,1,차량단독 - 기타,안전운전불이행,건조,맑음,교차로 - 교차로부근,원동기,남,16세,부상신고,,,,
2012013000100065,2012년 1월 30일 07시,월요일,경상남도 창원시 성산구 가음동,중상사고,0,1,0,0,차대차 - 측면직각충돌,신호위반,건조,맑음,교차로 - 교차로안,승용,여,58세,상해없음,승용,남,23세,중상
2012013000100066,2012년 1월 30일 07시,월요일,경상남도 창원시 의창구 신월동,중상사고,0,1,0,0,차대차 - 측면직각충돌,안전운전불이행,건조,맑음,교차로 - 교차로부근,승용,남,43세,상해없음,원동기,남,36세,중상
2012013000100067,2012년 1월 30일 07시,월요일,경상남도 창원시 의창구 명서동,중상사고,0,1,0,0,차대차 - 측면직각충돌,신호위반,건조,맑음,교차로 - 교차로부근,승용,남,62세,상해없음,승용,남,59세,중상
2012013000100091,2012년 1월 30일 08시,월요일,경상남도 창원시 마산회원구 구암동,경상사고,0,0,2,0,차대차 - 측면직각충돌,안전운전불이행,건조,맑음,교차로 - 교차로안,승용,남,41세,경상,화물,남,35세,경상
2012013000100145,2012년 1월 30일 10시,월요일,경상남도 창원시 의창구 용호동,중상사고,0,1,0,0,차대사람 - 횡단중,안전운전불이행,건조,맑음,단일로 - 기타,승합,남,51세,상해없음,보행자,여,3세,중상
2012013000100146,2012년 1월 30일 10시,월요일,경상남도 김해시 장유면,경상사고,0,0,2,0,차대차 - 기타,신호위반,건조,맑음,교차로 - 교차로안,승합,남,49세,상해없음,화물,남,40세,경상
2012013000100166,2012년 1월 30일 11시,월요일,경상남도 통영시 북신동,경상사고,0,0,2,0,차대차 - 추돌 - 진행중,안전거리미확보,건조,맑음,교차로 - 교차로안,승용,남,47세,상해없음,승용,남,64세,상해없음
2012013000100167,2012년 1월 30일 11시,월요일,경상남도 창녕군 창녕읍,중상사고,0,1,0,0,차대차 - 측면직각충돌,안전운전불이행,건조,맑음,교차로 - 교차로안,승용,여,48세,상해없음,이륜,남,75세,중상
2012013000100190,2012년 1월 30일 12시,월요일,경상남도 창원시 성산구 중앙동,중상사고,0,1,1,0,차대차 - 측면직각충돌,신호위반,건조,맑음,교차로 - 교차로안,승용,여,57세,상해없음,승용,남,67세,경상
2012013000100191,2012년 1월 30일 12시,월요일,경상남도 김해시 한림면,중상사고,0,1,0,0,차대차 - 정면충돌,중앙선침범,건조,맑음,단일로 - 기타,승합,남,42세,상해없음,승합,남,41세,중상
2012013000100249,2012년 1월 30일 14시,월요일,경상남도 창원시 의창구 사림동,중상사고,0,2,0,0,차대차 - 측면직각충돌,직진우회전진행방해,건조,맑음,교차로 - 교차로안,승용,여,37세,상해없음,화물,남,36세,중상
2012013000100273,2012년 1월 30일 15시,월요일,경상남도 김해시 생림면,경상사고,0,0,1,0,차대차 - 측면직각충돌,중앙선침범,건조,맑음,단일로 - 기타,승용,남,30세,상해없음,승용,남,78세,상해없음
2012013000100297,2012년 1월 30일 16시,월요일,경상남도 함양군 함양읍,중상사고,0,1,0,0,차대차 - 측면직각충돌,안전운전불이행,건조,맑음,단일로 - 기타,원동기,남,63세,중상,승용,여,47세,상해없음
2012013000100298,2012년 1월 30일 16시,월요일,경상남도 양산시 중부동,경상사고,0,0,1,0,차대사람 - 기타,안전운전불이행,건조,맑음,기타 - 기타,승합,남,47세,상해없음,보행자,여,6세,경상
2012013000100330,2012년 1월 30일 17시,월요일,경상남도 창원시 마산합포구 상남동,경상사고,0,0,2,0,차대차 - 측면직각충돌,안전거리미확보,습기,맑음,단일로 - 기타,승용,남,58세,상해없음,승용,남,53세,상해없음
2012013000100331,2012년 1월 30일 17시,월요일,경상남도 통영시 인평동,경상사고,0,0,1,0,차대차 - 추돌 - 진행중,안전운전불이행,건조,맑음,단일로 - 기타,화물,남,60세,상해없음,이륜,남,48세,경상
2012013000100332,2012년 1월 30일 17시,월요일,경상남도 창원시 의창구 봉곡동,중상사고,0,1,0,0,차대차 - 측면직각충돌,신호위반,건조,맑음,교차로 - 교차로안,승용,남,62세,상해없음,승용,남,18세,중상
2012013000100360,2012년 1월 30일 18시,월요일,경상남도 양산시 남부동,경상사고,0,0,1,0,차대사람 - 기타,안전운전불이행,건조,맑음,단일로 - 기타,승합,남,47세,상해없음,보행자,여,61세,경상
2012013000100361,2012년 1월 30일 18시,월요일,경상남도 거제시 사등면,경상사고,0,0,1,0,차대차 - 추돌 - 진행중,안전운전불이행,건조,맑음,단일로 - 기타,이륜,남,51세,상해없음,승용,남,31세,경상
2012013000100432,2012년 1월 30일 20시,월요일,경상남도 사천시 사천읍,경상사고,0,0,1,0,차대사람 - 기타,안전운전불이행,건조,맑음,단일로 - 기타,승용,남,18세,상해없음,보행자,남,36세,경상
2012013000100433,2012년 1월 30일 20시,월요일,경상남도 창원시 성산구 대방동,중상사고,0,1,0,0,차대차 - 측면직각충돌,안전운전불이행,건조,맑음,교차로 - 교차로부근,승용,남,25세,상해없음,원동기,남,55세,중상
2012013000100452,2012년 1월 30일 21시,월요일,경상남도 밀양시 내이동,경상사고,0,0,1,0,차대차 - 측면직각충돌,교차로운행방법위반,건조,맑음,교차로 - 교차로안,승용,남,52세,상해없음,승용,남,24세,경상
2012013000100477,2012년 1월 30일 22시,월요일,경상남도 창녕군 창녕읍,중상사고,0,2,0,0,차대사람 - 횡단중,안전운전불이행,건조,맑음,단일로 - 기타,승용,남,18세,상해없음,보행자,남,56세,중상
2012013100100047,2012년 1월 31일 02시,화요일,경상남도 창원시 마산합포구 진동면,사망사고,1,0,0,0,차대사람 - 길가장자리구역통행중,안전운전불이행,건조,맑음,단일로 - 기타,승합,남,49세,상해없음,보행자,남,56세,사망
2012013100100048,2012년 1월 31일 02시,화요일,경상남도 진주시 평거동,중상사고,0,1,0,0,차량단독 - 공작물충돌,안전운전불이행,건조,맑음,교차로 - 교차로안,승용,남,32세,중상,,,,
2012013100100099,2012년 1월 31일 07시,화요일,경상남도 김해시 한림면,경상사고,0,0,14,0,차대차 - 측면직각충돌,안전운전불이행,건조,맑음,단일로 - 기타,건설기계,남,59세,상해없음,승합,남,45세,경상
2012013100100122,2012년 1월 31일 08시,화요일,경상남도 창원시 의창구 동읍,경상사고,0,0,1,0,차대차 - 측면직각충돌,신호위반,건조,맑음,교차로 - 교차로안,승용,여,30세,상해없음,승용,여,26세,경상
2012013100100123,2012년 1월 31일 08시,화요일,경상남도 김해시 장유면,경상사고,0,0,2,0,차대차 - 추돌 - 진행중,안전거리미확보,건조,맑음,단일로 - 기타,화물,남,46세,상해없음,승용,남,48세,경상
2012013100100144,2012년 1월 31일 09시,화요일,경상남도 거창군 거창읍,부상신고사고,0,0,0,1,차대사람 - 길가장자리구역통행중,안전운전불이행,건조,맑음,단일로 - 기타,승용,여,43세,상해없음,보행자,남,12세,부상신고
2012013100100145,2012년 1월 31일 09시,화요일,경상남도 고성군 고성읍,경상사고,0,0,2,0,차대차 - 측면직각충돌,신호위반,건조,맑음,교차로 - 교차로안,승용,남,60세,상해없음,화물,남,28세,상해없음
2012013100100160,2012년 1월 31일 10시,화요일,경상남도 창녕군 장마면,중상사고,0,1,0,0,차대차 - 측면직각충돌,안전운전불이행,건조,맑음,교차로 - 교차로안,이륜,남,82세,중상,화물,남,51세,상해없음
2012013100100161,2012년 1월 31일 10시,화요일,경상남도 의령군 의령읍,경상사고,0,0,1,0,차대차 - 측면직각충돌,교차로운행방법위반,건조,맑음,교차로 - 교차로안,승합,남,30세,상해없음,승용,남,59세,경상
2012013100100202,2012년 1월 31일 12시,화요일,경상남도 창녕군 도천면,중상사고,0,1,0,0,차대사람 - 횡단중,안전운전불이행,건조,맑음,단일로 - 기타,승용,여,53세,상해없음,보행자,여,77세,중상
2012013100100203,2012년 1월 31일 12시,화요일,경상남도 의령군 정곡면,경상사고,0,0,1,0,차대차 - 측면직각충돌,교차로운행방법위반,건조,맑음,교차로 - 교차로안,화물,남,58세,상해없음,승용,남,34세,경상
2012013100100218,2012년 1월 31일 13시,화요일,경상남도 김해시 대성동,경상사고,0,0,2,0,차대차 - 정면충돌,중앙선침범,건조,맑음,단일로 - 기타,승용,여,53세,상해없음,승용,여,47세,경상
2012013100100219,2012년 1월 31일 13시,화요일,경상남도 함양군 안의면,중상사고,0,1,2,0,차량단독 - 기타,안전운전불이행,적설,눈,단일로 - 기타,화물,남,68세,상해없음,,,,
2012013100100249,2012년 1월 31일 14시,화요일,경상남도 거제시 고현동,경상사고,0,0,1,0,차대차 - 기타,신호위반,건조,맑음,교차로 - 교차로안,승용,여,42세,상해없음,화물,남,62세,경상
2012013100100278,2012년 1월 31일 15시,화요일,경상남도 창원시 마산합포구 추산동,경상사고,0,0,1,0,차대차 - 측면직각충돌,교차로운행방법위반,건조,맑음,단일로 - 기타,승용,남,70세,상해없음,승용,여,39세,경상
2012013100100279,2012년 1월 31일 15시,화요일,경상남도 사천시 사천읍,경상사고,0,0,1,0,차대사람 - 길가장자리구역통행중,안전운전불이행,건조,맑음,단일로 - 기타,승용,여,51세,상해없음,보행자,남,55세,경상
2012013100100280,2012년 1월 31일 15시,화요일,경상남도 밀양시 무안면,중상사고,0,1,0,0,차대사람 - 기타,안전운전불이행,건조,맑음,단일로 - 기타,화물,남,40세,상해없음,보행자,남,15세,중상
2012013100100334,2012년 1월 31일 16시,화요일,경상남도 밀양시 가곡동,중상사고,0,1,0,0,차대사람 - 기타,안전운전불이행,건조,맑음,기타 - 기타,승용,남,29세,상해없음,보행자,여,10세,중상
2012013100100335,2012년 1월 31일 16시,화요일,경상남도 거창군 주상면,중상사고,0,1,0,0,차대차 - 정면충돌,중앙선침범,적설,눈,단일로 - 기타,화물,남,37세,상해없음,화물,남,50세,중상
2012013100100351,2012년 1월 31일 17시,화요일,경상남도 김해시 부원동,중상사고,0,3,3,0,차대차 - 추돌 - 주정차중,안전거리미확보,건조,맑음,단일로 - 기타,승합,남,50세,상해없음,승합,남,56세,중상
2012013100100376,2012년 1월 31일 17시,화요일,경상남도 밀양시 내이동,경상사고,0,0,1,0,차대차 - 측면직각충돌,안전운전불이행,건조,맑음,교차로 - 교차로안,승용,남,29세,상해없음,이륜,남,53세,경상
2012013100100377,2012년 1월 31일 17시,화요일,경상남도 거창군 거창읍,경상사고,0,0,2,0,차대차 - 추돌 - 진행중,안전운전불이행,결빙,눈,단일로 - 기타,화물,남,62세,상해없음,승용,여,52세,경상
2012013100100378,2012년 1월 31일 17시,화요일,경상남도 합천군 합천읍,경상사고,0,0,1,0,차대사람 - 길가장자리구역통행중,안전운전불이행,건조,맑음,단일로 - 기타,화물,남,51세,상해없음,보행자,남,19세,상해없음
2012013100100379,2012년 1월 31일 17시,화요일,경상남도 창원시 의창구 동읍,경상사고,0,0,1,0,차대차 - 추돌 - 진행중,안전운전불이행,건조,맑음,단일로 - 기타,건설기계,남,46세,상해없음,승용,남,35세,경상
2012013100100421,2012년 1월 31일 18시,화요일,경상남도 거창군 거창읍,경상사고,0,0,1,0,차대차 - 측면직각충돌,안전운전불이행,결빙,흐림,단일로 - 기타,화물,남,66세,상해없음,승용,남,43세,상해없음
2012013100100494,2012년 1월 31일 20시,화요일,경상남도 창원시 마산회원구 구암동,경상사고,0,0,1,0,차대사람 - 차도통행중,안전운전불이행,건조,맑음,단일로 - 횡단보도부근,승용,남,34세,상해없음,보행자,남,25세,경상
2012013100100495,2012년 1월 31일 20시,화요일,경상남도 창원시 의창구 명서동,중상사고,0,1,0,0,차대차 - 기타,기타,건조,맑음,교차로 - 교차로부근,승용,남,47세,상해없음,자전거,여,42세,중상
2012013100100530,2012년 1월 31일 21시,화요일,경상남도 통영시 항남동,중상사고,0,1,2,1,차대차 - 측면직각충돌,중앙선침범,건조,맑음,단일로 - 기타,승용,여,52세,부상신고,승용,남,32세,중상
2012013100100531,2012년 1월 31일 21시,화요일,경상남도 의령군 유곡면,사망사고,1,2,0,0,차대차 - 정면충돌,중앙선침범,습기,흐림,단일로 - 기타,건설기계,남,36세,중상,승용,남,43세,사망
2012013100100571,2012년 1월 31일 22시,화요일,경상남도 양산시 북부동,부상신고사고,0,0,0,1,차대사람 - 길가장자리구역통행중,안전운전불이행,건조,맑음,단일로 - 기타,승용,여,42세,상해없음,보행자,남,17세,부상신고
2012013100100572,2012년 1월 31일 22시,화요일,경상남도 거제시 고현동,경상사고,0,0,1,0,차대차 - 기타,안전운전불이행,건조,맑음,교차로 - 교차로부근,승용,남,35세,상해없음,이륜,남,18세,경상
2012013100100596,2012년 1월 31일 23시,화요일,경상남도 양산시 평산동,중상사고,0,1,0,0,차대차 - 기타,교차로운행방법위반,건조,맑음,교차로 - 교차로안,승용,남,56세,기타불명,승용,남,49세,중상
2012020100100019,2012년 2월 1일 00시,수요일,경상남도 양산시 동면,중상사고,0,1,0,1,차대차 - 추돌 - 주정차중,안전운전불이행,건조,맑음,단일로 - 기타,화물,남,37세,기타불명,승용,남,24세,부상신고
2012020100100040,2012년 2월 1일 01시,수요일,경상남도 창원시 마산합포구 월남동1가,경상사고,0,0,1,0,차량단독 - 공작물충돌,안전운전불이행,건조,맑음,교차로 - 교차로부근,승용,남,26세,상해없음,,,,
2012020100100059,2012년 2월 1일 03시,수요일,경상남도 창원시 마산회원구 양덕동,중상사고,0,1,2,0,차대차 - 측면직각충돌,신호위반,건조,맑음,교차로 - 교차로안,승용,남,51세,상해없음,승용,남,53세,중상
2012020100100089,2012년 2월 1일 07시,수요일,경상남도 의령군 지정면,중상사고,0,3,0,0,차량단독 - 공작물충돌,안전운전불이행,결빙,흐림,단일로 - 기타,승용,남,55세,중상,,,,
2012020100100090,2012년 2월 1일 07시,수요일,경상남도 김해시 진영읍,경상사고,0,0,2,0,차대차 - 추돌 - 주정차중,안전운전불이행,건조,맑음,교차로 - 교차로부근,화물,남,34세,상해없음,승용,남,45세,경상
2012020100100114,2012년 2월 1일 08시,수요일,경상남도 함안군 칠원면,경상사고,0,0,1,0,차대차 - 측면직각충돌,신호위반,건조,맑음,교차로 - 교차로안,화물,남,61세,상해없음,승용,남,69세,경상
2012020100100188,2012년 2월 1일 10시,수요일,경상남도 밀양시 삼문동,부상신고사고,0,0,0,1,차대사람 - 횡단중,보행자보호의무위반,건조,맑음,단일로 - 기타,화물,남,31세,상해없음,보행자,남,70세,부상신고
2012020100100189,2012년 2월 1일 10시,수요일,경상남도 김해시 구산동,중상사고,0,1,0,0,차대차 - 측면직각충돌,안전운전불이행,건조,맑음,교차로 - 교차로안,이륜,남,62세,중상,화물,남,34세,상해없음
2012020100100190,2012년 2월 1일 10시,수요일,경상남도 창녕군 이방면,중상사고,0,1,1,0,차대차 - 정면충돌,교차로운행방법위반,건조,맑음,교차로 - 교차로안,건설기계,남,44세,상해없음,화물,남,42세,경상
2012020100100218,2012년 2월 1일 11시,수요일,경상남도 창원시 진해구 여좌동,경상사고,0,0,2,0,차대차 - 측면직각충돌,교차로운행방법위반,건조,맑음,교차로 - 교차로안,승용,남,45세,상해없음,승용,남,45세,경상
2012020100100219,2012년 2월 1일 11시,수요일,경상남도 거제시 고현동,경상사고,0,0,1,0,차대차 - 추돌 - 진행중,직진우회전진행방해,건조,맑음,교차로 - 교차로안,승용,남,23세,상해없음,이륜,남,53세,경상
2012020100100220,2012년 2월 1일 11시,수요일,경상남도 거제시 상동동,중상사고,0,1,1,0,차대차 - 추돌 - 진행중,교차로운행방법위반,건조,맑음,교차로 - 교차로안,승용,남,29세,중상,승용,남,43세,상해없음
2012020100100248,2012년 2월 1일 12시,수요일,경상남도 진주시 문산읍,중상사고,0,1,0,0,차대차 - 정면충돌,교차로운행방법위반,건조,맑음,교차로 - 교차로부근,승용,남,57세,상해없음,승용,여,39세,중상
2012020100100249,2012년 2월 1일 12시,수요일,경상남도 고성군 고성읍,경상사고,0,0,1,0,차대차 - 측면직각충돌,직진우회전진행방해,건조,맑음,교차로 - 교차로안,화물,남,59세,상해없음,승용,남,48세,경상
2012020100100271,2012년 2월 1일 13시,수요일,경상남도 창원시 진해구 여좌동,중상사고,0,1,0,0,차대차 - 기타,안전운전불이행,건조,맑음,단일로 - 기타,기타불명,기타불명,기타불명,기타불명,자전거,남,15세,중상
2012020100100294,2012년 2월 1일 14시,수요일,경상남도 김해시 대동면,경상사고,0,0,1,0,차대차 - 측면직각충돌,기타,건조,맑음,교차로 - 교차로안,승합,남,58세,상해없음,특수,남,65세,상해없음
2012020100100295,2012년 2월 1일 14시,수요일,경상남도 양산시 중부동,경상사고,0,0,1,0,차대차 - 측면직각충돌,교차로운행방법위반,건조,맑음,교차로 - 교차로안,승용,여,32세,상해없음,승용,여,40세,경상
2012020100100320,2012년 2월 1일 15시,수요일,경상남도 양산시 물금읍,중상사고,0,1,0,0,차대차 - 측면직각충돌,안전거리미확보,건조,맑음,단일로 - 기타,승용,여,42세,상해없음,승용,남,41세,중상
2012020100100349,2012년 2월 1일 16시,수요일,경상남도 사천시 정동면,경상사고,0,0,1,0,차량단독 - 공작물충돌,안전운전불이행,건조,맑음,단일로 - 기타,승용,남,26세,경상,,,,
2012020100100350,2012년 2월 1일 16시,수요일,경상남도 함양군 안의면,중상사고,0,1,0,0,차대차 - 측면직각충돌,교차로운행방법위반,건조,맑음,교차로 - 교차로안,승용,남,40세,상해없음,원동기,남,29세,중상
2012020100100351,2012년 2월 1일 16시,수요일,경상남도 고성군 동해면,중상사고,0,1,0,0,차대차 - 측면직각충돌,중앙선침범,건조,맑음,단일로 - 기타,특수,남,55세,상해없음,이륜,남,66세,중상
2012020100100352,2012년 2월 1일 16시,수요일,경상남도 거제시 고현동,경상사고,0,0,1,0,차대차 - 측면직각충돌,교차로운행방법위반,건조,맑음,단일로 - 횡단보도부근,승용,남,65세,상해없음,원동기,남,48세,경상
2012020100100378,2012년 2월 1일 17시,수요일,경상남도 사천시 정동면,경상사고,0,0,2,0,차대차 - 기타,신호위반,건조,맑음,교차로 - 교차로안,승용,여,34세,상해없음,승용,남,47세,경상