사고번호,사고일시,요일,시군구,사고내용,사망자수,중상자수,경상자수,부상신고자수,사고유형,법규위반,노면상태,기상상태,도로형태,가해운전자 차종,가해운전자 성별,가해운전자 연령,가해운전자 상해정도,피해운전자 차종,피해운전자 성별,피해운전자 연령,피해운전자 상해정도
2012020100100405,2012년 2월 1일 18시,수요일,경상남도 창원시 마산합포구 남성동,경상사고,0,0,1,0,차대차 - 정면충돌,안전운전불이행,건조,맑음,단일로 - 기타,화물,남,28세,상해없음,이륜,남,48세,경상
2012020100100406,2012년 2월 1일 18시,수요일,경상남도 창원시 마산합포구 중성동,경상사고,0,0,1,0,차대차 - 측면직각충돌,교차로운행방법위반,건조,맑음,교차로 - 교차로안,승용,여,65세,상해없음,이륜,남,25세,경상
2012020100100407,2012년 2월 1일 18시,수요일,경상남도 창녕군 대합면,중상사고,0,1,0,0,차대사람 - 기타,중앙선침범,건조,맑음,단일로 - 기타,화물,남,53세,상해없음,보행자,남,9세,중상
2012020100100408,2012년 2월 1일 18시,수요일,경상남도 거제시 장평동,경상사고,0,0,1,0,차대차 - 추돌 - 진행중,안전운전불이행,건조,맑음,단일로 - 기타,자전거,남,51세,상해없음,자전거,남,29세,경상
2012020100100409,2012년 2월 1일 18시,수요일,경상남도 김해시 장유면,중상사고,0,1,0,0,차대사람 - 보도통행중,신호위반,건조,맑음,단일로 - 횡단보도상,승용,여,38세,상해없음,보행자,남,11세,중상
2012020100100440,2012년 2월 1일 19시,수요일,경상남도 하동군 금남면,중상사고,0,1,0,0,차대사람 - 기타,안전운전불이행,건조,기타,단일로 - 기타,승용,남,53세,상해없음,보행자,남,51세,중상
2012020100100441,2012년 2월 1일 19시,수요일,경상남도 함안군 군북면,중상사고,0,1,0,0,차대사람 - 횡단중,안전운전불이행,건조,맑음,교차로 - 교차로부근,승용,남,36세,상해없음,보행자,남,56세,중상
2012020100100442,2012년 2월 1일 19시,수요일,경상남도 김해시 전하동,중상사고,0,1,1,0,차대차 - 추돌 - 진행중,안전운전불이행,건조,맑음,교차로 - 교차로부근,승용,여,46세,상해없음,승용,남,51세,경상
2012020100100484,2012년 2월 1일 21시,수요일,경상남도 통영시 광도면,경상사고,0,0,1,0,차대차 - 측면직각충돌,안전운전불이행,건조,맑음,교차로 - 교차로안,승용,남,47세,상해없음,승용,남,20세,경상
2012020100100485,2012년 2월 1일 21시,수요일,경상남도 밀양시 내이동,경상사고,0,0,1,0,차대사람 - 길가장자리구역통행중,교차로운행방법위반,건조,맑음,교차로 - 교차로안,화물,남,30세,상해없음,보행자,남,39세,경상
2012020100100486,2012년 2월 1일 21시,수요일,경상남도 김해시 대성동,중상사고,0,1,0,0,차대사람 - 횡단중,안전운전불이행,건조,맑음,단일로 - 기타,승용,남,34세,상해없음,보행자,남,62세,중상
2012020100100487,2012년 2월 1일 21시,수요일,경상남도 양산시 물금읍,경상사고,0,0,1,0,차대차 - 기타,안전운전불이행,건조,맑음,단일로 - 기타,승용,남,38세,상해없음,원동기,남,19세,경상
2012020100100488,2012년 2월 1일 21시,수요일,경상남도 창원시 성산구 천선동,중상사고,0,1,0,0,차대차 - 기타,안전거리미확보,건조,맑음,단일로 - 기타,승용,여,41세,상해없음,승용,여,38세,중상
2012020100100515,2012년 2월 1일 22시,수요일,경상남도 창원시 마산합포구 오동동,경상사고,0,0,1,0,차대차 - 기타,교차로운행방법위반,건조,맑음,교차로 - 교차로안,승용,여,31세,상해없음,승용,남,50세,상해없음
2012020100100541,2012년 2월 1일 23시,수요일,경상남도 창원시 진해구 용원동,경상사고,0,0,1,0,차대차 - 기타,신호위반,건조,맑음,교차로 - 교차로안,승용,남,29세,상해없음,승용,남,50세,경상
2012020100100542,2012년 2월 1일 23시,수요일,경상남도 거제시 장승포동,경상사고,0,0,1,0,차대사람 - 횡단중,안전운전불이행,건조,맑음,단일로 - 기타,승용,남,41세,상해없음,보행자,여,59세,경상
2012020100100543,2012년 2월 1일 23시,수요일,경상남도 함안군 함안면,경상사고,0,0,1,0,차대차 - 추돌 - 진행중,안전운전불이행,건조,맑음,단일로 - 기타,승용,남,26세,경상,승용,남,34세,상해없음
2012020100100544,2012년 2월 1일 23시,수요일,경상남도 창원시 마산회원구 양덕동,중상사고,0,2,1,0,차대차 - 측면직각충돌,신호위반,건조,맑음,교차로 - 교차로안,승용,남,62세,상해없음,승용,여,28세,경상
2012020200100035,2012년 2월 2일 01시,목요일,경상남도 양산시 평산동,중상사고,0,1,0,0,차대차 - 측면직각충돌,안전거리미확보,건조,맑음,교차로 - 교차로부근,화물,남,23세,상해없음,승용,남,24세,중상
2012020200100075,2012년 2월 2일 05시,목요일,경상남도 창원시 마산회원구 내서읍,경상사고,0,0,1,0,차대차 - 추돌 - 주정차중,안전운전불이행,건조,맑음,단일로 - 기타,승용,남,64세,상해없음,승용,남,54세,경상
2012020200100089,2012년 2월 2일 06시,목요일,경상남도 김해시 외동,중상사고,0,1,0,0,차대차 - 측면직각충돌,교차로운행방법위반,건조,맑음,교차로 - 교차로안,승용,남,52세,상해없음,원동기,남,70세,중상
2012020200100090,2012년 2월 2일 06시,목요일,경상남도 창원시 의창구 봉곡동,중상사고,0,1,0,0,차대차 - 측면직각충돌,안전운전불이행,건조,맑음,단일로 - 기타,승용,남,64세,상해없음,자전거,여,51세,중상
2012020200100091,2012년 2월 2일 06시,목요일,경상남도 창녕군 대합면,중상사고,0,1,0,0,차대차 - 측면직각충돌,안전거리미확보,건조,맑음,단일로 - 기타,화물,남,50세,상해없음,화물,남,43세,중상
2012020200100107,2012년 2월 2일 07시,목요일,경상남도 창원시 진해구 여좌동,경상사고,0,0,1,0,차대차 - 측면직각충돌,직진우회전진행방해,건조,맑음,교차로 - 교차로안,화물,남,41세,상해없음,승용,남,32세,경상
2012020200100108,2012년 2월 2일 07시,목요일,경상남도 밀양시 삼랑진읍,중상사고,0,1,0,0,차대차 - 측면직각충돌,교차로운행방법위반,건조,맑음,교차로 - 교차로안,승용,남,45세,상해없음,화물,남,40세,상해없음
2012020200100109,2012년 2월 2일 07시,목요일,경상남도 김해시 전하동,중상사고,0,1,0,0,차대차 - 측면직각충돌,안전운전불이행,건조,맑음,단일로 - 기타,승용,여,23세,상해없음,자전거,남,54세,중상
2012020200100196,2012년 2월 2일 10시,목요일,경상남도 밀양시 상남면,중상사고,0,1,2,0,차대사람 - 횡단중,보행자보호의무위반,건조,맑음,단일로 - 횡단보도상,승용,여,45세,상해없음,보행자,남,14세,중상
2012020200100239,2012년 2월 2일 12시,목요일,경상남도 김해시 진례면,중상사고,0,1,1,0,차대차 - 추돌 - 진행중,안전거리미확보,건조,맑음,단일로 - 기타,화물,남,28세,상해없음,승합,남,49세,중상
2012020200100255,2012년 2월 2일 12시,목요일,경상남도 밀양시 하남읍,중상사고,0,1,0,0,차대차 - 측면직각충돌,교차로운행방법위반,건조,맑음,교차로 - 교차로안,화물,남,49세,상해없음,농기계,남,60세,중상
2012020200100256,2012년 2월 2일 12시,목요일,경상남도 창녕군 고암면,중상사고,0,2,0,0,차대차 - 측면직각충돌,교차로운행방법위반,건조,맑음,교차로 - 교차로안,승용,남,38세,상해없음,승용,남,54세,중상
2012020200100257,2012년 2월 2일 12시,목요일,경상남도 창원시 성산구 사파동,경상사고,0,0,1,0,차대사람 - 차도통행중,안전운전불이행,건조,맑음,단일로 - 기타,승용,남,44세,상해없음,보행자,여,22세,경상
2012020200100325,2012년 2월 2일 14시,목요일,경상남도 김해시 대동면,경상사고,0,0,1,0,차대차 - 측면직각충돌,교차로운행방법위반,건조,맑음,교차로 - 교차로안,승용,여,27세,상해없음,승용,여,43세,경상
2012020200100326,2012년 2월 2일 14시,목요일,경상남도 창원시 마산회원구 구암동,경상사고,0,0,1,0,차대차 - 기타,중앙선침범,건조,맑음,단일로 - 기타,자전거,남,14세,경상,승용,남,56세,상해없음
2012020200100357,2012년 2월 2일 15시,목요일,경상남도 김해시 삼정동,중상사고,0,1,0,0,차대차 - 측면직각충돌,교차로운행방법위반,건조,맑음,교차로 - 교차로안,승용,남,24세,상해없음,원동기,여,42세,중상
2012020200100358,2012년 2월 2일 15시,목요일,경상남도 김해시 외동,중상사고,0,1,0,0,차대차 - 측면직각충돌,안전운전불이행,건조,맑음,교차로 - 교차로안,승용,남,27세,상해없음,원동기,남,19세,중상
2012020200100383,2012년 2월 2일 16시,목요일,경상남도 사천시 사천읍,중상사고,0,1,1,0,차대차 - 측면직각충돌,직진우회전진행방해,건조,맑음,교차로 - 교차로안,승용,남,36세,상해없음,승합,여,39세,중상
2012020200100384,2012년 2월 2일 16시,목요일,경상남도 고성군 마암면,중상사고,0,1,0,0,차대차 - 추돌 - 진행중,안전운전불이행,건조,맑음,단일로 - 기타,승용,남,42세,상해없음,화물,남,38세,중상
2012020200100417,2012년 2월 2일 17시,목요일,경상남도 창원시 마산회원구 봉암동,중상사고,0,1,1,0,차대차 - 추돌 - 주정차중,안전운전불이행,건조,맑음,교차로 - 교차로부근,건설기계,남,42세,상해없음,승용,남,46세,경상
2012020200100441,2012년 2월 2일 18시,목요일,경상남도 김해시 진례면,중상사고,0,1,0,0,차대차 - 측면직각충돌,안전운전불이행,건조,맑음,교차로 - 교차로안,승용,남,54세,상해없음,승용,여,54세,중상
2012020200100442,2012년 2월 2일 18시,목요일,경상남도 김해시 진영읍,경상사고,0,0,1,0,차대차 - 측면직각충돌,신호위반,건조,맑음,교차로 - 교차로안,승용,여,29세,상해없음,승용,남,20세,경상
2012020200100475,2012년 2월 2일 19시,목요일,경상남도 창원시 진해구 청안동,중상사고,0,1,0,0,차대차 - 측면직각충돌,직진우회전진행방해,건조,맑음,교차로 - 교차로안,이륜,남,49세,중상,승용,여,37세,상해없음
2012020200100476,2012년 2월 2일 19시,목요일,경상남도 밀양시 삼랑진읍,사망사고,1,0,0,0,차대사람 - 횡단중,과속,건조,맑음,단일로 - 기타,승용,남,26세,상해없음,보행자,여,74세,사망
2012020200100477,2012년 2월 2일 19시,목요일,경상남도 거창군 거창읍,중상사고,0,1,0,0,차대차 - 추돌 - 진행중,안전운전불이행,건조,맑음,교차로 - 교차로안,승합,여,54세,상해없음,화물,남,38세,중상
2012020200100478,2012년 2월 2일 19시,목요일,경상남도 거제시 옥포동,중상사고,0,1,0,0,차대사람 - 횡단중,안전운전불이행,건조,맑음,교차로 - 교차로안,승용,남,25세,상해없음,보행자,여,36세,중상
2012020200100479,2012년 2월 2일 19시,목요일,경상남도 창원시 마산회원구 양덕동,경상사고,0,0,1,0,차대차 - 측면직각충돌,안전운전불이행,건조,맑음,교차로 - 교차로안,승용,남,30세,상해없음,자전거,남,54세,경상
2012020200100500,2012년 2월 2일 20시,목요일,경상남도 창원시 의창구 명서동,중상사고,0,1,0,0,차대사람 - 횡단중,안전운전불이행,건조,맑음,교차로 - 교차로안,화물,남,45세,상해없음,보행자,여,65세,중상
2012020200100523,2012년 2월 2일 21시,목요일,경상남도 창원시 진해구 석동,경상사고,0,0,1,0,차대차 - 추돌 - 주정차중,안전운전불이행,건조,맑음,교차로 - 교차로부근,승용,여,51세,상해없음,화물,남,59세,경상
2012020200100524,2012년 2월 2일 21시,목요일,경상남도 김해시 서상동,중상사고,0,1,0,0,차대차 - 측면직각충돌,안전운전불이행,건조,맑음,단일로 - 기타,원동기,여,38세,중상,승용,여,39세,상해없음
2012020200100595,2012년 2월 2일 23시,목요일,경상남도 밀양시 삼문동,중상사고,0,1,0,0,차대차 - 측면직각충돌,교차로운행방법위반,건조,맑음,교차로 - 교차로안,승용,남,26세,상해없음,승용,남,31세,중상
2012020200100596,2012년 2월 2일 23시,목요일,경상남도 양산시 동면,중상사고,0,1,0,0,차대차 - 추돌 - 주정차중,안전거리미확보,건조,맑음,단일로 - 기타,승합,남,45세,상해없음,승용,남,24세,중상
2012020300100088,2012년 2월 3일 06시,금요일,경상남도 김해시 봉황동,경상사고,0,0,1,0,차대차 - 추돌 - 주정차중,안전운전불이행,건조,맑음,단일로 - 기타,승용,남,29세,경상,화물,남,44세,상해없음
2012020300100089,2012년 2월 3일 06시,금요일,경상남도 창원시 의창구 팔용동,중상사고,0,1,2,0,차대차 - 추돌 - 진행중,안전운전불이행,건조,맑음,교차로 - 교차로부근,승용,남,52세,상해없음,승용,남,38세,경상
2012020300100105,2012년 2월 3일 07시,금요일,경상남도 거제시 장평동,중상사고,0,1,0,0,차대차 - 추돌 - 진행중,신호위반,건조,맑음,교차로 - 교차로안,이륜,남,61세,상해없음,이륜,남,47세,중상
2012020300100106,2012년 2월 3일 07시,금요일,경상남도 거제시 장승포동,경상사고,0,0,4,0,차대차 - 추돌 - 진행중,안전운전불이행,건조,맑음,교차로 - 교차로안,승용,남,42세,상해없음,승용,남,30세,경상
2012020300100107,2012년 2월 3일 07시,금요일,경상남도 산청군 단성면,중상사고,0,1,0,0,차대차 - 정면충돌,중앙선침범,건조,맑음,단일로 - 기타,화물,남,59세,상해없음,승용,여,48세,중상
2012020300100108,2012년 2월 3일 07시,금요일,경상남도 창원시 마산회원구 양덕동,중상사고,0,2,0,0,차대차 - 추돌 - 진행중,안전운전불이행,건조,맑음,단일로 - 기타,화물,남,28세,상해없음,승용,남,38세,중상
2012020300100156,2012년 2월 3일 08시,금요일,경상남도 함안군 칠원면,중상사고,0,4,0,0,차대차 - 추돌 - 주정차중,안전운전불이행,건조,맑음,단일로 - 기타,승용,여,58세,상해없음,승용,남,57세,중상
2012020300100179,2012년 2월 3일 09시,금요일,경상남도 진주시 장대동,중상사고,0,1,0,0,차대사람 - 횡단중,신호위반,건조,맑음,교차로 - 교차로부근,승합,남,39세,상해없음,보행자,여,59세,중상
2012020300100180,2012년 2월 3일 09시,금요일,경상남도 창원시 진해구 마천동,경상사고,0,0,1,0,차대차 - 측면직각충돌,안전운전불이행,건조,맑음,단일로 - 기타,승용,여,48세,상해없음,원동기,남,68세,경상
2012020300100181,2012년 2월 3일 09시,금요일,경상남도 김해시 외동,경상사고,0,0,2,0,차대사람 - 기타,안전운전불이행,건조,맑음,단일로 - 기타,승용,남,68세,경상,보행자,남,65세,경상
2012020300100204,2012년 2월 3일 10시,금요일,경상남도 의령군 화정면,중상사고,0,1,0,0,차대사람 - 횡단중,안전운전불이행,건조,맑음,교차로 - 교차로안,이륜,남,79세,상해없음,보행자,남,75세,중상
2012020300100232,2012년 2월 3일 11시,금요일,경상남도 창원시 마산합포구 오동동,중상사고,0,1,0,0,차대차 - 기타,안전운전불이행,건조,맑음,교차로 - 교차로부근,이륜,여,51세,중상,화물,남,54세,상해없음
2012020300100262,2012년 2월 3일 12시,금요일,경상남도 창원시 마산합포구 부림동,중상사고,0,2,0,0,차대차 - 추돌 - 진행중,안전거리미확보,건조,맑음,교차로 - 교차로안,승용,남,60세,상해없음,승용,여,32세,중상
2012020300100263,2012년 2월 3일 12시,금요일,경상남도 창원시 의창구 명서동,중상사고,0,1,0,0,차대사람 - 차도통행중,안전운전불이행,건조,맑음,교차로 - 교차로부근,승용,남,44세,상해없음,보행자,여,82세,중상
2012020300100292,2012년 2월 3일 13시,금요일,경상남도 함안군 칠서면,경상사고,0,0,2,0,차대차 - 기타,안전운전불이행,건조,맑음,교차로 - 교차로부근,이륜,남,17세,경상,승용,남,49세,경상
2012020300100315,2012년 2월 3일 14시,금요일,경상남도 밀양시 산외면,중상사고,0,1,0,0,차대사람 - 길가장자리구역통행중,안전운전불이행,건조,맑음,교차로 - 교차로부근,승용,남,50세,상해없음,보행자,여,42세,중상
2012020300100316,2012년 2월 3일 14시,금요일,경상남도 김해시 서상동,중상사고,0,1,0,0,차대사람 - 기타,안전운전불이행,건조,맑음,기타 - 기타,승용,여,29세,상해없음,보행자,여,76세,중상
2012020300100317,2012년 2월 3일 14시,금요일,경상남도 양산시 교동,경상사고,0,0,1,0,차대사람 - 기타,안전운전불이행,건조,맑음,단일로 - 기타,승합,남,44세,상해없음,보행자,남,4세,경상
2012020300100318,2012년 2월 3일 14시,금요일,경상남도 김해시 진영읍,경상사고,0,0,1,0,차대차 - 측면직각충돌,안전운전불이행,건조,맑음,단일로 - 기타,건설기계,남,42세,상해없음,승용,남,65세,경상
2012020300100358,2012년 2월 3일 15시,금요일,경상남도 창원시 마산합포구 월영동,경상사고,0,0,1,0,차대차 - 측면직각충돌,안전운전불이행,건조,맑음,교차로 - 교차로부근,승용,여,35세,상해없음,승용,남,43세,경상
2012020300100359,2012년 2월 3일 15시,금요일,경상남도 김해시 안동,경상사고,0,0,2,0,차대사람 - 횡단중,신호위반,건조,맑음,단일로 - 횡단보도상,승용,여,54세,상해없음,보행자,여,20세,경상
2012020300100360,2012년 2월 3일 15시,금요일,경상남도 고성군 영오면,중상사고,0,1,0,0,차대차 - 측면직각충돌,교차로운행방법위반,건조,맑음,교차로 - 교차로안,화물,남,61세,상해없음,원동기,남,73세,중상
2012020300100361,2012년 2월 3일 15시,금요일,경상남도 창원시 마산회원구 회성동,경상사고,0,0,3,0,차대차 - 추돌 - 주정차중,안전운전불이행,건조,맑음,교차로 - 교차로부근,화물,남,57세,상해없음,승용,남,34세,경상
2012020300100399,2012년 2월 3일 16시,금요일,경상남도 김해시 상동면,중상사고,0,1,0,0,차대차 - 측면직각충돌,교차로운행방법위반,건조,맑음,교차로 - 교차로안,건설기계,남,34세,상해없음,화물,남,47세,중상
2012020300100400,2012년 2월 3일 16시,금요일,경상남도 창원시 의창구 팔용동,경상사고,0,0,1,0,차대차 - 기타,차로위반,건조,맑음,교차로 - 교차로안,승용,여,56세,상해없음,승용,남,42세,상해없음
2012020300100430,2012년 2월 3일 17시,금요일,경상남도 양산시 동면,경상사고,0,0,2,0,차대차 - 측면직각충돌,안전운전불이행,건조,맑음,단일로 - 기타,화물,남,55세,상해없음,승용,남,50세,경상
2012020300100431,2012년 2월 3일 17시,금요일,경상남도 산청군 단성면,중상사고,0,1,0,0,차대차 - 기타,안전거리미확보,건조,맑음,단일로 - 기타,화물,남,60세,상해없음,승용,여,58세,중상
2012020300100471,2012년 2월 3일 18시,금요일,경상남도 통영시 광도면,경상사고,0,0,1,0,차대사람 - 횡단중,안전운전불이행,건조,맑음,기타 - 기타,승합,남,51세,상해없음,보행자,여,52세,경상
2012020300100472,2012년 2월 3일 18시,금요일,경상남도 통영시 북신동,경상사고,0,0,1,0,차대차 - 측면직각충돌,안전운전불이행,건조,맑음,단일로 - 기타,원동기,남,16세,경상,승용,여,32세,상해없음
2012020300100514,2012년 2월 3일 19시,금요일,경상남도 양산시 산막동,중상사고,0,1,0,0,차대사람 - 기타,안전운전불이행,건조,맑음,단일로 - 기타,승용,남,38세,상해없음,보행자,남,38세,중상
2012020300100590,2012년 2월 3일 21시,금요일,경상남도 진주시 봉곡동,경상사고,0,0,1,0,차대차 - 측면직각충돌,안전운전불이행,건조,맑음,교차로 - 교차로안,승용,남,26세,상해없음,승용,여,31세,경상
2012020300100591,2012년 2월 3일 21시,금요일,경상남도 김해시 대성동,중상사고,0,1,2,0,차대차 - 측면직각충돌,신호위반,건조,맑음,교차로 - 교차로안,원동기,남,15세,상해없음,승용,남,29세,경상
2012020300100592,2012년 2월 3일 21시,금요일,경상남도 거제시 옥포동,중상사고,0,1,0,0,차대사람 - 횡단중,신호위반,건조,맑음,교차로 - 교차로안,이륜,남,18세,상해없음,보행자,남,60세,중상
2012020300100593,2012년 2월 3일 21시,금요일,경상남도 창원시 의창구 팔용동,중상사고,0,1,0,0,차대차 - 측면직각충돌,직진우회전진행방해,건조,맑음,교차로 - 교차로안,승용,남,37세,상해없음,승용,남,54세,상해없음
2012020300100594,2012년 2월 3일 21시,금요일,경상남도 창원시 의창구 봉곡동,경상사고,0,0,1,0,차대차 - 측면직각충돌,안전운전불이행,건조,맑음,단일로 - 기타,화물,남,55세,기타불명,승용,남,28세,상해없음
2012020300100610,2012년 2월 3일 22시,금요일,경상남도 김해시 장유면,중상사고,0,1,0,0,차대차 - 측면직각충돌,안전거리미확보,건조,맑음,단일로 - 기타,승용,남,39세,상해없음,승용,남,39세,중상
2012020300100627,2012년 2월 3일 22시,금요일,경상남도 창원시 진해구 태평동,경상사고,0,0,1,0,차대차 - 측면직각충돌,안전거리미확보,건조,맑음,교차로 - 교차로부근,승용,여,47세,상해없음,원동기,남,38세,경상
2012020300100628,2012년 2월 3일 22시,금요일,경상남도 사천시 정동면,중상사고,0,1,0,0,차대사람 - 기타,안전운전불이행,건조,맑음,단일로 - 기타,원동기,남,42세,상해없음,보행자,여,43세,중상
2012020300100660,2012년 2월 3일 23시,금요일,경상남도 김해시 봉황동,중상사고,0,1,0,0,차대사람 - 기타,안전운전불이행,건조,맑음,단일로 - 기타,승용,남,47세,상해없음,보행자,남,44세,중상
2012020300100661,2012년 2월 3일 23시,금요일,경상남도 양산시 신기동,중상사고,0,1,2,1,차대차 - 측면직각충돌,신호위반,건조,맑음,교차로 - 교차로안,원동기,남,23세,중상,승용,남,30세,경상
2012020300100662,2012년 2월 3일 23시,금요일,경상남도 창원시 마산회원구 합성동,경상사고,0,0,1,0,차량단독 - 기타,안전운전불이행,건조,맑음,단일로 - 기타,승용,남,59세,상해없음,,,,
2012020400100053,2012년 2월 4일 01시,토요일,경상남도 양산시 덕계동,중상사고,0,1,0,0,차대차 - 측면직각충돌,직진우회전진행방해,건조,맑음,교차로 - 교차로안,승용,남,71세,상해없음,승용,남,50세,중상
2012020400100125,2012년 2월 4일 05시,토요일,경상남도 김해시 화목동,중상사고,0,1,0,0,차대차 - 기타,안전거리미확보,건조,맑음,단일로 - 기타,승용,남,47세,상해없음,승용,남,38세,중상
2012020400100143,2012년 2월 4일 06시,토요일,경상남도 창원시 마산합포구 동성동,경상사고,0,0,1,0,차대차 - 측면직각충돌,안전운전불이행,건조,맑음,교차로 - 교차로부근,승용,남,72세,상해없음,승합,남,44세,경상
2012020400100144,2012년 2월 4일 06시,토요일,경상남도 창원시 마산합포구 산호동,중상사고,0,1,0,0,차대차 - 측면직각충돌,안전운전불이행,건조,맑음,단일로 - 기타,이륜,남,56세,중상,건설기계,남,34세,상해없음
2012020400100178,2012년 2월 4일 08시,토요일,경상남도 창원시 진해구 안골동,중상사고,0,1,0,0,차대차 - 기타,직진우회전진행방해,건조,맑음,교차로 - 교차로안,특수,남,57세,상해없음,화물,남,33세,중상
2012020400100179,2012년 2월 4일 08시,토요일,경상남도 거창군 거창읍,중상사고,0,1,0,0,차대사람 - 길가장자리구역통행중,안전운전불이행,건조,맑음,단일로 - 기타,화물,남,39세,상해없음,보행자,여,88세,중상
2012020400100224,2012년 2월 4일 10시,토요일,경상남도 산청군 신등면,경상사고,0,0,1,0,차대차 - 측면직각충돌,교차로운행방법위반,건조,맑음,교차로 - 교차로안,승용,남,76세,상해없음,원동기,남,65세,경상
2012020400100274,2012년 2월 4일 12시,토요일,경상남도 사천시 축동면,경상사고,0,0,1,0,차량단독 - 전도전복,안전운전불이행,결빙,맑음,단일로 - 기타,이륜,남,71세,경상,,,,
2012020400100275,2012년 2월 4일 12시,토요일,경상남도 창원시 의창구 소답동,중상사고,0,1,0,0,차대차 - 기타,안전운전불이행,건조,맑음,단일로 - 기타,화물,남,44세,상해없음,자전거,남,14세,중상
2012020400100304,2012년 2월 4일 13시,토요일,경상남도 진주시 동성동,중상사고,0,1,0,0,차대차 - 추돌 - 진행중,안전운전불이행,건조,맑음,단일로 - 기타,승용,남,45세,상해없음,승용,여,28세,중상
2012020400100305,2012년 2월 4일 13시,토요일,경상남도 통영시 무전동,경상사고,0,0,1,0,차대차 - 추돌 - 진행중,안전거리미확보,건조,맑음,단일로 - 기타,승용,남,22세,상해없음,화물,남,50세,경상
2012020400100306,2012년 2월 4일 13시,토요일,경상남도 사천시 사천읍,중상사고,0,1,0,0,차대사람 - 길가장자리구역통행중,안전운전불이행,건조,맑음,교차로 - 교차로부근,화물,남,62세,상해없음,보행자,여,12세,중상
2012020400100307,2012년 2월 4일 13시,토요일,경상남도 산청군 신안면,중상사고,0,1,0,0,차대차 - 측면직각충돌,교차로운행방법위반,건조,맑음,교차로 - 교차로안,화물,남,52세,중상,건설기계,남,40세,상해없음
2012020400100358,2012년 2월 4일 15시,토요일,경상남도 창원시 진해구 용원동,경상사고,0,0,1,0,차대차 - 기타,중앙선침범,건조,맑음,단일로 - 기타,승용,남,28세,상해없음,승용,여,24세,상해없음
2012020400100359,2012년 2월 4일 15시,토요일,경상남도 통영시 서호동,경상사고,0,0,2,0,차대차 - 기타,교차로운행방법위반,건조,맑음,교차로 - 교차로안,승용,여,58세,상해없음,원동기,남,53세,경상
2012020400100360,2012년 2월 4일 15시,토요일,경상남도 양산시 남부동,중상사고,0,1,0,0,차대차 - 측면직각충돌,교차로운행방법위반,건조,맑음,교차로 - 교차로안,승용,남,27세,상해없음,이륜,남,35세,중상
2012020400100361,2012년 2월 4일 15시,토요일,경상남도 창원시 의창구 봉곡동,경상사고,0,0,1,0,차대차 - 기타,교차로운행방법위반,건조,맑음,교차로 - 교차로안,화물,남,63세,상해없음,자전거,남,11세,경상
2012020400100420,2012년 2월 4일 17시,토요일,경상남도 김해시 대성동,중상사고,0,1,0,0,차대차 - 측면직각충돌,교차로운행방법위반,건조,맑음,교차로 - 교차로안,승용,남,63세,기타불명,원동기,남,25세,중상
2012020400100421,2012년 2월 4일 17시,토요일,경상남도 거제시 옥포동,경상사고,0,0,1,0,차대사람 - 기타,안전운전불이행,건조,맑음,단일로 - 기타,자전거,남,47세,상해없음,보행자,남,5세,경상
2012020400100422,2012년 2월 4일 17시,토요일,경상남도 거제시 장평동,경상사고,0,0,1,0,차대차 - 기타,안전운전불이행,건조,맑음,단일로 - 기타,자전거,남,26세,상해없음,자전거,남,41세,경상
2012020400100423,2012년 2월 4일 17시,토요일,경상남도 창원시 의창구 대산면,중상사고,0,1,0,0,차대차 - 측면직각충돌,교차로운행방법위반,건조,맑음,교차로 - 교차로안,승용,남,47세,상해없음,승용,남,38세,중상
2012020400100462,2012년 2월 4일 18시,토요일,경상남도 사천시 죽림동,경상사고,0,0,4,0,차대차 - 기타,안전운전불이행,건조,맑음,단일로 - 기타,승용,남,55세,상해없음,승용,남,31세,경상
2012020400100463,2012년 2월 4일 18시,토요일,경상남도 거제시 고현동,경상사고,0,0,1,0,차대차 - 측면직각충돌,안전운전불이행,건조,맑음,교차로 - 교차로부근,승용,남,55세,상해없음,이륜,남,18세,경상
2012020400100464,2012년 2월 4일 18시,토요일,경상남도 거제시 연초면,중상사고,0,1,0,0,차대사람 - 횡단중,보행자보호의무위반,건조,맑음,단일로 - 횡단보도상,이륜,남,18세,상해없음,보행자,남,8세,중상
2012020400100513,2012년 2월 4일 19시,토요일,경상남도 거창군 거창읍,중상사고,0,3,0,0,차대차 - 측면직각충돌,신호위반,건조,맑음,교차로 - 교차로안,승용,여,40세,중상,승용,여,54세,중상
2012020400100514,2012년 2월 4일 19시,토요일,경상남도 양산시 물금읍,경상사고,0,0,1,0,차대차 - 추돌 - 주정차중,안전거리미확보,건조,맑음,교차로 - 교차로부근,승용,남,32세,상해없음,승용,남,44세,경상
2012020400100554,2012년 2월 4일 20시,토요일,경상남도 거제시 장평동,중상사고,0,1,0,0,차대차 - 측면직각충돌,신호위반,건조,맑음,교차로 - 교차로안,승용,여,50세,상해없음,이륜,남,47세,중상
2012020400100586,2012년 2월 4일 21시,토요일,경상남도 김해시 부원동,중상사고,0,1,0,0,차대사람 - 횡단중,안전운전불이행,건조,맑음,기타 - 기타,승용,남,46세,상해없음,보행자,여,62세,중상
2012020400100587,2012년 2월 4일 21시,토요일,경상남도 거제시 옥포동,경상사고,0,0,1,0,차대차 - 기타,안전운전불이행,건조,맑음,단일로 - 기타,승용,남,24세,상해없음,이륜,남,63세,경상
2012020400100588,2012년 2월 4일 21시,토요일,경상남도 함안군 함안면,중상사고,0,1,3,0,차대차 - 측면직각충돌,신호위반,건조,맑음,교차로 - 교차로안,승용,남,40세,상해없음,승용,남,59세,경상