사고번호,사고일시,요일,시군구,사고내용,사망자수,중상자수,경상자수,부상신고자수,사고유형,법규위반,노면상태,기상상태,도로형태,가해운전자 차종,가해운전자 성별,가해운전자 연령,가해운전자 상해정도,피해운전자 차종,피해운전자 성별,피해운전자 연령,피해운전자 상해정도
2012020400100610,2012년 2월 4일 22시,토요일,경상남도 창원시 진해구 석동,경상사고,0,0,2,0,차대차 - 정면충돌,안전운전불이행,건조,맑음,교차로 - 교차로부근,승용,남,40세,상해없음,승용,여,55세,경상
2012020400100631,2012년 2월 4일 23시,토요일,경상남도 창원시 마산회원구 내서읍,중상사고,0,1,0,0,차대차 - 추돌 - 진행중,안전운전불이행,건조,맑음,단일로 - 기타,승용,남,27세,상해없음,이륜,남,17세,중상
2012020400100632,2012년 2월 4일 23시,토요일,경상남도 창원시 의창구 소답동,중상사고,0,1,0,0,차대사람 - 기타,안전운전불이행,건조,맑음,교차로 - 교차로안,승용,남,24세,상해없음,보행자,여,45세,중상
2012020500100031,2012년 2월 5일 00시,일요일,경상남도 진주시 상대동,중상사고,0,1,1,0,차대사람 - 차도통행중,안전운전불이행,건조,맑음,교차로 - 교차로안,승용,남,24세,상해없음,보행자,여,54세,중상
2012020500100032,2012년 2월 5일 00시,일요일,경상남도 사천시 동금동,경상사고,0,0,3,0,차대차 - 기타,안전운전불이행,건조,맑음,교차로 - 교차로안,승용,남,29세,상해없음,승용,남,55세,경상
2012020500100033,2012년 2월 5일 00시,일요일,경상남도 창원시 마산회원구 합성동,경상사고,0,0,1,0,차대사람 - 길가장자리구역통행중,안전운전불이행,건조,맑음,단일로 - 기타,승용,여,57세,상해없음,보행자,남,36세,경상
2012020500100065,2012년 2월 5일 01시,일요일,경상남도 진주시 유곡동,경상사고,0,0,3,0,차대차 - 추돌 - 주정차중,안전운전불이행,건조,맑음,교차로 - 교차로부근,승용,남,50세,상해없음,승합,남,23세,경상
2012020500100066,2012년 2월 5일 01시,일요일,경상남도 거제시 옥포동,중상사고,0,1,0,0,차대사람 - 기타,안전운전불이행,습기,흐림,교차로 - 교차로부근,승용,여,53세,상해없음,보행자,남,28세,중상
2012020500100246,2012년 2월 5일 13시,일요일,경상남도 통영시 봉평동,경상사고,0,0,1,0,차대사람 - 차도통행중,안전운전불이행,건조,맑음,단일로 - 기타,승용,남,54세,상해없음,보행자,여,6세,경상
2012020500100247,2012년 2월 5일 13시,일요일,경상남도 양산시 덕계동,부상신고사고,0,0,0,1,차대차 - 측면직각충돌,직진우회전진행방해,건조,맑음,교차로 - 교차로안,승합,남,52세,상해없음,승용,남,31세,부상신고
2012020500100248,2012년 2월 5일 13시,일요일,경상남도 창원시 마산회원구 석전동,중상사고,0,1,0,0,차대차 - 측면직각충돌,신호위반,건조,맑음,단일로 - 기타,승용,남,47세,상해없음,승용,남,44세,중상
2012020500100273,2012년 2월 5일 14시,일요일,경상남도 창원시 마산합포구 해운동,경상사고,0,0,1,0,차대차 - 측면직각충돌,안전운전불이행,건조,맑음,단일로 - 기타,승용,남,45세,상해없음,이륜,남,27세,경상
2012020500100274,2012년 2월 5일 14시,일요일,경상남도 거제시 고현동,중상사고,0,1,0,0,차대차 - 추돌 - 주정차중,중앙선침범,건조,흐림,교차로 - 교차로부근,승용,여,36세,상해없음,승용,남,27세,중상
2012020500100304,2012년 2월 5일 15시,일요일,경상남도 김해시 삼계동,경상사고,0,0,2,0,차대차 - 측면직각충돌,안전운전불이행,건조,맑음,교차로 - 교차로안,승용,남,38세,상해없음,승용,남,43세,경상
2012020500100305,2012년 2월 5일 15시,일요일,경상남도 거제시 연초면,중상사고,0,1,1,0,차대차 - 추돌 - 주정차중,안전운전불이행,건조,맑음,단일로 - 기타,승용,남,39세,상해없음,승용,남,31세,경상
2012020500100375,2012년 2월 5일 18시,일요일,경상남도 통영시 광도면,경상사고,0,0,1,0,차량단독 - 기타,안전운전불이행,건조,맑음,교차로 - 교차로안,승합,남,59세,상해없음,,,,
2012020500100376,2012년 2월 5일 18시,일요일,경상남도 밀양시 삼문동,경상사고,0,0,1,0,차대차 - 기타,교차로운행방법위반,건조,맑음,교차로 - 교차로안,승용,남,54세,상해없음,승용,여,47세,경상
2012020500100377,2012년 2월 5일 18시,일요일,경상남도 창원시 마산회원구 내서읍,중상사고,0,3,2,0,차대차 - 추돌 - 진행중,안전운전불이행,건조,맑음,단일로 - 횡단보도부근,승용,남,40세,기타불명,승용,남,42세,경상
2012020500100414,2012년 2월 5일 19시,일요일,경상남도 밀양시 상남면,중상사고,0,1,0,0,차대사람 - 차도통행중,안전운전불이행,건조,맑음,단일로 - 기타,승용,여,51세,상해없음,보행자,남,73세,중상
2012020500100415,2012년 2월 5일 19시,일요일,경상남도 고성군 고성읍,경상사고,0,0,1,0,차대차 - 추돌 - 주정차중,안전거리미확보,건조,맑음,교차로 - 교차로부근,화물,남,19세,상해없음,승용,남,40세,경상
2012020500100436,2012년 2월 5일 20시,일요일,경상남도 진주시 명석면,사망사고,1,0,0,0,차대사람 - 기타,안전운전불이행,건조,맑음,단일로 - 기타,승용,남,34세,상해없음,보행자,남,76세,사망
2012020500100437,2012년 2월 5일 20시,일요일,경상남도 진주시 가좌동,중상사고,0,1,2,0,차대차 - 기타,안전운전불이행,건조,맑음,교차로 - 교차로안,승용,남,40세,상해없음,승용,남,53세,경상
2012020500100438,2012년 2월 5일 20시,일요일,경상남도 김해시 부원동,중상사고,0,1,0,0,차량단독 - 공작물충돌,안전운전불이행,건조,맑음,단일로 - 기타,승용,남,56세,상해없음,,,,
2012020500100474,2012년 2월 5일 21시,일요일,경상남도 창원시 진해구 경화동,경상사고,0,0,2,0,차대차 - 측면직각충돌,직진우회전진행방해,건조,맑음,교차로 - 교차로안,승합,여,50세,상해없음,승용,남,33세,경상
2012020500100502,2012년 2월 5일 22시,일요일,경상남도 거제시 장승포동,중상사고,0,1,1,0,차대차 - 추돌 - 주정차중,안전운전불이행,건조,맑음,교차로 - 교차로부근,승용,남,54세,상해없음,승용,남,50세,경상
2012020500100503,2012년 2월 5일 22시,일요일,경상남도 창원시 의창구 용호동,중상사고,0,2,0,0,차대차 - 추돌 - 주정차중,안전운전불이행,건조,맑음,단일로 - 기타,승용,남,32세,상해없음,승용,남,53세,중상
2012020600100054,2012년 2월 6일 04시,월요일,경상남도 합천군 초계면,중상사고,0,1,0,0,차대사람 - 기타,안전운전불이행,건조,기타,단일로 - 기타,화물,남,46세,상해없음,보행자,여,74세,중상
2012020600100064,2012년 2월 6일 05시,월요일,경상남도 거제시 사등면,사망사고,1,0,0,0,차량단독 - 공작물충돌,안전운전불이행,건조,맑음,단일로 - 교량,승합,남,50세,상해없음,,,,
2012020600100065,2012년 2월 6일 05시,월요일,경상남도 거제시 사등면,중상사고,0,1,0,0,차대차 - 추돌 - 진행중,중앙선침범,결빙,맑음,단일로 - 교량,승용,남,55세,상해없음,승용,남,26세,중상
2012020600100066,2012년 2월 6일 05시,월요일,경상남도 거제시 사등면,중상사고,0,1,0,0,차대사람 - 기타,안전운전불이행,건조,맑음,단일로 - 기타,승용,남,57세,상해없음,보행자,여,74세,중상
2012020600100081,2012년 2월 6일 06시,월요일,경상남도 창원시 마산합포구 신포동2가,경상사고,0,0,1,0,차대차 - 추돌 - 진행중,교차로운행방법위반,건조,맑음,교차로 - 교차로부근,승용,남,64세,상해없음,승용,남,37세,경상
2012020600100106,2012년 2월 6일 07시,월요일,경상남도 김해시 어방동,중상사고,0,1,0,0,차대사람 - 횡단중,안전운전불이행,건조,맑음,단일로 - 기타,승용,남,48세,상해없음,보행자,여,16세,중상
2012020600100107,2012년 2월 6일 07시,월요일,경상남도 고성군 회화면,사망사고,1,0,0,0,차대차 - 측면직각충돌,안전운전불이행,건조,흐림,단일로 - 기타,승용,여,32세,상해없음,농기계,남,71세,사망
2012020600100141,2012년 2월 6일 08시,월요일,경상남도 양산시 상북면,중상사고,0,2,1,0,차대차 - 측면직각충돌,신호위반,건조,맑음,교차로 - 교차로안,승용,남,29세,경상,화물,남,57세,중상
2012020600100173,2012년 2월 6일 09시,월요일,경상남도 거제시 능포동,중상사고,0,1,0,0,차대차 - 추돌 - 진행중,중앙선침범,건조,맑음,단일로 - 기타,승용,여,39세,상해없음,이륜,남,32세,중상
2012020600100202,2012년 2월 6일 10시,월요일,경상남도 양산시 동면,중상사고,0,1,1,0,차대차 - 정면충돌,중앙선침범,건조,맑음,단일로 - 터널,승용,남,74세,상해없음,승용,남,31세,경상
2012020600100203,2012년 2월 6일 10시,월요일,경상남도 양산시 동면,사망사고,1,1,0,0,차대사람 - 기타,안전운전불이행,건조,맑음,단일로 - 기타,화물,남,53세,상해없음,보행자,여,69세,사망
2012020600100204,2012년 2월 6일 10시,월요일,경상남도 거제시 고현동,중상사고,0,1,0,0,차대차 - 기타,안전운전불이행,건조,맑음,교차로 - 교차로안,승용,남,58세,상해없음,승용,여,58세,상해없음
2012020600100205,2012년 2월 6일 10시,월요일,경상남도 거제시 옥포동,중상사고,0,1,0,0,차대차 - 추돌 - 주정차중,안전운전불이행,건조,맑음,교차로 - 교차로부근,승용,남,61세,상해없음,승용,여,24세,중상
2012020600100230,2012년 2월 6일 11시,월요일,경상남도 김해시 불암동,중상사고,0,1,0,0,차대차 - 측면직각충돌,교차로운행방법위반,건조,맑음,교차로 - 교차로안,화물,남,57세,상해없음,화물,남,28세,중상
2012020600100247,2012년 2월 6일 12시,월요일,경상남도 창원시 마산합포구 진동면,사망사고,1,0,0,0,차대사람 - 횡단중,안전운전불이행,건조,맑음,기타 - 기타,특수,남,44세,상해없음,보행자,남,66세,사망
2012020600100272,2012년 2월 6일 13시,월요일,경상남도 거제시 상동동,경상사고,0,0,1,0,차대차 - 정면충돌,중앙선침범,습기,비,단일로 - 기타,승용,여,42세,상해없음,화물,남,31세,경상
2012020600100273,2012년 2월 6일 13시,월요일,경상남도 창원시 의창구 신월동,중상사고,0,1,0,0,차대차 - 기타,안전운전불이행,기타,맑음,교차로 - 교차로안,승용,여,45세,상해없음,승용,여,39세,중상
2012020600100298,2012년 2월 6일 14시,월요일,경상남도 함양군 안의면,중상사고,0,1,0,0,차량단독 - 공작물충돌,안전운전불이행,적설,눈,단일로 - 기타,승용,여,47세,상해없음,,,,
2012020600100329,2012년 2월 6일 15시,월요일,경상남도 창원시 마산합포구 진동면,중상사고,0,1,0,0,차대차 - 측면직각충돌,중앙선침범,건조,맑음,단일로 - 기타,승용,남,60세,상해없음,승용,여,40세,중상
2012020600100383,2012년 2월 6일 17시,월요일,경상남도 김해시 내동,중상사고,0,1,1,0,차대사람 - 횡단중,보행자보호의무위반,습기,비,단일로 - 횡단보도상,승합,남,43세,상해없음,보행자,여,21세,중상
2012020600100384,2012년 2월 6일 17시,월요일,경상남도 거제시 고현동,경상사고,0,0,1,0,차대차 - 측면직각충돌,안전운전불이행,습기,비,교차로 - 교차로안,승용,여,48세,상해없음,원동기,남,32세,경상
2012020600100430,2012년 2월 6일 18시,월요일,경상남도 진주시 유곡동,중상사고,0,1,0,0,차대사람 - 횡단중,안전운전불이행,습기,비,단일로 - 기타,승용,남,50세,상해없음,보행자,여,84세,중상
2012020600100431,2012년 2월 6일 18시,월요일,경상남도 진주시 가좌동,중상사고,0,1,0,0,차대차 - 정면충돌,안전거리미확보,건조,맑음,교차로 - 교차로부근,승용,남,59세,상해없음,승용,남,26세,중상
2012020600100432,2012년 2월 6일 18시,월요일,경상남도 김해시 내동,경상사고,0,0,1,0,차대사람 - 기타,신호위반,건조,흐림,단일로 - 기타,승용,여,22세,상해없음,보행자,남,38세,경상
2012020600100433,2012년 2월 6일 18시,월요일,경상남도 거창군 거창읍,중상사고,0,1,0,0,차대사람 - 차도통행중,안전운전불이행,건조,맑음,교차로 - 교차로안,기타불명,기타불명,기타불명,기타불명,보행자,남,71세,중상
2012020600100434,2012년 2월 6일 18시,월요일,경상남도 고성군 동해면,경상사고,0,0,4,0,차대차 - 측면직각충돌,안전운전불이행,건조,맑음,단일로 - 기타,승용,남,42세,상해없음,승용,남,39세,경상
2012020600100435,2012년 2월 6일 18시,월요일,경상남도 창원시 마산회원구 봉암동,부상신고사고,0,0,0,1,차대차 - 추돌 - 주정차중,안전운전불이행,건조,맑음,교차로 - 교차로부근,승용,여,30세,상해없음,승용,남,46세,부상신고
2012020600100436,2012년 2월 6일 18시,월요일,경상남도 김해시 한림면,중상사고,0,1,0,0,차대사람 - 횡단중,안전운전불이행,습기,비,단일로 - 기타,승용,남,51세,상해없음,보행자,남,52세,중상
2012020600100483,2012년 2월 6일 19시,월요일,경상남도 창원시 마산합포구 해운동,경상사고,0,0,1,0,차대사람 - 횡단중,안전운전불이행,건조,맑음,교차로 - 교차로안,승용,여,43세,상해없음,보행자,여,53세,경상
2012020600100484,2012년 2월 6일 19시,월요일,경상남도 양산시 신기동,중상사고,0,1,0,0,차대차 - 측면직각충돌,신호위반,습기,비,교차로 - 교차로안,화물,남,49세,상해없음,승합,남,70세,중상
2012020600100485,2012년 2월 6일 19시,월요일,경상남도 함안군 칠원면,중상사고,0,1,0,0,차대사람 - 기타,안전운전불이행,습기,흐림,단일로 - 기타,승용,여,52세,상해없음,보행자,남,56세,중상
2012020600100526,2012년 2월 6일 20시,월요일,경상남도 통영시 무전동,중상사고,0,2,0,0,차대차 - 추돌 - 주정차중,안전운전불이행,습기,비,단일로 - 기타,승합,남,44세,상해없음,승용,여,32세,중상
2012020600100566,2012년 2월 6일 21시,월요일,경상남도 창원시 진해구 태백동,경상사고,0,0,1,0,차대사람 - 횡단중,보행자보호의무위반,습기,비,단일로 - 횡단보도상,승용,남,36세,상해없음,보행자,남,42세,경상
2012020600100567,2012년 2월 6일 21시,월요일,경상남도 김해시 삼방동,경상사고,0,0,1,0,차대차 - 정면충돌,교차로운행방법위반,습기,비,교차로 - 교차로안,특수,남,56세,상해없음,승용,남,46세,경상
2012020600100568,2012년 2월 6일 21시,월요일,경상남도 하동군 하동읍,중상사고,0,1,0,0,차대사람 - 횡단중,보행자보호의무위반,습기,비,단일로 - 기타,화물,남,21세,상해없음,보행자,여,51세,중상
2012020600100569,2012년 2월 6일 21시,월요일,경상남도 거제시 옥포동,경상사고,0,0,1,0,차대사람 - 횡단중,보행자보호의무위반,습기,비,단일로 - 횡단보도상,이륜,남,36세,상해없음,보행자,남,29세,경상
2012020600100607,2012년 2월 6일 22시,월요일,경상남도 사천시 서금동,경상사고,0,0,1,0,차대사람 - 횡단중,안전운전불이행,건조,맑음,단일로 - 기타,승용,남,44세,상해없음,보행자,여,47세,경상
2012020600100608,2012년 2월 6일 22시,월요일,경상남도 김해시 내동,중상사고,0,2,2,0,차대차 - 추돌 - 진행중,안전운전불이행,습기,비,단일로 - 기타,승용,여,51세,상해없음,승용,남,42세,경상
2012020600100641,2012년 2월 6일 23시,월요일,경상남도 거제시 장평동,중상사고,0,2,0,0,차대차 - 기타,안전운전불이행,습기,비,단일로 - 기타,화물,남,46세,상해없음,승용,여,47세,중상
2012020700100022,2012년 2월 7일 00시,화요일,경상남도 김해시 봉황동,경상사고,0,0,3,0,차대차 - 측면직각충돌,교차로운행방법위반,습기,비,교차로 - 교차로안,승용,남,28세,상해없음,승용,남,57세,경상
2012020700100023,2012년 2월 7일 00시,화요일,경상남도 창원시 의창구 신월동,중상사고,0,1,0,0,차대차 - 기타,신호위반,습기,비,교차로 - 교차로안,승용,남,62세,상해없음,원동기,남,21세,중상
2012020700100057,2012년 2월 7일 02시,화요일,경상남도 창원시 마산합포구 오동동,경상사고,0,0,1,0,차대차 - 측면직각충돌,불법유턴,건조,맑음,교차로 - 교차로부근,화물,여,39세,상해없음,승용,남,30세,경상
2012020700100076,2012년 2월 7일 03시,화요일,경상남도 진주시 인사동,경상사고,0,0,1,0,차대차 - 추돌 - 주정차중,안전운전불이행,습기,안개,교차로 - 교차로부근,승용,남,30세,상해없음,승용,남,41세,경상
2012020700100077,2012년 2월 7일 03시,화요일,경상남도 진주시 문산읍,중상사고,0,1,0,0,차량단독 - 기타,안전운전불이행,습기,비,단일로 - 기타,승용,남,52세,상해없음,,,,
2012020700100087,2012년 2월 7일 04시,화요일,경상남도 고성군 상리면,중상사고,0,1,1,0,차량단독 - 도로외이탈 - 기타,안전운전불이행,결빙,맑음,단일로 - 기타,승합,남,41세,상해없음,,,,
2012020700100095,2012년 2월 7일 05시,화요일,경상남도 양산시 동면,중상사고,0,1,0,0,차대차 - 추돌 - 진행중,안전운전불이행,결빙,맑음,단일로 - 교량,화물,남,59세,상해없음,승용,남,56세,중상
2012020700100109,2012년 2월 7일 06시,화요일,경상남도 김해시 삼계동,중상사고,0,1,0,0,차량단독 - 공작물충돌,안전운전불이행,결빙,흐림,단일로 - 교량,승용,남,56세,중상,,,,
2012020700100110,2012년 2월 7일 06시,화요일,경상남도 김해시 안동,경상사고,0,0,1,0,차대차 - 측면직각충돌,안전운전불이행,건조,맑음,단일로 - 기타,화물,남,46세,상해없음,승용,남,47세,경상
2012020700100111,2012년 2월 7일 06시,화요일,경상남도 양산시 용당동,중상사고,0,1,0,0,차량단독 - 공작물충돌,안전운전불이행,결빙,비,단일로 - 교량,화물,남,63세,상해없음,,,,
2012020700100112,2012년 2월 7일 06시,화요일,경상남도 양산시 동면,경상사고,0,0,1,0,차대차 - 기타,안전거리미확보,건조,맑음,단일로 - 기타,승용,남,68세,상해없음,승용,남,47세,경상
2012020700100113,2012년 2월 7일 06시,화요일,경상남도 함안군 산인면,중상사고,0,1,0,0,차대사람 - 기타,안전운전불이행,결빙,안개,단일로 - 기타,승용,남,48세,상해없음,보행자,남,69세,중상
2012020700100114,2012년 2월 7일 06시,화요일,경상남도 의령군 의령읍,중상사고,0,1,0,0,차대차 - 기타,안전운전불이행,결빙,흐림,단일로 - 기타,승용,남,33세,상해없음,건설기계,남,37세,중상
2012020700100139,2012년 2월 7일 07시,화요일,경상남도 창녕군 도천면,중상사고,0,1,1,0,차대차 - 추돌 - 진행중,안전운전불이행,결빙,안개,단일로 - 교량,화물,남,38세,상해없음,화물,남,55세,경상
2012020700100140,2012년 2월 7일 07시,화요일,경상남도 거제시 연초면,경상사고,0,0,1,0,차대차 - 추돌 - 진행중,안전거리미확보,건조,흐림,단일로 - 기타,승용,여,43세,경상,승용,남,42세,상해없음
2012020700100141,2012년 2월 7일 07시,화요일,경상남도 산청군 시천면,중상사고,0,1,1,0,차량단독 - 도로외이탈 - 기타,안전운전불이행,결빙,맑음,단일로 - 기타,승용,여,35세,경상,,,,
2012020700100142,2012년 2월 7일 07시,화요일,경상남도 의령군 의령읍,사망사고,4,6,0,0,차량단독 - 도로외이탈 - 추락,기타,결빙,흐림,단일로 - 교량,승합,남,48세,사망,,,,
2012020700100143,2012년 2월 7일 07시,화요일,경상남도 김해시 장유면,중상사고,0,1,0,0,차대차 - 측면직각충돌,교차로운행방법위반,습기,맑음,교차로 - 교차로안,승용,남,50세,상해없음,이륜,남,54세,중상
2012020700100165,2012년 2월 7일 08시,화요일,경상남도 창원시 의창구 중동,경상사고,0,0,1,0,차대차 - 측면직각충돌,중앙선침범,건조,맑음,단일로 - 기타,승용,남,37세,상해없음,승용,남,56세,경상
2012020700100203,2012년 2월 7일 10시,화요일,경상남도 남해군 남해읍,중상사고,0,1,0,0,차대차 - 측면직각충돌,직진우회전진행방해,건조,맑음,교차로 - 교차로안,승용,남,39세,상해없음,승합,남,37세,상해없음
2012020700100282,2012년 2월 7일 13시,화요일,경상남도 밀양시 부북면,중상사고,0,2,0,1,차대차 - 추돌 - 주정차중,안전운전불이행,건조,맑음,교차로 - 교차로부근,승합,남,37세,상해없음,화물,남,38세,중상
2012020700100283,2012년 2월 7일 13시,화요일,경상남도 고성군 고성읍,중상사고,0,1,0,0,차대차 - 측면직각충돌,교차로운행방법위반,건조,맑음,교차로 - 교차로안,승용,남,62세,상해없음,원동기,남,51세,중상
2012020700100305,2012년 2월 7일 14시,화요일,경상남도 김해시 장유면,중상사고,0,2,0,0,차대사람 - 차도통행중,중앙선침범,건조,맑음,단일로 - 기타,승용,남,53세,상해없음,보행자,여,41세,중상
2012020700100325,2012년 2월 7일 15시,화요일,경상남도 밀양시 무안면,사망사고,1,1,0,0,차대차 - 정면충돌,중앙선침범,건조,맑음,단일로 - 기타,승용,여,54세,사망,승용,남,44세,중상
2012020700100349,2012년 2월 7일 16시,화요일,경상남도 창원시 진해구 이동,경상사고,0,0,2,0,차대차 - 기타,안전운전불이행,건조,맑음,교차로 - 교차로안,승용,여,31세,상해없음,승용,여,59세,경상
2012020700100350,2012년 2월 7일 16시,화요일,경상남도 창녕군 영산면,중상사고,0,4,0,0,차대차 - 측면직각충돌,직진우회전진행방해,건조,맑음,교차로 - 교차로안,승용,여,49세,중상,승용,남,39세,중상
2012020700100351,2012년 2월 7일 16시,화요일,경상남도 거제시 고현동,경상사고,0,0,3,0,차대차 - 측면직각충돌,신호위반,건조,맑음,교차로 - 교차로안,승용,남,48세,상해없음,승용,남,61세,경상
2012020700100409,2012년 2월 7일 18시,화요일,경상남도 양산시 삼호동,중상사고,0,1,0,0,차대사람 - 횡단중,안전운전불이행,건조,맑음,단일로 - 기타,승용,여,37세,상해없음,보행자,여,9세,중상
2012020700100451,2012년 2월 7일 19시,화요일,경상남도 진주시 가좌동,경상사고,0,0,1,0,차대차 - 기타,안전운전불이행,건조,맑음,단일로 - 기타,화물,남,29세,상해없음,승용,여,30세,경상
2012020700100452,2012년 2월 7일 19시,화요일,경상남도 창원시 성산구 안민동,중상사고,0,4,1,0,차대차 - 측면직각충돌,신호위반,건조,맑음,교차로 - 교차로안,승용,남,43세,상해없음,승용,남,46세,중상
2012020700100510,2012년 2월 7일 21시,화요일,경상남도 양산시 신기동,경상사고,0,0,2,0,차대차 - 측면직각충돌,교차로운행방법위반,건조,맑음,교차로 - 교차로안,승용,남,54세,상해없음,승용,남,51세,경상
2012020700100511,2012년 2월 7일 21시,화요일,경상남도 거제시 옥포동,중상사고,0,1,0,0,차대차 - 기타,안전운전불이행,건조,맑음,단일로 - 기타,승용,남,21세,상해없음,승용,남,30세,중상
2012020700100512,2012년 2월 7일 21시,화요일,경상남도 김해시 장유면,중상사고,0,1,0,0,차대사람 - 기타,안전운전불이행,건조,맑음,단일로 - 횡단보도부근,승용,남,32세,상해없음,보행자,남,58세,중상
2012020700100539,2012년 2월 7일 22시,화요일,경상남도 통영시 용남면,경상사고,0,0,1,0,차대차 - 측면직각충돌,중앙선침범,건조,맑음,단일로 - 기타,승용,남,47세,상해없음,승용,여,51세,경상
2012020700100540,2012년 2월 7일 22시,화요일,경상남도 창원시 성산구 반지동,중상사고,0,1,2,0,차대차 - 추돌 - 주정차중,안전운전불이행,건조,맑음,교차로 - 교차로부근,승용,남,66세,상해없음,승용,여,48세,경상
2012020700100565,2012년 2월 7일 23시,화요일,경상남도 창원시 마산합포구 구산면,중상사고,0,3,2,0,차대차 - 정면충돌,중앙선침범,건조,맑음,단일로 - 기타,승용,남,38세,상해없음,승용,남,29세,중상
2012020700100566,2012년 2월 7일 23시,화요일,경상남도 밀양시 상남면,중상사고,0,2,0,1,차대차 - 정면충돌,중앙선침범,건조,맑음,단일로 - 터널,승용,남,30세,부상신고,화물,남,30세,중상
2012020800100021,2012년 2월 8일 01시,수요일,경상남도 합천군 야로면,중상사고,0,1,0,0,차대차 - 기타,중앙선침범,건조,맑음,단일로 - 기타,승용,남,41세,상해없음,승용,남,43세,중상
2012020800100056,2012년 2월 8일 05시,수요일,경상남도 김해시 한림면,경상사고,0,0,1,0,차대차 - 추돌 - 주정차중,안전운전불이행,결빙,흐림,단일로 - 기타,승합,남,31세,상해없음,특수,남,52세,기타불명
2012020800100110,2012년 2월 8일 08시,수요일,경상남도 창원시 마산합포구 상남동,경상사고,0,0,1,0,차대차 - 정면충돌,신호위반,건조,맑음,교차로 - 교차로안,승용,남,73세,상해없음,승용,여,51세,상해없음
2012020800100111,2012년 2월 8일 08시,수요일,경상남도 창원시 진해구 태평동,중상사고,0,1,0,0,차대차 - 측면직각충돌,안전운전불이행,건조,맑음,단일로 - 횡단보도상,승용,여,39세,상해없음,자전거,여,33세,중상
2012020800100112,2012년 2월 8일 08시,수요일,경상남도 김해시 장유면,경상사고,0,0,1,0,차대차 - 정면충돌,안전운전불이행,건조,맑음,단일로 - 기타,특수,남,43세,상해없음,승용,여,47세,경상
2012020800100136,2012년 2월 8일 09시,수요일,경상남도 함양군 함양읍,부상신고사고,0,0,0,1,차대차 - 측면직각충돌,교차로운행방법위반,건조,흐림,교차로 - 교차로안,승용,여,44세,부상신고,화물,남,46세,상해없음
2012020800100158,2012년 2월 8일 10시,수요일,경상남도 진주시 장대동,중상사고,0,1,0,0,차대사람 - 차도통행중,안전운전불이행,건조,맑음,단일로 - 기타,승용,남,58세,상해없음,보행자,여,62세,중상
2012020800100159,2012년 2월 8일 10시,수요일,경상남도 사천시 축동면,경상사고,0,0,1,0,차대차 - 추돌 - 주정차중,안전운전불이행,건조,맑음,교차로 - 교차로부근,화물,남,36세,상해없음,승용,남,49세,경상
2012020800100160,2012년 2월 8일 10시,수요일,경상남도 김해시 외동,중상사고,0,2,0,0,차대차 - 추돌 - 주정차중,안전운전불이행,건조,맑음,교차로 - 교차로부근,승용,남,43세,기타불명,승용,남,37세,중상
2012020800100161,2012년 2월 8일 10시,수요일,경상남도 김해시 구산동,중상사고,0,4,0,0,차대차 - 기타,신호위반,건조,맑음,단일로 - 기타,승용,남,58세,중상,승용,여,24세,중상
2012020800100246,2012년 2월 8일 13시,수요일,경상남도 진주시 가좌동,중상사고,0,1,0,0,차대차 - 측면직각충돌,안전운전불이행,건조,맑음,단일로 - 기타,승합,남,43세,상해없음,이륜,남,24세,중상
2012020800100247,2012년 2월 8일 13시,수요일,경상남도 거제시 연초면,중상사고,0,1,0,0,차대차 - 추돌 - 진행중,안전운전불이행,건조,맑음,단일로 - 기타,승용,여,36세,상해없음,이륜,남,40세,중상
2012020800100248,2012년 2월 8일 13시,수요일,경상남도 창원시 마산회원구 회성동,경상사고,0,0,1,0,차대차 - 추돌 - 주정차중,안전운전불이행,건조,맑음,단일로 - 기타,승용,남,59세,상해없음,승용,여,46세,경상
2012020800100283,2012년 2월 8일 14시,수요일,경상남도 양산시 북정동,중상사고,0,2,1,0,차대차 - 측면직각충돌,직진우회전진행방해,건조,맑음,교차로 - 교차로안,승용,남,31세,중상,승용,남,32세,중상
2012020800100305,2012년 2월 8일 15시,수요일,경상남도 창원시 의창구 도계동,경상사고,0,0,1,0,차대차 - 기타,안전운전불이행,건조,맑음,교차로 - 교차로안,승용,여,57세,상해없음,자전거,남,13세,경상
2012020800100306,2012년 2월 8일 15시,수요일,경상남도 김해시 장유면,중상사고,0,2,0,0,차대차 - 추돌 - 진행중,안전거리미확보,건조,맑음,단일로 - 기타,승용,남,30세,중상,승용,남,18세,상해없음
2012020800100336,2012년 2월 8일 16시,수요일,경상남도 사천시 곤명면,경상사고,0,0,1,0,차대사람 - 길가장자리구역통행중,중앙선침범,건조,맑음,기타 - 기타,승용,여,60세,상해없음,보행자,여,77세,경상
2012020800100337,2012년 2월 8일 16시,수요일,경상남도 밀양시 내이동,경상사고,0,0,1,0,차대차 - 측면직각충돌,교차로운행방법위반,건조,맑음,교차로 - 교차로안,승용,남,32세,상해없음,원동기,남,40세,경상
2012020800100369,2012년 2월 8일 17시,수요일,경상남도 함양군 서상면,중상사고,0,1,0,0,차대차 - 기타,안전운전불이행,결빙,눈,단일로 - 기타,화물,남,54세,상해없음,화물,남,39세,상해없음
2012020800100421,2012년 2월 8일 18시,수요일,경상남도 거제시 상동동,경상사고,0,0,1,1,차대차 - 측면직각충돌,안전운전불이행,건조,맑음,교차로 - 교차로부근,화물,남,39세,부상신고,승합,여,34세,경상
2012020800100470,2012년 2월 8일 19시,수요일,경상남도 양산시 물금읍,중상사고,0,1,0,0,차대차 - 측면직각충돌,신호위반,건조,맑음,교차로 - 교차로안,승용,남,47세,상해없음,승용,여,35세,중상