사고번호,사고일시,요일,시군구,사고내용,사망자수,중상자수,경상자수,부상신고자수,사고유형,법규위반,노면상태,기상상태,도로형태,가해운전자 차종,가해운전자 성별,가해운전자 연령,가해운전자 상해정도,피해운전자 차종,피해운전자 성별,피해운전자 연령,피해운전자 상해정도
2012020800100471,2012년 2월 8일 19시,수요일,경상남도 양산시 소주동,경상사고,0,0,1,0,차대사람 - 횡단중,안전운전불이행,건조,맑음,교차로 - 교차로부근,화물,남,58세,상해없음,보행자,여,67세,경상
2012020800100472,2012년 2월 8일 19시,수요일,경상남도 거제시 고현동,중상사고,0,1,0,0,차대차 - 측면직각충돌,중앙선침범,건조,맑음,교차로 - 교차로부근,승용,남,21세,상해없음,이륜,남,30세,중상
2012020800100473,2012년 2월 8일 19시,수요일,경상남도 김해시 전하동,경상사고,0,0,1,0,차대차 - 측면직각충돌,안전거리미확보,건조,맑음,교차로 - 교차로부근,승합,남,46세,상해없음,특수,남,42세,상해없음
2012020800100474,2012년 2월 8일 19시,수요일,경상남도 김해시 한림면,중상사고,0,2,0,0,차대사람 - 기타,안전운전불이행,건조,맑음,단일로 - 기타,화물,남,59세,상해없음,보행자,남,43세,중상
2012020800100517,2012년 2월 8일 20시,수요일,경상남도 양산시 삼호동,중상사고,0,1,1,0,차대차 - 측면직각충돌,안전운전불이행,건조,맑음,단일로 - 기타,승용,남,26세,상해없음,승용,여,34세,중상
2012020800100542,2012년 2월 8일 21시,수요일,경상남도 창원시 성산구 외동,중상사고,0,2,0,0,차대차 - 측면직각충돌,중앙선침범,건조,맑음,단일로 - 기타,승용,기타불명,기타불명,기타불명,승용,남,51세,중상
2012020800100583,2012년 2월 8일 22시,수요일,경상남도 거제시 아양동,사망사고,1,0,0,0,차대사람 - 횡단중,안전운전불이행,건조,맑음,교차로 - 교차로부근,승용,남,29세,상해없음,보행자,남,29세,사망
2012020900100019,2012년 2월 9일 00시,목요일,경상남도 진주시 상대동,중상사고,0,2,0,0,차대차 - 측면직각충돌,신호위반,건조,맑음,교차로 - 교차로안,승용,남,18세,상해없음,승용,여,45세,중상
2012020900100020,2012년 2월 9일 00시,목요일,경상남도 진주시 평거동,중상사고,0,1,1,0,차대차 - 측면직각충돌,중앙선침범,건조,맑음,단일로 - 기타,승용,여,51세,상해없음,승용,남,47세,중상
2012020900100021,2012년 2월 9일 00시,목요일,경상남도 김해시 삼정동,중상사고,0,1,0,0,차대사람 - 횡단중,안전운전불이행,건조,맑음,단일로 - 기타,승용,남,53세,상해없음,보행자,남,50세,중상
2012020900100092,2012년 2월 9일 05시,목요일,경상남도 창원시 마산회원구 합성동,경상사고,0,0,1,0,차대차 - 추돌 - 주정차중,안전운전불이행,건조,맑음,단일로 - 기타,승합,남,30세,상해없음,승용,남,58세,경상
2012020900100109,2012년 2월 9일 06시,목요일,경상남도 통영시 정량동,중상사고,0,1,0,0,차대사람 - 횡단중,안전운전불이행,건조,맑음,단일로 - 기타,승용,남,28세,상해없음,보행자,남,67세,중상
2012020900100120,2012년 2월 9일 07시,목요일,경상남도 사천시 사천읍,경상사고,0,0,1,0,차대차 - 기타,안전운전불이행,건조,맑음,교차로 - 교차로부근,승합,남,46세,상해없음,자전거,남,70세,경상
2012020900100121,2012년 2월 9일 07시,목요일,경상남도 창원시 마산회원구 합성동,중상사고,0,1,0,0,차대차 - 측면직각충돌,신호위반,건조,맑음,교차로 - 교차로안,승용,남,71세,상해없음,승용,여,49세,중상
2012020900100162,2012년 2월 9일 08시,목요일,경상남도 창원시 마산합포구 오동동,경상사고,0,0,2,1,차대차 - 측면직각충돌,안전운전불이행,건조,맑음,단일로 - 기타,특수,남,50세,상해없음,승용,여,44세,경상
2012020900100163,2012년 2월 9일 08시,목요일,경상남도 창원시 마산합포구 월영동,중상사고,0,1,0,0,차대차 - 추돌 - 주정차중,안전운전불이행,건조,맑음,단일로 - 기타,화물,남,28세,상해없음,승용,남,32세,중상
2012020900100164,2012년 2월 9일 08시,목요일,경상남도 창녕군 영산면,중상사고,0,1,0,0,차대차 - 측면직각충돌,안전운전불이행,건조,맑음,단일로 - 기타,승용,남,47세,상해없음,원동기,여,52세,중상
2012020900100165,2012년 2월 9일 08시,목요일,경상남도 양산시 주진동,경상사고,0,0,1,0,차대차 - 측면직각충돌,안전운전불이행,건조,맑음,교차로 - 교차로안,승합,남,62세,상해없음,승합,남,54세,경상
2012020900100166,2012년 2월 9일 08시,목요일,경상남도 창원시 마산회원구 내서읍,중상사고,0,3,0,0,차대차 - 기타,신호위반,건조,맑음,교차로 - 교차로안,화물,남,45세,상해없음,승합,남,48세,상해없음
2012020900100201,2012년 2월 9일 09시,목요일,경상남도 고성군 회화면,경상사고,0,0,1,0,차대차 - 측면직각충돌,직진우회전진행방해,건조,맑음,교차로 - 교차로안,승용,남,64세,상해없음,승용,남,57세,상해없음
2012020900100202,2012년 2월 9일 09시,목요일,경상남도 창원시 의창구 용호동,중상사고,0,1,1,0,차대차 - 측면직각충돌,신호위반,건조,맑음,교차로 - 교차로안,승용,남,46세,상해없음,승용,남,63세,중상
2012020900100231,2012년 2월 9일 10시,목요일,경상남도 창원시 진해구 안골동,중상사고,0,1,0,0,차대차 - 추돌 - 주정차중,안전운전불이행,건조,맑음,단일로 - 기타,승용,남,38세,중상,화물,남,31세,기타불명
2012020900100255,2012년 2월 9일 11시,목요일,경상남도 진주시 강남동,중상사고,0,1,0,0,차대사람 - 횡단중,보행자보호의무위반,건조,맑음,단일로 - 횡단보도상,승용,남,23세,상해없음,보행자,남,55세,중상
2012020900100256,2012년 2월 9일 11시,목요일,경상남도 양산시 평산동,중상사고,0,4,2,0,차대차 - 측면직각충돌,안전거리미확보,건조,맑음,단일로 - 기타,승합,남,47세,경상,화물,남,61세,중상
2012020900100289,2012년 2월 9일 12시,목요일,경상남도 창원시 진해구 석동,경상사고,0,0,1,0,차대차 - 측면직각충돌,교차로운행방법위반,건조,맑음,교차로 - 교차로안,승용,여,41세,상해없음,승용,여,31세,경상
2012020900100319,2012년 2월 9일 13시,목요일,경상남도 합천군 청덕면,부상신고사고,0,0,0,1,차량단독 - 공작물충돌,안전운전불이행,건조,맑음,단일로 - 기타,화물,남,59세,부상신고,,,,
2012020900100353,2012년 2월 9일 14시,목요일,경상남도 진주시 초전동,경상사고,0,0,1,0,차대차 - 측면직각충돌,신호위반,건조,맑음,교차로 - 교차로안,원동기,여,76세,경상,화물,남,42세,상해없음
2012020900100403,2012년 2월 9일 16시,목요일,경상남도 창원시 진해구 안골동,중상사고,0,1,1,0,차대차 - 측면직각충돌,안전거리미확보,건조,맑음,교차로 - 교차로안,화물,남,57세,상해없음,건설기계,남,49세,경상
2012020900100404,2012년 2월 9일 16시,목요일,경상남도 김해시 내동,경상사고,0,0,1,0,차대차 - 측면직각충돌,안전거리미확보,건조,맑음,기타 - 기타,승용,여,38세,상해없음,이륜,남,18세,경상
2012020900100405,2012년 2월 9일 16시,목요일,경상남도 김해시 생림면,경상사고,0,0,1,0,차대차 - 정면충돌,안전운전불이행,건조,맑음,단일로 - 기타,화물,남,26세,상해없음,화물,남,52세,경상
2012020900100406,2012년 2월 9일 16시,목요일,경상남도 김해시 동상동,중상사고,0,1,0,0,차대사람 - 길가장자리구역통행중,안전운전불이행,건조,맑음,단일로 - 기타,화물,남,48세,상해없음,보행자,남,53세,중상
2012020900100407,2012년 2월 9일 16시,목요일,경상남도 합천군 삼가면,경상사고,0,0,1,0,차량단독 - 공작물충돌,안전운전불이행,건조,맑음,기타 - 기타,승용,여,60세,경상,,,,
2012020900100408,2012년 2월 9일 16시,목요일,경상남도 함안군 가야읍,경상사고,0,0,1,0,차대차 - 기타,안전운전불이행,건조,맑음,단일로 - 기타,자전거,남,13세,경상,화물,남,54세,상해없음
2012020900100435,2012년 2월 9일 17시,목요일,경상남도 사천시 사천읍,중상사고,0,1,0,0,차대차 - 추돌 - 주정차중,안전운전불이행,건조,맑음,교차로 - 교차로부근,특수,남,56세,상해없음,화물,남,44세,중상
2012020900100436,2012년 2월 9일 17시,목요일,경상남도 양산시 삼호동,중상사고,0,1,0,0,차대차 - 기타,안전운전불이행,건조,맑음,단일로 - 기타,승용,남,50세,상해없음,이륜,남,35세,중상
2012020900100477,2012년 2월 9일 18시,목요일,경상남도 창원시 마산합포구 월남동2가,중상사고,0,1,0,0,차대사람 - 횡단중,보행자보호의무위반,건조,맑음,교차로 - 교차로안,승용,남,47세,상해없음,보행자,남,22세,중상
2012020900100478,2012년 2월 9일 18시,목요일,경상남도 거제시 고현동,중상사고,0,1,0,0,차대차 - 측면직각충돌,신호위반,건조,맑음,교차로 - 교차로안,승용,남,43세,상해없음,원동기,남,60세,중상
2012020900100479,2012년 2월 9일 18시,목요일,경상남도 김해시 장유면,경상사고,0,0,1,0,차대사람 - 횡단중,안전운전불이행,건조,맑음,단일로 - 기타,승용,남,47세,상해없음,보행자,남,9세,경상
2012020900100516,2012년 2월 9일 19시,목요일,경상남도 창원시 진해구 충무동,중상사고,0,1,0,0,차대차 - 측면직각충돌,신호위반,건조,맑음,교차로 - 교차로안,원동기,남,15세,상해없음,승합,남,52세,상해없음
2012020900100517,2012년 2월 9일 19시,목요일,경상남도 김해시 한림면,경상사고,0,0,2,0,차대차 - 측면직각충돌,교차로운행방법위반,건조,맑음,교차로 - 교차로안,화물,여,48세,상해없음,원동기,남,21세,경상
2012020900100541,2012년 2월 9일 20시,목요일,경상남도 통영시 광도면,중상사고,0,1,0,0,차대차 - 추돌 - 진행중,중앙선침범,건조,맑음,단일로 - 기타,승용,남,31세,상해없음,화물,남,55세,중상
2012020900100542,2012년 2월 9일 20시,목요일,경상남도 거제시 고현동,중상사고,0,1,0,0,차대사람 - 기타,안전운전불이행,건조,맑음,단일로 - 기타,승용,남,26세,상해없음,보행자,남,51세,중상
2012020900100543,2012년 2월 9일 20시,목요일,경상남도 김해시 장유면,중상사고,0,1,0,0,차대차 - 측면직각충돌,안전운전불이행,건조,맑음,교차로 - 교차로부근,승용,남,44세,상해없음,승용,여,49세,중상
2012020900100585,2012년 2월 9일 21시,목요일,경상남도 창원시 성산구 반지동,중상사고,0,1,0,0,차대차 - 측면직각충돌,신호위반,건조,맑음,교차로 - 교차로부근,승용,남,62세,상해없음,자전거,남,40세,중상
2012020900100586,2012년 2월 9일 21시,목요일,경상남도 김해시 흥동,중상사고,0,1,0,0,차대차 - 추돌 - 진행중,안전운전불이행,건조,맑음,교차로 - 교차로부근,승용,남,43세,상해없음,승용,남,24세,중상
2012020900100667,2012년 2월 9일 23시,목요일,경상남도 창원시 마산합포구 월영동,중상사고,0,2,0,0,차대차 - 측면직각충돌,신호위반,건조,맑음,교차로 - 교차로안,승용,남,53세,상해없음,이륜,남,48세,중상
2012020900100668,2012년 2월 9일 23시,목요일,경상남도 창원시 의창구 도계동,부상신고사고,0,0,0,1,차대차 - 측면직각충돌,기타,건조,맑음,교차로 - 교차로안,승용,남,54세,상해없음,원동기,남,53세,부상신고
2012021000100019,2012년 2월 10일 00시,금요일,경상남도 창원시 마산회원구 합성동,중상사고,0,1,0,0,차대차 - 측면직각충돌,안전운전불이행,건조,맑음,단일로 - 기타,화물,남,21세,상해없음,승용,남,57세,상해없음
2012021000100020,2012년 2월 10일 00시,금요일,경상남도 진주시 지수면,사망사고,1,3,1,0,차대차 - 기타,안전운전불이행,건조,맑음,단일로 - 기타,화물,남,49세,사망,승용,남,55세,중상
2012021000100054,2012년 2월 10일 02시,금요일,경상남도 창원시 마산회원구 합성동,중상사고,0,1,0,0,차대사람 - 기타,안전운전불이행,건조,맑음,단일로 - 기타,승용,남,29세,상해없음,보행자,여,74세,중상
2012021000100084,2012년 2월 10일 05시,금요일,경상남도 창원시 마산합포구 상남동,경상사고,0,0,1,0,차대차 - 측면직각충돌,신호위반,건조,맑음,교차로 - 교차로안,승용,남,64세,상해없음,승용,남,31세,경상
2012021000100126,2012년 2월 10일 07시,금요일,경상남도 양산시 상북면,중상사고,0,1,0,0,차대사람 - 횡단중,안전운전불이행,건조,맑음,교차로 - 교차로부근,승용,남,43세,상해없음,보행자,여,53세,중상
2012021000100166,2012년 2월 10일 08시,금요일,경상남도 통영시 광도면,경상사고,0,0,2,0,차대차 - 정면충돌,중앙선침범,건조,맑음,단일로 - 기타,승용,남,56세,상해없음,승용,여,61세,경상
2012021000100167,2012년 2월 10일 08시,금요일,경상남도 통영시 용남면,중상사고,0,1,0,0,차대차 - 추돌 - 진행중,안전운전불이행,건조,맑음,단일로 - 기타,승용,여,29세,상해없음,자전거,남,72세,중상
2012021000100168,2012년 2월 10일 08시,금요일,경상남도 창녕군 영산면,중상사고,0,1,0,0,차대차 - 측면직각충돌,직진우회전진행방해,건조,맑음,교차로 - 교차로안,승용,남,46세,중상,건설기계,남,33세,상해없음
2012021000100169,2012년 2월 10일 08시,금요일,경상남도 창녕군 창녕읍,경상사고,0,0,1,0,차대차 - 추돌 - 주정차중,안전운전불이행,건조,맑음,단일로 - 기타,승용,여,49세,상해없음,승용,여,29세,경상
2012021000100170,2012년 2월 10일 08시,금요일,경상남도 양산시 명동,경상사고,0,0,1,0,차대차 - 측면직각충돌,직진우회전진행방해,건조,맑음,교차로 - 교차로안,화물,남,37세,상해없음,승용,여,38세,경상
2012021000100197,2012년 2월 10일 09시,금요일,경상남도 밀양시 내일동,경상사고,0,0,1,0,차대차 - 측면직각충돌,교차로운행방법위반,건조,맑음,교차로 - 교차로안,승합,남,42세,상해없음,승용,여,59세,경상
2012021000100219,2012년 2월 10일 10시,금요일,경상남도 밀양시 산외면,중상사고,0,1,0,0,차대사람 - 길가장자리구역통행중,안전운전불이행,건조,흐림,단일로 - 기타,화물,남,60세,상해없음,보행자,여,64세,중상
2012021000100220,2012년 2월 10일 10시,금요일,경상남도 밀양시 교동,중상사고,0,1,1,0,차대차 - 측면직각충돌,중앙선침범,건조,맑음,단일로 - 기타,승용,남,57세,상해없음,승용,남,54세,경상
2012021000100221,2012년 2월 10일 10시,금요일,경상남도 양산시 명동,경상사고,0,0,1,0,차대차 - 측면직각충돌,안전운전불이행,건조,맑음,교차로 - 교차로부근,승용,남,20세,기타불명,원동기,남,38세,경상
2012021000100243,2012년 2월 10일 11시,금요일,경상남도 창원시 의창구 도계동,중상사고,0,1,0,0,차대차 - 측면직각충돌,신호위반,건조,맑음,교차로 - 교차로안,승용,여,49세,상해없음,승용,남,38세,중상
2012021000100267,2012년 2월 10일 12시,금요일,경상남도 창녕군 영산면,중상사고,0,1,0,0,차대차 - 측면직각충돌,직진우회전진행방해,건조,맑음,교차로 - 교차로안,승합,남,64세,상해없음,원동기,남,77세,중상
2012021000100268,2012년 2월 10일 12시,금요일,경상남도 남해군 고현면,중상사고,0,1,0,0,차대차 - 측면직각충돌,신호위반,건조,맑음,교차로 - 교차로안,승합,남,53세,상해없음,화물,남,55세,중상
2012021000100269,2012년 2월 10일 12시,금요일,경상남도 김해시 진영읍,중상사고,0,2,0,0,차대차 - 기타,안전거리미확보,건조,맑음,기타 - 기타,화물,남,55세,중상,승용,남,40세,중상
2012021000100296,2012년 2월 10일 13시,금요일,경상남도 사천시 벌리동,경상사고,0,0,1,0,차대차 - 기타,안전운전불이행,건조,맑음,교차로 - 교차로부근,승용,남,70세,상해없음,이륜,남,32세,경상
2012021000100297,2012년 2월 10일 13시,금요일,경상남도 창원시 마산합포구 산호동,중상사고,0,1,0,0,차대사람 - 횡단중,안전운전불이행,건조,맑음,교차로 - 교차로안,화물,남,41세,상해없음,보행자,여,79세,중상
2012021000100368,2012년 2월 10일 15시,금요일,경상남도 창원시 마산합포구 상남동,경상사고,0,0,1,0,차대사람 - 보도통행중,안전운전불이행,건조,맑음,단일로 - 기타,화물,남,47세,상해없음,보행자,남,11세,경상
2012021000100403,2012년 2월 10일 16시,금요일,경상남도 김해시 부원동,경상사고,0,0,1,0,차대차 - 추돌 - 주정차중,안전거리미확보,건조,맑음,교차로 - 교차로부근,승용,남,33세,상해없음,화물,남,55세,경상
2012021000100404,2012년 2월 10일 16시,금요일,경상남도 양산시 북부동,중상사고,0,3,0,0,차대차 - 측면직각충돌,신호위반,건조,맑음,교차로 - 교차로안,승용,여,32세,상해없음,승용,남,54세,중상
2012021000100405,2012년 2월 10일 16시,금요일,경상남도 거제시 고현동,중상사고,0,1,0,0,차대사람 - 기타,기타,건조,맑음,기타 - 기타,자전거,남,24세,상해없음,보행자,여,10세,중상
2012021000100434,2012년 2월 10일 17시,금요일,경상남도 사천시 동금동,경상사고,0,0,1,0,차대차 - 측면직각충돌,직진우회전진행방해,건조,맑음,단일로 - 기타,승용,남,26세,상해없음,원동기,남,49세,경상
2012021000100435,2012년 2월 10일 17시,금요일,경상남도 김해시 삼계동,중상사고,0,1,0,0,차대사람 - 횡단중,안전운전불이행,건조,맑음,교차로 - 교차로부근,승용,남,44세,상해없음,보행자,여,69세,중상
2012021000100474,2012년 2월 10일 18시,금요일,경상남도 창원시 진해구 경화동,경상사고,0,0,1,0,차대차 - 측면직각충돌,신호위반,건조,맑음,교차로 - 교차로안,승용,남,51세,상해없음,승용,여,52세,경상
2012021000100475,2012년 2월 10일 18시,금요일,경상남도 밀양시 부북면,경상사고,0,0,2,0,차대차 - 추돌 - 진행중,안전거리미확보,건조,맑음,교차로 - 교차로안,승용,남,36세,상해없음,승용,남,62세,경상
2012021000100476,2012년 2월 10일 18시,금요일,경상남도 김해시 부원동,중상사고,0,1,0,0,차대사람 - 횡단중,보행자보호의무위반,건조,맑음,단일로 - 횡단보도상,승용,남,37세,상해없음,보행자,여,50세,중상
2012021000100477,2012년 2월 10일 18시,금요일,경상남도 김해시 내동,중상사고,0,1,1,0,차대차 - 측면직각충돌,안전거리미확보,건조,맑음,단일로 - 기타,승용,남,51세,상해없음,승용,남,55세,중상
2012021000100532,2012년 2월 10일 19시,금요일,경상남도 밀양시 삼문동,경상사고,0,0,1,0,차대차 - 추돌 - 진행중,안전운전불이행,건조,맑음,단일로 - 횡단보도부근,승용,남,64세,상해없음,승용,여,26세,경상
2012021000100533,2012년 2월 10일 19시,금요일,경상남도 거제시 옥포동,중상사고,0,1,0,0,차대사람 - 횡단중,안전운전불이행,건조,맑음,교차로 - 교차로안,승용,여,29세,상해없음,보행자,여,43세,중상
2012021000100534,2012년 2월 10일 19시,금요일,경상남도 창원시 마산회원구 내서읍,경상사고,0,0,1,0,차대차 - 측면직각충돌,안전운전불이행,건조,맑음,단일로 - 기타,화물,남,45세,상해없음,승용,남,31세,경상
2012021000100535,2012년 2월 10일 19시,금요일,경상남도 창원시 의창구 명서동,경상사고,0,0,2,0,차대차 - 추돌 - 진행중,안전거리미확보,건조,맑음,단일로 - 기타,승용,남,52세,상해없음,승용,남,53세,경상
2012021000100578,2012년 2월 10일 20시,금요일,경상남도 창원시 성산구 웅남동,중상사고,0,1,0,0,차대차 - 측면직각충돌,신호위반,건조,맑음,교차로 - 교차로안,승용,남,60세,상해없음,승용,남,30세,중상
2012021000100612,2012년 2월 10일 21시,금요일,경상남도 사천시 동금동,중상사고,0,1,1,0,차대사람 - 횡단중,신호위반,건조,맑음,단일로 - 횡단보도상,화물,여,46세,상해없음,보행자,여,17세,중상
2012021000100613,2012년 2월 10일 21시,금요일,경상남도 창원시 마산회원구 봉암동,중상사고,0,1,0,0,차대차 - 측면직각충돌,안전운전불이행,건조,맑음,단일로 - 기타,승합,남,41세,상해없음,승용,남,29세,중상
2012021000100614,2012년 2월 10일 21시,금요일,경상남도 김해시 장유면,경상사고,0,0,1,0,차대차 - 측면직각충돌,교차로운행방법위반,건조,맑음,교차로 - 교차로안,승용,남,53세,상해없음,승용,남,54세,경상
2012021000100651,2012년 2월 10일 22시,금요일,경상남도 진주시 집현면,사망사고,1,0,0,0,차대사람 - 기타,안전운전불이행,건조,맑음,단일로 - 기타,승용,여,36세,상해없음,보행자,남,61세,사망
2012021000100652,2012년 2월 10일 22시,금요일,경상남도 창원시 진해구 용원동,경상사고,0,0,1,0,차대차 - 측면직각충돌,안전운전불이행,건조,맑음,단일로 - 기타,승용,남,30세,상해없음,원동기,남,19세,경상
2012021000100653,2012년 2월 10일 22시,금요일,경상남도 창원시 성산구 상남동,경상사고,0,0,1,0,차대사람 - 차도통행중,안전운전불이행,건조,맑음,단일로 - 기타,승용,남,55세,상해없음,보행자,여,16세,경상
2012021000100687,2012년 2월 10일 23시,금요일,경상남도 함안군 가야읍,경상사고,0,0,1,0,차대차 - 기타,안전운전불이행,건조,맑음,교차로 - 교차로안,승용,여,50세,상해없음,승용,남,54세,상해없음
2012021100100016,2012년 2월 11일 00시,토요일,경상남도 거제시 고현동,경상사고,0,0,1,0,차대차 - 추돌 - 진행중,안전운전불이행,건조,맑음,교차로 - 교차로안,승용,남,56세,상해없음,이륜,남,28세,경상
2012021100100017,2012년 2월 11일 00시,토요일,경상남도 김해시 진영읍,경상사고,0,0,1,0,차대차 - 추돌 - 진행중,안전운전불이행,건조,맑음,단일로 - 기타,승용,남,25세,상해없음,승용,남,50세,경상
2012021100100080,2012년 2월 11일 02시,토요일,경상남도 창원시 마산합포구 중앙동1가,경상사고,0,0,1,0,차대차 - 추돌 - 진행중,안전운전불이행,건조,맑음,단일로 - 기타,승용,남,22세,상해없음,승용,남,61세,경상
2012021100100158,2012년 2월 11일 07시,토요일,경상남도 함양군 지곡면,중상사고,0,12,0,0,차량단독 - 공작물충돌,안전운전불이행,건조,맑음,단일로 - 기타,승합,여,33세,중상,,,,
2012021100100161,2012년 2월 11일 07시,토요일,경상남도 창원시 의창구 팔용동,중상사고,0,2,0,0,차대차 - 정면충돌,중앙선침범,건조,맑음,단일로 - 기타,승용,남,28세,상해없음,승용,남,38세,중상
2012021100100189,2012년 2월 11일 08시,토요일,경상남도 창원시 의창구 팔용동,중상사고,0,1,0,0,차대차 - 추돌 - 주정차중,안전거리미확보,건조,맑음,단일로 - 기타,승용,남,44세,상해없음,승용,남,30세,중상
2012021100100214,2012년 2월 11일 09시,토요일,경상남도 양산시 다방동,경상사고,0,0,1,0,차대차 - 추돌 - 진행중,안전거리미확보,건조,맑음,교차로 - 교차로부근,승용,여,60세,상해없음,승용,남,34세,경상
2012021100100238,2012년 2월 11일 10시,토요일,경상남도 창원시 마산합포구 오동동,경상사고,0,0,1,0,차대차 - 측면직각충돌,안전거리미확보,건조,맑음,교차로 - 교차로부근,원동기,남,53세,상해없음,승용,남,35세,경상
2012021100100239,2012년 2월 11일 10시,토요일,경상남도 의령군 정곡면,중상사고,0,1,1,0,차대차 - 기타,안전운전불이행,건조,맑음,단일로 - 기타,승합,남,53세,상해없음,원동기,남,82세,경상
2012021100100266,2012년 2월 11일 11시,토요일,경상남도 창원시 마산합포구 월영동,중상사고,0,1,1,0,차대차 - 추돌 - 진행중,안전운전불이행,건조,맑음,교차로 - 교차로부근,건설기계,남,41세,상해없음,승용,남,60세,중상
2012021100100267,2012년 2월 11일 11시,토요일,경상남도 사천시 사천읍,중상사고,0,1,1,0,차대차 - 기타,안전운전불이행,건조,맑음,단일로 - 기타,화물,남,69세,상해없음,이륜,남,62세,중상
2012021100100268,2012년 2월 11일 11시,토요일,경상남도 양산시 하북면,경상사고,0,0,3,0,차대차 - 추돌 - 주정차중,안전거리미확보,건조,맑음,단일로 - 기타,승용,남,53세,상해없음,승용,여,44세,경상
2012021100100300,2012년 2월 11일 12시,토요일,경상남도 고성군 거류면,중상사고,0,2,0,0,차량단독 - 공작물충돌,안전운전불이행,건조,맑음,단일로 - 기타,화물,남,72세,상해없음,,,,
2012021100100301,2012년 2월 11일 12시,토요일,경상남도 김해시 진영읍,중상사고,0,1,1,0,차대차 - 기타,신호위반,건조,맑음,교차로 - 교차로안,건설기계,남,40세,상해없음,승용,여,38세,경상
2012021100100332,2012년 2월 11일 13시,토요일,경상남도 창원시 마산합포구 창포동1가,경상사고,0,0,1,0,차대사람 - 길가장자리구역통행중,안전운전불이행,건조,맑음,교차로 - 교차로부근,승용,남,58세,상해없음,보행자,여,24세,경상
2012021100100334,2012년 2월 11일 13시,토요일,경상남도 하동군 양보면,경상사고,0,0,1,0,차대차 - 측면직각충돌,교차로운행방법위반,건조,맑음,교차로 - 교차로안,화물,남,63세,상해없음,이륜,남,37세,경상
2012021100100356,2012년 2월 11일 14시,토요일,경상남도 사천시 정동면,경상사고,0,0,1,0,차대차 - 측면직각충돌,안전운전불이행,건조,맑음,교차로 - 교차로안,승용,남,31세,상해없음,화물,남,51세,경상
2012021100100357,2012년 2월 11일 14시,토요일,경상남도 합천군 합천읍,중상사고,0,1,0,0,차대차 - 기타,안전운전불이행,건조,맑음,단일로 - 횡단보도상,승합,남,53세,상해없음,자전거,남,87세,중상
2012021100100387,2012년 2월 11일 15시,토요일,경상남도 산청군 신안면,중상사고,0,1,1,0,차대차 - 측면직각충돌,교차로운행방법위반,건조,맑음,교차로 - 교차로안,승용,남,71세,상해없음,승용,여,23세,중상
2012021100100388,2012년 2월 11일 15시,토요일,경상남도 창원시 마산합포구 산호동,중상사고,0,1,0,0,차량단독 - 기타,기타,건조,맑음,단일로 - 기타,승합,남,40세,상해없음,,,,
2012021100100389,2012년 2월 11일 15시,토요일,경상남도 창원시 마산회원구 합성동,경상사고,0,0,1,0,차대차 - 정면충돌,중앙선침범,건조,맑음,단일로 - 기타,승용,남,68세,상해없음,승용,남,52세,경상
2012021100100390,2012년 2월 11일 15시,토요일,경상남도 창원시 의창구 팔용동,중상사고,0,2,0,0,차대차 - 측면직각충돌,신호위반,건조,맑음,교차로 - 교차로안,승용,남,28세,상해없음,승용,남,29세,중상
2012021100100391,2012년 2월 11일 15시,토요일,경상남도 김해시 진례면,중상사고,0,1,0,0,차대사람 - 횡단중,안전운전불이행,건조,맑음,교차로 - 교차로부근,화물,남,52세,상해없음,보행자,여,75세,중상
2012021100100421,2012년 2월 11일 16시,토요일,경상남도 통영시 동호동,경상사고,0,0,2,0,차대차 - 추돌 - 주정차중,안전운전불이행,건조,맑음,단일로 - 기타,승용,남,38세,상해없음,원동기,남,54세,경상
2012021100100422,2012년 2월 11일 16시,토요일,경상남도 김해시 구산동,중상사고,0,1,0,0,차대차 - 추돌 - 진행중,안전거리미확보,건조,맑음,단일로 - 기타,승용,남,40세,상해없음,승용,여,27세,중상
2012021100100423,2012년 2월 11일 16시,토요일,경상남도 창원시 의창구 동읍,경상사고,0,0,2,0,차대차 - 추돌 - 주정차중,안전거리미확보,건조,맑음,단일로 - 터널,승용,남,29세,경상,화물,남,64세,상해없음
2012021100100463,2012년 2월 11일 17시,토요일,경상남도 거제시 장목면,경상사고,0,0,2,0,차대차 - 추돌 - 주정차중,안전운전불이행,건조,맑음,단일로 - 기타,승용,남,34세,상해없음,화물,남,44세,경상
2012021100100464,2012년 2월 11일 17시,토요일,경상남도 창원시 성산구 상남동,경상사고,0,0,1,0,차대차 - 기타,안전운전불이행,건조,맑음,기타 - 기타,승용,남,57세,상해없음,승용,남,28세,상해없음
2012021100100496,2012년 2월 11일 18시,토요일,경상남도 사천시 동림동,경상사고,0,0,1,0,차대차 - 기타,안전운전불이행,건조,맑음,단일로 - 기타,화물,남,48세,상해없음,승용,남,46세,상해없음
2012021100100497,2012년 2월 11일 18시,토요일,경상남도 김해시 내동,경상사고,0,0,2,0,차대차 - 정면충돌,중앙선침범,건조,맑음,교차로 - 교차로안,승용,남,45세,상해없음,승용,남,40세,경상
2012021100100498,2012년 2월 11일 18시,토요일,경상남도 양산시 북부동,경상사고,0,0,1,0,차대차 - 측면직각충돌,신호위반,건조,맑음,교차로 - 교차로안,승용,남,42세,상해없음,승용,남,30세,경상
2012021100100512,2012년 2월 11일 19시,토요일,경상남도 김해시 장유면,경상사고,0,0,1,0,차대차 - 측면직각충돌,안전거리미확보,건조,맑음,단일로 - 기타,승용,남,57세,상해없음,승합,남,49세,기타불명