사고번호,사고일시,요일,시군구,사고내용,사망자수,중상자수,경상자수,부상신고자수,사고유형,법규위반,노면상태,기상상태,도로형태,가해운전자 차종,가해운전자 성별,가해운전자 연령,가해운전자 상해정도,피해운전자 차종,피해운전자 성별,피해운전자 연령,피해운전자 상해정도
2012021800100458,2012년 2월 18일 19시,토요일,경상남도 양산시 북정동,경상사고,0,0,1,0,차대차 - 측면직각충돌,안전운전불이행,건조,맑음,단일로 - 기타,승용,남,45세,상해없음,이륜,남,19세,경상
2012021800100459,2012년 2월 18일 19시,토요일,경상남도 양산시 하북면,경상사고,0,0,1,0,차대차 - 측면직각충돌,안전운전불이행,건조,맑음,단일로 - 기타,화물,남,50세,상해없음,승용,여,29세,경상
2012021800100460,2012년 2월 18일 19시,토요일,경상남도 고성군 고성읍,경상사고,0,0,1,0,차대차 - 측면직각충돌,안전운전불이행,건조,맑음,교차로 - 교차로안,승용,남,28세,상해없음,승용,남,23세,경상
2012021800100528,2012년 2월 18일 21시,토요일,경상남도 양산시 북부동,중상사고,0,1,0,0,차대차 - 측면직각충돌,교차로운행방법위반,건조,맑음,교차로 - 교차로안,승용,남,18세,상해없음,이륜,남,62세,중상
2012021800100552,2012년 2월 18일 22시,토요일,경상남도 창원시 마산합포구 현동,경상사고,0,0,1,0,차량단독 - 공작물충돌,안전운전불이행,건조,맑음,단일로 - 기타,승용,남,30세,경상,,,,
2012021800100584,2012년 2월 18일 23시,토요일,경상남도 창원시 진해구 이동,경상사고,0,0,1,0,차대사람 - 횡단중,안전운전불이행,건조,맑음,단일로 - 횡단보도상,승용,남,28세,상해없음,보행자,남,15세,경상
2012021800100585,2012년 2월 18일 23시,토요일,경상남도 창원시 진해구 경화동,경상사고,0,0,1,0,차량단독 - 기타,기타,건조,맑음,단일로 - 기타,승합,남,53세,상해없음,,,,
2012021800100586,2012년 2월 18일 23시,토요일,경상남도 김해시 장유면,중상사고,0,1,1,0,차대차 - 정면충돌,중앙선침범,건조,맑음,교차로 - 교차로부근,승용,남,23세,상해없음,승용,여,41세,중상
2012021900100018,2012년 2월 19일 00시,일요일,경상남도 거제시 상동동,경상사고,0,0,1,0,차대사람 - 기타,안전운전불이행,건조,맑음,단일로 - 기타,이륜,남,17세,상해없음,보행자,남,53세,경상
2012021900100019,2012년 2월 19일 00시,일요일,경상남도 거제시 장목면,중상사고,0,2,0,0,차대차 - 추돌 - 진행중,안전거리미확보,건조,맑음,단일로 - 기타,승용,남,53세,상해없음,승용,남,55세,중상
2012021900100020,2012년 2월 19일 00시,일요일,경상남도 거제시 연초면,중상사고,0,2,1,0,차대차 - 기타,중앙선침범,건조,맑음,단일로 - 기타,승용,남,30세,상해없음,특수,남,42세,중상
2012021900100021,2012년 2월 19일 00시,일요일,경상남도 창원시 마산회원구 석전동,중상사고,0,1,2,0,차대차 - 측면직각충돌,안전운전불이행,건조,맑음,단일로 - 기타,승용,남,31세,경상,승용,남,52세,중상
2012021900100046,2012년 2월 19일 01시,일요일,경상남도 창원시 마산회원구 합성동,경상사고,0,0,1,0,차대사람 - 기타,안전운전불이행,건조,맑음,단일로 - 기타,승용,남,27세,상해없음,보행자,남,27세,경상
2012021900100055,2012년 2월 19일 02시,일요일,경상남도 밀양시 산외면,사망사고,1,0,0,0,차대차 - 추돌 - 진행중,안전거리미확보,건조,맑음,단일로 - 기타,승용,남,36세,사망,특수,남,40세,상해없음
2012021900100064,2012년 2월 19일 02시,일요일,경상남도 창원시 의창구 도계동,중상사고,0,1,0,0,차대차 - 측면직각충돌,신호위반,건조,맑음,교차로 - 교차로안,승용,남,28세,상해없음,승용,여,42세,중상
2012021900100078,2012년 2월 19일 03시,일요일,경상남도 함안군 칠서면,경상사고,0,0,2,0,차대차 - 추돌 - 진행중,안전운전불이행,건조,맑음,단일로 - 기타,승용,여,37세,상해없음,화물,남,49세,경상
2012021900100087,2012년 2월 19일 04시,일요일,경상남도 진주시 문산읍,사망사고,1,0,0,0,차대차 - 추돌 - 진행중,안전운전불이행,건조,맑음,단일로 - 기타,화물,남,30세,사망,화물,남,59세,상해없음
2012021900100095,2012년 2월 19일 05시,일요일,경상남도 진주시 대안동,경상사고,0,0,1,0,차대차 - 측면직각충돌,직진우회전진행방해,건조,맑음,교차로 - 교차로안,원동기,남,47세,상해없음,원동기,남,16세,경상
2012021900100102,2012년 2월 19일 06시,일요일,경상남도 통영시 광도면,중상사고,0,1,0,0,차대사람 - 기타,안전운전불이행,건조,맑음,교차로 - 교차로안,화물,남,43세,상해없음,보행자,남,58세,중상
2012021900100127,2012년 2월 19일 08시,일요일,경상남도 창원시 의창구 팔용동,중상사고,0,1,0,0,차대차 - 기타,신호위반,건조,맑음,단일로 - 횡단보도상,승용,남,52세,상해없음,자전거,남,64세,중상
2012021900100136,2012년 2월 19일 09시,일요일,경상남도 창원시 마산합포구 진동면,경상사고,0,0,7,0,차대차 - 추돌 - 진행중,안전운전불이행,건조,맑음,교차로 - 교차로부근,특수,남,43세,상해없음,승합,남,42세,경상
2012021900100137,2012년 2월 19일 09시,일요일,경상남도 하동군 금남면,경상사고,0,0,2,0,차대차 - 측면직각충돌,안전운전불이행,건조,맑음,단일로 - 기타,승용,남,72세,상해없음,승용,남,55세,경상
2012021900100138,2012년 2월 19일 09시,일요일,경상남도 창원시 의창구 사림동,경상사고,0,0,1,0,차대차 - 측면직각충돌,신호위반,건조,맑음,교차로 - 교차로안,승용,남,48세,상해없음,승용,여,40세,경상
2012021900100194,2012년 2월 19일 12시,일요일,경상남도 거제시 연초면,경상사고,0,0,3,0,차대차 - 측면직각충돌,교차로운행방법위반,건조,맑음,교차로 - 교차로안,승용,여,20세,상해없음,승합,남,38세,상해없음
2012021900100208,2012년 2월 19일 13시,일요일,경상남도 통영시 봉평동,중상사고,0,1,0,0,차대차 - 측면직각충돌,신호위반,건조,맑음,교차로 - 교차로안,승용,남,65세,상해없음,승용,남,47세,중상
2012021900100209,2012년 2월 19일 13시,일요일,경상남도 통영시 광도면,중상사고,0,2,0,0,차대차 - 측면직각충돌,중앙선침범,건조,맑음,단일로 - 기타,승용,남,33세,상해없음,승용,여,26세,중상
2012021900100210,2012년 2월 19일 13시,일요일,경상남도 거제시 고현동,부상신고사고,0,0,0,1,차대사람 - 기타,안전운전불이행,건조,맑음,단일로 - 기타,승용,여,42세,상해없음,보행자,남,38세,부상신고
2012021900100211,2012년 2월 19일 13시,일요일,경상남도 창원시 마산회원구 석전동,중상사고,0,1,0,0,차량단독 - 기타,안전운전불이행,건조,맑음,단일로 - 기타,승용,남,47세,상해없음,,,,
2012021900100232,2012년 2월 19일 14시,일요일,경상남도 통영시 명정동,중상사고,0,1,0,0,차대차 - 측면직각충돌,직진우회전진행방해,건조,맑음,교차로 - 교차로안,승용,남,56세,상해없음,승용,남,47세,상해없음
2012021900100282,2012년 2월 19일 16시,일요일,경상남도 양산시 동면,중상사고,0,1,3,0,차대차 - 추돌 - 주정차중,안전운전불이행,건조,맑음,교차로 - 교차로부근,승용,여,39세,상해없음,승용,여,35세,경상
2012021900100283,2012년 2월 19일 16시,일요일,경상남도 거제시 아주동,중상사고,0,3,2,0,차대차 - 추돌 - 주정차중,안전운전불이행,건조,맑음,단일로 - 터널,승합,여,59세,상해없음,승용,남,48세,경상
2012021900100311,2012년 2월 19일 17시,일요일,경상남도 양산시 평산동,부상신고사고,0,0,0,1,차대사람 - 기타,안전운전불이행,건조,맑음,기타 - 기타,승용,남,58세,상해없음,보행자,남,14세,부상신고
2012021900100336,2012년 2월 19일 18시,일요일,경상남도 김해시 어방동,중상사고,0,1,0,0,차대차 - 측면직각충돌,안전거리미확보,건조,맑음,단일로 - 기타,승용,여,34세,상해없음,이륜,남,34세,중상
2012021900100337,2012년 2월 19일 18시,일요일,경상남도 창원시 마산회원구 양덕동,경상사고,0,0,1,0,차대차 - 정면충돌,중앙선침범,건조,맑음,단일로 - 기타,화물,남,62세,상해없음,승용,남,36세,경상
2012021900100359,2012년 2월 19일 19시,일요일,경상남도 김해시 구산동,중상사고,0,1,0,0,차대사람 - 길가장자리구역통행중,안전운전불이행,건조,맑음,단일로 - 기타,승용,남,54세,상해없음,보행자,여,51세,중상
2012021900100360,2012년 2월 19일 19시,일요일,경상남도 김해시 동상동,중상사고,0,4,3,0,차대차 - 측면직각충돌,신호위반,건조,맑음,단일로 - 기타,승용,여,48세,상해없음,승용,여,24세,경상
2012021900100361,2012년 2월 19일 19시,일요일,경상남도 남해군 남면,중상사고,0,1,0,0,차대사람 - 횡단중,보행자보호의무위반,건조,맑음,단일로 - 횡단보도상,승합,남,52세,상해없음,보행자,여,17세,중상
2012021900100394,2012년 2월 19일 20시,일요일,경상남도 창원시 마산합포구 창포동2가,중상사고,0,1,0,0,차대사람 - 횡단중,보행자보호의무위반,건조,맑음,단일로 - 횡단보도상,이륜,기타불명,기타불명,기타불명,보행자,남,24세,중상
2012021900100395,2012년 2월 19일 20시,일요일,경상남도 김해시 삼계동,중상사고,0,1,1,0,차대차 - 추돌 - 주정차중,불법유턴,건조,맑음,단일로 - 기타,승용,남,20세,상해없음,승용,남,22세,경상
2012021900100396,2012년 2월 19일 20시,일요일,경상남도 양산시 신기동,중상사고,0,5,1,0,차대차 - 측면직각충돌,교차로운행방법위반,건조,흐림,교차로 - 교차로부근,승용,여,23세,상해없음,승용,남,47세,중상
2012021900100430,2012년 2월 19일 21시,일요일,경상남도 통영시 광도면,경상사고,0,0,1,0,차대차 - 정면충돌,중앙선침범,건조,맑음,단일로 - 기타,승용,남,28세,상해없음,승합,남,53세,경상
2012021900100431,2012년 2월 19일 21시,일요일,경상남도 거제시 아주동,중상사고,0,1,0,0,차대차 - 측면직각충돌,신호위반,건조,맑음,교차로 - 교차로안,승용,남,29세,상해없음,승용,여,26세,중상
2012021900100432,2012년 2월 19일 21시,일요일,경상남도 창원시 의창구 도계동,부상신고사고,0,0,0,1,차대차 - 측면직각충돌,안전거리미확보,건조,맑음,교차로 - 교차로부근,승용,남,31세,상해없음,승용,남,26세,상해없음
2012021900100453,2012년 2월 19일 22시,일요일,경상남도 진주시 이현동,중상사고,0,1,0,0,차대사람 - 횡단중,안전운전불이행,건조,맑음,교차로 - 교차로부근,승용,남,62세,상해없음,보행자,남,63세,중상
2012021900100454,2012년 2월 19일 22시,일요일,경상남도 밀양시 부북면,중상사고,0,1,0,0,차량단독 - 공작물충돌,안전운전불이행,건조,맑음,교차로 - 교차로부근,승용,남,27세,상해없음,,,,
2012022000100016,2012년 2월 20일 01시,월요일,경상남도 창원시 의창구 팔용동,경상사고,0,0,2,0,차대차 - 측면직각충돌,교차로운행방법위반,건조,맑음,교차로 - 교차로안,승용,남,48세,상해없음,승용,여,24세,경상
2012022000100023,2012년 2월 20일 02시,월요일,경상남도 통영시 명정동,중상사고,0,1,0,0,차대사람 - 횡단중,안전운전불이행,건조,맑음,단일로 - 기타,이륜,남,17세,상해없음,보행자,여,45세,중상
2012022000100024,2012년 2월 20일 02시,월요일,경상남도 거제시 아주동,중상사고,0,2,2,0,차대차 - 추돌 - 주정차중,안전운전불이행,건조,맑음,교차로 - 교차로부근,승용,남,30세,상해없음,승용,남,43세,중상
2012022000100025,2012년 2월 20일 02시,월요일,경상남도 창원시 의창구 팔용동,경상사고,0,0,1,0,차대차 - 추돌 - 진행중,안전운전불이행,건조,맑음,교차로 - 교차로부근,승용,남,58세,상해없음,승용,여,38세,경상
2012022000100032,2012년 2월 20일 03시,월요일,경상남도 창원시 의창구 대원동,중상사고,0,1,0,0,차대차 - 측면직각충돌,중앙선침범,건조,맑음,단일로 - 기타,화물,남,48세,상해없음,승용,남,30세,중상
2012022000100033,2012년 2월 20일 03시,월요일,경상남도 산청군 단성면,중상사고,0,1,0,0,차대차 - 추돌 - 진행중,안전운전불이행,건조,맑음,단일로 - 기타,화물,남,34세,상해없음,승용,남,57세,중상
2012022000100087,2012년 2월 20일 07시,월요일,경상남도 진주시 장대동,중상사고,0,2,0,0,차대차 - 추돌 - 주정차중,안전거리미확보,건조,맑음,단일로 - 기타,승용,남,55세,상해없음,승용,남,68세,상해없음
2012022000100088,2012년 2월 20일 07시,월요일,경상남도 함양군 안의면,중상사고,0,1,0,0,차대차 - 측면직각충돌,신호위반,건조,맑음,교차로 - 교차로안,화물,남,47세,상해없음,승용,남,48세,중상
2012022000100089,2012년 2월 20일 07시,월요일,경상남도 창원시 성산구 반지동,경상사고,0,0,2,0,차대차 - 측면직각충돌,안전운전불이행,건조,맑음,교차로 - 교차로부근,승용,여,36세,상해없음,승용,남,40세,경상
2012022000100124,2012년 2월 20일 08시,월요일,경상남도 통영시 산양읍,경상사고,0,0,1,0,차대차 - 측면직각충돌,중앙선침범,건조,맑음,단일로 - 기타,승용,남,26세,상해없음,화물,남,50세,경상
2012022000100125,2012년 2월 20일 08시,월요일,경상남도 함양군 안의면,경상사고,0,0,1,0,차대차 - 정면충돌,안전운전불이행,건조,맑음,교차로 - 교차로부근,화물,여,49세,상해없음,화물,남,57세,상해없음
2012022000100126,2012년 2월 20일 08시,월요일,경상남도 하동군 진교면,부상신고사고,0,0,0,1,차대차 - 측면직각충돌,신호위반,건조,맑음,교차로 - 교차로안,화물,남,63세,상해없음,화물,남,30세,상해없음
2012022000100154,2012년 2월 20일 09시,월요일,경상남도 진주시 칠암동,경상사고,0,0,1,0,차대차 - 추돌 - 진행중,안전운전불이행,건조,맑음,단일로 - 기타,승용,남,18세,상해없음,승용,남,46세,경상
2012022000100155,2012년 2월 20일 09시,월요일,경상남도 진주시 가좌동,중상사고,0,1,0,0,차대차 - 정면충돌,중앙선침범,건조,맑음,단일로 - 기타,승용,남,21세,상해없음,원동기,남,16세,중상
2012022000100156,2012년 2월 20일 09시,월요일,경상남도 합천군 합천읍,중상사고,0,1,0,0,차대차 - 추돌 - 진행중,안전운전불이행,건조,맑음,교차로 - 교차로부근,화물,남,73세,상해없음,승용,여,56세,중상
2012022000100178,2012년 2월 20일 10시,월요일,경상남도 창원시 마산합포구 추산동,중상사고,0,1,0,0,차대사람 - 횡단중,보행자보호의무위반,건조,맑음,단일로 - 횡단보도상,승용,남,61세,상해없음,보행자,남,68세,중상
2012022000100179,2012년 2월 20일 10시,월요일,경상남도 통영시 북신동,경상사고,0,0,1,0,차대차 - 측면직각충돌,교차로운행방법위반,건조,맑음,교차로 - 교차로안,승용,남,31세,상해없음,승용,남,56세,경상
2012022000100180,2012년 2월 20일 10시,월요일,경상남도 사천시 벌리동,경상사고,0,0,2,0,차대차 - 측면직각충돌,안전운전불이행,건조,맑음,교차로 - 교차로부근,승용,남,65세,상해없음,승용,남,65세,상해없음
2012022000100181,2012년 2월 20일 10시,월요일,경상남도 창원시 마산회원구 양덕동,사망사고,1,0,0,0,차대차 - 기타,안전운전불이행,건조,맑음,교차로 - 교차로부근,화물,남,28세,상해없음,자전거,남,72세,사망
2012022000100206,2012년 2월 20일 11시,월요일,경상남도 진주시 봉곡동,중상사고,0,2,0,0,차대차 - 추돌 - 주정차중,안전운전불이행,건조,맑음,단일로 - 기타,승용,남,55세,상해없음,승용,여,52세,중상
2012022000100207,2012년 2월 20일 11시,월요일,경상남도 김해시 삼계동,경상사고,0,0,1,0,차대차 - 추돌 - 진행중,안전운전불이행,건조,맑음,교차로 - 교차로부근,원동기,남,55세,상해없음,원동기,남,59세,경상
2012022000100208,2012년 2월 20일 11시,월요일,경상남도 김해시 삼정동,경상사고,0,0,1,0,차대사람 - 횡단중,안전운전불이행,건조,맑음,단일로 - 기타,승용,남,52세,상해없음,보행자,남,3세,경상
2012022000100256,2012년 2월 20일 13시,월요일,경상남도 하동군 하동읍,경상사고,0,0,1,0,차대차 - 측면직각충돌,안전운전불이행,건조,맑음,단일로 - 기타,승용,남,58세,상해없음,승용,남,49세,경상
2012022000100257,2012년 2월 20일 13시,월요일,경상남도 함안군 가야읍,중상사고,0,1,0,0,차대차 - 측면직각충돌,안전운전불이행,건조,맑음,교차로 - 교차로안,특수,남,45세,상해없음,원동기,남,69세,중상
2012022000100286,2012년 2월 20일 14시,월요일,경상남도 양산시 평산동,경상사고,0,0,2,0,차대차 - 추돌 - 진행중,안전운전불이행,건조,맑음,교차로 - 교차로부근,승용,남,50세,상해없음,승용,남,58세,경상
2012022000100287,2012년 2월 20일 14시,월요일,경상남도 거제시 장승포동,중상사고,0,1,0,0,차대차 - 추돌 - 진행중,신호위반,건조,맑음,교차로 - 교차로안,승용,여,39세,상해없음,승용,여,43세,중상
2012022000100345,2012년 2월 20일 16시,월요일,경상남도 진주시 수곡면,중상사고,0,1,0,0,차대차 - 측면직각충돌,불법유턴,건조,맑음,교차로 - 교차로안,화물,남,56세,상해없음,화물,남,64세,중상
2012022000100346,2012년 2월 20일 16시,월요일,경상남도 김해시 삼방동,중상사고,0,1,0,0,차대차 - 측면직각충돌,안전운전불이행,건조,맑음,교차로 - 교차로안,승용,여,46세,상해없음,승용,남,49세,중상
2012022000100372,2012년 2월 20일 17시,월요일,경상남도 창원시 진해구 서중동,경상사고,0,0,3,0,차대차 - 측면직각충돌,안전운전불이행,건조,맑음,단일로 - 기타,승용,남,28세,상해없음,승용,남,35세,경상
2012022000100373,2012년 2월 20일 17시,월요일,경상남도 창원시 진해구 행암동,경상사고,0,0,1,0,차대차 - 정면충돌,중앙선침범,건조,맑음,단일로 - 기타,승용,여,43세,상해없음,이륜,남,36세,경상
2012022000100374,2012년 2월 20일 17시,월요일,경상남도 사천시 선구동,경상사고,0,0,2,0,차대차 - 기타,직진우회전진행방해,건조,맑음,교차로 - 교차로안,승용,남,38세,상해없음,승용,남,55세,경상
2012022000100375,2012년 2월 20일 17시,월요일,경상남도 거창군 거창읍,중상사고,0,1,0,0,차대차 - 측면직각충돌,교차로운행방법위반,건조,맑음,교차로 - 교차로안,화물,남,63세,상해없음,승용,남,38세,상해없음
2012022000100376,2012년 2월 20일 17시,월요일,경상남도 창녕군 남지읍,중상사고,0,1,0,0,차대차 - 추돌 - 진행중,안전운전불이행,건조,맑음,단일로 - 기타,승용,남,74세,상해없음,자전거,여,68세,중상
2012022000100377,2012년 2월 20일 17시,월요일,경상남도 창원시 의창구 팔용동,중상사고,0,1,0,0,차대차 - 측면직각충돌,교차로운행방법위반,건조,맑음,교차로 - 교차로부근,승용,남,28세,상해없음,자전거,남,13세,중상
2012022000100405,2012년 2월 20일 18시,월요일,경상남도 사천시 벌리동,중상사고,0,1,0,0,차대사람 - 기타,보행자보호의무위반,건조,맑음,단일로 - 횡단보도부근,승용,남,48세,상해없음,보행자,여,78세,중상
2012022000100447,2012년 2월 20일 19시,월요일,경상남도 사천시 향촌동,부상신고사고,0,0,0,1,차대차 - 기타,교차로운행방법위반,건조,맑음,교차로 - 교차로부근,원동기,여,56세,부상신고,승용,여,36세,상해없음
2012022000100448,2012년 2월 20일 19시,월요일,경상남도 김해시 어방동,중상사고,0,1,0,0,차대사람 - 횡단중,보행자보호의무위반,건조,맑음,단일로 - 횡단보도상,승용,남,55세,상해없음,보행자,남,70세,중상
2012022000100449,2012년 2월 20일 19시,월요일,경상남도 남해군 서면,중상사고,0,1,0,0,차대사람 - 길가장자리구역통행중,안전운전불이행,건조,맑음,단일로 - 기타,승용,남,54세,상해없음,보행자,여,80세,중상
2012022000100484,2012년 2월 20일 20시,월요일,경상남도 창원시 마산회원구 석전동,경상사고,0,0,2,0,차대차 - 추돌 - 주정차중,안전운전불이행,건조,맑음,교차로 - 교차로부근,승합,남,56세,상해없음,승용,남,33세,경상
2012022000100527,2012년 2월 20일 21시,월요일,경상남도 창원시 성산구 중앙동,경상사고,0,0,1,0,차대사람 - 차도통행중,안전운전불이행,건조,맑음,교차로 - 교차로안,승용,남,41세,상해없음,보행자,여,52세,경상
2012022000100528,2012년 2월 20일 21시,월요일,경상남도 창원시 성산구 가음정동,중상사고,0,1,0,0,차대사람 - 횡단중,안전운전불이행,건조,맑음,교차로 - 교차로부근,승용,남,51세,상해없음,보행자,남,16세,중상
2012022000100529,2012년 2월 20일 21시,월요일,경상남도 창원시 의창구 팔용동,경상사고,0,0,1,0,차대차 - 측면직각충돌,신호위반,건조,맑음,교차로 - 교차로안,승용,남,53세,상해없음,원동기,남,26세,경상
2012022000100576,2012년 2월 20일 22시,월요일,경상남도 창원시 성산구 반림동,경상사고,0,0,1,0,차대차 - 측면직각충돌,중앙선침범,건조,맑음,교차로 - 교차로부근,승용,남,43세,상해없음,승용,여,41세,경상
2012022100100047,2012년 2월 21일 01시,화요일,경상남도 산청군 단성면,중상사고,0,1,0,0,차량단독 - 전도전복,안전운전불이행,건조,맑음,기타 - 기타,승용,남,59세,상해없음,,,,
2012022100100091,2012년 2월 21일 04시,화요일,경상남도 창원시 의창구 봉곡동,경상사고,0,0,1,0,차대차 - 측면직각충돌,신호위반,건조,맑음,단일로 - 기타,승용,여,63세,상해없음,승용,남,42세,경상
2012022100100104,2012년 2월 21일 05시,화요일,경상남도 김해시 진례면,중상사고,0,1,0,0,차대차 - 측면직각충돌,안전운전불이행,건조,맑음,교차로 - 교차로안,승용,남,40세,상해없음,승용,남,29세,중상
2012022100100141,2012년 2월 21일 07시,화요일,경상남도 양산시 용당동,중상사고,0,1,0,0,차대차 - 측면직각충돌,안전운전불이행,건조,맑음,단일로 - 기타,화물,남,51세,상해없음,원동기,남,57세,중상
2012022100100142,2012년 2월 21일 07시,화요일,경상남도 거제시 고현동,중상사고,0,1,0,0,차대차 - 추돌 - 진행중,안전운전불이행,건조,맑음,교차로 - 교차로부근,승용,남,54세,상해없음,자전거,여,39세,중상
2012022100100227,2012년 2월 21일 10시,화요일,경상남도 사천시 용현면,경상사고,0,0,2,0,차대차 - 측면직각충돌,신호위반,건조,맑음,교차로 - 교차로안,화물,남,36세,상해없음,승용,남,58세,경상
2012022100100228,2012년 2월 21일 10시,화요일,경상남도 김해시 지내동,경상사고,0,0,1,0,차대차 - 측면직각충돌,안전거리미확보,건조,맑음,교차로 - 교차로부근,화물,남,18세,상해없음,화물,남,26세,경상
2012022100100229,2012년 2월 21일 10시,화요일,경상남도 양산시 북정동,부상신고사고,0,0,0,1,차대차 - 기타,직진우회전진행방해,건조,맑음,교차로 - 교차로안,승용,남,50세,상해없음,승용,남,57세,상해없음
2012022100100252,2012년 2월 21일 11시,화요일,경상남도 김해시 흥동,중상사고,0,1,0,0,차대차 - 측면직각충돌,안전거리미확보,건조,맑음,단일로 - 기타,승합,남,43세,상해없음,승용,여,46세,중상
2012022100100275,2012년 2월 21일 12시,화요일,경상남도 창원시 진해구 마천동,중상사고,0,1,0,0,차대차 - 기타,직진우회전진행방해,건조,흐림,교차로 - 교차로안,화물,남,40세,상해없음,승용,여,56세,중상
2012022100100276,2012년 2월 21일 12시,화요일,경상남도 창원시 진해구 여좌동,경상사고,0,0,1,0,차대사람 - 차도통행중,안전운전불이행,건조,맑음,단일로 - 기타,승용,여,33세,상해없음,보행자,여,52세,경상
2012022100100309,2012년 2월 21일 13시,화요일,경상남도 사천시 곤양면,중상사고,0,1,0,0,차대차 - 기타,안전운전불이행,건조,맑음,단일로 - 기타,승용,여,51세,상해없음,화물,남,46세,상해없음
2012022100100329,2012년 2월 21일 14시,화요일,경상남도 창원시 마산합포구 중앙동1가,경상사고,0,0,1,0,차대사람 - 보도통행중,중앙선침범,건조,흐림,단일로 - 기타,원동기,남,68세,상해없음,보행자,여,38세,경상
2012022100100330,2012년 2월 21일 14시,화요일,경상남도 함안군 대산면,경상사고,0,0,2,0,차대차 - 측면직각충돌,안전운전불이행,건조,맑음,교차로 - 교차로부근,승용,여,52세,상해없음,이륜,남,73세,경상
2012022100100388,2012년 2월 21일 16시,화요일,경상남도 창원시 마산합포구 오동동,중상사고,0,1,0,0,차대사람 - 횡단중,안전운전불이행,습기,비,단일로 - 기타,승용,남,34세,상해없음,보행자,남,70세,중상
2012022100100389,2012년 2월 21일 16시,화요일,경상남도 사천시 사천읍,경상사고,0,0,1,0,차대차 - 기타,안전운전불이행,습기,눈,교차로 - 교차로부근,화물,남,53세,상해없음,승용,남,60세,경상
2012022100100390,2012년 2월 21일 16시,화요일,경상남도 창녕군 유어면,경상사고,0,0,1,0,차대차 - 측면직각충돌,안전운전불이행,습기,비,교차로 - 교차로안,자전거,여,69세,경상,화물,여,61세,상해없음
2012022100100391,2012년 2월 21일 16시,화요일,경상남도 함양군 마천면,중상사고,0,1,0,0,차대사람 - 차도통행중,안전운전불이행,건조,맑음,단일로 - 기타,승합,남,36세,상해없음,보행자,남,41세,중상
2012022100100392,2012년 2월 21일 16시,화요일,경상남도 고성군 상리면,경상사고,0,0,1,0,차량단독 - 공작물충돌,안전운전불이행,결빙,눈,단일로 - 기타,화물,남,35세,상해없음,,,,
2012022100100393,2012년 2월 21일 16시,화요일,경상남도 고성군 상리면,경상사고,0,0,1,0,차대차 - 추돌 - 주정차중,안전운전불이행,결빙,눈,단일로 - 기타,승용,여,23세,상해없음,화물,남,71세,경상
2012022100100417,2012년 2월 21일 17시,화요일,경상남도 창원시 마산합포구 우산동,중상사고,0,2,0,0,차대차 - 추돌 - 주정차중,안전운전불이행,습기,비,교차로 - 교차로부근,화물,남,50세,상해없음,승용,여,52세,중상
2012022100100418,2012년 2월 21일 17시,화요일,경상남도 진주시 정촌면,중상사고,0,1,0,0,차대차 - 측면직각충돌,신호위반,적설,눈,교차로 - 교차로안,건설기계,남,37세,상해없음,승용,남,64세,중상
2012022100100419,2012년 2월 21일 17시,화요일,경상남도 창원시 진해구 안골동,중상사고,0,1,1,0,차대차 - 정면충돌,안전운전불이행,습기,비,단일로 - 횡단보도상,화물,남,36세,상해없음,화물,남,69세,중상
2012022100100420,2012년 2월 21일 17시,화요일,경상남도 통영시 당동,사망사고,1,0,0,0,차대사람 - 횡단중,안전운전불이행,습기,비,단일로 - 기타,승용,남,68세,상해없음,보행자,여,72세,사망
2012022100100421,2012년 2월 21일 17시,화요일,경상남도 사천시 선구동,경상사고,0,0,1,0,차대차 - 측면직각충돌,교차로운행방법위반,습기,비,교차로 - 교차로안,승용,여,34세,상해없음,이륜,남,72세,경상
2012022100100422,2012년 2월 21일 17시,화요일,경상남도 김해시 어방동,경상사고,0,0,1,0,차대차 - 측면직각충돌,교차로운행방법위반,습기,비,교차로 - 교차로안,승용,남,47세,상해없음,원동기,남,22세,경상
2012022100100423,2012년 2월 21일 17시,화요일,경상남도 거제시 고현동,중상사고,0,1,0,0,차대차 - 측면직각충돌,안전운전불이행,습기,비,교차로 - 교차로안,승합,남,47세,상해없음,이륜,남,22세,중상
2012022100100424,2012년 2월 21일 17시,화요일,경상남도 김해시 흥동,중상사고,0,1,0,0,차대차 - 측면직각충돌,중앙선침범,습기,비,단일로 - 기타,승용,여,50세,상해없음,이륜,남,19세,중상
2012022100100462,2012년 2월 21일 18시,화요일,경상남도 사천시 사남면,중상사고,0,1,0,0,차대차 - 기타,신호위반,건조,맑음,교차로 - 교차로안,승합,남,68세,상해없음,승용,남,22세,중상
2012022100100463,2012년 2월 21일 18시,화요일,경상남도 김해시 삼정동,중상사고,0,2,0,0,차대차 - 측면직각충돌,교차로운행방법위반,습기,비,교차로 - 교차로안,승용,여,39세,중상,승용,남,29세,상해없음
2012022100100464,2012년 2월 21일 18시,화요일,경상남도 양산시 물금읍,경상사고,0,0,1,0,차대차 - 기타,안전거리미확보,습기,비,단일로 - 기타,승용,여,36세,상해없음,이륜,남,46세,경상
2012022100100465,2012년 2월 21일 18시,화요일,경상남도 거제시 장승포동,경상사고,0,0,1,0,차대차 - 측면직각충돌,중앙선침범,습기,비,단일로 - 기타,승용,남,22세,상해없음,원동기,남,30세,경상