사고번호,사고일시,요일,시군구,사고내용,사망자수,중상자수,경상자수,부상신고자수,사고유형,법규위반,노면상태,기상상태,도로형태,가해운전자 차종,가해운전자 성별,가해운전자 연령,가해운전자 상해정도,피해운전자 차종,피해운전자 성별,피해운전자 연령,피해운전자 상해정도
2012022100100466,2012년 2월 21일 18시,화요일,경상남도 거제시 사등면,경상사고,0,0,1,0,차대차 - 측면직각충돌,중앙선침범,습기,비,단일로 - 기타,승용,남,19세,상해없음,승용,남,37세,경상
2012022100100467,2012년 2월 21일 18시,화요일,경상남도 거제시 고현동,중상사고,0,1,0,0,차대사람 - 횡단중,보행자보호의무위반,습기,비,단일로 - 횡단보도상,승용,여,43세,상해없음,보행자,남,25세,중상
2012022100100511,2012년 2월 21일 19시,화요일,경상남도 김해시 삼계동,중상사고,0,1,0,0,차대차 - 추돌 - 진행중,안전운전불이행,습기,비,교차로 - 교차로부근,승용,남,16세,상해없음,승합,남,34세,기타불명
2012022100100512,2012년 2월 21일 19시,화요일,경상남도 거제시 사등면,경상사고,0,0,1,0,차대차 - 추돌 - 진행중,안전운전불이행,습기,비,단일로 - 기타,화물,남,75세,상해없음,화물,남,42세,경상
2012022100100513,2012년 2월 21일 19시,화요일,경상남도 김해시 장유면,중상사고,0,1,0,0,차대차 - 측면직각충돌,신호위반,습기,비,교차로 - 교차로안,승용,남,31세,상해없음,승용,여,42세,중상
2012022100100537,2012년 2월 21일 20시,화요일,경상남도 김해시 상동면,중상사고,0,3,3,0,차대차 - 추돌 - 진행중,안전거리미확보,습기,비,단일로 - 기타,승용,여,53세,중상,특수,남,35세,상해없음
2012022100100556,2012년 2월 21일 20시,화요일,경상남도 거제시 장평동,중상사고,0,1,0,0,차대사람 - 횡단중,안전운전불이행,습기,비,교차로 - 교차로안,이륜,남,16세,상해없음,보행자,남,47세,중상
2012022100100592,2012년 2월 21일 21시,화요일,경상남도 사천시 벌리동,경상사고,0,0,1,0,차대차 - 측면직각충돌,안전운전불이행,습기,맑음,교차로 - 교차로안,승용,여,49세,상해없음,승용,여,54세,상해없음
2012022100100593,2012년 2월 21일 21시,화요일,경상남도 창원시 마산회원구 합성동,경상사고,0,0,1,0,차대사람 - 기타,안전운전불이행,건조,맑음,교차로 - 교차로부근,이륜,남,17세,상해없음,보행자,남,52세,경상
2012022100100621,2012년 2월 21일 22시,화요일,경상남도 거제시 수월동,중상사고,0,1,0,0,차대차 - 측면직각충돌,안전거리미확보,습기,비,단일로 - 기타,승용,남,49세,상해없음,승용,여,22세,상해없음
2012022100100673,2012년 2월 21일 23시,화요일,경상남도 밀양시 부북면,경상사고,0,0,1,0,차량단독 - 도로외이탈 - 추락,안전운전불이행,건조,흐림,단일로 - 기타,승용,남,36세,상해없음,,,,
2012022100100674,2012년 2월 21일 23시,화요일,경상남도 합천군 삼가면,사망사고,1,0,0,0,차대차 - 추돌 - 주정차중,중앙선침범,결빙,눈,단일로 - 교량,승용,남,56세,상해없음,화물,남,25세,사망
2012022100100675,2012년 2월 21일 23시,화요일,경상남도 양산시 중부동,경상사고,0,0,1,0,차대사람 - 횡단중,보행자보호의무위반,습기,흐림,교차로 - 교차로부근,승용,남,25세,상해없음,보행자,여,49세,경상
2012022100100676,2012년 2월 21일 23시,화요일,경상남도 창원시 의창구 사림동,경상사고,0,0,1,0,차대차 - 기타,안전거리미확보,건조,맑음,기타 - 기타,승용,남,46세,상해없음,이륜,남,17세,경상
2012022200100023,2012년 2월 22일 00시,수요일,경상남도 창원시 의창구 용호동,중상사고,0,1,2,0,차대차 - 측면직각충돌,안전운전불이행,건조,맑음,단일로 - 기타,승용,남,24세,상해없음,승용,남,26세,중상
2012022200100084,2012년 2월 22일 04시,수요일,경상남도 거제시 고현동,중상사고,0,1,0,0,차대사람 - 횡단중,보행자보호의무위반,습기,흐림,단일로 - 횡단보도상,승용,여,47세,상해없음,보행자,남,74세,중상
2012022200100096,2012년 2월 22일 05시,수요일,경상남도 김해시 어방동,중상사고,0,1,0,0,차대사람 - 기타,안전운전불이행,습기,맑음,단일로 - 기타,승합,남,26세,상해없음,보행자,여,57세,중상
2012022200100115,2012년 2월 22일 06시,수요일,경상남도 밀양시 삼랑진읍,경상사고,0,0,1,0,차대차 - 추돌 - 주정차중,안전운전불이행,습기,흐림,단일로 - 기타,승용,여,48세,상해없음,승용,미분류,기타불명,기타불명
2012022200100116,2012년 2월 22일 06시,수요일,경상남도 거제시 사등면,중상사고,0,9,2,0,차대차 - 추돌 - 진행중,안전거리미확보,건조,흐림,단일로 - 기타,승용,남,25세,중상,승용,남,40세,중상
2012022200100137,2012년 2월 22일 07시,수요일,경상남도 거제시 사등면,중상사고,0,1,1,0,차대차 - 추돌 - 진행중,안전거리미확보,습기,흐림,단일로 - 기타,승용,남,56세,상해없음,승용,남,34세,경상
2012022200100138,2012년 2월 22일 07시,수요일,경상남도 함안군 가야읍,경상사고,0,0,2,0,차대차 - 측면직각충돌,안전운전불이행,습기,흐림,단일로 - 기타,화물,남,28세,상해없음,승용,남,30세,경상
2012022200100177,2012년 2월 22일 08시,수요일,경상남도 창원시 마산합포구 오동동,경상사고,0,0,1,0,차대차 - 측면직각충돌,교차로운행방법위반,건조,맑음,교차로 - 교차로부근,승용,남,28세,상해없음,승용,남,50세,경상
2012022200100202,2012년 2월 22일 09시,수요일,경상남도 창원시 마산합포구 중앙동1가,중상사고,0,1,0,0,차대차 - 측면직각충돌,교차로운행방법위반,건조,맑음,교차로 - 교차로안,승용,남,59세,상해없음,승용,남,54세,중상
2012022200100203,2012년 2월 22일 09시,수요일,경상남도 진주시 동성동,중상사고,0,1,0,0,차대사람 - 횡단중,신호위반,건조,맑음,단일로 - 횡단보도상,승용,여,53세,상해없음,보행자,여,73세,중상
2012022200100227,2012년 2월 22일 10시,수요일,경상남도 하동군 하동읍,중상사고,0,1,0,0,차대사람 - 기타,안전운전불이행,건조,맑음,단일로 - 기타,승용,여,54세,상해없음,보행자,여,60세,중상
2012022200100247,2012년 2월 22일 11시,수요일,경상남도 양산시 동면,중상사고,0,1,0,0,차대차 - 기타,안전운전불이행,건조,맑음,교차로 - 교차로부근,화물,남,51세,기타불명,승용,남,58세,중상
2012022200100307,2012년 2월 22일 14시,수요일,경상남도 창녕군 창녕읍,경상사고,0,0,1,0,차대사람 - 기타,안전운전불이행,건조,맑음,단일로 - 기타,승용,여,43세,상해없음,보행자,남,7세,경상
2012022200100308,2012년 2월 22일 14시,수요일,경상남도 창원시 성산구 내동,경상사고,0,0,1,0,차대차 - 측면직각충돌,교차로운행방법위반,건조,맑음,교차로 - 교차로안,승용,남,47세,상해없음,승용,남,60세,상해없음
2012022200100309,2012년 2월 22일 14시,수요일,경상남도 창원시 의창구 도계동,경상사고,0,0,1,0,차대차 - 추돌 - 주정차중,안전거리미확보,건조,맑음,교차로 - 교차로부근,화물,남,51세,상해없음,화물,남,46세,경상
2012022200100332,2012년 2월 22일 15시,수요일,경상남도 창원시 의창구 명서동,중상사고,0,1,2,0,차대차 - 기타,안전운전불이행,건조,맑음,교차로 - 교차로안,승용,여,43세,상해없음,승합,남,43세,상해없음
2012022200100355,2012년 2월 22일 16시,수요일,경상남도 의령군 의령읍,중상사고,0,1,0,0,차대사람 - 기타,안전운전불이행,건조,맑음,단일로 - 기타,승용,여,40세,상해없음,보행자,남,14세,중상
2012022200100379,2012년 2월 22일 17시,수요일,경상남도 양산시 북부동,중상사고,0,1,0,0,차대사람 - 기타,안전운전불이행,건조,맑음,교차로 - 교차로안,승합,남,38세,기타불명,보행자,여,65세,중상
2012022200100412,2012년 2월 22일 18시,수요일,경상남도 김해시 부원동,경상사고,0,0,1,0,차대사람 - 횡단중,보행자보호의무위반,건조,맑음,단일로 - 횡단보도상,승용,여,28세,상해없음,보행자,남,64세,경상
2012022200100448,2012년 2월 22일 19시,수요일,경상남도 김해시 삼정동,중상사고,0,2,0,0,차대차 - 추돌 - 주정차중,안전운전불이행,건조,맑음,단일로 - 기타,승용,남,45세,상해없음,승용,남,23세,중상
2012022200100449,2012년 2월 22일 19시,수요일,경상남도 김해시 진례면,경상사고,0,0,2,0,차대사람 - 횡단중,보행자보호의무위반,건조,맑음,교차로 - 교차로안,화물,남,26세,상해없음,보행자,남,13세,경상
2012022200100481,2012년 2월 22일 20시,수요일,경상남도 김해시 외동,중상사고,0,1,0,0,차대차 - 추돌 - 주정차중,기타,건조,맑음,단일로 - 기타,승용,여,33세,상해없음,원동기,남,41세,중상
2012022200100482,2012년 2월 22일 20시,수요일,경상남도 양산시 중부동,부상신고사고,0,0,0,1,차대차 - 기타,안전운전불이행,건조,맑음,단일로 - 횡단보도부근,기타불명,기타불명,기타불명,기타불명,자전거,여,15세,부상신고
2012022200100505,2012년 2월 22일 21시,수요일,경상남도 김해시 삼계동,경상사고,0,0,1,0,차대차 - 추돌 - 주정차중,중앙선침범,건조,맑음,단일로 - 기타,승용,여,41세,상해없음,이륜,남,16세,경상
2012022200100506,2012년 2월 22일 21시,수요일,경상남도 창녕군 대지면,경상사고,0,0,1,0,차대사람 - 횡단중,안전운전불이행,건조,맑음,단일로 - 횡단보도부근,승용,남,27세,상해없음,보행자,남,59세,경상
2012022200100507,2012년 2월 22일 21시,수요일,경상남도 창원시 마산합포구 산호동,중상사고,0,1,0,0,차대차 - 측면직각충돌,안전운전불이행,건조,맑음,단일로 - 기타,승용,남,55세,상해없음,승용,남,39세,중상
2012022200100531,2012년 2월 22일 22시,수요일,경상남도 창원시 진해구 태평동,중상사고,0,1,1,0,차대차 - 추돌 - 주정차중,안전운전불이행,건조,맑음,단일로 - 기타,승용,남,30세,상해없음,승용,여,51세,경상
2012022200100532,2012년 2월 22일 22시,수요일,경상남도 김해시 삼방동,중상사고,0,1,0,0,차대차 - 측면직각충돌,교차로운행방법위반,건조,맑음,교차로 - 교차로안,승용,남,25세,상해없음,이륜,남,19세,중상
2012022200100534,2012년 2월 22일 22시,수요일,경상남도 창원시 성산구 상남동,경상사고,0,0,1,0,차대사람 - 기타,안전운전불이행,건조,맑음,교차로 - 교차로부근,승용,남,43세,상해없음,보행자,남,29세,경상
2012022200100564,2012년 2월 22일 23시,수요일,경상남도 거제시 장승포동,경상사고,0,0,1,0,차대차 - 측면직각충돌,교차로운행방법위반,건조,맑음,교차로 - 교차로부근,승용,남,57세,상해없음,승용,남,40세,경상
2012022300100020,2012년 2월 23일 00시,목요일,경상남도 김해시 풍유동,경상사고,0,0,1,1,차대차 - 추돌 - 주정차중,안전운전불이행,건조,맑음,교차로 - 교차로부근,승용,남,45세,상해없음,승용,여,47세,부상신고
2012022300100084,2012년 2월 23일 05시,목요일,경상남도 창원시 마산회원구 합성동,중상사고,0,1,0,0,차대차 - 측면직각충돌,안전운전불이행,건조,맑음,교차로 - 교차로안,승용,남,67세,상해없음,화물,남,54세,중상
2012022300100137,2012년 2월 23일 08시,목요일,경상남도 통영시 북신동,중상사고,0,1,0,0,차대사람 - 횡단중,보행자보호의무위반,건조,맑음,단일로 - 횡단보도상,승용,남,60세,상해없음,보행자,여,30세,중상
2012022300100138,2012년 2월 23일 08시,목요일,경상남도 사천시 축동면,경상사고,0,0,1,0,차대차 - 측면직각충돌,차로위반,건조,맑음,단일로 - 기타,승용,남,61세,상해없음,화물,남,42세,경상
2012022300100139,2012년 2월 23일 08시,목요일,경상남도 김해시 어방동,경상사고,0,0,1,2,차대차 - 측면직각충돌,교차로운행방법위반,건조,맑음,교차로 - 교차로안,승용,남,25세,상해없음,승용,여,37세,경상
2012022300100140,2012년 2월 23일 08시,목요일,경상남도 창원시 마산회원구 봉암동,중상사고,0,1,0,0,차대사람 - 횡단중,안전운전불이행,건조,맑음,단일로 - 기타,승용,남,51세,상해없음,보행자,여,61세,중상
2012022300100188,2012년 2월 23일 10시,목요일,경상남도 김해시 진영읍,경상사고,0,0,1,0,차대차 - 기타,신호위반,건조,맑음,교차로 - 교차로안,이륜,남,18세,상해없음,화물,남,28세,상해없음
2012022300100227,2012년 2월 23일 12시,목요일,경상남도 창원시 진해구 경화동,중상사고,0,1,0,0,차대차 - 기타,안전운전불이행,건조,맑음,교차로 - 교차로부근,자전거,남,24세,중상,승용,남,34세,상해없음
2012022300100228,2012년 2월 23일 12시,목요일,경상남도 양산시 동면,중상사고,0,1,0,0,차대차 - 기타,교차로운행방법위반,건조,맑음,교차로 - 교차로안,승용,여,56세,상해없음,자전거,여,49세,중상
2012022300100252,2012년 2월 23일 13시,목요일,경상남도 진주시 봉곡동,중상사고,0,1,0,0,차대사람 - 횡단중,보행자보호의무위반,건조,맑음,단일로 - 기타,승용,여,49세,상해없음,보행자,여,70세,중상
2012022300100253,2012년 2월 23일 13시,목요일,경상남도 창원시 의창구 사림동,경상사고,0,0,3,0,차대차 - 측면직각충돌,중앙선침범,건조,맑음,교차로 - 교차로부근,승용,남,53세,상해없음,승용,남,43세,경상
2012022300100306,2012년 2월 23일 15시,목요일,경상남도 창원시 진해구 청안동,중상사고,0,1,0,0,차대사람 - 횡단중,보행자보호의무위반,건조,맑음,교차로 - 교차로안,화물,남,51세,상해없음,보행자,남,7세,중상
2012022300100307,2012년 2월 23일 15시,목요일,경상남도 하동군 하동읍,경상사고,0,0,1,0,차대차 - 추돌 - 진행중,안전운전불이행,건조,맑음,단일로 - 기타,화물,남,41세,상해없음,승용,남,29세,경상
2012022300100329,2012년 2월 23일 16시,목요일,경상남도 창원시 마산회원구 내서읍,경상사고,0,0,1,0,차대사람 - 기타,안전운전불이행,건조,맑음,교차로 - 교차로부근,승용,여,53세,상해없음,보행자,여,30세,경상
2012022300100374,2012년 2월 23일 18시,목요일,경상남도 김해시 외동,경상사고,0,0,2,0,차대차 - 기타,신호위반,건조,맑음,교차로 - 교차로안,승용,남,51세,상해없음,승용,여,43세,경상
2012022300100375,2012년 2월 23일 18시,목요일,경상남도 합천군 가야면,중상사고,0,1,1,0,차대차 - 기타,안전운전불이행,건조,맑음,단일로 - 기타,승용,남,45세,상해없음,승용,남,45세,경상
2012022300100422,2012년 2월 23일 20시,목요일,경상남도 진주시 금산면,중상사고,0,1,0,0,차대사람 - 횡단중,안전운전불이행,건조,맑음,단일로 - 기타,승용,남,53세,상해없음,보행자,남,33세,중상
2012022300100423,2012년 2월 23일 20시,목요일,경상남도 김해시 장유면,중상사고,0,1,0,0,차대차 - 기타,안전운전불이행,건조,맑음,단일로 - 기타,승용,남,26세,상해없음,원동기,남,46세,중상
2012022300100453,2012년 2월 23일 21시,목요일,경상남도 김해시 삼방동,중상사고,0,1,0,0,차대차 - 기타,교차로운행방법위반,건조,맑음,교차로 - 교차로안,승용,남,27세,상해없음,승용,여,46세,중상
2012022300100476,2012년 2월 23일 22시,목요일,경상남도 양산시 주진동,경상사고,0,0,1,0,차대차 - 추돌 - 진행중,안전거리미확보,건조,맑음,단일로 - 기타,승용,남,34세,상해없음,승용,남,38세,경상
2012022400100020,2012년 2월 24일 00시,금요일,경상남도 거제시 옥포동,경상사고,0,0,1,0,차대사람 - 횡단중,보행자보호의무위반,건조,맑음,교차로 - 교차로부근,승용,남,49세,상해없음,보행자,남,45세,경상
2012022400100042,2012년 2월 24일 01시,금요일,경상남도 창원시 마산회원구 내서읍,경상사고,0,0,1,0,차대사람 - 횡단중,안전운전불이행,건조,맑음,교차로 - 교차로부근,승용,기타불명,기타불명,기타불명,보행자,남,18세,경상
2012022400100055,2012년 2월 24일 02시,금요일,경상남도 함양군 함양읍,중상사고,0,1,0,0,차대사람 - 길가장자리구역통행중,안전운전불이행,건조,맑음,단일로 - 기타,승용,여,32세,상해없음,보행자,남,22세,중상
2012022400100116,2012년 2월 24일 06시,금요일,경상남도 김해시 내동,경상사고,0,0,1,0,차대차 - 측면직각충돌,안전거리미확보,건조,맑음,단일로 - 기타,승용,남,57세,상해없음,원동기,남,56세,경상
2012022400100139,2012년 2월 24일 07시,금요일,경상남도 창녕군 창녕읍,중상사고,0,1,0,0,차대차 - 측면직각충돌,안전운전불이행,건조,맑음,교차로 - 교차로부근,승용,남,54세,상해없음,화물,남,51세,중상
2012022400100200,2012년 2월 24일 09시,금요일,경상남도 합천군 합천읍,경상사고,0,0,1,0,차대차 - 측면직각충돌,교차로운행방법위반,건조,맑음,교차로 - 교차로안,승용,남,52세,상해없음,자전거,여,52세,경상
2012022400100220,2012년 2월 24일 10시,금요일,경상남도 거창군 고제면,중상사고,0,1,0,0,차대사람 - 길가장자리구역통행중,안전운전불이행,건조,흐림,기타 - 기타,화물,남,48세,상해없음,보행자,여,69세,중상
2012022400100221,2012년 2월 24일 10시,금요일,경상남도 합천군 합천읍,중상사고,0,1,0,0,차대차 - 측면직각충돌,교차로운행방법위반,건조,맑음,교차로 - 교차로안,화물,남,49세,상해없음,이륜,남,80세,중상
2012022400100262,2012년 2월 24일 12시,금요일,경상남도 창원시 진해구 여좌동,중상사고,0,2,4,0,차대차 - 측면직각충돌,안전운전불이행,건조,맑음,단일로 - 횡단보도부근,승용,남,69세,상해없음,승합,남,46세,경상
2012022400100263,2012년 2월 24일 12시,금요일,경상남도 창녕군 영산면,중상사고,0,1,3,0,차대차 - 추돌 - 진행중,안전운전불이행,건조,맑음,단일로 - 기타,특수,남,63세,상해없음,화물,남,59세,중상
2012022400100279,2012년 2월 24일 13시,금요일,경상남도 진주시 가좌동,중상사고,0,1,0,0,차대사람 - 기타,안전운전불이행,건조,맑음,단일로 - 기타,화물,남,33세,상해없음,보행자,여,81세,중상
2012022400100280,2012년 2월 24일 13시,금요일,경상남도 창원시 마산회원구 구암동,부상신고사고,0,0,0,5,차대차 - 측면직각충돌,안전운전불이행,건조,맑음,교차로 - 교차로안,승용,남,24세,상해없음,승용,여,32세,부상신고
2012022400100301,2012년 2월 24일 14시,금요일,경상남도 창녕군 계성면,중상사고,0,3,0,0,차대차 - 측면직각충돌,안전운전불이행,건조,맑음,교차로 - 교차로안,승용,여,23세,중상,승용,여,33세,중상
2012022400100302,2012년 2월 24일 14시,금요일,경상남도 양산시 물금읍,부상신고사고,0,0,0,2,차대차 - 측면직각충돌,안전운전불이행,건조,맑음,단일로 - 기타,화물,남,29세,상해없음,승용,남,54세,부상신고
2012022400100327,2012년 2월 24일 15시,금요일,경상남도 고성군 고성읍,중상사고,0,1,0,0,차대사람 - 횡단중,안전운전불이행,건조,맑음,단일로 - 횡단보도상,승용,여,56세,상해없음,보행자,여,11세,중상
2012022400100353,2012년 2월 24일 16시,금요일,경상남도 통영시 무전동,경상사고,0,0,1,0,차대차 - 측면직각충돌,안전운전불이행,건조,맑음,교차로 - 교차로부근,자전거,여,46세,경상,승용,남,21세,상해없음
2012022400100384,2012년 2월 24일 17시,금요일,경상남도 양산시 평산동,중상사고,0,1,0,0,차대사람 - 횡단중,안전운전불이행,건조,맑음,교차로 - 교차로안,승용,여,54세,상해없음,보행자,남,8세,중상
2012022400100419,2012년 2월 24일 18시,금요일,경상남도 사천시 벌리동,경상사고,0,0,1,0,차대차 - 기타,교차로운행방법위반,건조,맑음,교차로 - 교차로안,승용,남,65세,상해없음,승용,여,37세,경상
2012022400100420,2012년 2월 24일 18시,금요일,경상남도 거제시 사등면,중상사고,0,1,0,0,차대사람 - 기타,안전운전불이행,건조,맑음,기타 - 기타,승용,남,55세,상해없음,보행자,남,41세,중상
2012022400100452,2012년 2월 24일 19시,금요일,경상남도 함양군 서하면,중상사고,0,3,3,0,차대차 - 기타,안전운전불이행,기타,흐림,단일로 - 기타,승용,남,57세,상해없음,승용,남,49세,경상
2012022400100456,2012년 2월 24일 19시,금요일,경상남도 창원시 진해구 통신동,중상사고,0,1,0,0,차대차 - 측면직각충돌,중앙선침범,건조,맑음,교차로 - 교차로부근,원동기,남,45세,상해없음,원동기,남,37세,중상
2012022400100457,2012년 2월 24일 19시,금요일,경상남도 합천군 합천읍,경상사고,0,0,1,0,차대사람 - 기타,불법유턴,건조,흐림,교차로 - 교차로부근,승용,남,41세,상해없음,보행자,여,38세,경상
2012022400100458,2012년 2월 24일 19시,금요일,경상남도 양산시 북부동,경상사고,0,0,2,0,차대차 - 측면직각충돌,안전운전불이행,건조,맑음,단일로 - 기타,승용,남,55세,상해없음,승용,남,24세,경상
2012022400100459,2012년 2월 24일 19시,금요일,경상남도 고성군 고성읍,사망사고,1,0,0,0,차대사람 - 길가장자리구역통행중,안전운전불이행,건조,맑음,단일로 - 기타,화물,남,54세,상해없음,보행자,여,59세,사망
2012022400100460,2012년 2월 24일 19시,금요일,경상남도 김해시 장유면,중상사고,0,1,0,0,차대사람 - 기타,안전운전불이행,건조,맑음,단일로 - 기타,화물,남,42세,상해없음,보행자,남,63세,중상
2012022400100501,2012년 2월 24일 20시,금요일,경상남도 양산시 신기동,중상사고,0,1,0,0,차대차 - 측면직각충돌,중앙선침범,건조,맑음,단일로 - 기타,승용,남,47세,상해없음,승용,남,49세,중상
2012022400100502,2012년 2월 24일 20시,금요일,경상남도 거제시 연초면,경상사고,0,0,1,2,차대차 - 정면충돌,중앙선침범,건조,맑음,단일로 - 기타,승용,남,58세,상해없음,승용,남,42세,경상
2012022400100503,2012년 2월 24일 20시,금요일,경상남도 거제시 고현동,경상사고,0,0,1,0,차대사람 - 길가장자리구역통행중,안전운전불이행,건조,맑음,단일로 - 기타,승용,남,45세,상해없음,보행자,남,27세,경상
2012022400100544,2012년 2월 24일 21시,금요일,경상남도 양산시 상북면,부상신고사고,0,0,0,1,차대사람 - 길가장자리구역통행중,안전운전불이행,건조,맑음,단일로 - 기타,원동기,기타불명,기타불명,기타불명,보행자,남,32세,부상신고
2012022400100545,2012년 2월 24일 21시,금요일,경상남도 김해시 장유면,경상사고,0,0,1,0,차대차 - 정면충돌,안전운전불이행,건조,맑음,단일로 - 기타,승용,남,35세,상해없음,화물,남,23세,경상
2012022400100584,2012년 2월 24일 22시,금요일,경상남도 거제시 옥포동,중상사고,0,2,0,0,차대차 - 추돌 - 진행중,안전운전불이행,건조,맑음,단일로 - 기타,승용,여,47세,상해없음,이륜,남,39세,중상
2012022400100585,2012년 2월 24일 22시,금요일,경상남도 거제시 고현동,경상사고,0,0,1,0,차대차 - 추돌 - 진행중,안전운전불이행,건조,맑음,단일로 - 기타,승용,남,39세,상해없음,승용,여,30세,경상
2012022400100586,2012년 2월 24일 22시,금요일,경상남도 창원시 의창구 명서동,경상사고,0,0,1,0,차대차 - 기타,안전운전불이행,건조,맑음,교차로 - 교차로안,승용,남,40세,기타불명,승합,여,41세,경상
2012022400100618,2012년 2월 24일 23시,금요일,경상남도 창원시 진해구 석동,경상사고,0,0,1,0,차대차 - 측면직각충돌,차로위반,건조,맑음,단일로 - 터널,승용,여,59세,상해없음,승용,남,37세,경상
2012022400100619,2012년 2월 24일 23시,금요일,경상남도 창원시 마산회원구 합성동,경상사고,0,0,1,0,차대사람 - 길가장자리구역통행중,안전운전불이행,건조,맑음,교차로 - 교차로안,승용,남,51세,상해없음,보행자,여,66세,경상
2012022500100092,2012년 2월 25일 02시,토요일,경상남도 함양군 함양읍,경상사고,0,0,1,0,차대사람 - 차도통행중,안전운전불이행,습기,비,교차로 - 교차로안,승용,남,40세,상해없음,보행자,남,42세,경상
2012022500100111,2012년 2월 25일 03시,토요일,경상남도 김해시 장유면,경상사고,0,0,1,0,차대차 - 측면직각충돌,안전운전불이행,건조,맑음,단일로 - 기타,승용,남,29세,경상,승용,남,34세,상해없음
2012022500100133,2012년 2월 25일 04시,토요일,경상남도 통영시 무전동,중상사고,0,1,0,0,차대차 - 측면직각충돌,신호위반,건조,맑음,교차로 - 교차로안,이륜,남,16세,중상,승용,남,49세,상해없음
2012022500100134,2012년 2월 25일 04시,토요일,경상남도 창원시 마산회원구 합성동,사망사고,1,0,0,0,차대사람 - 기타,안전운전불이행,건조,맑음,단일로 - 기타,승용,남,53세,상해없음,보행자,여,26세,사망
2012022500100135,2012년 2월 25일 04시,토요일,경상남도 거창군 가조면,사망사고,1,1,0,0,차대차 - 정면충돌,중앙선침범,습기,흐림,단일로 - 기타,화물,남,30세,사망,화물,남,43세,중상
2012022500100211,2012년 2월 25일 08시,토요일,경상남도 통영시 도남동,경상사고,0,0,1,0,차대차 - 측면직각충돌,교차로운행방법위반,건조,맑음,교차로 - 교차로안,승용,남,50세,상해없음,화물,남,64세,경상
2012022500100212,2012년 2월 25일 08시,토요일,경상남도 사천시 대방동,중상사고,0,1,0,0,차량단독 - 기타,기타,건조,맑음,교차로 - 교차로안,화물,남,40세,상해없음,,,,
2012022500100213,2012년 2월 25일 08시,토요일,경상남도 김해시 내동,중상사고,0,1,0,0,차대차 - 추돌 - 주정차중,안전운전불이행,건조,맑음,단일로 - 기타,승용,남,50세,상해없음,승용,남,63세,중상
2012022500100229,2012년 2월 25일 09시,토요일,경상남도 창원시 의창구 명서동,중상사고,0,1,0,0,차대차 - 측면직각충돌,안전운전불이행,건조,맑음,교차로 - 교차로안,화물,남,45세,상해없음,승용,남,23세,중상
2012022500100268,2012년 2월 25일 11시,토요일,경상남도 의령군 정곡면,중상사고,0,1,1,0,차대차 - 측면직각충돌,교차로운행방법위반,건조,흐림,교차로 - 교차로안,화물,남,60세,상해없음,화물,남,54세,경상
2012022500100348,2012년 2월 25일 15시,토요일,경상남도 거창군 거창읍,중상사고,0,1,0,0,차대사람 - 길가장자리구역통행중,안전운전불이행,건조,맑음,기타 - 기타,화물,남,33세,상해없음,보행자,남,44세,중상
2012022500100373,2012년 2월 25일 16시,토요일,경상남도 김해시 안동,경상사고,0,0,1,0,차대차 - 측면직각충돌,중앙선침범,건조,흐림,교차로 - 교차로안,자전거,여,47세,경상,승용,남,44세,상해없음
2012022500100399,2012년 2월 25일 17시,토요일,경상남도 통영시 무전동,경상사고,0,0,3,0,차대차 - 추돌 - 주정차중,안전운전불이행,건조,맑음,단일로 - 기타,승용,남,58세,상해없음,승용,남,39세,경상
2012022500100436,2012년 2월 25일 18시,토요일,경상남도 창원시 진해구 풍호동,중상사고,0,1,2,0,차대차 - 추돌 - 주정차중,안전운전불이행,건조,맑음,단일로 - 기타,승용,남,46세,상해없음,승용,남,66세,중상
2012022500100437,2012년 2월 25일 18시,토요일,경상남도 창원시 진해구 이동,경상사고,0,0,1,0,차대사람 - 횡단중,보행자보호의무위반,건조,맑음,교차로 - 교차로안,승용,남,33세,상해없음,보행자,여,66세,경상
2012022500100438,2012년 2월 25일 18시,토요일,경상남도 창원시 진해구 이동,경상사고,0,0,2,0,차대차 - 측면직각충돌,직진우회전진행방해,건조,맑음,교차로 - 교차로안,승용,남,27세,경상,승용,남,41세,경상
2012022500100439,2012년 2월 25일 18시,토요일,경상남도 김해시 삼계동,중상사고,0,1,0,0,차대차 - 측면직각충돌,안전운전불이행,건조,맑음,교차로 - 교차로안,화물,남,53세,상해없음,승용,남,44세,중상
2012022500100440,2012년 2월 25일 18시,토요일,경상남도 창원시 마산회원구 양덕동,부상신고사고,0,0,0,2,차대차 - 측면직각충돌,안전운전불이행,건조,맑음,교차로 - 교차로안,승용,남,52세,상해없음,승용,남,49세,부상신고
2012022500100480,2012년 2월 25일 19시,토요일,경상남도 양산시 평산동,경상사고,0,0,1,0,차대차 - 측면직각충돌,신호위반,건조,맑음,교차로 - 교차로안,원동기,남,16세,상해없음,승용,여,43세,경상
2012022500100481,2012년 2월 25일 19시,토요일,경상남도 사천시 곤양면,경상사고,0,0,3,1,차대차 - 기타,안전운전불이행,건조,맑음,단일로 - 기타,화물,남,29세,상해없음,승용,남,39세,경상
2012022500100524,2012년 2월 25일 20시,토요일,경상남도 진주시 정촌면,경상사고,0,0,3,0,차대차 - 추돌 - 주정차중,안전운전불이행,건조,맑음,단일로 - 기타,승용,남,38세,상해없음,화물,남,47세,경상