사고번호,사고일시,요일,시군구,사고내용,사망자수,중상자수,경상자수,부상신고자수,사고유형,법규위반,노면상태,기상상태,도로형태,가해운전자 차종,가해운전자 성별,가해운전자 연령,가해운전자 상해정도,피해운전자 차종,피해운전자 성별,피해운전자 연령,피해운전자 상해정도
2012030300100477,2012년 3월 3일 21시,토요일,경상남도 양산시 북부동,경상사고,0,0,1,0,차대차 - 측면직각충돌,안전운전불이행,건조,맑음,단일로 - 기타,승용,남,49세,상해없음,승용,남,26세,경상
2012030300100501,2012년 3월 3일 22시,토요일,경상남도 진주시 상대동,경상사고,0,0,1,0,차대차 - 측면직각충돌,안전운전불이행,건조,맑음,단일로 - 기타,특수,남,35세,상해없음,원동기,남,21세,경상
2012030300100502,2012년 3월 3일 22시,토요일,경상남도 창원시 진해구 용원동,경상사고,0,0,1,0,차대사람 - 횡단중,보행자보호의무위반,건조,맑음,교차로 - 교차로부근,승용,남,24세,상해없음,보행자,남,39세,경상
2012030400100033,2012년 3월 4일 01시,일요일,경상남도 김해시 지내동,경상사고,0,0,1,0,차량단독 - 전도전복,안전운전불이행,건조,맑음,단일로 - 기타,이륜,남,16세,경상,,,,
2012030400100055,2012년 3월 4일 02시,일요일,경상남도 진주시 신안동,사망사고,1,0,0,0,차량단독 - 기타,안전운전불이행,건조,맑음,단일로 - 기타,승용,남,35세,사망,,,,
2012030400100064,2012년 3월 4일 03시,일요일,경상남도 창원시 마산회원구 내서읍,경상사고,0,0,1,0,차대차 - 측면직각충돌,안전운전불이행,건조,흐림,단일로 - 기타,화물,남,26세,상해없음,승용,남,52세,경상
2012030400100088,2012년 3월 4일 06시,일요일,경상남도 양산시 교동,중상사고,0,2,0,0,차대차 - 측면직각충돌,신호위반,습기,비,교차로 - 교차로안,승용,남,50세,상해없음,승용,남,26세,중상
2012030400100114,2012년 3월 4일 08시,일요일,경상남도 김해시 어방동,중상사고,0,1,0,0,차대차 - 기타,신호위반,건조,맑음,교차로 - 교차로안,승용,남,38세,상해없음,화물,남,47세,중상
2012030400100137,2012년 3월 4일 11시,일요일,경상남도 양산시 삼호동,경상사고,0,0,1,0,차대사람 - 기타,안전운전불이행,습기,비,단일로 - 기타,화물,남,23세,상해없음,보행자,남,25세,경상
2012030400100138,2012년 3월 4일 11시,일요일,경상남도 거제시 고현동,경상사고,0,0,2,0,차대차 - 추돌 - 주정차중,안전운전불이행,건조,흐림,교차로 - 교차로부근,승용,남,54세,상해없음,승용,남,22세,경상
2012030400100160,2012년 3월 4일 12시,일요일,경상남도 거제시 장평동,중상사고,0,1,2,0,차대차 - 측면직각충돌,안전운전불이행,습기,흐림,단일로 - 기타,승용,남,46세,상해없음,승용,여,38세,중상
2012030400100161,2012년 3월 4일 12시,일요일,경상남도 김해시 장유면,중상사고,0,1,0,0,차대차 - 측면직각충돌,안전운전불이행,건조,흐림,단일로 - 기타,승용,남,46세,상해없음,자전거,남,69세,중상
2012030400100179,2012년 3월 4일 13시,일요일,경상남도 진주시 평거동,중상사고,0,1,0,0,차대차 - 측면직각충돌,안전운전불이행,습기,비,단일로 - 횡단보도상,승용,여,40세,상해없음,자전거,남,85세,중상
2012030400100180,2012년 3월 4일 13시,일요일,경상남도 양산시 용당동,경상사고,0,0,3,0,차대차 - 측면직각충돌,신호위반,습기,비,교차로 - 교차로안,화물,남,55세,상해없음,승용,남,32세,경상
2012030400100202,2012년 3월 4일 14시,일요일,경상남도 진주시 주약동,경상사고,0,0,1,0,차대차 - 추돌 - 진행중,안전거리미확보,습기,비,단일로 - 기타,승용,남,34세,상해없음,승용,남,29세,경상
2012030400100229,2012년 3월 4일 15시,일요일,경상남도 창녕군 부곡면,중상사고,0,1,0,0,차대차 - 기타,기타,습기,비,단일로 - 기타,화물,남,63세,상해없음,원동기,남,70세,중상
2012030400100230,2012년 3월 4일 15시,일요일,경상남도 거제시 사등면,경상사고,0,0,2,0,차대차 - 정면충돌,안전운전불이행,습기,비,단일로 - 기타,승용,남,45세,상해없음,승용,남,65세,경상
2012030400100269,2012년 3월 4일 17시,일요일,경상남도 김해시 진영읍,경상사고,0,0,1,0,차대차 - 정면충돌,안전운전불이행,습기,비,교차로 - 교차로부근,승용,여,41세,상해없음,승용,여,42세,경상
2012030400100292,2012년 3월 4일 18시,일요일,경상남도 사천시 죽림동,경상사고,0,0,4,0,차대차 - 측면직각충돌,신호위반,습기,비,교차로 - 교차로안,승용,여,47세,상해없음,승용,남,32세,경상
2012030400100293,2012년 3월 4일 18시,일요일,경상남도 양산시 중부동,중상사고,0,2,1,0,차대차 - 측면직각충돌,신호위반,습기,비,교차로 - 교차로안,승용,남,47세,상해없음,승용,남,30세,중상
2012030400100334,2012년 3월 4일 19시,일요일,경상남도 창원시 마산합포구 완월동,경상사고,0,0,2,0,차대차 - 측면직각충돌,안전운전불이행,습기,비,단일로 - 기타,승합,남,53세,상해없음,승용,여,50세,경상
2012030400100335,2012년 3월 4일 19시,일요일,경상남도 창원시 의창구 두대동,경상사고,0,0,4,0,차대차 - 기타,안전운전불이행,습기,비,단일로 - 기타,승용,남,54세,상해없음,승용,남,43세,경상
2012030400100371,2012년 3월 4일 20시,일요일,경상남도 양산시 북정동,경상사고,0,0,2,0,차대차 - 정면충돌,중앙선침범,습기,비,단일로 - 기타,승용,남,40세,상해없음,승용,여,48세,경상
2012030400100372,2012년 3월 4일 20시,일요일,경상남도 창원시 마산회원구 양덕동,중상사고,0,1,0,0,차대사람 - 횡단중,보행자보호의무위반,습기,비,교차로 - 교차로부근,승용,남,55세,상해없음,보행자,여,69세,중상
2012030400100373,2012년 3월 4일 20시,일요일,경상남도 김해시 장유면,경상사고,0,0,1,0,차대사람 - 횡단중,안전운전불이행,습기,비,단일로 - 기타,승용,여,27세,상해없음,보행자,남,14세,경상
2012030400100399,2012년 3월 4일 21시,일요일,경상남도 함안군 가야읍,중상사고,0,1,0,0,차대사람 - 횡단중,안전운전불이행,습기,비,단일로 - 기타,승용,남,38세,상해없음,보행자,남,58세,중상
2012030400100423,2012년 3월 4일 22시,일요일,경상남도 김해시 외동,중상사고,0,1,0,0,차대사람 - 기타,안전운전불이행,습기,비,단일로 - 횡단보도상,승용,남,46세,상해없음,보행자,여,48세,중상
2012030400100424,2012년 3월 4일 22시,일요일,경상남도 창원시 마산회원구 합성동,중상사고,0,1,0,0,차대차 - 측면직각충돌,신호위반,습기,비,교차로 - 교차로안,화물,남,67세,상해없음,승용,여,45세,중상
2012030500100039,2012년 3월 5일 02시,월요일,경상남도 거제시 고현동,부상신고사고,0,0,0,1,차대사람 - 횡단중,보행자보호의무위반,습기,흐림,교차로 - 교차로부근,승용,남,27세,기타불명,보행자,남,42세,부상신고
2012030500100040,2012년 3월 5일 02시,월요일,경상남도 창원시 성산구 남산동,사망사고,1,0,0,0,차대사람 - 횡단중,과속,습기,비,단일로 - 기타,승용,남,42세,상해없음,보행자,남,21세,사망
2012030500100074,2012년 3월 5일 05시,월요일,경상남도 창원시 마산회원구 양덕동,경상사고,0,0,1,0,차대차 - 정면충돌,중앙선침범,습기,비,교차로 - 교차로안,자전거,남,57세,경상,승용,남,55세,상해없음
2012030500100098,2012년 3월 5일 06시,월요일,경상남도 통영시 당동,중상사고,0,1,2,0,차대차 - 정면충돌,중앙선침범,습기,비,단일로 - 기타,승용,남,33세,상해없음,승합,남,33세,경상
2012030500100099,2012년 3월 5일 06시,월요일,경상남도 통영시 광도면,경상사고,0,0,1,1,차대차 - 측면직각충돌,신호위반,습기,비,단일로 - 기타,화물,남,26세,부상신고,승용,남,53세,경상
2012030500100100,2012년 3월 5일 06시,월요일,경상남도 거제시 고현동,중상사고,0,1,0,0,차대사람 - 횡단중,안전운전불이행,습기,비,단일로 - 기타,승용,남,29세,상해없음,보행자,남,63세,중상
2012030500100120,2012년 3월 5일 07시,월요일,경상남도 김해시 동상동,중상사고,0,2,1,0,차대차 - 측면직각충돌,교차로운행방법위반,습기,비,교차로 - 교차로안,승용,남,30세,경상,승합,남,55세,중상
2012030500100143,2012년 3월 5일 08시,월요일,경상남도 사천시 사천읍,경상사고,0,0,1,0,차대차 - 추돌 - 진행중,안전운전불이행,습기,비,단일로 - 기타,승용,남,35세,상해없음,승용,남,28세,경상
2012030500100144,2012년 3월 5일 08시,월요일,경상남도 창원시 의창구 동정동,경상사고,0,0,1,0,차대차 - 추돌 - 주정차중,안전운전불이행,습기,비,단일로 - 기타,화물,남,40세,상해없음,승용,남,50세,경상
2012030500100215,2012년 3월 5일 11시,월요일,경상남도 하동군 양보면,경상사고,0,0,1,0,차대차 - 측면직각충돌,안전운전불이행,습기,비,단일로 - 기타,승용,여,49세,상해없음,화물,남,64세,경상
2012030500100230,2012년 3월 5일 12시,월요일,경상남도 함양군 함양읍,부상신고사고,0,0,0,1,차대차 - 추돌 - 진행중,안전운전불이행,습기,비,단일로 - 기타,승용,여,48세,부상신고,화물,남,56세,상해없음
2012030500100250,2012년 3월 5일 13시,월요일,경상남도 의령군 용덕면,중상사고,0,5,0,0,차대차 - 정면충돌,중앙선침범,습기,비,단일로 - 기타,건설기계,남,45세,상해없음,승합,남,44세,중상
2012030500100251,2012년 3월 5일 13시,월요일,경상남도 김해시 한림면,중상사고,0,1,0,0,차대차 - 기타,안전거리미확보,습기,비,교차로 - 교차로안,승용,남,68세,상해없음,승용,남,35세,중상
2012030500100276,2012년 3월 5일 14시,월요일,경상남도 합천군 합천읍,중상사고,0,4,0,0,차대차 - 측면직각충돌,교차로운행방법위반,결빙,비,교차로 - 교차로안,승용,남,50세,중상,승용,남,19세,중상
2012030500100277,2012년 3월 5일 14시,월요일,경상남도 함양군 함양읍,중상사고,0,1,0,0,차대차 - 측면직각충돌,교차로운행방법위반,습기,맑음,교차로 - 교차로안,화물,남,47세,상해없음,승용,남,61세,상해없음
2012030500100278,2012년 3월 5일 14시,월요일,경상남도 남해군 남해읍,부상신고사고,0,0,0,1,차대차 - 정면충돌,안전운전불이행,습기,흐림,단일로 - 기타,원동기,남,71세,부상신고,승용,남,32세,상해없음
2012030500100279,2012년 3월 5일 14시,월요일,경상남도 창원시 성산구 상남동,중상사고,0,1,0,0,차대사람 - 횡단중,기타,습기,비,단일로 - 기타,승용,남,34세,상해없음,보행자,남,10세,중상
2012030500100306,2012년 3월 5일 15시,월요일,경상남도 창원시 진해구 안골동,중상사고,0,1,0,0,차대차 - 측면직각충돌,신호위반,습기,비,교차로 - 교차로안,특수,남,50세,상해없음,화물,남,29세,중상
2012030500100332,2012년 3월 5일 16시,월요일,경상남도 통영시 용남면,경상사고,0,0,1,0,차대차 - 측면직각충돌,직진우회전진행방해,습기,비,교차로 - 교차로안,화물,남,37세,상해없음,이륜,남,56세,경상
2012030500100333,2012년 3월 5일 16시,월요일,경상남도 밀양시 내이동,경상사고,0,0,2,0,차대차 - 추돌 - 주정차중,안전운전불이행,습기,비,단일로 - 기타,승용,남,53세,상해없음,승용,남,64세,경상
2012030500100334,2012년 3월 5일 16시,월요일,경상남도 김해시 진영읍,중상사고,0,1,3,0,차대차 - 추돌 - 주정차중,안전운전불이행,건조,맑음,교차로 - 교차로부근,승합,여,45세,상해없음,승용,남,51세,경상
2012030500100360,2012년 3월 5일 17시,월요일,경상남도 밀양시 상남면,중상사고,0,1,0,0,차대사람 - 기타,안전운전불이행,습기,비,기타 - 기타,승합,남,56세,상해없음,보행자,여,77세,중상
2012030500100395,2012년 3월 5일 18시,월요일,경상남도 하동군 하동읍,중상사고,0,2,1,0,차대차 - 측면직각충돌,신호위반,습기,비,단일로 - 기타,승용,남,48세,상해없음,승용,여,32세,중상
2012030500100442,2012년 3월 5일 19시,월요일,경상남도 진주시 봉곡동,중상사고,0,1,0,0,차대사람 - 횡단중,보행자보호의무위반,습기,비,단일로 - 횡단보도상,승용,남,39세,상해없음,보행자,여,61세,중상
2012030500100443,2012년 3월 5일 19시,월요일,경상남도 사천시 선구동,중상사고,0,1,2,0,차대차 - 측면직각충돌,직진우회전진행방해,건조,맑음,교차로 - 교차로안,승용,남,50세,경상,화물,남,51세,중상
2012030500100444,2012년 3월 5일 19시,월요일,경상남도 사천시 곤명면,중상사고,0,1,0,0,차대차 - 기타,안전운전불이행,습기,비,단일로 - 기타,승용,남,57세,상해없음,농기계,남,69세,중상
2012030500100445,2012년 3월 5일 19시,월요일,경상남도 김해시 서상동,중상사고,0,1,0,0,차대차 - 기타,안전운전불이행,습기,비,교차로 - 교차로안,승용,남,58세,상해없음,승용,남,47세,상해없음
2012030500100446,2012년 3월 5일 19시,월요일,경상남도 김해시 진영읍,경상사고,0,0,1,0,차대사람 - 기타,안전운전불이행,습기,비,단일로 - 기타,기타불명,기타불명,기타불명,기타불명,보행자,남,41세,경상
2012030500100447,2012년 3월 5일 19시,월요일,경상남도 김해시 장유면,경상사고,0,0,2,0,차대차 - 측면직각충돌,신호위반,건조,맑음,교차로 - 교차로부근,승용,여,43세,경상,승용,남,40세,경상
2012030500100515,2012년 3월 5일 20시,월요일,경상남도 진주시 하대동,경상사고,0,0,2,0,차대차 - 추돌 - 진행중,안전운전불이행,습기,비,단일로 - 기타,승용,남,51세,상해없음,승용,남,28세,경상
2012030500100516,2012년 3월 5일 20시,월요일,경상남도 함안군 가야읍,중상사고,0,1,0,0,차대사람 - 횡단중,보행자보호의무위반,습기,비,단일로 - 횡단보도상,화물,남,43세,상해없음,보행자,여,16세,중상
2012030500100517,2012년 3월 5일 20시,월요일,경상남도 창원시 마산회원구 구암동,경상사고,0,0,1,0,차대차 - 추돌 - 주정차중,안전운전불이행,건조,맑음,단일로 - 횡단보도부근,승용,남,51세,상해없음,승용,여,32세,경상
2012030500100518,2012년 3월 5일 20시,월요일,경상남도 김해시 장유면,경상사고,0,0,1,0,차대차 - 측면직각충돌,교차로운행방법위반,습기,비,교차로 - 교차로안,승용,남,45세,상해없음,이륜,남,16세,경상
2012030500100585,2012년 3월 5일 21시,월요일,경상남도 창원시 마산합포구 신포동1가,중상사고,0,1,0,0,차대차 - 기타,중앙선침범,습기,비,교차로 - 교차로부근,승용,남,29세,상해없음,이륜,남,36세,중상
2012030500100586,2012년 3월 5일 21시,월요일,경상남도 창원시 성산구 대방동,중상사고,0,1,0,0,차대사람 - 보도통행중,신호위반,습기,비,단일로 - 기타,이륜,기타불명,기타불명,기타불명,보행자,남,15세,중상
2012030500100587,2012년 3월 5일 21시,월요일,경상남도 창원시 의창구 대산면,중상사고,0,1,0,0,차대차 - 추돌 - 진행중,안전운전불이행,건조,흐림,교차로 - 교차로부근,승용,남,48세,상해없음,승용,남,32세,중상
2012030500100629,2012년 3월 5일 22시,월요일,경상남도 창원시 진해구 이동,중상사고,0,1,0,0,차량단독 - 공작물충돌,안전운전불이행,습기,비,단일로 - 기타,승용,남,19세,상해없음,,,,
2012030500100630,2012년 3월 5일 22시,월요일,경상남도 창원시 마산회원구 회원동,경상사고,0,0,1,0,차대차 - 측면직각충돌,안전운전불이행,습기,비,교차로 - 교차로부근,승용,남,52세,상해없음,승용,남,19세,상해없음
2012030500100631,2012년 3월 5일 22시,월요일,경상남도 김해시 장유면,경상사고,0,0,1,0,차대사람 - 기타,안전운전불이행,습기,비,단일로 - 기타,승합,남,43세,상해없음,보행자,남,14세,경상
2012030500100702,2012년 3월 5일 23시,월요일,경상남도 진주시 문산읍,중상사고,0,2,0,0,차량단독 - 기타,안전운전불이행,습기,비,단일로 - 기타,승용,남,48세,중상,,,,
2012030500100703,2012년 3월 5일 23시,월요일,경상남도 진주시 상평동,중상사고,0,1,0,0,차대차 - 측면직각충돌,신호위반,습기,비,교차로 - 교차로안,승용,여,40세,상해없음,승용,남,38세,상해없음
2012030500100704,2012년 3월 5일 23시,월요일,경상남도 양산시 덕계동,중상사고,0,1,0,0,차대차 - 측면직각충돌,교차로운행방법위반,건조,맑음,교차로 - 교차로안,승용,여,26세,기타불명,승용,남,36세,중상
2012030600100042,2012년 3월 6일 00시,화요일,경상남도 양산시 신기동,중상사고,0,1,0,0,차대차 - 기타,안전거리미확보,습기,비,단일로 - 기타,원동기,남,46세,중상,화물,남,47세,기타불명
2012030600100043,2012년 3월 6일 00시,화요일,경상남도 창원시 마산회원구 회원동,경상사고,0,0,1,0,차대사람 - 횡단중,안전운전불이행,습기,비,교차로 - 교차로부근,승용,남,46세,상해없음,보행자,여,45세,경상
2012030600100079,2012년 3월 6일 01시,화요일,경상남도 김해시 어방동,중상사고,0,1,0,0,차대사람 - 길가장자리구역통행중,안전운전불이행,습기,비,단일로 - 기타,화물,남,43세,상해없음,보행자,남,45세,중상
2012030600100080,2012년 3월 6일 01시,화요일,경상남도 창원시 의창구 봉곡동,중상사고,0,1,0,0,차대사람 - 길가장자리구역통행중,안전운전불이행,습기,비,교차로 - 교차로안,화물,남,54세,상해없음,보행자,남,54세,중상
2012030600100090,2012년 3월 6일 02시,화요일,경상남도 김해시 대동면,경상사고,0,0,1,0,차대차 - 측면직각충돌,안전운전불이행,습기,비,단일로 - 기타,화물,남,54세,상해없음,승용,여,45세,경상
2012030600100098,2012년 3월 6일 02시,화요일,경상남도 사천시 사천읍,중상사고,0,1,0,0,차대차 - 측면직각충돌,신호위반,습기,흐림,교차로 - 교차로안,승용,남,44세,상해없음,승용,여,47세,중상
2012030600100099,2012년 3월 6일 02시,화요일,경상남도 거제시 장승포동,경상사고,0,0,2,0,차대차 - 추돌 - 주정차중,안전운전불이행,건조,흐림,단일로 - 기타,승용,남,27세,상해없음,승용,남,40세,경상
2012030600100121,2012년 3월 6일 04시,화요일,경상남도 통영시 무전동,중상사고,0,1,0,0,차대사람 - 횡단중,안전운전불이행,습기,비,단일로 - 기타,승용,남,33세,상해없음,보행자,남,65세,중상
2012030600100183,2012년 3월 6일 07시,화요일,경상남도 창원시 진해구 경화동,경상사고,0,0,1,0,차대사람 - 횡단중,안전운전불이행,건조,맑음,단일로 - 횡단보도상,승용,남,28세,상해없음,보행자,남,15세,경상
2012030600100184,2012년 3월 6일 07시,화요일,경상남도 창원시 마산합포구 산호동,중상사고,0,1,0,0,차대사람 - 횡단중,안전운전불이행,건조,맑음,단일로 - 횡단보도상,승용,남,63세,상해없음,보행자,남,15세,중상
2012030600100210,2012년 3월 6일 08시,화요일,경상남도 진주시 금산면,중상사고,0,1,0,0,차대차 - 측면직각충돌,직진우회전진행방해,건조,맑음,교차로 - 교차로안,승용,남,64세,중상,승용,남,47세,상해없음
2012030600100211,2012년 3월 6일 08시,화요일,경상남도 김해시 상동면,경상사고,0,0,1,0,차대차 - 측면직각충돌,안전거리미확보,습기,흐림,단일로 - 기타,화물,남,49세,상해없음,승용,여,40세,경상
2012030600100236,2012년 3월 6일 09시,화요일,경상남도 밀양시 삼랑진읍,경상사고,0,0,1,0,차대차 - 측면직각충돌,안전운전불이행,건조,맑음,교차로 - 교차로부근,승용,남,29세,상해없음,이륜,남,73세,경상
2012030600100237,2012년 3월 6일 09시,화요일,경상남도 김해시 외동,경상사고,0,0,2,0,차대차 - 측면직각충돌,차로위반,습기,흐림,교차로 - 교차로안,승용,여,20세,경상,화물,남,30세,경상
2012030600100238,2012년 3월 6일 09시,화요일,경상남도 창원시 성산구 사파동,경상사고,0,0,2,0,차대차 - 추돌 - 진행중,안전운전불이행,건조,맑음,단일로 - 기타,승용,남,39세,상해없음,승용,여,42세,경상
2012030600100239,2012년 3월 6일 09시,화요일,경상남도 창원시 성산구 상남동,중상사고,0,1,0,0,차대차 - 추돌 - 진행중,교차로운행방법위반,건조,맑음,교차로 - 교차로안,승용,남,50세,상해없음,승용,남,53세,중상
2012030600100272,2012년 3월 6일 10시,화요일,경상남도 양산시 남부동,경상사고,0,0,1,0,차대차 - 측면직각충돌,교차로운행방법위반,건조,맑음,교차로 - 교차로부근,특수,남,39세,상해없음,화물,남,34세,경상
2012030600100287,2012년 3월 6일 11시,화요일,경상남도 통영시 무전동,중상사고,0,1,0,0,차대사람 - 횡단중,보행자보호의무위반,건조,맑음,교차로 - 교차로안,화물,남,41세,상해없음,보행자,여,23세,중상
2012030600100301,2012년 3월 6일 12시,화요일,경상남도 거창군 남하면,경상사고,0,0,1,0,차대차 - 정면충돌,중앙선침범,건조,맑음,단일로 - 기타,승용,남,51세,상해없음,화물,여,50세,경상
2012030600100324,2012년 3월 6일 13시,화요일,경상남도 양산시 물금읍,중상사고,0,1,0,0,차대차 - 측면직각충돌,안전운전불이행,건조,맑음,단일로 - 기타,승용,여,30세,상해없음,자전거,여,51세,중상
2012030600100325,2012년 3월 6일 13시,화요일,경상남도 거제시 고현동,중상사고,0,1,0,0,차대차 - 측면직각충돌,안전운전불이행,건조,맑음,교차로 - 교차로안,승용,남,49세,상해없음,이륜,남,36세,중상
2012030600100326,2012년 3월 6일 13시,화요일,경상남도 김해시 장유면,중상사고,0,1,0,0,차대사람 - 횡단중,신호위반,건조,맑음,교차로 - 교차로부근,원동기,남,29세,상해없음,보행자,여,49세,중상
2012030600100351,2012년 3월 6일 14시,화요일,경상남도 창녕군 창녕읍,중상사고,0,1,0,0,차대차 - 측면직각충돌,직진우회전진행방해,건조,맑음,교차로 - 교차로안,승용,남,39세,상해없음,이륜,남,71세,중상
2012030600100352,2012년 3월 6일 14시,화요일,경상남도 양산시 소주동,경상사고,0,0,1,2,차대차 - 측면직각충돌,교차로운행방법위반,건조,맑음,교차로 - 교차로안,승용,여,40세,부상신고,승용,여,57세,경상
2012030600100353,2012년 3월 6일 14시,화요일,경상남도 김해시 진영읍,중상사고,0,1,0,0,차대사람 - 횡단중,안전운전불이행,건조,맑음,교차로 - 교차로부근,승용,여,46세,상해없음,보행자,여,8세,중상
2012030600100372,2012년 3월 6일 15시,화요일,경상남도 창원시 마산합포구 월영동,경상사고,0,0,1,0,차대차 - 추돌 - 진행중,안전운전불이행,건조,맑음,교차로 - 교차로부근,승용,남,63세,상해없음,승합,남,51세,상해없음
2012030600100390,2012년 3월 6일 16시,화요일,경상남도 고성군 고성읍,경상사고,0,0,1,0,차대사람 - 기타,안전운전불이행,건조,맑음,단일로 - 기타,승용,남,75세,상해없음,보행자,여,56세,경상
2012030600100423,2012년 3월 6일 17시,화요일,경상남도 진주시 상평동,경상사고,0,0,1,0,차대차 - 추돌 - 주정차중,안전운전불이행,건조,맑음,교차로 - 교차로부근,승용,여,42세,상해없음,화물,남,38세,경상
2012030600100424,2012년 3월 6일 17시,화요일,경상남도 김해시 어방동,중상사고,0,1,0,0,차대사람 - 횡단중,안전운전불이행,건조,맑음,단일로 - 기타,승용,여,32세,상해없음,보행자,남,9세,중상
2012030600100454,2012년 3월 6일 18시,화요일,경상남도 김해시 풍유동,부상신고사고,0,0,0,1,차량단독 - 기타,안전운전불이행,건조,맑음,교차로 - 교차로부근,이륜,남,65세,부상신고,,,,
2012030600100502,2012년 3월 6일 19시,화요일,경상남도 김해시 외동,중상사고,0,1,0,0,차량단독 - 공작물충돌,안전운전불이행,건조,맑음,단일로 - 기타,승용,여,26세,중상,,,,
2012030600100530,2012년 3월 6일 20시,화요일,경상남도 김해시 내동,경상사고,0,0,2,0,차대차 - 측면직각충돌,안전운전불이행,건조,맑음,단일로 - 기타,승용,남,35세,기타불명,승용,여,31세,경상
2012030600100551,2012년 3월 6일 21시,화요일,경상남도 진주시 하대동,경상사고,0,0,3,0,차대차 - 기타,직진우회전진행방해,건조,맑음,교차로 - 교차로안,승용,남,42세,상해없음,승용,남,58세,경상
2012030600100578,2012년 3월 6일 22시,화요일,경상남도 양산시 북부동,경상사고,0,0,1,0,차대차 - 측면직각충돌,교차로운행방법위반,건조,맑음,교차로 - 교차로부근,승합,남,51세,상해없음,승용,남,60세,경상
2012030600100597,2012년 3월 6일 23시,화요일,경상남도 김해시 봉황동,경상사고,0,0,2,0,차대차 - 추돌 - 주정차중,안전운전불이행,건조,맑음,교차로 - 교차로부근,승용,남,42세,상해없음,승용,남,24세,경상
2012030700100013,2012년 3월 7일 00시,수요일,경상남도 창원시 마산합포구 해운동,중상사고,0,1,0,0,차대사람 - 기타,안전운전불이행,건조,맑음,교차로 - 교차로부근,승용,남,32세,상해없음,보행자,남,31세,중상
2012030700100014,2012년 3월 7일 00시,수요일,경상남도 창원시 진해구 이동,중상사고,0,1,3,0,차대차 - 측면직각충돌,신호위반,건조,맑음,교차로 - 교차로안,승용,남,53세,상해없음,승용,남,49세,경상
2012030700100015,2012년 3월 7일 00시,수요일,경상남도 창원시 성산구 반림동,경상사고,0,0,2,0,차대차 - 측면직각충돌,신호위반,습기,흐림,교차로 - 교차로안,승용,남,60세,상해없음,승합,남,39세,경상
2012030700100069,2012년 3월 7일 06시,수요일,경상남도 김해시 동상동,경상사고,0,0,1,0,차량단독 - 기타,안전운전불이행,건조,맑음,교차로 - 교차로안,원동기,남,19세,경상,,,,
2012030700100091,2012년 3월 7일 07시,수요일,경상남도 창원시 진해구 석동,중상사고,0,1,0,0,차대사람 - 차도통행중,안전운전불이행,건조,맑음,단일로 - 기타,승용,여,39세,상해없음,보행자,남,9세,중상
2012030700100092,2012년 3월 7일 07시,수요일,경상남도 사천시 송포동,경상사고,0,0,1,0,차대차 - 추돌 - 진행중,안전운전불이행,건조,맑음,교차로 - 교차로안,승용,남,27세,상해없음,화물,남,31세,경상
2012030700100093,2012년 3월 7일 07시,수요일,경상남도 양산시 동면,경상사고,0,0,1,0,차대차 - 측면직각충돌,안전거리미확보,건조,맑음,단일로 - 기타,화물,남,31세,상해없음,승용,남,52세,경상
2012030700100128,2012년 3월 7일 08시,수요일,경상남도 창원시 진해구 청안동,경상사고,0,0,2,0,차대차 - 측면직각충돌,직진우회전진행방해,건조,맑음,교차로 - 교차로안,화물,남,56세,경상,승용,남,26세,경상
2012030700100216,2012년 3월 7일 11시,수요일,경상남도 창원시 마산회원구 내서읍,중상사고,0,1,0,0,차대사람 - 기타,기타,건조,맑음,기타 - 기타,승용,남,37세,상해없음,보행자,남,62세,중상
2012030700100225,2012년 3월 7일 12시,수요일,경상남도 양산시 하북면,중상사고,0,1,0,0,차대차 - 측면직각충돌,안전거리미확보,건조,맑음,단일로 - 기타,화물,남,30세,상해없음,화물,남,56세,중상
2012030700100232,2012년 3월 7일 12시,수요일,경상남도 김해시 대동면,중상사고,0,1,0,0,차대사람 - 기타,안전운전불이행,건조,맑음,단일로 - 기타,승용,남,33세,상해없음,보행자,남,61세,중상
2012030700100252,2012년 3월 7일 13시,수요일,경상남도 김해시 외동,중상사고,0,1,0,0,차대차 - 측면직각충돌,교차로운행방법위반,건조,맑음,교차로 - 교차로안,승용,남,50세,상해없음,원동기,남,19세,중상
2012030700100283,2012년 3월 7일 14시,수요일,경상남도 창원시 진해구 용원동,중상사고,0,1,0,0,차대사람 - 횡단중,보행자보호의무위반,건조,맑음,교차로 - 교차로부근,승용,여,45세,상해없음,보행자,남,10세,중상
2012030700100284,2012년 3월 7일 14시,수요일,경상남도 밀양시 산외면,경상사고,0,0,2,0,차대차 - 측면직각충돌,기타,건조,맑음,단일로 - 기타,승용,남,65세,상해없음,승용,남,31세,상해없음
2012030700100304,2012년 3월 7일 15시,수요일,경상남도 창원시 마산회원구 석전동,중상사고,0,1,0,0,차대사람 - 기타,안전운전불이행,건조,맑음,단일로 - 기타,승합,남,53세,기타불명,보행자,남,57세,중상
2012030700100328,2012년 3월 7일 16시,수요일,경상남도 남해군 이동면,중상사고,0,1,4,0,차대차 - 측면직각충돌,신호위반,건조,맑음,교차로 - 교차로안,승합,남,29세,상해없음,승합,남,50세,상해없음
2012030700100365,2012년 3월 7일 17시,수요일,경상남도 밀양시 교동,경상사고,0,0,1,0,차대사람 - 길가장자리구역통행중,안전운전불이행,건조,맑음,교차로 - 교차로부근,승용,남,72세,상해없음,보행자,여,39세,경상
2012030700100366,2012년 3월 7일 17시,수요일,경상남도 창원시 의창구 동읍,중상사고,0,1,0,0,차대사람 - 횡단중,안전운전불이행,건조,맑음,단일로 - 기타,승용,여,34세,상해없음,보행자,남,7세,중상