사고번호,사고일시,요일,시군구,사고내용,사망자수,중상자수,경상자수,부상신고자수,사고유형,법규위반,노면상태,기상상태,도로형태,가해운전자 차종,가해운전자 성별,가해운전자 연령,가해운전자 상해정도,피해운전자 차종,피해운전자 성별,피해운전자 연령,피해운전자 상해정도
2012030700100402,2012년 3월 7일 18시,수요일,경상남도 통영시 광도면,경상사고,0,0,1,0,차대차 - 추돌 - 주정차중,안전거리미확보,건조,맑음,단일로 - 기타,승용,남,37세,상해없음,승용,여,40세,경상
2012030700100403,2012년 3월 7일 18시,수요일,경상남도 양산시 명동,경상사고,0,0,2,0,차대차 - 측면직각충돌,안전운전불이행,건조,맑음,교차로 - 교차로안,승합,남,71세,상해없음,승용,남,42세,경상
2012030700100441,2012년 3월 7일 19시,수요일,경상남도 김해시 지내동,경상사고,0,0,1,0,차대차 - 추돌 - 주정차중,안전운전불이행,건조,흐림,단일로 - 기타,승합,여,51세,상해없음,승용,남,23세,경상
2012030700100442,2012년 3월 7일 19시,수요일,경상남도 거제시 장평동,중상사고,0,1,0,0,차대사람 - 기타,보행자보호의무위반,건조,맑음,단일로 - 횡단보도상,승용,남,34세,상해없음,보행자,남,43세,중상
2012030700100475,2012년 3월 7일 20시,수요일,경상남도 진주시 상평동,중상사고,0,1,2,0,차대차 - 측면직각충돌,직진우회전진행방해,건조,맑음,교차로 - 교차로안,승용,여,51세,경상,승용,남,69세,중상
2012030700100476,2012년 3월 7일 20시,수요일,경상남도 산청군 신안면,중상사고,0,1,0,1,차대차 - 추돌 - 진행중,안전운전불이행,건조,맑음,단일로 - 교량,승용,남,21세,부상신고,승용,여,34세,중상
2012030700100477,2012년 3월 7일 20시,수요일,경상남도 창원시 마산회원구 내서읍,경상사고,0,0,1,0,차대차 - 기타,기타,건조,맑음,단일로 - 기타,승용,남,55세,상해없음,승용,남,55세,경상
2012030700100510,2012년 3월 7일 21시,수요일,경상남도 양산시 삼호동,중상사고,0,1,0,0,차대사람 - 횡단중,안전운전불이행,건조,맑음,교차로 - 교차로안,승용,여,52세,상해없음,보행자,여,16세,중상
2012030700100511,2012년 3월 7일 21시,수요일,경상남도 양산시 동면,부상신고사고,0,0,0,1,차대차 - 측면직각충돌,안전거리미확보,건조,맑음,교차로 - 교차로안,이륜,남,16세,상해없음,화물,남,46세,상해없음
2012030700100577,2012년 3월 7일 23시,수요일,경상남도 김해시 생림면,중상사고,0,1,0,0,차대사람 - 횡단중,안전운전불이행,건조,맑음,단일로 - 기타,승합,남,52세,상해없음,보행자,남,52세,중상
2012030700100578,2012년 3월 7일 23시,수요일,경상남도 김해시 이동,중상사고,0,1,2,0,차대차 - 정면충돌,중앙선침범,건조,맑음,단일로 - 교량,승용,남,25세,중상,승용,남,42세,경상
2012030800100012,2012년 3월 8일 00시,목요일,경상남도 창원시 마산합포구 오동동,경상사고,0,0,1,0,차대차 - 추돌 - 주정차중,안전운전불이행,건조,맑음,단일로 - 기타,승용,남,39세,상해없음,승용,남,57세,경상
2012030800100013,2012년 3월 8일 00시,목요일,경상남도 양산시 북정동,경상사고,0,0,2,0,차대차 - 기타,안전운전불이행,건조,맑음,교차로 - 교차로부근,승용,남,43세,상해없음,승용,남,42세,경상
2012030800100014,2012년 3월 8일 00시,목요일,경상남도 김해시 진례면,경상사고,0,0,2,0,차대차 - 정면충돌,중앙선침범,건조,맑음,단일로 - 기타,승용,남,53세,상해없음,화물,남,49세,경상
2012030800100035,2012년 3월 8일 01시,목요일,경상남도 김해시 장유면,중상사고,0,2,2,0,차대차 - 측면직각충돌,신호위반,건조,맑음,교차로 - 교차로안,승용,남,34세,상해없음,승용,남,33세,중상
2012030800100045,2012년 3월 8일 02시,목요일,경상남도 거제시 고현동,중상사고,0,2,0,0,차대차 - 정면충돌,중앙선침범,건조,맑음,교차로 - 교차로안,승용,남,31세,상해없음,승용,남,58세,중상
2012030800100046,2012년 3월 8일 02시,목요일,경상남도 창원시 마산회원구 양덕동,중상사고,0,2,0,0,차대사람 - 보도통행중,안전운전불이행,건조,맑음,기타 - 기타,승용,여,34세,상해없음,보행자,남,24세,중상
2012030800100069,2012년 3월 8일 04시,목요일,경상남도 창원시 의창구 봉곡동,중상사고,0,1,0,0,차대사람 - 기타,안전운전불이행,건조,맑음,교차로 - 교차로안,승용,남,58세,상해없음,보행자,남,41세,중상
2012030800100079,2012년 3월 8일 05시,목요일,경상남도 창원시 마산합포구 상남동,사망사고,1,0,0,0,차대사람 - 횡단중,안전운전불이행,건조,맑음,교차로 - 교차로안,승용,남,50세,상해없음,보행자,여,72세,사망
2012030800100108,2012년 3월 8일 07시,목요일,경상남도 창원시 성산구 내동,중상사고,0,1,0,0,차대사람 - 기타,안전운전불이행,건조,맑음,단일로 - 기타,승용,여,47세,상해없음,보행자,남,15세,중상
2012030800100137,2012년 3월 8일 08시,목요일,경상남도 함양군 함양읍,경상사고,0,0,3,0,차대차 - 측면직각충돌,교차로운행방법위반,건조,맑음,교차로 - 교차로안,승합,남,40세,상해없음,승용,남,46세,경상
2012030800100138,2012년 3월 8일 08시,목요일,경상남도 김해시 진례면,중상사고,0,1,0,0,차대차 - 정면충돌,중앙선침범,건조,맑음,단일로 - 기타,승용,여,56세,상해없음,이륜,남,56세,중상
2012030800100164,2012년 3월 8일 09시,목요일,경상남도 김해시 삼방동,경상사고,0,0,2,0,차대차 - 추돌 - 주정차중,안전운전불이행,건조,맑음,단일로 - 기타,승합,남,41세,경상,승용,여,46세,경상
2012030800100165,2012년 3월 8일 09시,목요일,경상남도 고성군 거류면,중상사고,0,1,0,0,차대차 - 측면직각충돌,중앙선침범,건조,맑음,단일로 - 기타,화물,남,28세,상해없음,승용,여,32세,중상
2012030800100166,2012년 3월 8일 09시,목요일,경상남도 김해시 한림면,중상사고,0,1,0,0,차대차 - 기타,안전운전불이행,건조,맑음,단일로 - 기타,화물,남,26세,상해없음,승용,남,53세,상해없음
2012030800100187,2012년 3월 8일 10시,목요일,경상남도 창원시 진해구 여좌동,중상사고,0,1,0,0,차대사람 - 길가장자리구역통행중,안전운전불이행,건조,맑음,단일로 - 기타,승용,남,23세,상해없음,보행자,여,78세,중상
2012030800100188,2012년 3월 8일 10시,목요일,경상남도 창원시 의창구 팔용동,경상사고,0,0,1,0,차대차 - 기타,신호위반,건조,맑음,교차로 - 교차로안,승용,남,54세,상해없음,승용,남,49세,경상
2012030800100204,2012년 3월 8일 11시,목요일,경상남도 창원시 진해구 풍호동,경상사고,0,0,2,0,차대차 - 측면직각충돌,교차로운행방법위반,건조,맑음,교차로 - 교차로안,승용,남,70세,상해없음,승용,여,26세,경상
2012030800100305,2012년 3월 8일 15시,목요일,경상남도 창원시 마산합포구 월영동,경상사고,0,0,1,0,차량단독 - 기타,안전운전불이행,건조,맑음,단일로 - 기타,이륜,남,22세,상해없음,,,,
2012030800100306,2012년 3월 8일 15시,목요일,경상남도 진주시 신안동,중상사고,0,1,0,0,차대사람 - 기타,안전운전불이행,건조,맑음,단일로 - 기타,승용,여,40세,상해없음,보행자,여,67세,중상
2012030800100307,2012년 3월 8일 15시,목요일,경상남도 밀양시 상남면,중상사고,0,1,9,0,차대차 - 측면직각충돌,교차로운행방법위반,건조,맑음,교차로 - 교차로안,화물,남,64세,상해없음,승합,남,57세,상해없음
2012030800100308,2012년 3월 8일 15시,목요일,경상남도 양산시 남부동,경상사고,0,0,1,0,차대사람 - 차도통행중,안전운전불이행,건조,맑음,단일로 - 기타,승용,남,21세,상해없음,보행자,남,21세,경상
2012030800100309,2012년 3월 8일 15시,목요일,경상남도 김해시 주촌면,경상사고,0,0,1,0,차대차 - 측면직각충돌,안전운전불이행,건조,맑음,단일로 - 기타,화물,남,23세,상해없음,화물,남,62세,경상
2012030800100332,2012년 3월 8일 16시,목요일,경상남도 창원시 마산합포구 완월동,중상사고,0,1,0,0,차대사람 - 횡단중,안전운전불이행,건조,맑음,단일로 - 기타,승용,남,36세,상해없음,보행자,남,6세,중상
2012030800100333,2012년 3월 8일 16시,목요일,경상남도 김해시 진영읍,경상사고,0,0,1,0,차대차 - 추돌 - 진행중,안전운전불이행,건조,맑음,단일로 - 기타,화물,남,47세,상해없음,화물,남,56세,경상
2012030800100356,2012년 3월 8일 17시,목요일,경상남도 사천시 곤명면,중상사고,0,2,0,0,차대차 - 정면충돌,중앙선침범,건조,맑음,단일로 - 기타,승용,남,23세,상해없음,화물,여,49세,중상
2012030800100357,2012년 3월 8일 17시,목요일,경상남도 창원시 의창구 북면,경상사고,0,0,1,0,차대사람 - 횡단중,보행자보호의무위반,건조,맑음,교차로 - 교차로부근,건설기계,남,58세,상해없음,보행자,남,58세,경상
2012030800100425,2012년 3월 8일 19시,목요일,경상남도 김해시 장유면,경상사고,0,0,1,0,차대사람 - 기타,안전운전불이행,건조,맑음,단일로 - 기타,기타불명,기타불명,기타불명,기타불명,보행자,남,11세,경상
2012030800100490,2012년 3월 8일 21시,목요일,경상남도 창원시 진해구 경화동,경상사고,0,0,1,0,차대사람 - 길가장자리구역통행중,안전운전불이행,건조,맑음,단일로 - 기타,승합,남,46세,상해없음,보행자,남,56세,경상
2012030800100491,2012년 3월 8일 21시,목요일,경상남도 김해시 부원동,중상사고,0,3,3,0,차대차 - 측면직각충돌,교차로운행방법위반,건조,맑음,교차로 - 교차로안,승용,여,45세,중상,승용,남,40세,경상
2012030800100492,2012년 3월 8일 21시,목요일,경상남도 양산시 동면,중상사고,0,1,1,0,차량단독 - 공작물충돌,안전운전불이행,건조,맑음,단일로 - 기타,승용,남,20세,경상,,,,
2012030800100539,2012년 3월 8일 23시,목요일,경상남도 창원시 진해구 인의동,경상사고,0,0,2,0,차대차 - 측면직각충돌,직진우회전진행방해,건조,맑음,교차로 - 교차로안,승용,남,28세,상해없음,승용,남,39세,경상
2012030900100012,2012년 3월 9일 00시,금요일,경상남도 통영시 서호동,중상사고,0,1,0,0,차대차 - 추돌 - 주정차중,안전운전불이행,건조,맑음,단일로 - 기타,승용,남,29세,상해없음,승용,남,40세,기타불명
2012030900100013,2012년 3월 9일 00시,금요일,경상남도 김해시 장유면,중상사고,0,1,0,0,차대사람 - 횡단중,신호위반,건조,맑음,교차로 - 교차로안,이륜,남,16세,상해없음,보행자,여,60세,중상
2012030900100027,2012년 3월 9일 01시,금요일,경상남도 창원시 마산회원구 석전동,중상사고,0,1,0,0,차대차 - 측면직각충돌,신호위반,건조,맑음,교차로 - 교차로안,승용,남,59세,상해없음,승용,남,64세,상해없음
2012030900100075,2012년 3월 9일 06시,금요일,경상남도 김해시 구산동,중상사고,0,1,3,0,차대차 - 추돌 - 주정차중,안전운전불이행,건조,맑음,단일로 - 기타,승합,남,32세,상해없음,승용,남,39세,경상
2012030900100122,2012년 3월 9일 08시,금요일,경상남도 거제시 거제면,중상사고,0,1,0,0,차대차 - 추돌 - 진행중,중앙선침범,건조,맑음,단일로 - 기타,자전거,남,46세,중상,승용,남,69세,상해없음
2012030900100123,2012년 3월 9일 08시,금요일,경상남도 창원시 의창구 서상동,중상사고,0,1,0,0,차대사람 - 기타,보행자보호의무위반,건조,맑음,교차로 - 교차로안,화물,남,43세,상해없음,보행자,여,47세,중상
2012030900100181,2012년 3월 9일 11시,금요일,경상남도 창원시 진해구 이동,경상사고,0,0,1,0,차대차 - 측면직각충돌,안전운전불이행,건조,맑음,단일로 - 기타,이륜,남,66세,경상,승용,남,37세,상해없음
2012030900100205,2012년 3월 9일 12시,금요일,경상남도 김해시 봉황동,중상사고,0,2,0,0,차대차 - 측면직각충돌,교차로운행방법위반,건조,맑음,교차로 - 교차로안,승용,남,19세,상해없음,승용,여,41세,중상
2012030900100226,2012년 3월 9일 13시,금요일,경상남도 창원시 마산합포구 진전면,중상사고,0,1,0,0,차대차 - 측면직각충돌,차로위반,건조,맑음,단일로 - 기타,승용,여,20세,기타불명,승용,남,50세,중상
2012030900100227,2012년 3월 9일 13시,금요일,경상남도 합천군 합천읍,중상사고,0,1,1,0,차대차 - 측면직각충돌,교차로운행방법위반,건조,맑음,교차로 - 교차로안,승용,남,33세,상해없음,승용,여,43세,중상
2012030900100251,2012년 3월 9일 14시,금요일,경상남도 진주시 호탄동,중상사고,0,1,1,0,차대차 - 정면충돌,중앙선침범,건조,맑음,단일로 - 기타,승용,남,72세,상해없음,화물,여,49세,중상
2012030900100252,2012년 3월 9일 14시,금요일,경상남도 진주시 옥봉동,중상사고,0,1,0,0,차대차 - 측면직각충돌,신호위반,건조,맑음,교차로 - 교차로부근,화물,남,63세,상해없음,자전거,남,65세,중상
2012030900100253,2012년 3월 9일 14시,금요일,경상남도 양산시 북부동,경상사고,0,0,1,0,차대차 - 측면직각충돌,교차로운행방법위반,건조,맑음,교차로 - 교차로안,승용,남,28세,기타불명,승용,여,40세,경상
2012030900100278,2012년 3월 9일 15시,금요일,경상남도 김해시 구산동,경상사고,0,0,1,0,차대차 - 기타,신호위반,건조,맑음,교차로 - 교차로안,화물,남,21세,상해없음,승용,남,22세,경상
2012030900100309,2012년 3월 9일 16시,금요일,경상남도 진주시 옥봉동,중상사고,0,1,0,0,차량단독 - 도로외이탈 - 기타,안전운전불이행,건조,맑음,단일로 - 기타,원동기,남,42세,중상,,,,
2012030900100310,2012년 3월 9일 16시,금요일,경상남도 밀양시 하남읍,중상사고,0,1,0,0,차대차 - 측면직각충돌,안전운전불이행,건조,맑음,교차로 - 교차로안,화물,남,31세,상해없음,화물,남,57세,중상
2012030900100311,2012년 3월 9일 16시,금요일,경상남도 김해시 지내동,경상사고,0,0,1,0,차대차 - 기타,안전거리미확보,건조,맑음,교차로 - 교차로부근,승용,남,52세,상해없음,승용,여,37세,경상
2012030900100312,2012년 3월 9일 16시,금요일,경상남도 창원시 마산회원구 양덕동,중상사고,0,1,0,0,차대사람 - 길가장자리구역통행중,안전운전불이행,건조,맑음,단일로 - 기타,승용,여,52세,상해없음,보행자,남,54세,중상
2012030900100377,2012년 3월 9일 18시,금요일,경상남도 창원시 마산합포구 현동,중상사고,0,1,0,0,차대차 - 추돌 - 진행중,안전운전불이행,건조,맑음,단일로 - 기타,화물,남,45세,상해없음,승용,여,50세,중상
2012030900100378,2012년 3월 9일 18시,금요일,경상남도 김해시 외동,경상사고,0,0,2,0,차대차 - 측면직각충돌,안전운전불이행,건조,맑음,교차로 - 교차로안,승용,남,33세,상해없음,승합,남,31세,경상
2012030900100379,2012년 3월 9일 18시,금요일,경상남도 창원시 의창구 소답동,중상사고,0,1,0,0,차대차 - 기타,안전운전불이행,건조,맑음,단일로 - 기타,화물,남,32세,상해없음,승합,남,56세,상해없음
2012030900100422,2012년 3월 9일 19시,금요일,경상남도 진주시 상평동,중상사고,0,1,0,0,차대차 - 측면직각충돌,신호위반,건조,맑음,교차로 - 교차로안,승용,여,39세,상해없음,승용,남,33세,중상
2012030900100423,2012년 3월 9일 19시,금요일,경상남도 김해시 삼방동,중상사고,0,1,0,0,차대사람 - 횡단중,안전운전불이행,건조,맑음,단일로 - 기타,승용,여,52세,상해없음,보행자,남,23세,중상
2012030900100424,2012년 3월 9일 19시,금요일,경상남도 김해시 외동,중상사고,0,1,1,0,차대차 - 추돌 - 주정차중,안전운전불이행,건조,맑음,교차로 - 교차로안,승용,여,21세,상해없음,승용,남,45세,상해없음
2012030900100425,2012년 3월 9일 19시,금요일,경상남도 김해시 동상동,중상사고,0,1,1,0,차대차 - 추돌 - 주정차중,안전운전불이행,건조,맑음,교차로 - 교차로안,승용,남,53세,상해없음,승용,여,42세,중상
2012030900100426,2012년 3월 9일 19시,금요일,경상남도 창원시 의창구 용호동,중상사고,0,1,0,0,차대사람 - 횡단중,안전운전불이행,건조,맑음,단일로 - 기타,승용,남,71세,상해없음,보행자,남,50세,중상
2012030900100470,2012년 3월 9일 20시,금요일,경상남도 창원시 마산합포구 자산동,중상사고,0,1,0,0,차대사람 - 기타,안전운전불이행,건조,맑음,기타 - 기타,승합,남,32세,상해없음,보행자,여,19세,중상
2012030900100471,2012년 3월 9일 20시,금요일,경상남도 통영시 무전동,경상사고,0,0,1,0,차대차 - 추돌 - 주정차중,안전운전불이행,건조,맑음,교차로 - 교차로부근,원동기,남,17세,경상,승용,남,61세,상해없음
2012030900100503,2012년 3월 9일 21시,금요일,경상남도 밀양시 가곡동,중상사고,0,1,0,0,차대차 - 측면직각충돌,안전운전불이행,건조,맑음,교차로 - 교차로안,승용,남,62세,상해없음,승용,남,28세,상해없음
2012030900100504,2012년 3월 9일 21시,금요일,경상남도 김해시 서상동,경상사고,0,0,1,0,차대차 - 정면충돌,안전운전불이행,건조,맑음,단일로 - 기타,승용,여,40세,상해없음,자전거,남,51세,경상
2012030900100505,2012년 3월 9일 21시,금요일,경상남도 김해시 외동,경상사고,0,0,1,0,차대사람 - 횡단중,보행자보호의무위반,건조,맑음,단일로 - 횡단보도상,원동기,남,17세,상해없음,보행자,남,24세,경상
2012030900100506,2012년 3월 9일 21시,금요일,경상남도 김해시 외동,경상사고,0,0,1,0,차대차 - 측면직각충돌,안전거리미확보,건조,맑음,교차로 - 교차로부근,승용,여,30세,상해없음,승용,남,49세,경상
2012030900100507,2012년 3월 9일 21시,금요일,경상남도 거제시 옥포동,중상사고,0,1,0,0,차대차 - 추돌 - 주정차중,안전운전불이행,건조,맑음,단일로 - 기타,승용,남,42세,상해없음,승용,여,45세,중상
2012030900100508,2012년 3월 9일 21시,금요일,경상남도 함안군 법수면,중상사고,0,1,0,0,차대사람 - 차도통행중,안전운전불이행,건조,맑음,단일로 - 기타,이륜,남,36세,상해없음,보행자,남,37세,중상
2012030900100509,2012년 3월 9일 21시,금요일,경상남도 창원시 마산합포구 산호동,부상신고사고,0,0,0,1,차대사람 - 기타,안전운전불이행,건조,맑음,교차로 - 교차로안,기타불명,기타불명,기타불명,기타불명,보행자,남,50세,부상신고
2012030900100510,2012년 3월 9일 21시,금요일,경상남도 창원시 마산회원구 양덕동,경상사고,0,0,1,0,차대차 - 측면직각충돌,안전운전불이행,건조,맑음,교차로 - 교차로안,승합,여,43세,상해없음,승용,남,49세,경상
2012030900100533,2012년 3월 9일 22시,금요일,경상남도 통영시 광도면,중상사고,0,1,0,0,차대사람 - 횡단중,안전운전불이행,건조,맑음,교차로 - 교차로부근,승용,남,45세,상해없음,보행자,남,39세,중상
2012030900100534,2012년 3월 9일 22시,금요일,경상남도 창원시 마산회원구 내서읍,경상사고,0,0,3,0,차대차 - 추돌 - 진행중,안전운전불이행,건조,맑음,교차로 - 교차로안,승용,남,35세,상해없음,승용,남,33세,경상
2012030900100535,2012년 3월 9일 22시,금요일,경상남도 창원시 의창구 봉곡동,중상사고,0,1,1,0,차대차 - 추돌 - 주정차중,안전거리미확보,건조,맑음,단일로 - 기타,승용,남,54세,상해없음,승용,미분류,기타불명,기타불명
2012030900100559,2012년 3월 9일 23시,금요일,경상남도 김해시 장유면,중상사고,0,1,0,0,차대차 - 추돌 - 진행중,안전운전불이행,건조,맑음,단일로 - 기타,승용,남,25세,상해없음,화물,남,47세,중상
2012030900100577,2012년 3월 9일 23시,금요일,경상남도 거제시 상동동,중상사고,0,2,0,0,차대차 - 추돌 - 주정차중,안전거리미확보,건조,맑음,단일로 - 기타,승용,남,33세,상해없음,승용,남,44세,중상
2012030900100578,2012년 3월 9일 23시,금요일,경상남도 창원시 성산구 대방동,중상사고,0,1,0,0,차대사람 - 보도통행중,안전운전불이행,건조,맑음,단일로 - 기타,승용,남,34세,상해없음,보행자,남,15세,중상
2012031000100067,2012년 3월 10일 02시,토요일,경상남도 김해시 안동,경상사고,0,0,1,0,차대사람 - 길가장자리구역통행중,안전운전불이행,건조,맑음,교차로 - 교차로안,승용,남,56세,상해없음,보행자,남,54세,경상
2012031000100106,2012년 3월 10일 05시,토요일,경상남도 창원시 의창구 봉곡동,중상사고,0,1,0,1,차대차 - 정면충돌,신호위반,건조,맑음,교차로 - 교차로안,승용,여,56세,부상신고,승용,여,40세,중상
2012031000100140,2012년 3월 10일 07시,토요일,경상남도 창원시 마산합포구 남성동,경상사고,0,0,1,0,차대사람 - 횡단중,보행자보호의무위반,건조,맑음,단일로 - 횡단보도상,화물,남,51세,상해없음,보행자,여,22세,경상
2012031000100141,2012년 3월 10일 07시,토요일,경상남도 거제시 장평동,중상사고,0,1,0,0,차대사람 - 횡단중,보행자보호의무위반,건조,맑음,단일로 - 횡단보도상,승용,여,34세,상해없음,보행자,남,19세,중상
2012031000100159,2012년 3월 10일 08시,토요일,경상남도 창원시 진해구 경화동,중상사고,0,2,0,0,차대차 - 측면직각충돌,직진우회전진행방해,건조,맑음,교차로 - 교차로안,승용,남,59세,상해없음,원동기,남,71세,중상
2012031000100160,2012년 3월 10일 08시,토요일,경상남도 창원시 의창구 팔용동,중상사고,0,1,0,0,차대차 - 측면직각충돌,신호위반,건조,맑음,교차로 - 교차로안,화물,남,56세,상해없음,승용,남,30세,중상
2012031000100173,2012년 3월 10일 09시,토요일,경상남도 사천시 정동면,중상사고,0,1,0,0,차대사람 - 차도통행중,안전운전불이행,건조,맑음,교차로 - 교차로부근,승용,남,50세,상해없음,보행자,여,77세,중상
2012031000100174,2012년 3월 10일 09시,토요일,경상남도 창원시 의창구 동읍,중상사고,0,1,0,0,차대차 - 측면직각충돌,직진우회전진행방해,건조,맑음,교차로 - 교차로안,화물,남,52세,상해없음,이륜,남,36세,중상
2012031000100192,2012년 3월 10일 10시,토요일,경상남도 함양군 안의면,중상사고,0,1,0,0,차대사람 - 횡단중,안전운전불이행,건조,맑음,단일로 - 기타,승용,여,38세,상해없음,보행자,여,62세,중상
2012031000100218,2012년 3월 10일 11시,토요일,경상남도 진주시 가좌동,경상사고,0,0,1,0,차대차 - 추돌 - 주정차중,안전운전불이행,건조,맑음,단일로 - 기타,화물,남,53세,상해없음,승용,여,26세,경상
2012031000100235,2012년 3월 10일 12시,토요일,경상남도 사천시 서포면,사망사고,1,0,0,0,차대차 - 기타,기타,건조,맑음,교차로 - 교차로안,승용,남,86세,상해없음,이륜,남,79세,사망
2012031000100236,2012년 3월 10일 12시,토요일,경상남도 양산시 평산동,경상사고,0,0,1,0,차대차 - 측면직각충돌,중앙선침범,건조,맑음,단일로 - 기타,승용,남,24세,상해없음,원동기,남,51세,경상
2012031000100237,2012년 3월 10일 12시,토요일,경상남도 고성군 고성읍,경상사고,0,0,1,0,차대차 - 측면직각충돌,안전거리미확보,건조,맑음,단일로 - 기타,화물,남,47세,상해없음,승용,남,62세,경상
2012031000100238,2012년 3월 10일 12시,토요일,경상남도 의령군 부림면,경상사고,0,0,1,0,차대차 - 측면직각충돌,안전운전불이행,건조,맑음,단일로 - 기타,승용,남,63세,상해없음,자전거,남,73세,경상
2012031000100264,2012년 3월 10일 13시,토요일,경상남도 김해시 상동면,경상사고,0,0,1,0,차대차 - 측면직각충돌,안전운전불이행,건조,맑음,단일로 - 교량,승용,남,35세,상해없음,승용,남,31세,경상
2012031000100289,2012년 3월 10일 14시,토요일,경상남도 창원시 의창구 대산면,경상사고,0,0,1,0,차대차 - 측면직각충돌,안전운전불이행,건조,맑음,단일로 - 기타,화물,남,48세,상해없음,화물,남,45세,경상
2012031000100346,2012년 3월 10일 16시,토요일,경상남도 김해시 한림면,경상사고,0,0,1,0,차대차 - 기타,교차로운행방법위반,건조,맑음,교차로 - 교차로안,승용,남,31세,상해없음,승용,남,42세,경상
2012031000100370,2012년 3월 10일 17시,토요일,경상남도 양산시 중부동,중상사고,0,1,0,0,차대차 - 측면직각충돌,안전운전불이행,건조,맑음,단일로 - 기타,승용,남,47세,상해없음,자전거,여,57세,중상
2012031000100371,2012년 3월 10일 17시,토요일,경상남도 거제시 고현동,중상사고,0,1,0,0,차대사람 - 횡단중,보행자보호의무위반,건조,맑음,단일로 - 횡단보도상,승용,여,52세,상해없음,보행자,여,2세,중상
2012031000100372,2012년 3월 10일 17시,토요일,경상남도 함안군 대산면,중상사고,0,1,1,1,차대차 - 측면직각충돌,안전운전불이행,건조,맑음,교차로 - 교차로안,승용,남,41세,상해없음,승용,여,42세,경상
2012031000100398,2012년 3월 10일 18시,토요일,경상남도 창원시 성산구 성산동,경상사고,0,0,1,0,차대차 - 추돌 - 진행중,안전운전불이행,건조,맑음,단일로 - 기타,화물,남,46세,상해없음,승용,남,33세,경상
2012031000100399,2012년 3월 10일 18시,토요일,경상남도 창원시 의창구 북면,중상사고,0,1,0,0,차대사람 - 횡단중,안전운전불이행,건조,맑음,단일로 - 기타,승용,여,52세,상해없음,보행자,남,54세,중상
2012031000100433,2012년 3월 10일 19시,토요일,경상남도 양산시 삼호동,중상사고,0,1,0,0,차대사람 - 차도통행중,안전운전불이행,건조,흐림,단일로 - 기타,승용,남,67세,상해없음,보행자,여,68세,중상
2012031000100434,2012년 3월 10일 19시,토요일,경상남도 창원시 마산합포구 산호동,경상사고,0,0,4,0,차대차 - 추돌 - 주정차중,안전운전불이행,건조,맑음,단일로 - 기타,승용,남,60세,상해없음,승용,남,31세,경상
2012031000100472,2012년 3월 10일 20시,토요일,경상남도 창원시 마산합포구 상남동,중상사고,0,1,2,0,차대차 - 측면직각충돌,안전운전불이행,건조,맑음,단일로 - 기타,화물,남,62세,상해없음,승용,남,28세,경상
2012031000100473,2012년 3월 10일 20시,토요일,경상남도 사천시 사남면,경상사고,0,0,2,0,차대차 - 기타,교차로운행방법위반,건조,맑음,교차로 - 교차로안,승용,남,51세,상해없음,승용,남,38세,경상
2012031000100474,2012년 3월 10일 20시,토요일,경상남도 김해시 외동,중상사고,0,2,2,0,차대차 - 측면직각충돌,신호위반,건조,맑음,단일로 - 기타,승용,여,20세,상해없음,승용,남,55세,중상
2012031000100529,2012년 3월 10일 22시,토요일,경상남도 진주시 금산면,사망사고,1,0,0,0,차대사람 - 기타,안전운전불이행,건조,맑음,단일로 - 기타,화물,남,50세,상해없음,보행자,남,8세,사망
2012031000100530,2012년 3월 10일 22시,토요일,경상남도 밀양시 내이동,경상사고,0,0,1,0,차대차 - 측면직각충돌,안전운전불이행,건조,맑음,교차로 - 교차로안,화물,남,43세,상해없음,원동기,남,17세,경상
2012031000100531,2012년 3월 10일 22시,토요일,경상남도 거제시 아주동,경상사고,0,0,1,0,차대차 - 추돌 - 주정차중,안전운전불이행,건조,맑음,교차로 - 교차로부근,승용,남,42세,상해없음,승용,남,29세,경상
2012031100100024,2012년 3월 11일 00시,일요일,경상남도 거창군 거창읍,중상사고,0,1,0,0,차대차 - 측면직각충돌,안전운전불이행,건조,맑음,기타 - 기타,승용,여,29세,상해없음,승용,남,60세,중상
2012031100100061,2012년 3월 11일 02시,일요일,경상남도 창원시 성산구 상남동,경상사고,0,0,3,0,차대차 - 측면직각충돌,신호위반,건조,맑음,교차로 - 교차로안,승용,남,29세,기타불명,승용,남,44세,경상
2012031100100116,2012년 3월 11일 07시,일요일,경상남도 창원시 성산구 신촌동,경상사고,0,0,1,0,차대차 - 추돌 - 주정차중,안전운전불이행,건조,맑음,교차로 - 교차로부근,승용,남,33세,상해없음,승용,남,37세,경상
2012031100100145,2012년 3월 11일 09시,일요일,경상남도 하동군 진교면,경상사고,0,0,3,0,차대차 - 추돌 - 진행중,안전운전불이행,건조,맑음,단일로 - 기타,화물,남,57세,상해없음,승용,남,54세,상해없음
2012031100100146,2012년 3월 11일 09시,일요일,경상남도 창원시 성산구 대방동,중상사고,0,1,5,0,차대차 - 추돌 - 진행중,안전운전불이행,건조,맑음,단일로 - 기타,승용,남,22세,상해없음,승합,여,38세,경상
2012031100100166,2012년 3월 11일 10시,일요일,경상남도 사천시 서금동,경상사고,0,0,2,0,차대차 - 측면직각충돌,안전운전불이행,건조,맑음,교차로 - 교차로안,승용,남,32세,상해없음,승용,남,74세,상해없음