사고번호,사고일시,요일,시군구,사고내용,사망자수,중상자수,경상자수,부상신고자수,사고유형,법규위반,노면상태,기상상태,도로형태,가해운전자 차종,가해운전자 성별,가해운전자 연령,가해운전자 상해정도,피해운전자 차종,피해운전자 성별,피해운전자 연령,피해운전자 상해정도
2012032100100282,2012년 3월 21일 14시,수요일,경상남도 김해시 어방동,중상사고,0,1,0,0,차대차 - 추돌 - 주정차중,안전운전불이행,건조,맑음,교차로 - 교차로안,원동기,남,18세,중상,승용,남,32세,상해없음
2012032100100312,2012년 3월 21일 15시,수요일,경상남도 거창군 가조면,중상사고,0,1,0,0,차대차 - 측면직각충돌,교차로운행방법위반,건조,맑음,교차로 - 교차로안,농기계,남,73세,중상,화물,남,28세,상해없음
2012032100100335,2012년 3월 21일 16시,수요일,경상남도 창원시 진해구 용원동,중상사고,0,1,0,0,차대차 - 측면직각충돌,안전운전불이행,건조,맑음,교차로 - 교차로부근,승용,남,38세,상해없음,승용,남,34세,중상
2012032100100336,2012년 3월 21일 16시,수요일,경상남도 김해시 내동,경상사고,0,0,1,0,차대차 - 측면직각충돌,안전운전불이행,건조,맑음,단일로 - 기타,이륜,남,38세,경상,승용,남,49세,상해없음
2012032100100369,2012년 3월 21일 17시,수요일,경상남도 통영시 미수동,경상사고,0,0,1,0,차대차 - 측면직각충돌,안전운전불이행,건조,맑음,단일로 - 기타,이륜,남,55세,경상,화물,여,62세,상해없음
2012032100100370,2012년 3월 21일 17시,수요일,경상남도 거창군 거창읍,중상사고,0,1,0,0,차대차 - 기타,안전운전불이행,건조,맑음,단일로 - 기타,특수,남,48세,기타불명,이륜,남,64세,중상
2012032100100371,2012년 3월 21일 17시,수요일,경상남도 창원시 마산회원구 내서읍,중상사고,0,1,0,0,차대사람 - 횡단중,보행자보호의무위반,건조,맑음,교차로 - 교차로부근,이륜,남,66세,상해없음,보행자,여,62세,중상
2012032100100405,2012년 3월 21일 18시,수요일,경상남도 통영시 광도면,부상신고사고,0,0,0,1,차대차 - 추돌 - 진행중,안전운전불이행,건조,맑음,단일로 - 기타,원동기,남,54세,부상신고,승용,남,59세,상해없음
2012032100100406,2012년 3월 21일 18시,수요일,경상남도 의령군 의령읍,경상사고,0,0,1,0,차대차 - 측면직각충돌,안전운전불이행,건조,맑음,교차로 - 교차로안,승용,여,49세,상해없음,화물,남,57세,경상
2012032100100434,2012년 3월 21일 19시,수요일,경상남도 사천시 송포동,경상사고,0,0,1,0,차대차 - 측면직각충돌,직진우회전진행방해,건조,맑음,교차로 - 교차로안,화물,남,42세,상해없음,이륜,남,44세,경상
2012032100100435,2012년 3월 21일 19시,수요일,경상남도 양산시 동면,중상사고,0,1,0,0,차대사람 - 기타,안전운전불이행,습기,비,단일로 - 기타,승합,여,50세,상해없음,보행자,남,21세,중상
2012032100100436,2012년 3월 21일 19시,수요일,경상남도 거제시 사등면,중상사고,0,2,2,0,차대차 - 추돌 - 진행중,안전운전불이행,건조,흐림,단일로 - 기타,승용,남,29세,상해없음,승용,여,27세,경상
2012032100100437,2012년 3월 21일 19시,수요일,경상남도 창원시 마산회원구 양덕동,중상사고,0,1,0,0,차대사람 - 보도통행중,보행자보호의무위반,건조,맑음,교차로 - 교차로부근,승용,남,49세,상해없음,보행자,여,12세,중상
2012032100100465,2012년 3월 21일 20시,수요일,경상남도 창원시 진해구 안골동,경상사고,0,0,1,0,차대차 - 측면직각충돌,안전운전불이행,건조,맑음,기타 - 기타,화물,남,45세,상해없음,화물,남,36세,경상
2012032100100466,2012년 3월 21일 20시,수요일,경상남도 고성군 동해면,중상사고,0,1,0,0,차대사람 - 길가장자리구역통행중,안전운전불이행,건조,맑음,단일로 - 기타,승용,여,42세,상해없음,보행자,남,64세,중상
2012032100100499,2012년 3월 21일 21시,수요일,경상남도 김해시 외동,중상사고,0,1,0,0,차대사람 - 횡단중,안전운전불이행,건조,맑음,교차로 - 교차로안,승용,남,27세,상해없음,보행자,남,14세,중상
2012032100100500,2012년 3월 21일 21시,수요일,경상남도 양산시 북부동,중상사고,0,1,0,0,차대차 - 기타,안전거리미확보,건조,맑음,단일로 - 기타,승용,남,25세,상해없음,자전거,남,23세,중상
2012032100100501,2012년 3월 21일 21시,수요일,경상남도 김해시 장유면,부상신고사고,0,0,0,1,차대차 - 추돌 - 주정차중,안전운전불이행,건조,맑음,교차로 - 교차로부근,승용,남,51세,상해없음,승용,남,53세,부상신고
2012032100100564,2012년 3월 21일 23시,수요일,경상남도 진주시 상평동,경상사고,0,0,1,0,차대차 - 측면직각충돌,교차로운행방법위반,건조,맑음,교차로 - 교차로안,승용,여,56세,상해없음,승용,여,40세,경상
2012032100100565,2012년 3월 21일 23시,수요일,경상남도 창원시 진해구 경화동,중상사고,0,1,0,0,차대차 - 측면직각충돌,신호위반,건조,맑음,교차로 - 교차로안,승용,남,35세,상해없음,승용,남,27세,중상
2012032100100566,2012년 3월 21일 23시,수요일,경상남도 양산시 중부동,사망사고,1,0,0,0,차대사람 - 길가장자리구역통행중,안전운전불이행,건조,맑음,기타 - 기타,승용,남,42세,상해없음,보행자,여,22세,사망
2012032100100567,2012년 3월 21일 23시,수요일,경상남도 양산시 중부동,경상사고,0,0,1,0,차대사람 - 횡단중,보행자보호의무위반,습기,비,단일로 - 횡단보도상,승용,남,22세,상해없음,보행자,남,35세,경상
2012032100100568,2012년 3월 21일 23시,수요일,경상남도 창원시 의창구 동읍,경상사고,0,0,1,0,차대사람 - 길가장자리구역통행중,안전운전불이행,건조,맑음,단일로 - 기타,원동기,여,50세,상해없음,보행자,남,41세,경상
2012032200100058,2012년 3월 22일 04시,목요일,경상남도 거제시 장승포동,경상사고,0,0,1,0,차대차 - 측면직각충돌,안전운전불이행,건조,맑음,단일로 - 기타,승용,남,30세,상해없음,이륜,남,45세,경상
2012032200100121,2012년 3월 22일 08시,목요일,경상남도 김해시 봉황동,중상사고,0,1,0,0,차대사람 - 횡단중,안전운전불이행,건조,맑음,교차로 - 교차로안,승용,남,26세,상해없음,보행자,여,82세,중상
2012032200100122,2012년 3월 22일 08시,목요일,경상남도 거창군 거창읍,경상사고,0,0,1,0,차대차 - 측면직각충돌,교차로운행방법위반,건조,맑음,교차로 - 교차로안,이륜,남,18세,경상,승용,여,40세,상해없음
2012032200100152,2012년 3월 22일 09시,목요일,경상남도 남해군 삼동면,중상사고,0,3,0,0,차대차 - 정면충돌,중앙선침범,습기,비,단일로 - 기타,화물,남,26세,중상,화물,남,39세,중상
2012032200100153,2012년 3월 22일 09시,목요일,경상남도 창원시 의창구 북면,중상사고,0,1,0,0,차대차 - 정면충돌,중앙선침범,습기,비,단일로 - 기타,화물,남,60세,기타불명,화물,남,41세,중상
2012032200100228,2012년 3월 22일 13시,목요일,경상남도 김해시 내동,경상사고,0,0,2,0,차대차 - 측면직각충돌,신호위반,습기,비,교차로 - 교차로안,승용,남,31세,상해없음,승용,여,40세,경상
2012032200100229,2012년 3월 22일 13시,목요일,경상남도 양산시 북정동,중상사고,0,1,1,0,차대차 - 기타,안전운전불이행,습기,비,단일로 - 기타,화물,남,28세,상해없음,승용,남,51세,경상
2012032200100260,2012년 3월 22일 14시,목요일,경상남도 김해시 삼정동,중상사고,0,1,0,0,차대차 - 측면직각충돌,안전거리미확보,습기,비,교차로 - 교차로부근,승용,여,32세,상해없음,승용,여,51세,중상
2012032200100261,2012년 3월 22일 14시,목요일,경상남도 창원시 의창구 명서동,중상사고,0,1,0,0,차대차 - 측면직각충돌,직진우회전진행방해,습기,비,교차로 - 교차로안,승용,여,51세,상해없음,승용,여,52세,중상
2012032200100262,2012년 3월 22일 14시,목요일,경상남도 진주시 정촌면,중상사고,0,1,0,0,차대차 - 기타,기타,습기,비,단일로 - 기타,승용,남,45세,상해없음,승용,여,47세,중상
2012032200100290,2012년 3월 22일 15시,목요일,경상남도 창원시 의창구 팔용동,중상사고,0,1,0,0,차대차 - 기타,안전거리미확보,습기,비,교차로 - 교차로부근,승용,남,53세,상해없음,승용,남,30세,중상
2012032200100319,2012년 3월 22일 16시,목요일,경상남도 양산시 동면,중상사고,0,1,1,0,차대차 - 추돌 - 진행중,안전운전불이행,건조,흐림,교차로 - 교차로부근,승용,여,36세,상해없음,승용,남,57세,상해없음
2012032200100320,2012년 3월 22일 16시,목요일,경상남도 창원시 의창구 명서동,중상사고,0,1,0,0,차대사람 - 횡단중,안전운전불이행,습기,비,교차로 - 교차로안,화물,남,38세,상해없음,보행자,여,52세,중상
2012032200100321,2012년 3월 22일 16시,목요일,경상남도 창원시 의창구 팔용동,중상사고,0,2,0,0,차대차 - 기타,안전운전불이행,건조,맑음,교차로 - 교차로부근,승용,여,46세,기타불명,승용,여,36세,중상
2012032200100389,2012년 3월 22일 18시,목요일,경상남도 양산시 신기동,중상사고,0,1,0,0,차대차 - 추돌 - 진행중,안전거리미확보,습기,비,교차로 - 교차로부근,승용,남,53세,상해없음,원동기,남,51세,중상
2012032200100390,2012년 3월 22일 18시,목요일,경상남도 창원시 의창구 팔용동,경상사고,0,0,1,0,차대사람 - 기타,안전운전불이행,습기,비,교차로 - 교차로부근,승용,여,43세,상해없음,보행자,남,38세,경상
2012032200100432,2012년 3월 22일 19시,목요일,경상남도 밀양시 부북면,사망사고,1,0,3,0,차대차 - 정면충돌,중앙선침범,습기,비,단일로 - 기타,승용,남,64세,사망,승합,남,45세,경상
2012032200100433,2012년 3월 22일 19시,목요일,경상남도 김해시 외동,경상사고,0,0,1,0,차대차 - 측면직각충돌,안전운전불이행,습기,비,단일로 - 기타,승용,여,37세,상해없음,승용,여,64세,경상
2012032200100434,2012년 3월 22일 19시,목요일,경상남도 거제시 옥포동,경상사고,0,0,1,0,차대사람 - 횡단중,보행자보호의무위반,습기,비,교차로 - 교차로부근,승용,여,55세,상해없음,보행자,남,44세,경상
2012032200100435,2012년 3월 22일 19시,목요일,경상남도 거제시 사등면,경상사고,0,0,2,0,차대차 - 정면충돌,중앙선침범,습기,비,단일로 - 기타,승용,남,55세,상해없음,화물,남,34세,경상
2012032200100459,2012년 3월 22일 20시,목요일,경상남도 창원시 진해구 풍호동,중상사고,0,1,0,0,차대차 - 정면충돌,중앙선침범,습기,비,단일로 - 기타,승용,남,43세,상해없음,승용,남,30세,중상
2012032200100460,2012년 3월 22일 20시,목요일,경상남도 사천시 동동,중상사고,0,1,4,0,차대차 - 측면직각충돌,교차로운행방법위반,습기,비,교차로 - 교차로안,승용,여,57세,상해없음,승용,여,51세,중상
2012032200100461,2012년 3월 22일 20시,목요일,경상남도 김해시 어방동,중상사고,0,1,0,0,차대사람 - 횡단중,보행자보호의무위반,습기,비,단일로 - 횡단보도상,원동기,남,24세,상해없음,보행자,남,61세,중상
2012032200100462,2012년 3월 22일 20시,목요일,경상남도 거제시 수월동,중상사고,0,1,0,0,차대차 - 측면직각충돌,안전거리미확보,습기,비,단일로 - 기타,승용,남,30세,상해없음,이륜,남,42세,중상
2012032200100463,2012년 3월 22일 20시,목요일,경상남도 함안군 가야읍,경상사고,0,0,3,0,차대차 - 측면직각충돌,교차로운행방법위반,습기,비,교차로 - 교차로안,승용,남,30세,상해없음,승용,여,36세,경상
2012032200100509,2012년 3월 22일 21시,목요일,경상남도 진주시 망경동,중상사고,0,1,0,0,차대차 - 측면직각충돌,중앙선침범,습기,비,단일로 - 기타,승용,남,53세,상해없음,승용,남,59세,중상
2012032200100510,2012년 3월 22일 21시,목요일,경상남도 양산시 평산동,경상사고,0,0,1,1,차대차 - 측면직각충돌,직진우회전진행방해,습기,비,교차로 - 교차로안,승용,여,46세,부상신고,승용,남,38세,경상
2012032200100511,2012년 3월 22일 21시,목요일,경상남도 창원시 성산구 반지동,부상신고사고,0,0,0,1,차대사람 - 기타,안전운전불이행,건조,맑음,교차로 - 교차로안,승용,여,49세,상해없음,보행자,여,52세,부상신고
2012032200100512,2012년 3월 22일 21시,목요일,경상남도 창원시 마산회원구 회성동,경상사고,0,0,2,0,차대차 - 추돌 - 주정차중,안전운전불이행,습기,비,교차로 - 교차로부근,승용,남,28세,상해없음,승용,남,27세,경상
2012032200100554,2012년 3월 22일 22시,목요일,경상남도 밀양시 교동,중상사고,0,1,0,0,차대사람 - 횡단중,안전운전불이행,습기,비,교차로 - 교차로부근,승용,여,46세,상해없음,보행자,여,38세,중상
2012032200100555,2012년 3월 22일 22시,목요일,경상남도 창녕군 창녕읍,중상사고,0,3,0,0,차대차 - 추돌 - 주정차중,안전거리미확보,습기,비,교차로 - 교차로부근,화물,남,38세,상해없음,승용,여,45세,중상
2012032200100601,2012년 3월 22일 23시,목요일,경상남도 창원시 마산회원구 봉암동,중상사고,0,1,0,0,차량단독 - 기타,안전운전불이행,습기,비,단일로 - 기타,승용,남,52세,상해없음,,,,
2012032200100602,2012년 3월 22일 23시,목요일,경상남도 창원시 의창구 명서동,경상사고,0,0,1,0,차대차 - 측면직각충돌,직진우회전진행방해,습기,비,교차로 - 교차로안,승용,남,37세,상해없음,이륜,남,16세,경상
2012032300100021,2012년 3월 23일 00시,금요일,경상남도 김해시 장유면,경상사고,0,0,2,0,차대차 - 측면직각충돌,안전운전불이행,습기,비,교차로 - 교차로안,승용,남,37세,상해없음,화물,여,38세,경상
2012032300100071,2012년 3월 23일 02시,금요일,경상남도 거제시 장평동,중상사고,0,1,0,0,차대차 - 기타,안전운전불이행,습기,비,교차로 - 교차로부근,승용,남,34세,상해없음,화물,남,48세,중상
2012032300100072,2012년 3월 23일 02시,금요일,경상남도 창원시 성산구 내동,중상사고,0,2,0,0,차대차 - 기타,신호위반,건조,맑음,교차로 - 교차로안,승용,남,47세,상해없음,승용,남,45세,중상
2012032300100085,2012년 3월 23일 03시,금요일,경상남도 창원시 마산회원구 회원동,부상신고사고,0,0,0,1,차대차 - 측면직각충돌,안전운전불이행,습기,비,교차로 - 교차로안,승용,기타불명,기타불명,기타불명,승용,남,52세,부상신고
2012032300100102,2012년 3월 23일 05시,금요일,경상남도 창원시 마산회원구 구암동,사망사고,1,0,0,0,차대사람 - 기타,보행자보호의무위반,습기,흐림,교차로 - 교차로부근,승합,남,48세,상해없음,보행자,남,53세,사망
2012032300100103,2012년 3월 23일 05시,금요일,경상남도 창원시 마산회원구 회성동,경상사고,0,0,2,0,차대차 - 추돌 - 주정차중,안전운전불이행,습기,비,교차로 - 교차로부근,화물,남,45세,상해없음,승용,남,49세,경상
2012032300100135,2012년 3월 23일 07시,금요일,경상남도 창원시 진해구 죽곡동,중상사고,0,1,0,0,차대차 - 측면직각충돌,신호위반,습기,흐림,교차로 - 교차로안,승용,남,56세,상해없음,승합,남,56세,상해없음
2012032300100136,2012년 3월 23일 07시,금요일,경상남도 함안군 칠원면,경상사고,0,0,1,0,차대차 - 추돌 - 주정차중,안전운전불이행,습기,비,교차로 - 교차로부근,승용,남,61세,상해없음,승용,남,50세,경상
2012032300100137,2012년 3월 23일 07시,금요일,경상남도 창원시 성산구 반림동,경상사고,0,0,1,0,차대사람 - 기타,안전운전불이행,건조,맑음,단일로 - 기타,승용,남,29세,상해없음,보행자,여,16세,경상
2012032300100177,2012년 3월 23일 08시,금요일,경상남도 진주시 금산면,경상사고,0,0,2,0,차대차 - 추돌 - 주정차중,안전거리미확보,습기,비,단일로 - 기타,승용,남,42세,상해없음,승용,남,54세,상해없음
2012032300100194,2012년 3월 23일 09시,금요일,경상남도 함안군 대산면,경상사고,0,0,1,1,차대차 - 측면직각충돌,중앙선침범,습기,비,교차로 - 교차로부근,승용,여,43세,상해없음,화물,남,62세,부상신고
2012032300100259,2012년 3월 23일 11시,금요일,경상남도 진주시 하대동,중상사고,0,1,0,0,차대차 - 기타,안전운전불이행,습기,비,교차로 - 교차로안,화물,남,41세,상해없음,승용,여,37세,중상
2012032300100260,2012년 3월 23일 11시,금요일,경상남도 창원시 진해구 여좌동,중상사고,0,1,0,0,차대사람 - 기타,안전운전불이행,습기,비,단일로 - 기타,승용,남,55세,상해없음,보행자,남,88세,중상
2012032300100261,2012년 3월 23일 11시,금요일,경상남도 김해시 봉황동,중상사고,0,1,0,0,차대차 - 기타,안전운전불이행,습기,비,단일로 - 기타,원동기,여,50세,중상,특수,남,39세,기타불명
2012032300100262,2012년 3월 23일 11시,금요일,경상남도 합천군 초계면,중상사고,0,1,0,0,차대사람 - 길가장자리구역통행중,교차로운행방법위반,습기,비,교차로 - 교차로부근,승용,남,76세,상해없음,보행자,여,72세,중상
2012032300100263,2012년 3월 23일 11시,금요일,경상남도 창원시 의창구 도계동,중상사고,0,1,0,0,차대차 - 추돌 - 주정차중,안전거리미확보,습기,비,단일로 - 기타,승용,남,48세,상해없음,승용,남,55세,중상
2012032300100295,2012년 3월 23일 12시,금요일,경상남도 양산시 남부동,경상사고,0,0,1,0,차대차 - 기타,안전거리미확보,습기,비,교차로 - 교차로부근,승용,남,55세,상해없음,승용,남,32세,경상
2012032300100296,2012년 3월 23일 12시,금요일,경상남도 고성군 회화면,경상사고,0,0,1,0,차대차 - 측면직각충돌,직진우회전진행방해,습기,비,교차로 - 교차로안,승용,여,31세,상해없음,원동기,여,64세,경상
2012032300100297,2012년 3월 23일 12시,금요일,경상남도 창원시 의창구 팔용동,경상사고,0,0,2,0,차대차 - 측면직각충돌,안전거리미확보,습기,비,단일로 - 기타,화물,남,44세,상해없음,승용,남,73세,경상
2012032300100329,2012년 3월 23일 13시,금요일,경상남도 통영시 용남면,경상사고,0,0,1,0,차량단독 - 기타,안전운전불이행,건조,맑음,단일로 - 기타,승합,남,52세,상해없음,,,,
2012032300100330,2012년 3월 23일 13시,금요일,경상남도 김해시 삼계동,중상사고,0,1,1,0,차대차 - 정면충돌,중앙선침범,습기,비,단일로 - 기타,승용,여,52세,경상,승용,여,34세,중상
2012032300100331,2012년 3월 23일 13시,금요일,경상남도 고성군 동해면,경상사고,0,0,1,0,차량단독 - 기타,안전운전불이행,건조,맑음,단일로 - 기타,승합,남,38세,상해없음,,,,
2012032300100361,2012년 3월 23일 14시,금요일,경상남도 통영시 무전동,경상사고,0,0,1,0,차대차 - 측면직각충돌,신호위반,건조,맑음,교차로 - 교차로안,승용,여,21세,상해없음,승용,여,49세,경상
2012032300100362,2012년 3월 23일 14시,금요일,경상남도 사천시 사남면,경상사고,0,0,1,0,차대차 - 추돌 - 진행중,안전운전불이행,습기,비,단일로 - 기타,승용,남,33세,상해없음,승용,여,41세,경상
2012032300100363,2012년 3월 23일 14시,금요일,경상남도 함양군 함양읍,경상사고,0,0,2,1,차대차 - 측면직각충돌,교차로운행방법위반,습기,비,교차로 - 교차로안,승용,남,68세,상해없음,화물,남,53세,경상
2012032300100393,2012년 3월 23일 15시,금요일,경상남도 창원시 의창구 팔용동,경상사고,0,0,1,0,차대사람 - 기타,기타,습기,비,기타 - 기타,승용,남,39세,상해없음,보행자,여,44세,경상
2012032300100426,2012년 3월 23일 16시,금요일,경상남도 김해시 내동,중상사고,0,1,0,0,차대사람 - 횡단중,신호위반,습기,비,단일로 - 횡단보도상,승용,남,24세,상해없음,보행자,여,11세,중상
2012032300100427,2012년 3월 23일 16시,금요일,경상남도 거제시 문동동,중상사고,0,2,1,0,차대차 - 정면충돌,중앙선침범,습기,비,단일로 - 기타,화물,여,48세,상해없음,승용,남,43세,중상
2012032300100428,2012년 3월 23일 16시,금요일,경상남도 거제시 장평동,중상사고,0,2,0,0,차대차 - 추돌 - 진행중,안전거리미확보,습기,비,단일로 - 기타,특수,남,39세,상해없음,승용,남,44세,중상
2012032300100455,2012년 3월 23일 17시,금요일,경상남도 창원시 마산회원구 회원동,중상사고,0,1,0,0,차량단독 - 기타,안전운전불이행,건조,맑음,단일로 - 기타,승합,남,56세,상해없음,,,,
2012032300100491,2012년 3월 23일 18시,금요일,경상남도 진주시 장대동,경상사고,0,0,1,0,차대사람 - 횡단중,보행자보호의무위반,건조,맑음,단일로 - 횡단보도상,승용,남,42세,상해없음,보행자,남,15세,경상
2012032300100492,2012년 3월 23일 18시,금요일,경상남도 창원시 진해구 경화동,경상사고,0,0,2,0,차대차 - 기타,신호위반,습기,비,교차로 - 교차로부근,승용,남,58세,상해없음,승용,남,45세,경상
2012032300100493,2012년 3월 23일 18시,금요일,경상남도 합천군 야로면,중상사고,0,1,0,0,차량단독 - 전도전복,안전운전불이행,건조,맑음,단일로 - 교량,화물,남,75세,중상,,,,
2012032300100565,2012년 3월 23일 19시,금요일,경상남도 창녕군 창녕읍,경상사고,0,0,1,0,차대차 - 측면직각충돌,안전운전불이행,건조,맑음,단일로 - 기타,승용,남,36세,상해없음,이륜,남,17세,경상
2012032300100566,2012년 3월 23일 19시,금요일,경상남도 창원시 마산회원구 내서읍,중상사고,0,1,0,0,차대사람 - 횡단중,안전운전불이행,건조,흐림,단일로 - 기타,승용,남,29세,상해없음,보행자,남,63세,중상
2012032300100636,2012년 3월 23일 20시,금요일,경상남도 통영시 북신동,부상신고사고,0,0,0,1,차대사람 - 길가장자리구역통행중,안전운전불이행,건조,흐림,교차로 - 교차로안,기타불명,기타불명,기타불명,기타불명,보행자,남,15세,부상신고
2012032300100637,2012년 3월 23일 20시,금요일,경상남도 창원시 의창구 소답동,중상사고,0,1,0,0,차대사람 - 기타,안전운전불이행,습기,비,교차로 - 교차로안,승합,남,33세,상해없음,보행자,남,54세,중상
2012032300100638,2012년 3월 23일 20시,금요일,경상남도 창원시 의창구 소답동,중상사고,0,1,0,0,차대차 - 측면직각충돌,교차로운행방법위반,습기,비,교차로 - 교차로안,승용,여,34세,상해없음,승용,남,37세,중상
2012032300100708,2012년 3월 23일 21시,금요일,경상남도 김해시 지내동,중상사고,0,1,0,0,차대사람 - 횡단중,안전운전불이행,습기,비,단일로 - 기타,승합,남,38세,상해없음,보행자,남,18세,중상
2012032300100709,2012년 3월 23일 21시,금요일,경상남도 김해시 구산동,경상사고,0,0,3,0,차대차 - 측면직각충돌,교차로운행방법위반,습기,비,교차로 - 교차로안,승용,여,30세,상해없음,승용,남,53세,상해없음
2012032300100710,2012년 3월 23일 21시,금요일,경상남도 양산시 북부동,경상사고,0,0,1,0,차대사람 - 길가장자리구역통행중,교차로운행방법위반,습기,비,교차로 - 교차로안,화물,남,49세,상해없음,보행자,남,45세,경상
2012032300100711,2012년 3월 23일 21시,금요일,경상남도 고성군 회화면,부상신고사고,0,0,0,1,차대차 - 추돌 - 진행중,안전운전불이행,습기,비,단일로 - 기타,승용,남,37세,상해없음,승용,남,30세,부상신고
2012032300100712,2012년 3월 23일 21시,금요일,경상남도 거제시 고현동,경상사고,0,0,1,0,차대사람 - 기타,안전운전불이행,건조,맑음,교차로 - 교차로안,승용,남,45세,상해없음,보행자,남,33세,경상
2012032300100713,2012년 3월 23일 21시,금요일,경상남도 창원시 성산구 중앙동,경상사고,0,0,2,0,차대차 - 추돌 - 주정차중,안전운전불이행,습기,비,교차로 - 교차로부근,승용,여,52세,상해없음,승용,남,47세,경상
2012032300100714,2012년 3월 23일 21시,금요일,경상남도 창원시 의창구 도계동,중상사고,0,1,0,0,차대사람 - 횡단중,안전운전불이행,습기,비,교차로 - 교차로부근,승용,여,39세,상해없음,보행자,여,20세,중상
2012032300100787,2012년 3월 23일 22시,금요일,경상남도 양산시 동면,경상사고,0,0,1,0,차대차 - 측면직각충돌,안전거리미확보,습기,비,단일로 - 기타,승용,남,53세,상해없음,승용,남,40세,경상
2012032300100788,2012년 3월 23일 22시,금요일,경상남도 거제시 문동동,중상사고,0,1,0,0,차대차 - 측면직각충돌,안전운전불이행,습기,비,교차로 - 교차로안,승용,남,57세,상해없음,이륜,남,35세,중상
2012032300100837,2012년 3월 23일 23시,금요일,경상남도 창원시 진해구 이동,중상사고,0,1,0,0,차대사람 - 기타,안전운전불이행,건조,맑음,단일로 - 기타,기타불명,기타불명,기타불명,기타불명,보행자,남,26세,중상
2012032300100838,2012년 3월 23일 23시,금요일,경상남도 양산시 삼호동,경상사고,0,0,4,0,차대차 - 측면직각충돌,직진우회전진행방해,습기,비,교차로 - 교차로안,승용,남,26세,상해없음,승용,남,26세,경상
2012032300100839,2012년 3월 23일 23시,금요일,경상남도 거제시 연초면,중상사고,0,1,1,0,차대사람 - 횡단중,보행자보호의무위반,습기,비,단일로 - 횡단보도상,승용,남,34세,상해없음,보행자,남,34세,중상
2012032300100840,2012년 3월 23일 23시,금요일,경상남도 창원시 마산회원구 내서읍,경상사고,0,0,1,0,차대차 - 측면직각충돌,중앙선침범,건조,맑음,교차로 - 교차로안,승용,남,41세,상해없음,승용,남,34세,경상
2012032400100031,2012년 3월 24일 00시,토요일,경상남도 김해시 외동,경상사고,0,0,1,0,차대차 - 추돌 - 주정차중,안전운전불이행,건조,맑음,단일로 - 교량,화물,남,43세,상해없음,승용,남,46세,경상
2012032400100032,2012년 3월 24일 00시,토요일,경상남도 김해시 대성동,중상사고,0,1,0,0,차대사람 - 기타,안전운전불이행,습기,흐림,교차로 - 교차로부근,승용,남,52세,기타불명,보행자,여,65세,중상
2012032400100079,2012년 3월 24일 01시,토요일,경상남도 창녕군 길곡면,경상사고,0,0,1,0,차량단독 - 도로외이탈 - 추락,안전운전불이행,습기,흐림,단일로 - 기타,승용,남,50세,경상,,,,
2012032400100166,2012년 3월 24일 04시,토요일,경상남도 창원시 마산회원구 봉암동,부상신고사고,0,0,0,1,차량단독 - 공작물충돌,안전운전불이행,건조,맑음,단일로 - 기타,승용,남,49세,상해없음,,,,
2012032400100182,2012년 3월 24일 05시,토요일,경상남도 거창군 거창읍,중상사고,0,1,0,0,차대차 - 측면직각충돌,신호위반,건조,맑음,교차로 - 교차로안,승용,여,57세,중상,화물,남,52세,상해없음
2012032400100201,2012년 3월 24일 06시,토요일,경상남도 사천시 곤양면,사망사고,1,0,0,0,차량단독 - 기타,안전운전불이행,건조,맑음,단일로 - 기타,승용,남,47세,사망,,,,
2012032400100221,2012년 3월 24일 07시,토요일,경상남도 창원시 성산구 성산동,경상사고,0,0,2,0,차대차 - 추돌 - 주정차중,안전운전불이행,건조,맑음,교차로 - 교차로부근,승용,남,51세,상해없음,승용,남,29세,경상
2012032400100247,2012년 3월 24일 08시,토요일,경상남도 사천시 동금동,경상사고,0,0,1,0,차대차 - 측면직각충돌,교차로운행방법위반,건조,맑음,교차로 - 교차로안,화물,남,41세,경상,승용,남,35세,상해없음
2012032400100248,2012년 3월 24일 08시,토요일,경상남도 고성군 회화면,중상사고,0,1,0,0,차대차 - 추돌 - 주정차중,안전거리미확보,건조,맑음,단일로 - 기타,승용,남,61세,상해없음,승용,남,37세,중상
2012032400100297,2012년 3월 24일 10시,토요일,경상남도 통영시 무전동,경상사고,0,0,3,0,차대차 - 추돌 - 진행중,안전거리미확보,건조,맑음,단일로 - 기타,승합,남,34세,상해없음,승용,남,53세,상해없음
2012032400100298,2012년 3월 24일 10시,토요일,경상남도 김해시 장유면,경상사고,0,0,1,0,차대사람 - 횡단중,보행자보호의무위반,건조,맑음,교차로 - 교차로안,승합,남,44세,상해없음,보행자,남,26세,경상
2012032400100323,2012년 3월 24일 11시,토요일,경상남도 사천시 죽림동,경상사고,0,0,2,0,차대차 - 기타,신호위반,건조,맑음,교차로 - 교차로안,특수,남,31세,상해없음,승용,여,42세,경상
2012032400100324,2012년 3월 24일 11시,토요일,경상남도 고성군 고성읍,경상사고,0,0,2,0,차대차 - 측면직각충돌,안전운전불이행,건조,맑음,단일로 - 기타,승용,남,41세,상해없음,승용,남,52세,상해없음
2012032400100325,2012년 3월 24일 11시,토요일,경상남도 김해시 장유면,경상사고,0,0,1,0,차대차 - 추돌 - 주정차중,안전운전불이행,건조,맑음,교차로 - 교차로부근,승용,기타불명,기타불명,기타불명,승용,남,36세,상해없음