사고번호,사고일시,요일,시군구,사고내용,사망자수,중상자수,경상자수,부상신고자수,사고유형,법규위반,노면상태,기상상태,도로형태,가해운전자 차종,가해운전자 성별,가해운전자 연령,가해운전자 상해정도,피해운전자 차종,피해운전자 성별,피해운전자 연령,피해운전자 상해정도
2012032400100350,2012년 3월 24일 12시,토요일,경상남도 진주시 상대동,중상사고,0,2,3,0,차대차 - 추돌 - 진행중,안전거리미확보,건조,맑음,교차로 - 교차로부근,특수,남,32세,상해없음,승용,여,35세,중상
2012032400100351,2012년 3월 24일 12시,토요일,경상남도 양산시 소주동,경상사고,0,0,1,0,차대차 - 측면직각충돌,안전운전불이행,건조,맑음,단일로 - 기타,승용,남,58세,상해없음,승용,여,41세,경상
2012032400100352,2012년 3월 24일 12시,토요일,경상남도 거제시 연초면,중상사고,0,1,1,0,차대차 - 기타,직진우회전진행방해,건조,맑음,교차로 - 교차로부근,승용,남,48세,상해없음,승용,남,38세,중상
2012032400100353,2012년 3월 24일 12시,토요일,경상남도 창원시 성산구 신촌동,경상사고,0,0,1,0,차대차 - 추돌 - 진행중,안전운전불이행,건조,맑음,교차로 - 교차로부근,승용,남,52세,상해없음,승용,여,45세,경상
2012032400100396,2012년 3월 24일 13시,토요일,경상남도 김해시 외동,중상사고,0,1,0,0,차대사람 - 횡단중,보행자보호의무위반,건조,맑음,단일로 - 횡단보도상,화물,남,26세,상해없음,보행자,여,12세,중상
2012032400100397,2012년 3월 24일 13시,토요일,경상남도 김해시 내동,중상사고,0,3,0,0,차량단독 - 공작물충돌,안전운전불이행,건조,맑음,단일로 - 기타,승용,여,43세,중상,,,,
2012032400100477,2012년 3월 24일 15시,토요일,경상남도 진주시 이반성면,경상사고,0,0,1,0,차대차 - 측면직각충돌,차로위반,건조,맑음,단일로 - 기타,농기계,남,67세,경상,승용,여,40세,상해없음
2012032400100479,2012년 3월 24일 15시,토요일,경상남도 통영시 항남동,경상사고,0,0,1,0,차대사람 - 기타,안전운전불이행,건조,맑음,단일로 - 기타,승용,남,54세,상해없음,보행자,남,41세,경상
2012032400100517,2012년 3월 24일 16시,토요일,경상남도 창녕군 이방면,사망사고,1,0,0,0,차량단독 - 도로외이탈 - 추락,안전운전불이행,건조,맑음,교차로 - 교차로안,이륜,남,43세,사망,,,,
2012032400100518,2012년 3월 24일 16시,토요일,경상남도 거제시 장평동,중상사고,0,1,0,0,차대차 - 측면직각충돌,불법유턴,건조,맑음,교차로 - 교차로부근,승용,남,41세,상해없음,이륜,남,45세,중상
2012032400100519,2012년 3월 24일 16시,토요일,경상남도 창원시 의창구 북면,경상사고,0,0,1,0,차대차 - 기타,중앙선침범,건조,맑음,단일로 - 기타,화물,남,75세,상해없음,승용,여,51세,경상
2012032400100557,2012년 3월 24일 17시,토요일,경상남도 창원시 의창구 용호동,중상사고,0,1,0,0,차대사람 - 기타,기타,건조,맑음,교차로 - 교차로부근,승합,남,42세,상해없음,보행자,여,80세,중상
2012032400100589,2012년 3월 24일 18시,토요일,경상남도 진주시 망경동,경상사고,0,0,1,0,차대차 - 기타,안전운전불이행,건조,맑음,교차로 - 교차로부근,화물,남,62세,상해없음,승용,남,63세,상해없음
2012032400100590,2012년 3월 24일 18시,토요일,경상남도 통영시 북신동,경상사고,0,0,1,0,차대차 - 측면직각충돌,신호위반,건조,맑음,교차로 - 교차로안,승합,남,55세,상해없음,기타불명,남,57세,경상
2012032400100591,2012년 3월 24일 18시,토요일,경상남도 통영시 북신동,중상사고,0,1,0,0,차대차 - 측면직각충돌,직진우회전진행방해,건조,맑음,교차로 - 교차로안,승용,남,38세,기타불명,승용,남,46세,중상
2012032400100592,2012년 3월 24일 18시,토요일,경상남도 밀양시 내이동,중상사고,0,1,0,0,차대차 - 측면직각충돌,신호위반,건조,맑음,교차로 - 교차로안,승용,여,56세,상해없음,승용,남,53세,중상
2012032400100593,2012년 3월 24일 18시,토요일,경상남도 김해시 부원동,경상사고,0,0,6,0,차대차 - 추돌 - 주정차중,안전운전불이행,건조,맑음,교차로 - 교차로부근,승용,남,56세,경상,승용,여,42세,경상
2012032400100633,2012년 3월 24일 19시,토요일,경상남도 창원시 진해구 자은동,경상사고,0,0,1,0,차대차 - 측면직각충돌,직진우회전진행방해,건조,맑음,교차로 - 교차로안,원동기,남,53세,경상,승용,남,36세,상해없음
2012032400100634,2012년 3월 24일 19시,토요일,경상남도 사천시 벌리동,중상사고,0,1,0,0,차대차 - 측면직각충돌,교차로운행방법위반,건조,맑음,교차로 - 교차로안,승용,남,39세,상해없음,이륜,남,40세,중상
2012032400100635,2012년 3월 24일 19시,토요일,경상남도 합천군 율곡면,경상사고,0,0,1,0,차량단독 - 공작물충돌,안전운전불이행,건조,맑음,단일로 - 기타,승용,여,40세,경상,,,,
2012032400100636,2012년 3월 24일 19시,토요일,경상남도 거제시 옥포동,경상사고,0,0,1,0,차대사람 - 보도통행중,안전운전불이행,건조,맑음,교차로 - 교차로부근,승용,남,69세,상해없음,보행자,여,28세,경상
2012032400100637,2012년 3월 24일 19시,토요일,경상남도 창원시 마산회원구 회원동,중상사고,0,1,0,0,차대사람 - 길가장자리구역통행중,안전운전불이행,건조,맑음,단일로 - 기타,원동기,남,49세,상해없음,보행자,남,71세,중상
2012032400100638,2012년 3월 24일 19시,토요일,경상남도 창원시 의창구 동읍,경상사고,0,0,1,0,차대차 - 기타,안전거리미확보,건조,맑음,단일로 - 기타,화물,남,46세,상해없음,승용,남,34세,경상
2012032400100669,2012년 3월 24일 20시,토요일,경상남도 양산시 물금읍,경상사고,0,0,1,0,차대사람 - 보도통행중,안전운전불이행,건조,맑음,단일로 - 기타,승용,남,30세,상해없음,보행자,남,46세,경상
2012032400100670,2012년 3월 24일 20시,토요일,경상남도 거제시 장평동,중상사고,0,1,0,0,차량단독 - 전도전복,안전운전불이행,건조,맑음,단일로 - 기타,승용,남,34세,상해없음,,,,
2012032400100671,2012년 3월 24일 20시,토요일,경상남도 창원시 마산회원구 석전동,중상사고,0,1,1,0,차대차 - 추돌 - 진행중,안전운전불이행,건조,맑음,단일로 - 기타,승용,남,35세,상해없음,승용,남,52세,경상
2012032400100724,2012년 3월 24일 22시,토요일,경상남도 김해시 봉황동,경상사고,0,0,3,0,차대차 - 추돌 - 주정차중,안전운전불이행,건조,맑음,단일로 - 기타,승용,남,54세,상해없음,승용,남,26세,경상
2012032400100725,2012년 3월 24일 22시,토요일,경상남도 거제시 고현동,중상사고,0,2,2,0,차대차 - 추돌 - 진행중,안전운전불이행,건조,맑음,교차로 - 교차로부근,승용,기타불명,기타불명,기타불명,승용,남,31세,경상
2012032400100726,2012년 3월 24일 22시,토요일,경상남도 김해시 장유면,경상사고,0,0,1,0,차대사람 - 길가장자리구역통행중,안전운전불이행,건조,맑음,교차로 - 교차로안,승용,여,44세,상해없음,보행자,남,50세,경상
2012032400100751,2012년 3월 24일 23시,토요일,경상남도 통영시 미수동,경상사고,0,0,2,0,차대차 - 추돌 - 진행중,안전운전불이행,건조,맑음,단일로 - 기타,승용,남,43세,상해없음,승용,남,65세,경상
2012032400100752,2012년 3월 24일 23시,토요일,경상남도 창원시 마산합포구 산호동,중상사고,0,2,2,0,차대차 - 추돌 - 주정차중,안전운전불이행,건조,맑음,단일로 - 기타,승용,남,32세,상해없음,승용,남,32세,중상
2012032500100019,2012년 3월 25일 00시,일요일,경상남도 김해시 삼계동,중상사고,0,1,0,0,차대차 - 추돌 - 주정차중,안전운전불이행,건조,맑음,단일로 - 기타,승용,남,23세,상해없음,승용,남,65세,중상
2012032500100034,2012년 3월 25일 01시,일요일,경상남도 김해시 대동면,사망사고,1,0,0,0,차량단독 - 공작물충돌,안전운전불이행,건조,맑음,단일로 - 기타,승용,남,58세,상해없음,,,,
2012032500100083,2012년 3월 25일 04시,일요일,경상남도 진주시 봉곡동,중상사고,0,1,0,0,차대사람 - 횡단중,보행자보호의무위반,건조,맑음,교차로 - 교차로부근,이륜,남,39세,상해없음,보행자,남,26세,중상
2012032500100112,2012년 3월 25일 06시,일요일,경상남도 진주시 상대동,중상사고,0,1,0,0,차대차 - 측면직각충돌,신호위반,건조,맑음,교차로 - 교차로안,승용,남,24세,상해없음,승용,남,57세,중상
2012032500100123,2012년 3월 25일 07시,일요일,경상남도 사천시 사남면,중상사고,0,1,0,0,차대차 - 측면직각충돌,중앙선침범,건조,맑음,단일로 - 기타,승용,남,50세,상해없음,화물,남,48세,중상
2012032500100135,2012년 3월 25일 08시,일요일,경상남도 사천시 사천읍,경상사고,0,0,1,0,차대차 - 정면충돌,교차로운행방법위반,건조,맑음,교차로 - 교차로안,승합,여,41세,상해없음,이륜,여,37세,경상
2012032500100136,2012년 3월 25일 08시,일요일,경상남도 창녕군 부곡면,경상사고,0,0,2,0,차대차 - 측면직각충돌,직진우회전진행방해,건조,맑음,교차로 - 교차로안,화물,남,55세,상해없음,승용,남,68세,경상
2012032500100154,2012년 3월 25일 10시,일요일,경상남도 거제시 고현동,중상사고,0,1,0,0,차대차 - 기타,안전운전불이행,건조,맑음,단일로 - 기타,승용,여,32세,상해없음,승용,여,50세,중상
2012032500100162,2012년 3월 25일 11시,일요일,경상남도 사천시 곤양면,중상사고,0,1,1,0,차대차 - 측면직각충돌,교차로운행방법위반,건조,맑음,교차로 - 교차로안,승용,남,56세,상해없음,화물,남,60세,중상
2012032500100163,2012년 3월 25일 11시,일요일,경상남도 창원시 마산회원구 합성동,경상사고,0,0,1,0,차대사람 - 횡단중,보행자보호의무위반,건조,맑음,교차로 - 교차로안,승용,남,42세,상해없음,보행자,남,32세,경상
2012032500100178,2012년 3월 25일 12시,일요일,경상남도 사천시 송포동,중상사고,0,2,2,0,차대차 - 추돌 - 주정차중,안전운전불이행,건조,맑음,단일로 - 기타,승용,남,67세,상해없음,승용,남,36세,중상
2012032500100179,2012년 3월 25일 12시,일요일,경상남도 김해시 외동,경상사고,0,0,1,0,차대차 - 측면직각충돌,안전운전불이행,건조,맑음,교차로 - 교차로안,승용,남,40세,상해없음,승합,남,43세,기타불명
2012032500100180,2012년 3월 25일 12시,일요일,경상남도 하동군 고전면,경상사고,0,0,4,0,차대차 - 추돌 - 진행중,안전운전불이행,건조,맑음,단일로 - 기타,승용,남,27세,상해없음,승용,남,54세,상해없음
2012032500100197,2012년 3월 25일 13시,일요일,경상남도 하동군 옥종면,경상사고,0,0,1,0,차대사람 - 차도통행중,안전운전불이행,건조,맑음,단일로 - 기타,승합,남,50세,상해없음,보행자,여,4세,경상
2012032500100198,2012년 3월 25일 13시,일요일,경상남도 거제시 거제면,경상사고,0,0,1,0,차대차 - 정면충돌,안전운전불이행,건조,맑음,교차로 - 교차로안,승용,남,62세,기타불명,승용,여,60세,경상
2012032500100217,2012년 3월 25일 14시,일요일,경상남도 창원시 마산합포구 신포동2가,중상사고,0,1,0,0,차대사람 - 횡단중,안전운전불이행,건조,맑음,단일로 - 기타,승용,남,68세,상해없음,보행자,여,59세,중상
2012032500100218,2012년 3월 25일 14시,일요일,경상남도 하동군 진교면,중상사고,0,2,2,0,차대차 - 측면직각충돌,안전운전불이행,건조,맑음,교차로 - 교차로안,승용,남,26세,상해없음,승용,남,37세,중상
2012032500100250,2012년 3월 25일 15시,일요일,경상남도 창원시 마산합포구 자산동,중상사고,0,1,0,0,차대차 - 측면직각충돌,안전운전불이행,건조,맑음,단일로 - 기타,승용,남,43세,상해없음,승용,남,58세,상해없음
2012032500100275,2012년 3월 25일 16시,일요일,경상남도 진주시 상봉동,중상사고,0,3,1,0,차대차 - 측면직각충돌,안전운전불이행,건조,맑음,단일로 - 기타,화물,남,54세,상해없음,승용,남,50세,경상
2012032500100276,2012년 3월 25일 16시,일요일,경상남도 남해군 남해읍,중상사고,0,1,0,0,차대차 - 추돌 - 주정차중,안전운전불이행,건조,맑음,단일로 - 기타,승용,남,68세,상해없음,승용,여,41세,중상
2012032500100277,2012년 3월 25일 16시,일요일,경상남도 김해시 한림면,경상사고,0,0,1,0,차대차 - 추돌 - 진행중,안전운전불이행,건조,맑음,교차로 - 교차로부근,승용,남,34세,상해없음,승용,여,46세,경상
2012032500100295,2012년 3월 25일 17시,일요일,경상남도 고성군 회화면,경상사고,0,0,1,0,차대차 - 추돌 - 진행중,안전거리미확보,건조,맑음,단일로 - 기타,승용,남,45세,상해없음,승용,남,28세,경상
2012032500100317,2012년 3월 25일 18시,일요일,경상남도 김해시 내동,중상사고,0,1,0,0,차대사람 - 길가장자리구역통행중,안전운전불이행,건조,맑음,교차로 - 교차로안,승용,남,57세,상해없음,보행자,남,1세,중상
2012032500100318,2012년 3월 25일 18시,일요일,경상남도 김해시 장유면,부상신고사고,0,0,0,1,차대차 - 추돌 - 진행중,안전거리미확보,건조,맑음,교차로 - 교차로부근,이륜,남,16세,부상신고,승용,남,43세,상해없음
2012032500100378,2012년 3월 25일 20시,일요일,경상남도 통영시 정량동,중상사고,0,4,0,0,차대차 - 측면직각충돌,중앙선침범,건조,맑음,단일로 - 기타,승용,여,48세,상해없음,승용,남,48세,중상
2012032500100393,2012년 3월 25일 21시,일요일,경상남도 통영시 무전동,중상사고,0,1,0,0,차대차 - 측면직각충돌,차로위반,건조,맑음,단일로 - 기타,승용,남,24세,상해없음,원동기,남,17세,중상
2012032500100394,2012년 3월 25일 21시,일요일,경상남도 김해시 삼정동,중상사고,0,2,0,0,차대차 - 추돌 - 주정차중,안전운전불이행,건조,맑음,단일로 - 기타,승용,남,25세,상해없음,승용,남,31세,중상
2012032500100395,2012년 3월 25일 21시,일요일,경상남도 거제시 고현동,중상사고,0,1,0,0,차대사람 - 기타,신호위반,건조,맑음,교차로 - 교차로안,원동기,남,17세,상해없음,보행자,여,60세,중상
2012032500100414,2012년 3월 25일 22시,일요일,경상남도 창원시 마산합포구 청계동,경상사고,0,0,1,0,차대사람 - 차도통행중,안전운전불이행,건조,맑음,단일로 - 기타,승용,여,47세,상해없음,보행자,남,19세,경상
2012032500100415,2012년 3월 25일 22시,일요일,경상남도 김해시 전하동,경상사고,0,0,1,0,차대차 - 측면직각충돌,안전운전불이행,건조,맑음,단일로 - 기타,승용,남,20세,상해없음,승용,여,29세,경상
2012032500100436,2012년 3월 25일 23시,일요일,경상남도 창원시 진해구 인의동,경상사고,0,0,4,0,차대차 - 측면직각충돌,안전운전불이행,건조,맑음,교차로 - 교차로안,승용,남,19세,상해없음,승용,남,43세,경상
2012032500100437,2012년 3월 25일 23시,일요일,경상남도 사천시 용강동,경상사고,0,0,2,0,차대차 - 측면직각충돌,교차로운행방법위반,건조,맑음,교차로 - 교차로안,승용,남,52세,상해없음,승용,남,57세,경상
2012032600100013,2012년 3월 26일 00시,월요일,경상남도 창녕군 창녕읍,중상사고,0,3,0,0,차대차 - 추돌 - 주정차중,안전운전불이행,건조,맑음,교차로 - 교차로안,승용,남,26세,중상,승용,남,33세,중상
2012032600100062,2012년 3월 26일 06시,월요일,경상남도 사천시 서동,경상사고,0,0,1,0,차대사람 - 기타,안전운전불이행,습기,맑음,기타 - 기타,승용,남,41세,상해없음,보행자,여,56세,경상
2012032600100063,2012년 3월 26일 06시,월요일,경상남도 창원시 의창구 명서동,중상사고,0,1,0,0,차대차 - 정면충돌,안전운전불이행,건조,맑음,교차로 - 교차로안,승용,남,54세,상해없음,승용,여,49세,중상
2012032600100086,2012년 3월 26일 07시,월요일,경상남도 사천시 곤양면,중상사고,0,1,0,0,차량단독 - 전도전복,안전운전불이행,건조,맑음,교차로 - 교차로안,원동기,남,26세,중상,,,,
2012032600100126,2012년 3월 26일 08시,월요일,경상남도 통영시 광도면,부상신고사고,0,0,0,1,차대사람 - 차도통행중,안전운전불이행,건조,맑음,단일로 - 기타,기타불명,기타불명,기타불명,기타불명,보행자,여,33세,부상신고
2012032600100127,2012년 3월 26일 08시,월요일,경상남도 밀양시 삼문동,경상사고,0,0,1,0,차대사람 - 횡단중,안전운전불이행,건조,맑음,단일로 - 횡단보도부근,승용,기타불명,기타불명,기타불명,보행자,남,12세,경상
2012032600100128,2012년 3월 26일 08시,월요일,경상남도 창원시 성산구 신촌동,경상사고,0,0,2,0,차대차 - 기타,안전거리미확보,기타,맑음,교차로 - 교차로부근,승용,남,58세,상해없음,이륜,남,51세,경상
2012032600100156,2012년 3월 26일 09시,월요일,경상남도 함안군 가야읍,경상사고,0,0,2,0,차대차 - 측면직각충돌,안전운전불이행,건조,맑음,교차로 - 교차로안,승용,남,20세,상해없음,화물,남,52세,경상
2012032600100157,2012년 3월 26일 09시,월요일,경상남도 창원시 마산회원구 내서읍,중상사고,0,1,0,0,차대사람 - 기타,안전운전불이행,건조,맑음,교차로 - 교차로안,승용,남,44세,상해없음,보행자,여,53세,중상
2012032600100178,2012년 3월 26일 10시,월요일,경상남도 거제시 옥포동,중상사고,0,2,4,0,차대차 - 추돌 - 진행중,교차로운행방법위반,건조,맑음,교차로 - 교차로안,승용,남,34세,중상,승용,여,51세,경상
2012032600100225,2012년 3월 26일 12시,월요일,경상남도 김해시 상동면,중상사고,0,2,0,0,차대차 - 정면충돌,직진우회전진행방해,건조,맑음,교차로 - 교차로안,승용,여,42세,중상,화물,남,46세,중상
2012032600100226,2012년 3월 26일 12시,월요일,경상남도 거제시 고현동,중상사고,0,1,0,0,차대사람 - 횡단중,보행자보호의무위반,건조,맑음,단일로 - 횡단보도상,화물,남,30세,상해없음,보행자,남,60세,중상
2012032600100227,2012년 3월 26일 12시,월요일,경상남도 창원시 의창구 명서동,경상사고,0,0,1,0,차대차 - 측면직각충돌,신호위반,건조,맑음,교차로 - 교차로안,승용,여,30세,상해없음,자전거,남,73세,경상
2012032600100249,2012년 3월 26일 13시,월요일,경상남도 거제시 문동동,중상사고,0,1,0,0,차대차 - 기타,안전운전불이행,건조,맑음,단일로 - 기타,승용,남,31세,상해없음,자전거,남,19세,중상
2012032600100299,2012년 3월 26일 15시,월요일,경상남도 거창군 거창읍,중상사고,0,1,0,0,차대차 - 측면직각충돌,교차로운행방법위반,건조,맑음,교차로 - 교차로안,승합,여,50세,상해없음,원동기,여,66세,중상
2012032600100329,2012년 3월 26일 16시,월요일,경상남도 사천시 사천읍,중상사고,0,1,0,0,차대차 - 추돌 - 진행중,안전운전불이행,건조,맑음,교차로 - 교차로안,승용,남,26세,상해없음,화물,남,41세,상해없음
2012032600100330,2012년 3월 26일 16시,월요일,경상남도 창원시 성산구 중앙동,중상사고,0,1,0,0,차대차 - 기타,교차로운행방법위반,기타,맑음,교차로 - 교차로안,승용,남,32세,상해없음,승용,남,24세,중상
2012032600100331,2012년 3월 26일 16시,월요일,경상남도 창원시 의창구 북면,경상사고,0,0,1,0,차대사람 - 기타,기타,건조,맑음,단일로 - 기타,화물,남,56세,상해없음,보행자,남,6세,경상
2012032600100365,2012년 3월 26일 17시,월요일,경상남도 양산시 삼호동,경상사고,0,0,2,0,차대차 - 측면직각충돌,중앙선침범,건조,맑음,단일로 - 기타,승용,남,53세,상해없음,승용,남,65세,경상
2012032600100366,2012년 3월 26일 17시,월요일,경상남도 하동군 옥종면,사망사고,1,0,0,0,차대사람 - 횡단중,안전운전불이행,건조,맑음,단일로 - 기타,승합,남,43세,상해없음,보행자,여,72세,사망
2012032600100389,2012년 3월 26일 18시,월요일,경상남도 합천군 합천읍,중상사고,0,1,0,0,차대차 - 측면직각충돌,교차로운행방법위반,건조,맑음,교차로 - 교차로안,화물,남,64세,상해없음,이륜,남,45세,중상
2012032600100423,2012년 3월 26일 19시,월요일,경상남도 하동군 하동읍,경상사고,0,0,1,0,차대차 - 측면직각충돌,안전운전불이행,건조,맑음,단일로 - 기타,화물,남,39세,상해없음,원동기,남,27세,경상
2012032600100424,2012년 3월 26일 19시,월요일,경상남도 거제시 남부면,사망사고,1,0,0,0,차대차 - 측면직각충돌,중앙선침범,건조,맑음,교차로 - 교차로부근,원동기,남,60세,사망,화물,남,62세,상해없음
2012032600100425,2012년 3월 26일 19시,월요일,경상남도 창원시 성산구 신촌동,중상사고,0,1,0,0,차대차 - 추돌 - 주정차중,안전운전불이행,기타,맑음,교차로 - 교차로부근,화물,남,58세,상해없음,승용,남,46세,중상
2012032600100485,2012년 3월 26일 21시,월요일,경상남도 사천시 사천읍,중상사고,0,2,1,0,차대차 - 측면직각충돌,교차로운행방법위반,건조,맑음,교차로 - 교차로안,승용,남,61세,상해없음,승용,남,58세,상해없음
2012032600100513,2012년 3월 26일 22시,월요일,경상남도 창원시 마산합포구 해운동,중상사고,0,1,0,1,차대차 - 측면직각충돌,교차로운행방법위반,건조,맑음,교차로 - 교차로안,승용,남,38세,부상신고,승용,남,45세,중상
2012032700100054,2012년 3월 27일 04시,화요일,경상남도 창원시 의창구 사림동,중상사고,0,1,0,0,차대차 - 기타,신호위반,기타,맑음,교차로 - 교차로안,승합,남,36세,상해없음,승용,남,52세,중상
2012032700100088,2012년 3월 27일 07시,화요일,경상남도 통영시 광도면,중상사고,0,1,1,0,차대차 - 정면충돌,교차로운행방법위반,건조,맑음,교차로 - 교차로안,승용,남,24세,상해없음,원동기,남,29세,중상
2012032700100121,2012년 3월 27일 08시,화요일,경상남도 밀양시 상남면,경상사고,0,0,1,0,차대사람 - 보도통행중,보행자보호의무위반,건조,맑음,교차로 - 교차로부근,승용,여,36세,상해없음,보행자,여,25세,경상
2012032700100122,2012년 3월 27일 08시,화요일,경상남도 거창군 거창읍,중상사고,0,1,0,0,차량단독 - 기타,안전운전불이행,건조,맑음,교차로 - 교차로부근,자전거,남,12세,중상,,,,
2012032700100169,2012년 3월 27일 10시,화요일,경상남도 김해시 진영읍,경상사고,0,0,1,0,차대차 - 측면직각충돌,신호위반,건조,맑음,교차로 - 교차로안,화물,남,55세,상해없음,승용,여,33세,경상
2012032700100184,2012년 3월 27일 11시,화요일,경상남도 통영시 도산면,경상사고,0,0,2,0,차대차 - 정면충돌,안전운전불이행,건조,맑음,교차로 - 교차로안,승용,남,61세,상해없음,화물,남,59세,경상
2012032700100185,2012년 3월 27일 11시,화요일,경상남도 창원시 마산회원구 내서읍,경상사고,0,0,1,0,차대차 - 추돌 - 주정차중,안전운전불이행,건조,맑음,교차로 - 교차로부근,화물,남,32세,상해없음,승용,남,50세,경상
2012032700100233,2012년 3월 27일 13시,화요일,경상남도 함양군 함양읍,사망사고,1,0,0,0,차대사람 - 기타,안전운전불이행,건조,맑음,단일로 - 기타,화물,남,60세,기타불명,보행자,남,45세,사망
2012032700100258,2012년 3월 27일 14시,화요일,경상남도 거창군 가조면,경상사고,0,0,1,0,차대차 - 측면직각충돌,신호위반,건조,맑음,교차로 - 교차로안,승용,여,44세,상해없음,이륜,남,78세,경상
2012032700100288,2012년 3월 27일 15시,화요일,경상남도 김해시 부원동,중상사고,0,1,0,0,차대사람 - 기타,안전운전불이행,건조,맑음,교차로 - 교차로부근,승용,남,38세,상해없음,보행자,여,49세,중상
2012032700100289,2012년 3월 27일 15시,화요일,경상남도 김해시 장유면,중상사고,0,1,0,0,차대차 - 기타,안전운전불이행,건조,맑음,교차로 - 교차로안,승용,여,46세,상해없음,자전거,여,29세,중상
2012032700100317,2012년 3월 27일 16시,화요일,경상남도 창원시 진해구 용원동,경상사고,0,0,1,0,차대차 - 측면직각충돌,중앙선침범,건조,맑음,단일로 - 기타,승용,남,42세,상해없음,승용,남,41세,경상
2012032700100318,2012년 3월 27일 16시,화요일,경상남도 양산시 동면,부상신고사고,0,0,0,1,차대차 - 기타,안전거리미확보,건조,맑음,단일로 - 기타,건설기계,남,38세,상해없음,승용,여,37세,부상신고
2012032700100369,2012년 3월 27일 18시,화요일,경상남도 창원시 마산합포구 신포동1가,경상사고,0,0,2,1,차대차 - 측면직각충돌,신호위반,건조,맑음,교차로 - 교차로안,화물,남,29세,상해없음,승합,남,51세,상해없음
2012032700100370,2012년 3월 27일 18시,화요일,경상남도 남해군 남해읍,중상사고,0,1,0,0,차대차 - 측면직각충돌,직진우회전진행방해,건조,맑음,교차로 - 교차로안,승합,남,62세,상해없음,이륜,남,57세,중상
2012032700100371,2012년 3월 27일 18시,화요일,경상남도 창원시 마산회원구 봉암동,경상사고,0,0,1,0,차대차 - 측면직각충돌,안전운전불이행,건조,맑음,교차로 - 교차로부근,승용,여,22세,상해없음,화물,남,42세,경상
2012032700100372,2012년 3월 27일 18시,화요일,경상남도 창원시 마산회원구 두척동,중상사고,0,1,0,0,차량단독 - 기타,안전운전불이행,건조,맑음,단일로 - 기타,승용,남,72세,상해없음,,,,
2012032700100373,2012년 3월 27일 18시,화요일,경상남도 창원시 의창구 명서동,중상사고,0,1,0,0,차대차 - 기타,안전운전불이행,건조,맑음,단일로 - 기타,기타불명,기타불명,기타불명,기타불명,자전거,남,51세,중상
2012032700100414,2012년 3월 27일 19시,화요일,경상남도 진주시 평거동,중상사고,0,1,0,0,차대차 - 기타,안전거리미확보,건조,맑음,단일로 - 기타,승용,남,60세,상해없음,승합,남,39세,상해없음
2012032700100415,2012년 3월 27일 19시,화요일,경상남도 창원시 진해구 풍호동,중상사고,0,1,1,0,차대차 - 기타,안전운전불이행,건조,맑음,단일로 - 기타,승용,남,37세,상해없음,승용,남,63세,중상
2012032700100416,2012년 3월 27일 19시,화요일,경상남도 밀양시 내일동,부상신고사고,0,0,0,1,차대사람 - 보도통행중,안전운전불이행,건조,맑음,교차로 - 교차로안,승용,남,44세,상해없음,보행자,여,15세,부상신고
2012032700100417,2012년 3월 27일 19시,화요일,경상남도 창원시 성산구 중앙동,중상사고,0,1,0,0,차대사람 - 횡단중,보행자보호의무위반,건조,맑음,단일로 - 기타,승용,남,34세,상해없음,보행자,남,40세,중상
2012032700100451,2012년 3월 27일 20시,화요일,경상남도 통영시 중앙동,중상사고,0,1,3,0,차대차 - 추돌 - 주정차중,안전운전불이행,건조,맑음,단일로 - 기타,승용,남,44세,상해없음,승용,남,25세,경상
2012032700100473,2012년 3월 27일 21시,화요일,경상남도 통영시 정량동,중상사고,0,1,0,0,차대차 - 측면직각충돌,신호위반,건조,맑음,교차로 - 교차로안,승용,남,25세,상해없음,원동기,남,17세,중상
2012032700100474,2012년 3월 27일 21시,화요일,경상남도 하동군 청암면,부상신고사고,0,0,0,1,차량단독 - 도로외이탈 - 추락,안전운전불이행,건조,맑음,단일로 - 기타,승용,남,35세,부상신고,,,,
2012032700100475,2012년 3월 27일 21시,화요일,경상남도 창원시 마산회원구 구암동,경상사고,0,0,1,0,차대사람 - 횡단중,안전운전불이행,건조,맑음,단일로 - 횡단보도부근,특수,남,36세,상해없음,보행자,여,17세,경상
2012032700100503,2012년 3월 27일 22시,화요일,경상남도 통영시 광도면,중상사고,0,1,0,0,차대차 - 추돌 - 주정차중,안전운전불이행,건조,맑음,단일로 - 기타,화물,남,37세,상해없음,승용,남,50세,중상
2012032700100504,2012년 3월 27일 22시,화요일,경상남도 사천시 사천읍,중상사고,0,1,0,0,차대사람 - 횡단중,안전운전불이행,건조,맑음,교차로 - 교차로부근,승용,남,36세,상해없음,보행자,남,53세,중상
2012032800100017,2012년 3월 28일 00시,수요일,경상남도 거제시 옥포동,중상사고,0,1,0,0,차대사람 - 기타,안전운전불이행,건조,맑음,단일로 - 기타,승용,남,25세,상해없음,보행자,남,51세,중상
2012032800100018,2012년 3월 28일 00시,수요일,경상남도 창원시 마산회원구 내서읍,경상사고,0,0,1,0,차대차 - 측면직각충돌,안전운전불이행,건조,맑음,교차로 - 교차로안,승용,남,31세,상해없음,승용,여,37세,경상
2012032800100033,2012년 3월 28일 01시,수요일,경상남도 창원시 마산합포구 상남동,중상사고,0,1,0,0,차대사람 - 횡단중,안전운전불이행,건조,맑음,단일로 - 기타,승용,남,22세,상해없음,보행자,남,46세,중상