사고번호,사고일시,요일,시군구,사고내용,사망자수,중상자수,경상자수,부상신고자수,사고유형,법규위반,노면상태,기상상태,도로형태,가해운전자 차종,가해운전자 성별,가해운전자 연령,가해운전자 상해정도,피해운전자 차종,피해운전자 성별,피해운전자 연령,피해운전자 상해정도
2012032800100044,2012년 3월 28일 02시,수요일,경상남도 양산시 명동,중상사고,0,1,0,0,차량단독 - 공작물충돌,안전운전불이행,건조,맑음,단일로 - 기타,승용,남,53세,상해없음,,,,
2012032800100095,2012년 3월 28일 07시,수요일,경상남도 거제시 사등면,중상사고,0,1,0,0,차대차 - 기타,안전운전불이행,건조,맑음,단일로 - 기타,화물,남,53세,상해없음,승용,남,48세,중상
2012032800100137,2012년 3월 28일 08시,수요일,경상남도 통영시 무전동,경상사고,0,0,1,0,차대사람 - 횡단중,보행자보호의무위반,건조,맑음,교차로 - 교차로안,승합,여,38세,상해없음,보행자,여,60세,경상
2012032800100138,2012년 3월 28일 08시,수요일,경상남도 김해시 외동,경상사고,0,0,1,0,차대차 - 정면충돌,안전운전불이행,건조,맑음,단일로 - 기타,승용,남,24세,경상,특수,남,49세,상해없음
2012032800100139,2012년 3월 28일 08시,수요일,경상남도 김해시 삼정동,경상사고,0,0,1,0,차대차 - 측면직각충돌,안전운전불이행,건조,맑음,단일로 - 기타,승용,남,54세,상해없음,자전거,여,55세,경상
2012032800100140,2012년 3월 28일 08시,수요일,경상남도 양산시 상북면,중상사고,0,1,0,0,차대차 - 측면직각충돌,교차로운행방법위반,건조,맑음,교차로 - 교차로안,승용,여,51세,상해없음,승용,여,47세,중상
2012032800100141,2012년 3월 28일 08시,수요일,경상남도 창원시 마산회원구 봉암동,중상사고,0,1,0,0,차대차 - 추돌 - 주정차중,안전운전불이행,건조,맑음,교차로 - 교차로부근,화물,남,38세,상해없음,승용,여,40세,중상
2012032800100164,2012년 3월 28일 09시,수요일,경상남도 거창군 거창읍,경상사고,0,0,1,0,차대차 - 측면직각충돌,교차로운행방법위반,건조,맑음,교차로 - 교차로안,화물,여,42세,상해없음,승용,여,34세,경상
2012032800100186,2012년 3월 28일 10시,수요일,경상남도 통영시 정량동,경상사고,0,0,1,0,차대사람 - 길가장자리구역통행중,안전운전불이행,건조,맑음,단일로 - 기타,승용,여,45세,상해없음,보행자,남,33세,경상
2012032800100187,2012년 3월 28일 10시,수요일,경상남도 사천시 송포동,중상사고,0,1,0,0,차대차 - 추돌 - 주정차중,안전거리미확보,건조,맑음,단일로 - 기타,건설기계,남,51세,상해없음,건설기계,남,40세,상해없음
2012032800100188,2012년 3월 28일 10시,수요일,경상남도 창원시 성산구 중앙동,중상사고,0,1,0,0,차대차 - 측면직각충돌,안전운전불이행,건조,맑음,단일로 - 기타,승용,여,45세,상해없음,승용,남,46세,중상
2012032800100209,2012년 3월 28일 11시,수요일,경상남도 사천시 벌리동,중상사고,0,1,2,0,차대차 - 측면직각충돌,교차로운행방법위반,건조,맑음,교차로 - 교차로안,화물,남,56세,상해없음,승용,남,43세,경상
2012032800100210,2012년 3월 28일 11시,수요일,경상남도 김해시 안동,경상사고,0,0,2,0,차대차 - 측면직각충돌,불법유턴,건조,맑음,교차로 - 교차로안,화물,남,46세,경상,화물,남,39세,경상
2012032800100233,2012년 3월 28일 12시,수요일,경상남도 창원시 마산합포구 상남동,중상사고,0,1,0,0,차대사람 - 횡단중,안전운전불이행,건조,맑음,교차로 - 교차로안,화물,남,50세,상해없음,보행자,여,65세,중상
2012032800100234,2012년 3월 28일 12시,수요일,경상남도 진주시 가좌동,중상사고,0,1,0,0,차대차 - 추돌 - 주정차중,안전운전불이행,건조,맑음,교차로 - 교차로부근,화물,여,54세,상해없음,승용,여,52세,중상
2012032800100253,2012년 3월 28일 13시,수요일,경상남도 창원시 진해구 자은동,경상사고,0,0,1,0,차대사람 - 차도통행중,안전운전불이행,건조,맑음,기타 - 기타,승용,여,36세,기타불명,보행자,남,21세,경상
2012032800100254,2012년 3월 28일 13시,수요일,경상남도 통영시 중앙동,중상사고,0,1,4,0,차대차 - 추돌 - 진행중,안전거리미확보,건조,맑음,단일로 - 기타,승용,남,64세,상해없음,승용,여,49세,중상
2012032800100255,2012년 3월 28일 13시,수요일,경상남도 창원시 마산회원구 회원동,중상사고,0,1,0,0,차대차 - 기타,안전운전불이행,건조,맑음,단일로 - 기타,이륜,남,52세,상해없음,자전거,남,64세,중상
2012032800100281,2012년 3월 28일 14시,수요일,경상남도 창원시 마산합포구 월영동,경상사고,0,0,1,0,차대차 - 측면직각충돌,교차로운행방법위반,건조,맑음,교차로 - 교차로안,승용,여,51세,경상,승합,남,68세,상해없음
2012032800100282,2012년 3월 28일 14시,수요일,경상남도 진주시 초전동,경상사고,0,0,1,0,차대차 - 기타,안전운전불이행,건조,맑음,교차로 - 교차로안,승용,남,43세,상해없음,승용,여,48세,경상
2012032800100283,2012년 3월 28일 14시,수요일,경상남도 창원시 진해구 석동,중상사고,0,1,0,0,차대차 - 측면직각충돌,안전운전불이행,건조,맑음,교차로 - 교차로부근,승용,여,40세,상해없음,승용,여,24세,중상
2012032800100284,2012년 3월 28일 14시,수요일,경상남도 거제시 장승포동,중상사고,0,2,0,0,차대차 - 추돌 - 진행중,교차로운행방법위반,건조,맑음,교차로 - 교차로안,승용,여,54세,상해없음,승용,여,50세,중상
2012032800100312,2012년 3월 28일 15시,수요일,경상남도 사천시 사천읍,경상사고,0,0,1,0,차대사람 - 기타,안전운전불이행,건조,맑음,단일로 - 기타,기타불명,기타불명,기타불명,기타불명,보행자,여,13세,경상
2012032800100313,2012년 3월 28일 15시,수요일,경상남도 거창군 거창읍,중상사고,0,1,0,0,차대사람 - 차도통행중,안전운전불이행,건조,맑음,단일로 - 횡단보도부근,승용,남,60세,상해없음,보행자,여,68세,중상
2012032800100314,2012년 3월 28일 15시,수요일,경상남도 양산시 원동면,부상신고사고,0,0,0,1,차대차 - 기타,교차로운행방법위반,건조,맑음,교차로 - 교차로안,승용,여,43세,상해없음,승용,남,37세,부상신고
2012032800100340,2012년 3월 28일 16시,수요일,경상남도 창원시 마산회원구 내서읍,경상사고,0,0,2,0,차대차 - 측면직각충돌,안전운전불이행,건조,맑음,교차로 - 교차로안,승용,남,29세,상해없음,승용,여,38세,경상
2012032800100380,2012년 3월 28일 17시,수요일,경상남도 김해시 내동,경상사고,0,0,1,0,차대사람 - 기타,안전운전불이행,건조,맑음,단일로 - 기타,승용,남,63세,상해없음,보행자,여,11세,경상
2012032800100381,2012년 3월 28일 17시,수요일,경상남도 김해시 삼정동,중상사고,0,1,0,0,차대사람 - 기타,안전운전불이행,건조,맑음,단일로 - 기타,승용,여,32세,상해없음,보행자,남,8세,중상
2012032800100382,2012년 3월 28일 17시,수요일,경상남도 김해시 장유면,중상사고,0,1,0,0,차대차 - 측면직각충돌,안전운전불이행,건조,맑음,단일로 - 기타,이륜,남,20세,상해없음,승용,여,67세,상해없음
2012032800100452,2012년 3월 28일 19시,수요일,경상남도 창원시 마산합포구 해운동,중상사고,0,1,0,0,차대사람 - 횡단중,안전운전불이행,건조,맑음,단일로 - 기타,승용,남,24세,상해없음,보행자,여,34세,중상
2012032800100453,2012년 3월 28일 19시,수요일,경상남도 진주시 인사동,경상사고,0,0,3,0,차대차 - 추돌 - 주정차중,안전운전불이행,건조,맑음,교차로 - 교차로부근,승용,남,62세,상해없음,승용,남,43세,상해없음
2012032800100488,2012년 3월 28일 20시,수요일,경상남도 양산시 중부동,중상사고,0,1,0,0,차대사람 - 횡단중,신호위반,건조,맑음,단일로 - 기타,승용,여,43세,기타불명,보행자,남,25세,중상
2012032800100524,2012년 3월 28일 21시,수요일,경상남도 밀양시 내이동,경상사고,0,0,2,0,차대차 - 측면직각충돌,교차로운행방법위반,건조,맑음,교차로 - 교차로안,승용,남,38세,상해없음,승용,남,19세,경상
2012032800100557,2012년 3월 28일 22시,수요일,경상남도 사천시 죽림동,경상사고,0,0,4,0,차대차 - 추돌 - 진행중,안전운전불이행,건조,맑음,교차로 - 교차로부근,승합,남,61세,상해없음,승용,남,49세,경상
2012032800100558,2012년 3월 28일 22시,수요일,경상남도 거제시 아주동,경상사고,0,0,1,0,차대사람 - 차도통행중,안전운전불이행,건조,맑음,단일로 - 기타,기타불명,기타불명,기타불명,기타불명,보행자,여,43세,경상
2012032800100593,2012년 3월 28일 23시,수요일,경상남도 창녕군 대지면,경상사고,0,0,2,0,차대차 - 추돌 - 주정차중,안전운전불이행,건조,맑음,단일로 - 기타,승용,남,28세,경상,승용,여,38세,기타불명
2012032900100029,2012년 3월 29일 01시,목요일,경상남도 진주시 중안동,중상사고,0,1,0,0,차대차 - 추돌 - 주정차중,안전운전불이행,건조,맑음,단일로 - 기타,승용,남,62세,상해없음,승용,남,51세,중상
2012032900100068,2012년 3월 29일 05시,목요일,경상남도 진주시 장대동,중상사고,0,1,2,0,차대차 - 측면직각충돌,안전운전불이행,건조,맑음,단일로 - 기타,승용,남,53세,상해없음,승용,남,30세,경상
2012032900100105,2012년 3월 29일 07시,목요일,경상남도 합천군 대양면,경상사고,0,0,1,0,차대차 - 측면직각충돌,안전거리미확보,건조,맑음,단일로 - 기타,화물,남,42세,상해없음,승용,여,52세,경상
2012032900100138,2012년 3월 29일 08시,목요일,경상남도 양산시 신기동,중상사고,0,1,0,1,차대차 - 기타,신호위반,건조,맑음,교차로 - 교차로안,승용,여,22세,상해없음,승용,여,40세,중상
2012032900100139,2012년 3월 29일 08시,목요일,경상남도 김해시 풍유동,중상사고,0,1,0,0,차대차 - 추돌 - 주정차중,안전거리미확보,건조,맑음,단일로 - 횡단보도부근,승용,여,37세,상해없음,승용,여,42세,중상
2012032900100140,2012년 3월 29일 08시,목요일,경상남도 김해시 진영읍,중상사고,0,1,0,0,차대사람 - 보도통행중,보행자보호의무위반,건조,맑음,교차로 - 교차로안,승용,여,64세,상해없음,보행자,남,45세,중상
2012032900100169,2012년 3월 29일 09시,목요일,경상남도 거제시 상동동,중상사고,0,1,0,0,차대차 - 추돌 - 주정차중,안전운전불이행,건조,맑음,교차로 - 교차로부근,승용,남,30세,상해없음,승용,여,64세,중상
2012032900100170,2012년 3월 29일 09시,목요일,경상남도 창원시 성산구 중앙동,중상사고,0,1,0,0,차대차 - 추돌 - 주정차중,안전운전불이행,건조,맑음,교차로 - 교차로부근,승용,남,57세,상해없음,승용,남,43세,중상
2012032900100191,2012년 3월 29일 10시,목요일,경상남도 밀양시 내이동,중상사고,0,2,0,0,차대차 - 측면직각충돌,안전운전불이행,건조,맑음,교차로 - 교차로안,승용,남,74세,상해없음,승용,남,51세,중상
2012032900100192,2012년 3월 29일 10시,목요일,경상남도 밀양시 삼랑진읍,중상사고,0,2,0,0,차대차 - 기타,중앙선침범,건조,맑음,단일로 - 기타,승용,여,48세,상해없음,승용,남,25세,중상
2012032900100193,2012년 3월 29일 10시,목요일,경상남도 창원시 의창구 용호동,중상사고,0,4,0,0,차대차 - 측면직각충돌,안전운전불이행,건조,맑음,단일로 - 기타,승용,남,62세,상해없음,승용,남,42세,상해없음
2012032900100221,2012년 3월 29일 11시,목요일,경상남도 창원시 마산회원구 내서읍,부상신고사고,0,0,0,1,차대차 - 추돌 - 진행중,안전운전불이행,건조,맑음,교차로 - 교차로안,승용,남,53세,상해없음,승용,여,37세,부상신고
2012032900100244,2012년 3월 29일 12시,목요일,경상남도 창원시 마산합포구 신포동2가,부상신고사고,0,0,0,1,차대사람 - 기타,안전운전불이행,건조,맑음,단일로 - 기타,승용,여,33세,상해없음,보행자,남,56세,부상신고
2012032900100245,2012년 3월 29일 12시,목요일,경상남도 김해시 내동,경상사고,0,0,1,0,차대차 - 기타,안전거리미확보,건조,맑음,단일로 - 기타,승용,여,48세,상해없음,원동기,남,50세,경상
2012032900100246,2012년 3월 29일 12시,목요일,경상남도 고성군 회화면,중상사고,0,1,0,0,차대사람 - 횡단중,안전운전불이행,건조,맑음,교차로 - 교차로부근,화물,여,63세,상해없음,보행자,여,89세,중상
2012032900100274,2012년 3월 29일 13시,목요일,경상남도 함안군 칠서면,경상사고,0,0,1,0,차대차 - 측면직각충돌,안전운전불이행,건조,맑음,단일로 - 기타,승용,남,54세,상해없음,승용,남,49세,경상
2012032900100275,2012년 3월 29일 13시,목요일,경상남도 창원시 의창구 팔용동,경상사고,0,0,1,0,차대차 - 기타,안전거리미확보,건조,맑음,단일로 - 기타,화물,남,67세,상해없음,승용,남,47세,경상
2012032900100292,2012년 3월 29일 14시,목요일,경상남도 통영시 북신동,경상사고,0,0,1,0,차대사람 - 횡단중,안전운전불이행,건조,맑음,단일로 - 기타,승용,남,29세,상해없음,보행자,여,11세,경상
2012032900100293,2012년 3월 29일 14시,목요일,경상남도 양산시 동면,경상사고,0,0,1,1,차대차 - 기타,안전거리미확보,건조,맑음,단일로 - 기타,승용,여,31세,부상신고,승용,여,35세,경상
2012032900100323,2012년 3월 29일 15시,목요일,경상남도 진주시 상평동,경상사고,0,0,1,0,차대차 - 측면직각충돌,안전운전불이행,건조,맑음,교차로 - 교차로안,화물,남,44세,상해없음,자전거,남,69세,경상
2012032900100324,2012년 3월 29일 15시,목요일,경상남도 거창군 거창읍,중상사고,0,1,0,0,차대차 - 측면직각충돌,교차로운행방법위반,건조,맑음,교차로 - 교차로안,승합,남,28세,상해없음,이륜,남,59세,중상
2012032900100325,2012년 3월 29일 15시,목요일,경상남도 양산시 물금읍,중상사고,0,1,0,0,차대차 - 기타,직진우회전진행방해,건조,맑음,교차로 - 교차로안,화물,남,32세,상해없음,화물,남,42세,중상
2012032900100326,2012년 3월 29일 15시,목요일,경상남도 거제시 고현동,중상사고,0,1,0,0,차대차 - 추돌 - 진행중,신호위반,건조,맑음,교차로 - 교차로안,특수,남,50세,상해없음,이륜,남,42세,중상
2012032900100358,2012년 3월 29일 16시,목요일,경상남도 창원시 마산합포구 남성동,경상사고,0,0,1,0,차대차 - 측면직각충돌,차로위반,건조,맑음,단일로 - 기타,승용,남,53세,상해없음,승용,여,55세,경상
2012032900100388,2012년 3월 29일 17시,목요일,경상남도 통영시 북신동,중상사고,0,1,0,0,차대사람 - 기타,안전운전불이행,건조,맑음,교차로 - 교차로안,승용,남,51세,상해없음,보행자,여,74세,중상
2012032900100389,2012년 3월 29일 17시,목요일,경상남도 양산시 동면,중상사고,0,1,0,0,차대차 - 기타,안전운전불이행,건조,맑음,단일로 - 기타,기타불명,기타불명,기타불명,기타불명,이륜,남,72세,중상
2012032900100390,2012년 3월 29일 17시,목요일,경상남도 하동군 화개면,중상사고,0,1,0,0,차대차 - 기타,안전운전불이행,건조,맑음,단일로 - 기타,화물,남,46세,상해없음,원동기,남,73세,중상
2012032900100391,2012년 3월 29일 17시,목요일,경상남도 함안군 법수면,중상사고,0,1,0,0,차대사람 - 기타,안전운전불이행,건조,맑음,단일로 - 기타,승합,남,55세,상해없음,보행자,여,77세,중상
2012032900100427,2012년 3월 29일 18시,목요일,경상남도 진주시 하대동,중상사고,0,1,0,0,차대차 - 측면직각충돌,직진우회전진행방해,건조,맑음,교차로 - 교차로안,승용,남,54세,상해없음,이륜,남,18세,중상
2012032900100428,2012년 3월 29일 18시,목요일,경상남도 거제시 장평동,중상사고,0,1,0,0,차대차 - 추돌 - 진행중,안전운전불이행,건조,맑음,단일로 - 기타,이륜,남,17세,상해없음,이륜,남,24세,중상
2012032900100429,2012년 3월 29일 18시,목요일,경상남도 김해시 장유면,경상사고,0,0,1,0,차대차 - 측면직각충돌,안전운전불이행,건조,맑음,단일로 - 기타,화물,남,44세,상해없음,승용,여,30세,경상
2012032900100467,2012년 3월 29일 19시,목요일,경상남도 사천시 동동,경상사고,0,0,1,0,차대차 - 측면직각충돌,안전운전불이행,건조,맑음,단일로 - 기타,승용,남,39세,상해없음,자전거,남,16세,경상
2012032900100468,2012년 3월 29일 19시,목요일,경상남도 밀양시 교동,경상사고,0,0,1,0,차대차 - 측면직각충돌,안전운전불이행,건조,맑음,교차로 - 교차로안,승용,남,73세,상해없음,이륜,남,54세,경상
2012032900100469,2012년 3월 29일 19시,목요일,경상남도 고성군 고성읍,중상사고,0,1,0,0,차대차 - 측면직각충돌,신호위반,건조,맑음,교차로 - 교차로안,승용,남,26세,상해없음,원동기,남,26세,중상
2012032900100470,2012년 3월 29일 19시,목요일,경상남도 거제시 장평동,부상신고사고,0,0,0,1,차대차 - 측면직각충돌,차로위반,건조,맑음,단일로 - 기타,승용,남,54세,상해없음,이륜,남,16세,부상신고
2012032900100471,2012년 3월 29일 19시,목요일,경상남도 산청군 신안면,중상사고,0,1,0,0,차량단독 - 도로외이탈 - 추락,안전운전불이행,건조,맑음,단일로 - 교량,화물,남,56세,중상,,,,
2012032900100502,2012년 3월 29일 20시,목요일,경상남도 창녕군 부곡면,중상사고,0,1,0,0,차대차 - 측면직각충돌,안전운전불이행,건조,맑음,교차로 - 교차로안,화물,남,65세,상해없음,승용,남,44세,상해없음
2012032900100503,2012년 3월 29일 20시,목요일,경상남도 양산시 북부동,중상사고,0,2,0,0,차대차 - 기타,교차로운행방법위반,건조,맑음,교차로 - 교차로부근,화물,남,39세,기타불명,승용,남,37세,중상
2012032900100504,2012년 3월 29일 20시,목요일,경상남도 고성군 삼산면,중상사고,0,1,3,0,차대차 - 정면충돌,중앙선침범,건조,맑음,단일로 - 기타,승용,남,54세,상해없음,승용,남,46세,경상
2012032900100505,2012년 3월 29일 20시,목요일,경상남도 김해시 한림면,중상사고,0,1,0,0,차대사람 - 횡단중,안전운전불이행,건조,맑음,단일로 - 기타,승용,남,60세,상해없음,보행자,남,52세,중상
2012032900100551,2012년 3월 29일 21시,목요일,경상남도 거제시 고현동,경상사고,0,0,1,0,차대차 - 기타,안전운전불이행,건조,맑음,교차로 - 교차로부근,승용,남,48세,상해없음,승용,남,35세,경상
2012032900100595,2012년 3월 29일 22시,목요일,경상남도 진주시 호탄동,중상사고,0,1,0,0,차대차 - 측면직각충돌,신호위반,건조,맑음,교차로 - 교차로안,승용,남,47세,기타불명,이륜,남,22세,중상
2012032900100596,2012년 3월 29일 22시,목요일,경상남도 창원시 성산구 안민동,중상사고,0,1,0,0,차대차 - 추돌 - 주정차중,안전운전불이행,습기,비,단일로 - 기타,승용,남,22세,상해없음,승용,남,56세,중상
2012032900100597,2012년 3월 29일 22시,목요일,경상남도 김해시 한림면,경상사고,0,0,1,0,차대차 - 추돌 - 주정차중,안전운전불이행,습기,비,교차로 - 교차로부근,승용,남,30세,상해없음,승용,남,38세,경상
2012032900100635,2012년 3월 29일 23시,목요일,경상남도 김해시 내동,중상사고,0,1,0,0,차대차 - 측면직각충돌,신호위반,습기,비,교차로 - 교차로안,승용,여,43세,상해없음,이륜,남,17세,중상
2012032900100636,2012년 3월 29일 23시,목요일,경상남도 양산시 삼호동,중상사고,0,2,0,0,차대차 - 기타,안전운전불이행,건조,맑음,교차로 - 교차로안,승용,남,22세,기타불명,승용,남,39세,중상
2012032900100637,2012년 3월 29일 23시,목요일,경상남도 창원시 성산구 대방동,경상사고,0,0,1,0,차대차 - 추돌 - 주정차중,안전운전불이행,습기,비,단일로 - 기타,승용,남,41세,상해없음,승합,남,47세,경상
2012033000100016,2012년 3월 30일 00시,금요일,경상남도 창녕군 장마면,중상사고,0,1,0,0,차량단독 - 도로외이탈 - 추락,안전운전불이행,건조,맑음,단일로 - 기타,승용,남,34세,중상,,,,
2012033000100038,2012년 3월 30일 01시,금요일,경상남도 사천시 동림동,경상사고,0,0,1,0,차대차 - 측면직각충돌,교차로운행방법위반,건조,맑음,교차로 - 교차로안,화물,남,58세,상해없음,승용,남,53세,경상
2012033000100039,2012년 3월 30일 01시,금요일,경상남도 창원시 성산구 상남동,중상사고,0,1,0,0,차대사람 - 횡단중,기타,건조,맑음,교차로 - 교차로안,승용,남,29세,상해없음,보행자,남,40세,중상
2012033000100040,2012년 3월 30일 01시,금요일,경상남도 고성군 대가면,경상사고,0,0,2,0,차대차 - 측면직각충돌,안전운전불이행,건조,흐림,단일로 - 기타,승용,남,50세,상해없음,승용,남,55세,경상
2012033000100071,2012년 3월 30일 03시,금요일,경상남도 진주시 평거동,경상사고,0,0,1,0,차대차 - 측면직각충돌,안전운전불이행,습기,비,교차로 - 교차로안,승용,남,34세,기타불명,승용,남,40세,경상
2012033000100072,2012년 3월 30일 03시,금요일,경상남도 통영시 중앙동,중상사고,0,1,0,0,차대차 - 측면직각충돌,안전운전불이행,건조,맑음,단일로 - 기타,화물,남,26세,상해없음,승용,남,59세,중상
2012033000100073,2012년 3월 30일 03시,금요일,경상남도 창녕군 창녕읍,경상사고,0,0,4,0,차대차 - 측면직각충돌,안전운전불이행,습기,비,단일로 - 기타,화물,남,55세,상해없음,승용,남,44세,경상
2012033000100086,2012년 3월 30일 04시,금요일,경상남도 김해시 장유면,중상사고,0,1,0,0,차량단독 - 공작물충돌,안전운전불이행,습기,비,단일로 - 기타,화물,남,46세,중상,,,,
2012033000100092,2012년 3월 30일 04시,금요일,경상남도 진주시 가좌동,중상사고,0,2,0,0,차대사람 - 횡단중,신호위반,습기,비,단일로 - 횡단보도상,화물,남,39세,상해없음,보행자,남,23세,중상
2012033000100178,2012년 3월 30일 08시,금요일,경상남도 하동군 진교면,중상사고,0,1,0,0,차대차 - 측면직각충돌,교차로운행방법위반,습기,흐림,교차로 - 교차로안,승합,남,49세,상해없음,승용,여,46세,중상
2012033000100201,2012년 3월 30일 09시,금요일,경상남도 함양군 함양읍,부상신고사고,0,0,0,1,차대차 - 측면직각충돌,중앙선침범,습기,비,단일로 - 기타,화물,남,43세,부상신고,승용,남,52세,상해없음
2012033000100222,2012년 3월 30일 10시,금요일,경상남도 통영시 산양읍,부상신고사고,0,0,0,1,차대차 - 측면직각충돌,신호위반,습기,비,교차로 - 교차로부근,화물,남,32세,부상신고,승합,남,51세,상해없음
2012033000100223,2012년 3월 30일 10시,금요일,경상남도 사천시 송포동,중상사고,0,2,0,0,차대사람 - 길가장자리구역통행중,안전운전불이행,습기,비,교차로 - 교차로부근,승용,남,45세,상해없음,보행자,남,62세,중상
2012033000100242,2012년 3월 30일 11시,금요일,경상남도 밀양시 산외면,경상사고,0,0,1,0,차대차 - 추돌 - 진행중,안전거리미확보,습기,비,단일로 - 기타,승용,남,58세,상해없음,화물,남,67세,경상
2012033000100243,2012년 3월 30일 11시,금요일,경상남도 창원시 의창구 사림동,경상사고,0,0,1,0,차대차 - 측면직각충돌,안전거리미확보,습기,비,단일로 - 기타,승용,남,20세,상해없음,승용,남,55세,경상
2012033000100244,2012년 3월 30일 11시,금요일,경상남도 김해시 장유면,중상사고,0,1,0,0,차대차 - 측면직각충돌,신호위반,습기,비,교차로 - 교차로안,화물,남,34세,상해없음,화물,여,38세,중상
2012033000100269,2012년 3월 30일 12시,금요일,경상남도 의령군 부림면,경상사고,0,0,1,0,차대차 - 기타,안전운전불이행,습기,비,단일로 - 기타,화물,남,38세,상해없음,자전거,남,13세,경상
2012033000100293,2012년 3월 30일 13시,금요일,경상남도 김해시 흥동,중상사고,0,1,3,0,차대차 - 추돌 - 진행중,안전거리미확보,건조,맑음,단일로 - 기타,화물,남,45세,상해없음,승용,남,40세,중상
2012033000100325,2012년 3월 30일 14시,금요일,경상남도 사천시 용현면,부상신고사고,0,0,0,2,차대사람 - 횡단중,안전운전불이행,습기,비,기타 - 기타,승용,남,19세,부상신고,보행자,여,8세,부상신고
2012033000100326,2012년 3월 30일 14시,금요일,경상남도 함안군 칠원면,중상사고,0,2,0,0,차대차 - 기타,안전운전불이행,습기,비,교차로 - 교차로부근,승용,남,32세,상해없음,승합,남,50세,중상
2012033000100356,2012년 3월 30일 15시,금요일,경상남도 김해시 삼계동,중상사고,0,1,0,0,차대사람 - 횡단중,신호위반,습기,비,단일로 - 횡단보도상,승용,남,52세,상해없음,보행자,여,72세,중상
2012033000100387,2012년 3월 30일 16시,금요일,경상남도 김해시 안동,중상사고,0,1,0,0,차대사람 - 기타,안전운전불이행,습기,비,교차로 - 교차로부근,승합,남,51세,상해없음,보행자,여,47세,중상
2012033000100388,2012년 3월 30일 16시,금요일,경상남도 고성군 동해면,중상사고,0,1,1,0,차대차 - 정면충돌,중앙선침범,습기,비,단일로 - 기타,승용,남,40세,상해없음,승용,남,31세,경상
2012033000100389,2012년 3월 30일 16시,금요일,경상남도 하동군 화개면,경상사고,0,0,1,0,차대사람 - 기타,안전운전불이행,습기,비,단일로 - 기타,승용,남,73세,상해없음,보행자,여,57세,경상
2012033000100390,2012년 3월 30일 16시,금요일,경상남도 거제시 문동동,중상사고,0,1,0,0,차대차 - 정면충돌,중앙선침범,습기,비,단일로 - 기타,화물,남,60세,상해없음,승용,여,40세,중상
2012033000100391,2012년 3월 30일 16시,금요일,경상남도 남해군 창선면,경상사고,0,0,1,0,차량단독 - 공작물충돌,안전운전불이행,습기,비,단일로 - 기타,화물,남,61세,경상,,,,
2012033000100392,2012년 3월 30일 16시,금요일,경상남도 김해시 진례면,중상사고,0,2,0,0,차대차 - 추돌 - 진행중,안전거리미확보,습기,비,교차로 - 교차로안,승용,남,31세,상해없음,화물,남,40세,중상
2012033000100417,2012년 3월 30일 17시,금요일,경상남도 창원시 마산합포구 진북면,중상사고,0,4,0,0,차대차 - 정면충돌,중앙선침범,습기,비,단일로 - 기타,승용,여,38세,상해없음,화물,남,60세,중상
2012033000100418,2012년 3월 30일 17시,금요일,경상남도 통영시 인평동,경상사고,0,0,1,0,차대사람 - 기타,안전운전불이행,건조,맑음,단일로 - 기타,승용,남,55세,상해없음,보행자,여,12세,경상
2012033000100419,2012년 3월 30일 17시,금요일,경상남도 김해시 대동면,중상사고,0,2,0,0,차대차 - 측면직각충돌,안전운전불이행,습기,비,기타 - 기타,승용,남,61세,상해없음,승용,여,25세,중상
2012033000100420,2012년 3월 30일 17시,금요일,경상남도 김해시 구산동,경상사고,0,0,1,0,차대차 - 추돌 - 진행중,안전운전불이행,습기,비,단일로 - 기타,승용,여,39세,상해없음,승용,여,32세,경상
2012033000100455,2012년 3월 30일 18시,금요일,경상남도 사천시 선구동,중상사고,0,1,0,0,차대사람 - 길가장자리구역통행중,안전운전불이행,습기,비,단일로 - 기타,승용,남,39세,상해없음,보행자,남,72세,중상
2012033000100456,2012년 3월 30일 18시,금요일,경상남도 거제시 아주동,중상사고,0,1,0,0,차대차 - 추돌 - 진행중,안전운전불이행,습기,비,단일로 - 기타,화물,남,41세,상해없음,승용,여,32세,중상
2012033000100457,2012년 3월 30일 18시,금요일,경상남도 진주시 지수면,중상사고,0,1,0,0,차대차 - 추돌 - 진행중,안전운전불이행,습기,비,단일로 - 기타,승용,남,38세,상해없음,승용,남,48세,상해없음
2012033000100511,2012년 3월 30일 19시,금요일,경상남도 통영시 북신동,경상사고,0,0,3,0,차대차 - 추돌 - 진행중,안전운전불이행,건조,맑음,단일로 - 기타,승용,남,32세,상해없음,화물,남,45세,경상
2012033000100512,2012년 3월 30일 19시,금요일,경상남도 김해시 외동,중상사고,0,1,0,0,차대차 - 측면직각충돌,차로위반,습기,비,단일로 - 기타,승용,남,62세,상해없음,이륜,남,18세,중상
2012033000100513,2012년 3월 30일 19시,금요일,경상남도 창녕군 창녕읍,중상사고,0,2,0,0,차대차 - 측면직각충돌,안전운전불이행,습기,비,교차로 - 교차로안,화물,남,24세,중상,승용,남,35세,중상
2012033000100514,2012년 3월 30일 19시,금요일,경상남도 양산시 물금읍,중상사고,0,1,0,0,차대차 - 기타,중앙선침범,습기,비,단일로 - 기타,승용,남,48세,상해없음,승용,남,58세,중상