사고번호,사고일시,요일,시군구,사고내용,사망자수,중상자수,경상자수,부상신고자수,사고유형,법규위반,노면상태,기상상태,도로형태,가해운전자 차종,가해운전자 성별,가해운전자 연령,가해운전자 상해정도,피해운전자 차종,피해운전자 성별,피해운전자 연령,피해운전자 상해정도
2012040800100490,2012년 4월 8일 19시,일요일,경상남도 함양군 함양읍,사망사고,1,0,0,2,차대차 - 기타,안전운전불이행,건조,맑음,단일로 - 기타,승용,여,51세,사망,화물,남,45세,상해없음
2012040800100512,2012년 4월 8일 20시,일요일,경상남도 창원시 마산회원구 양덕동,중상사고,0,1,0,0,차대사람 - 횡단중,안전운전불이행,건조,맑음,단일로 - 횡단보도부근,승용,남,27세,상해없음,보행자,남,48세,중상
2012040800100535,2012년 4월 8일 21시,일요일,경상남도 창원시 마산합포구 남성동,경상사고,0,0,1,0,차대차 - 측면직각충돌,신호위반,건조,맑음,교차로 - 교차로안,원동기,남,41세,상해없음,승용,남,23세,경상
2012040800100536,2012년 4월 8일 21시,일요일,경상남도 창원시 마산합포구 월남동5가,경상사고,0,0,1,0,차대사람 - 횡단중,신호위반,건조,맑음,교차로 - 교차로부근,승용,남,62세,상해없음,보행자,여,26세,경상
2012040800100537,2012년 4월 8일 21시,일요일,경상남도 창원시 진해구 여좌동,경상사고,0,0,3,0,차대차 - 측면직각충돌,직진우회전진행방해,건조,맑음,교차로 - 교차로안,승용,남,33세,경상,승용,남,24세,경상
2012040800100538,2012년 4월 8일 21시,일요일,경상남도 창원시 진해구 석동,경상사고,0,0,2,0,차대차 - 추돌 - 주정차중,안전운전불이행,건조,맑음,교차로 - 교차로부근,승용,남,32세,상해없음,승용,남,39세,상해없음
2012040800100539,2012년 4월 8일 21시,일요일,경상남도 사천시 사남면,경상사고,0,0,1,0,차대차 - 기타,안전운전불이행,건조,맑음,교차로 - 교차로부근,승용,남,48세,상해없음,승용,남,28세,경상
2012040800100540,2012년 4월 8일 21시,일요일,경상남도 김해시 외동,경상사고,0,0,1,0,차량단독 - 공작물충돌,불법유턴,습기,비,단일로 - 기타,화물,남,58세,상해없음,,,,
2012040800100541,2012년 4월 8일 21시,일요일,경상남도 진주시 지수면,경상사고,0,0,2,0,차대차 - 추돌 - 진행중,안전운전불이행,건조,맑음,단일로 - 기타,승용,남,49세,기타불명,승용,여,35세,경상
2012040800100560,2012년 4월 8일 22시,일요일,경상남도 사천시 사천읍,경상사고,0,0,1,0,차대차 - 정면충돌,신호위반,건조,맑음,교차로 - 교차로안,승용,남,24세,상해없음,승용,여,23세,경상
2012040800100576,2012년 4월 8일 23시,일요일,경상남도 진주시 인사동,경상사고,0,0,1,0,차대차 - 기타,신호위반,건조,맑음,교차로 - 교차로안,승용,남,24세,상해없음,승용,남,38세,경상
2012040800100577,2012년 4월 8일 23시,일요일,경상남도 창원시 성산구 신촌동,중상사고,0,3,1,0,차대차 - 추돌 - 주정차중,안전운전불이행,건조,맑음,교차로 - 교차로부근,승용,남,57세,상해없음,승용,남,24세,중상
2012040900100011,2012년 4월 9일 00시,월요일,경상남도 산청군 신안면,사망사고,1,0,0,0,차량단독 - 공작물충돌,안전운전불이행,건조,맑음,단일로 - 기타,원동기,남,30세,사망,,,,
2012040900100048,2012년 4월 9일 05시,월요일,경상남도 창원시 진해구 인사동,경상사고,0,0,1,0,차대차 - 측면직각충돌,직진우회전진행방해,건조,맑음,교차로 - 교차로안,승용,남,31세,상해없음,승용,남,22세,상해없음
2012040900100055,2012년 4월 9일 06시,월요일,경상남도 창원시 진해구 용원동,중상사고,0,1,2,0,차대차 - 측면직각충돌,안전운전불이행,건조,맑음,교차로 - 교차로안,승용,남,24세,상해없음,승용,남,45세,중상
2012040900100056,2012년 4월 9일 06시,월요일,경상남도 김해시 외동,경상사고,0,0,3,0,차대차 - 측면직각충돌,신호위반,건조,맑음,교차로 - 교차로안,화물,남,45세,상해없음,화물,남,32세,경상
2012040900100139,2012년 4월 9일 09시,월요일,경상남도 양산시 동면,중상사고,0,1,0,0,차대사람 - 길가장자리구역통행중,안전운전불이행,건조,맑음,단일로 - 교량,승용,여,23세,상해없음,보행자,남,74세,중상
2012040900100163,2012년 4월 9일 10시,월요일,경상남도 창녕군 계성면,중상사고,0,1,1,0,차대차 - 측면직각충돌,교차로운행방법위반,건조,맑음,교차로 - 교차로안,승용,남,83세,상해없음,승용,남,62세,경상
2012040900100164,2012년 4월 9일 10시,월요일,경상남도 하동군 하동읍,경상사고,0,0,2,0,차대차 - 측면직각충돌,안전운전불이행,건조,맑음,단일로 - 기타,화물,남,42세,상해없음,승용,여,40세,경상
2012040900100221,2012년 4월 9일 12시,월요일,경상남도 김해시 한림면,중상사고,0,1,0,0,차대차 - 추돌 - 주정차중,안전운전불이행,건조,맑음,교차로 - 교차로부근,이륜,남,16세,중상,화물,남,45세,상해없음
2012040900100274,2012년 4월 9일 14시,월요일,경상남도 사천시 벌리동,중상사고,0,1,0,0,차대차 - 측면직각충돌,교차로운행방법위반,건조,맑음,교차로 - 교차로안,승용,여,40세,상해없음,이륜,남,83세,중상
2012040900100275,2012년 4월 9일 14시,월요일,경상남도 사천시 벌리동,경상사고,0,0,1,0,차대차 - 측면직각충돌,중앙선침범,건조,맑음,단일로 - 기타,승용,남,67세,상해없음,화물,남,44세,경상
2012040900100309,2012년 4월 9일 15시,월요일,경상남도 함양군 함양읍,경상사고,0,0,1,0,차대차 - 기타,안전운전불이행,건조,맑음,단일로 - 기타,승용,남,29세,상해없음,원동기,남,44세,경상
2012040900100310,2012년 4월 9일 15시,월요일,경상남도 고성군 고성읍,사망사고,1,0,0,0,차대차 - 측면직각충돌,신호위반,건조,맑음,교차로 - 교차로안,승용,남,68세,상해없음,원동기,남,61세,사망
2012040900100311,2012년 4월 9일 15시,월요일,경상남도 사천시 곤양면,사망사고,2,2,0,0,차량단독 - 전도전복,안전운전불이행,건조,맑음,단일로 - 기타,화물,남,60세,사망,,,,
2012040900100344,2012년 4월 9일 16시,월요일,경상남도 사천시 사천읍,중상사고,0,1,0,0,차대사람 - 차도통행중,안전운전불이행,건조,맑음,단일로 - 기타,승용,남,44세,상해없음,보행자,여,5세,중상
2012040900100375,2012년 4월 9일 17시,월요일,경상남도 거제시 고현동,경상사고,0,0,1,0,차대차 - 측면직각충돌,교차로운행방법위반,건조,맑음,교차로 - 교차로안,승용,여,28세,상해없음,승합,남,27세,상해없음
2012040900100376,2012년 4월 9일 17시,월요일,경상남도 산청군 단성면,중상사고,0,1,1,0,차대차 - 측면직각충돌,교차로운행방법위반,건조,맑음,교차로 - 교차로안,승합,남,62세,상해없음,화물,남,51세,상해없음
2012040900100412,2012년 4월 9일 18시,월요일,경상남도 산청군 산청읍,중상사고,0,1,0,0,차대차 - 추돌 - 진행중,안전운전불이행,건조,맑음,단일로 - 기타,승용,남,40세,상해없음,농기계,남,71세,중상
2012040900100451,2012년 4월 9일 19시,월요일,경상남도 통영시 무전동,중상사고,0,1,0,0,차대차 - 추돌 - 주정차중,안전운전불이행,건조,맑음,단일로 - 기타,화물,남,41세,상해없음,승합,남,51세,중상
2012040900100485,2012년 4월 9일 20시,월요일,경상남도 양산시 평산동,경상사고,0,0,1,0,차대사람 - 길가장자리구역통행중,안전운전불이행,건조,맑음,교차로 - 교차로부근,화물,남,25세,상해없음,보행자,남,19세,경상
2012040900100486,2012년 4월 9일 20시,월요일,경상남도 창원시 마산회원구 내서읍,중상사고,0,1,0,0,차대사람 - 횡단중,안전운전불이행,건조,맑음,단일로 - 횡단보도상,승용,여,39세,상해없음,보행자,여,16세,중상
2012040900100521,2012년 4월 9일 21시,월요일,경상남도 창원시 진해구 중평동,경상사고,0,0,2,0,차대차 - 기타,안전운전불이행,건조,맑음,교차로 - 교차로부근,승용,남,57세,상해없음,승용,남,21세,경상
2012040900100522,2012년 4월 9일 21시,월요일,경상남도 창녕군 창녕읍,경상사고,0,0,2,0,차대차 - 측면직각충돌,직진우회전진행방해,건조,맑음,교차로 - 교차로안,승용,남,52세,경상,승용,남,32세,경상
2012040900100523,2012년 4월 9일 21시,월요일,경상남도 고성군 고성읍,중상사고,0,1,0,0,차대사람 - 보도통행중,보행자보호의무위반,건조,맑음,단일로 - 횡단보도상,승용,남,30세,상해없음,보행자,남,8세,중상
2012041000100036,2012년 4월 10일 01시,화요일,경상남도 고성군 고성읍,경상사고,0,0,2,0,차대차 - 측면직각충돌,안전운전불이행,건조,맑음,교차로 - 교차로부근,승용,남,52세,상해없음,승용,남,42세,경상
2012041000100037,2012년 4월 10일 01시,화요일,경상남도 거제시 고현동,경상사고,0,0,1,0,차대차 - 추돌 - 주정차중,안전운전불이행,건조,흐림,교차로 - 교차로부근,승용,남,28세,상해없음,승용,남,57세,경상
2012041000100045,2012년 4월 10일 02시,화요일,경상남도 창원시 마산합포구 해운동,경상사고,0,0,1,0,차대사람 - 횡단중,안전운전불이행,건조,맑음,교차로 - 교차로부근,승용,남,47세,상해없음,보행자,남,36세,경상
2012041000100071,2012년 4월 10일 05시,화요일,경상남도 창원시 성산구 상남동,중상사고,0,1,1,0,차대차 - 측면직각충돌,신호위반,건조,맑음,교차로 - 교차로안,이륜,남,17세,상해없음,승용,남,56세,경상
2012041000100104,2012년 4월 10일 07시,화요일,경상남도 양산시 북정동,중상사고,0,1,0,0,차대차 - 측면직각충돌,교차로운행방법위반,건조,흐림,교차로 - 교차로안,승용,남,51세,상해없음,승합,남,62세,중상
2012041000100105,2012년 4월 10일 07시,화요일,경상남도 창원시 성산구 신촌동,경상사고,0,0,2,0,차대차 - 추돌 - 진행중,안전거리미확보,건조,맑음,교차로 - 교차로부근,승용,남,59세,상해없음,승용,남,32세,경상
2012041000100143,2012년 4월 10일 08시,화요일,경상남도 창원시 마산합포구 상남동,경상사고,0,0,1,0,차대차 - 측면직각충돌,신호위반,건조,맑음,교차로 - 교차로안,승용,여,72세,상해없음,승용,여,25세,경상
2012041000100144,2012년 4월 10일 08시,화요일,경상남도 김해시 내동,경상사고,0,0,1,0,차대차 - 측면직각충돌,안전운전불이행,건조,맑음,교차로 - 교차로부근,승용,여,42세,상해없음,승용,여,33세,경상
2012041000100145,2012년 4월 10일 08시,화요일,경상남도 창원시 마산회원구 합성동,경상사고,0,0,1,0,차대사람 - 길가장자리구역통행중,안전운전불이행,건조,맑음,단일로 - 기타,기타불명,기타불명,기타불명,기타불명,보행자,여,14세,경상
2012041000100146,2012년 4월 10일 08시,화요일,경상남도 창원시 의창구 팔용동,중상사고,0,1,0,0,차대사람 - 기타,안전운전불이행,건조,흐림,단일로 - 기타,승용,여,28세,기타불명,보행자,여,47세,중상
2012041000100172,2012년 4월 10일 09시,화요일,경상남도 김해시 풍유동,중상사고,0,1,0,0,차대차 - 추돌 - 진행중,안전거리미확보,건조,흐림,교차로 - 교차로부근,화물,남,51세,상해없음,화물,남,53세,중상
2012041000100199,2012년 4월 10일 10시,화요일,경상남도 통영시 무전동,경상사고,0,0,1,0,차대차 - 측면직각충돌,교차로운행방법위반,건조,맑음,교차로 - 교차로안,승용,여,42세,상해없음,승용,남,35세,상해없음
2012041000100200,2012년 4월 10일 10시,화요일,경상남도 김해시 상동면,경상사고,0,0,2,0,차대차 - 측면직각충돌,중앙선침범,건조,맑음,단일로 - 기타,건설기계,남,46세,상해없음,화물,남,39세,경상
2012041000100262,2012년 4월 10일 12시,화요일,경상남도 합천군 합천읍,경상사고,0,0,2,0,차대차 - 추돌 - 주정차중,안전운전불이행,습기,비,교차로 - 교차로안,화물,남,59세,상해없음,화물,남,68세,경상
2012041000100290,2012년 4월 10일 13시,화요일,경상남도 합천군 쌍책면,중상사고,0,1,0,0,차대차 - 측면직각충돌,교차로운행방법위반,습기,흐림,교차로 - 교차로안,화물,남,56세,상해없음,화물,남,53세,중상
2012041000100316,2012년 4월 10일 14시,화요일,경상남도 김해시 부원동,경상사고,0,0,1,0,차량단독 - 공작물충돌,안전운전불이행,건조,맑음,단일로 - 기타,승용,남,25세,상해없음,,,,
2012041000100347,2012년 4월 10일 15시,화요일,경상남도 창원시 진해구 안골동,중상사고,0,1,0,0,차대차 - 기타,안전운전불이행,건조,맑음,교차로 - 교차로부근,승용,여,26세,상해없음,화물,남,34세,중상
2012041000100374,2012년 4월 10일 16시,화요일,경상남도 사천시 신벽동,중상사고,0,1,2,0,차량단독 - 공작물충돌,안전운전불이행,습기,비,단일로 - 기타,승용,여,54세,경상,,,,
2012041000100375,2012년 4월 10일 16시,화요일,경상남도 창원시 의창구 용동,경상사고,0,0,1,0,차대차 - 추돌 - 주정차중,안전운전불이행,건조,맑음,단일로 - 횡단보도부근,승용,남,49세,상해없음,승용,남,38세,경상
2012041000100409,2012년 4월 10일 17시,화요일,경상남도 사천시 사남면,중상사고,0,2,0,0,차대차 - 정면충돌,교차로운행방법위반,습기,비,교차로 - 교차로안,이륜,여,60세,중상,이륜,남,35세,중상
2012041000100410,2012년 4월 10일 17시,화요일,경상남도 창원시 성산구 남양동,경상사고,0,0,2,0,차대차 - 측면직각충돌,교차로운행방법위반,건조,맑음,교차로 - 교차로안,승용,남,52세,상해없음,승용,남,53세,경상
2012041000100411,2012년 4월 10일 17시,화요일,경상남도 김해시 진영읍,경상사고,0,0,1,0,차대사람 - 횡단중,안전운전불이행,건조,흐림,단일로 - 기타,승용,남,56세,상해없음,보행자,여,47세,경상
2012041000100457,2012년 4월 10일 18시,화요일,경상남도 양산시 교동,경상사고,0,0,1,0,차대차 - 기타,안전운전불이행,건조,맑음,기타 - 기타,승용,남,31세,기타불명,자전거,남,12세,경상
2012041000100494,2012년 4월 10일 19시,화요일,경상남도 창원시 진해구 마천동,경상사고,0,0,1,0,차대사람 - 기타,안전운전불이행,습기,비,교차로 - 교차로안,이륜,남,60세,상해없음,보행자,여,32세,경상
2012041000100495,2012년 4월 10일 19시,화요일,경상남도 밀양시 삼문동,경상사고,0,0,2,0,차대차 - 측면직각충돌,안전운전불이행,건조,맑음,교차로 - 교차로안,승용,여,57세,상해없음,승용,여,29세,경상
2012041000100496,2012년 4월 10일 19시,화요일,경상남도 김해시 대성동,경상사고,0,0,1,0,차대차 - 측면직각충돌,안전운전불이행,습기,비,단일로 - 기타,승용,남,54세,상해없음,원동기,남,20세,경상
2012041000100547,2012년 4월 10일 20시,화요일,경상남도 통영시 미수동,경상사고,0,0,1,0,차대사람 - 횡단중,보행자보호의무위반,건조,맑음,단일로 - 기타,승용,남,59세,상해없음,보행자,여,43세,경상
2012041000100548,2012년 4월 10일 20시,화요일,경상남도 사천시 대방동,중상사고,0,1,0,0,차대차 - 추돌 - 진행중,안전운전불이행,습기,비,단일로 - 기타,승용,남,46세,상해없음,승용,남,38세,상해없음
2012041000100549,2012년 4월 10일 20시,화요일,경상남도 고성군 거류면,중상사고,0,1,0,0,차대사람 - 횡단중,안전운전불이행,습기,비,교차로 - 교차로안,승용,남,48세,상해없음,보행자,여,70세,중상
2012041000100550,2012년 4월 10일 20시,화요일,경상남도 남해군 이동면,중상사고,0,1,1,0,차량단독 - 공작물충돌,안전운전불이행,습기,비,교차로 - 교차로안,승용,남,68세,기타불명,,,,
2012041000100551,2012년 4월 10일 20시,화요일,경상남도 창원시 성산구 상남동,경상사고,0,0,1,0,차대차 - 추돌 - 주정차중,안전운전불이행,건조,맑음,교차로 - 교차로안,승용,남,52세,상해없음,승용,여,20세,경상
2012041000100552,2012년 4월 10일 20시,화요일,경상남도 김해시 장유면,중상사고,0,2,0,0,차대차 - 측면직각충돌,신호위반,습기,비,교차로 - 교차로안,승용,남,35세,상해없음,승용,남,27세,중상
2012041000100553,2012년 4월 10일 20시,화요일,경상남도 김해시 장유면,중상사고,0,1,0,0,차대사람 - 보도통행중,보행자보호의무위반,습기,비,교차로 - 교차로부근,화물,남,49세,상해없음,보행자,여,31세,중상
2012041000100554,2012년 4월 10일 20시,화요일,경상남도 김해시 진영읍,경상사고,0,0,1,0,차대차 - 측면직각충돌,안전운전불이행,습기,비,단일로 - 기타,승용,여,44세,상해없음,이륜,남,28세,경상
2012041000100600,2012년 4월 10일 21시,화요일,경상남도 진주시 상평동,경상사고,0,0,1,0,차대차 - 측면직각충돌,신호위반,습기,비,교차로 - 교차로안,승용,여,41세,상해없음,승용,여,40세,경상
2012041000100601,2012년 4월 10일 21시,화요일,경상남도 김해시 내동,중상사고,0,1,0,0,차대사람 - 횡단중,보행자보호의무위반,습기,비,단일로 - 기타,승용,여,39세,상해없음,보행자,여,50세,중상
2012041000100602,2012년 4월 10일 21시,화요일,경상남도 양산시 덕계동,경상사고,0,0,1,0,차대차 - 기타,안전운전불이행,습기,비,교차로 - 교차로부근,승용,남,37세,상해없음,승용,여,53세,상해없음
2012041000100603,2012년 4월 10일 21시,화요일,경상남도 하동군 하동읍,경상사고,0,0,1,0,차대사람 - 길가장자리구역통행중,안전운전불이행,적설,비,단일로 - 기타,기타불명,기타불명,기타불명,기타불명,보행자,남,69세,경상
2012041000100604,2012년 4월 10일 21시,화요일,경상남도 거제시 장평동,경상사고,0,0,1,0,차대사람 - 길가장자리구역통행중,안전운전불이행,습기,비,교차로 - 교차로안,승용,남,37세,상해없음,보행자,여,28세,경상
2012041000100605,2012년 4월 10일 21시,화요일,경상남도 창원시 의창구 동읍,경상사고,0,0,3,0,차대차 - 추돌 - 주정차중,안전운전불이행,습기,비,단일로 - 기타,승용,여,50세,상해없음,화물,남,46세,경상
2012041000100606,2012년 4월 10일 21시,화요일,경상남도 합천군 가야면,중상사고,0,1,0,0,차대차 - 기타,중앙선침범,습기,비,단일로 - 기타,승용,남,50세,상해없음,승용,남,46세,중상
2012041000100660,2012년 4월 10일 22시,화요일,경상남도 진주시 상대동,중상사고,0,1,0,0,차대사람 - 횡단중,안전운전불이행,건조,맑음,단일로 - 횡단보도상,원동기,남,25세,상해없음,보행자,남,37세,중상
2012041000100661,2012년 4월 10일 22시,화요일,경상남도 양산시 중부동,경상사고,0,0,1,0,차대사람 - 횡단중,안전운전불이행,습기,비,기타 - 기타,승용,여,60세,상해없음,보행자,남,26세,경상
2012041000100662,2012년 4월 10일 22시,화요일,경상남도 창원시 마산회원구 합성동,경상사고,0,0,1,0,차대사람 - 기타,안전운전불이행,습기,비,교차로 - 교차로부근,승용,남,22세,상해없음,보행자,남,52세,경상
2012041000100663,2012년 4월 10일 22시,화요일,경상남도 창원시 의창구 소답동,경상사고,0,0,2,0,차대차 - 추돌 - 주정차중,안전운전불이행,건조,맑음,단일로 - 기타,승합,남,46세,상해없음,승용,남,29세,경상
2012041000100739,2012년 4월 10일 23시,화요일,경상남도 사천시 벌리동,중상사고,0,1,1,0,차대차 - 측면직각충돌,직진우회전진행방해,습기,비,교차로 - 교차로안,승용,남,61세,중상,승합,남,58세,경상
2012041000100740,2012년 4월 10일 23시,화요일,경상남도 김해시 동상동,중상사고,0,1,1,0,차대차 - 측면직각충돌,신호위반,습기,비,교차로 - 교차로안,승합,남,48세,상해없음,승용,남,37세,중상
2012041000100741,2012년 4월 10일 23시,화요일,경상남도 창녕군 남지읍,중상사고,0,1,0,0,차대차 - 측면직각충돌,중앙선침범,습기,비,단일로 - 기타,승용,남,36세,상해없음,승용,남,40세,중상
2012041000100742,2012년 4월 10일 23시,화요일,경상남도 함안군 군북면,중상사고,0,1,1,0,차대사람 - 기타,안전운전불이행,습기,비,기타 - 기타,승용,남,38세,상해없음,보행자,남,54세,중상
2012041000100743,2012년 4월 10일 23시,화요일,경상남도 창원시 성산구 외동,경상사고,0,0,2,0,차대차 - 측면직각충돌,신호위반,건조,맑음,교차로 - 교차로안,화물,남,40세,상해없음,승용,남,25세,경상
2012041000100744,2012년 4월 10일 23시,화요일,경상남도 창원시 의창구 사림동,중상사고,0,1,0,0,차대사람 - 기타,안전운전불이행,습기,비,단일로 - 기타,원동기,남,26세,상해없음,보행자,여,60세,중상
2012041000100745,2012년 4월 10일 23시,화요일,경상남도 김해시 장유면,경상사고,0,0,1,0,차대차 - 기타,안전운전불이행,습기,비,단일로 - 기타,원동기,남,14세,상해없음,승용,남,35세,경상
2012041100100039,2012년 4월 11일 00시,수요일,경상남도 사천시 사천읍,중상사고,0,1,0,0,차대차 - 기타,안전운전불이행,건조,맑음,단일로 - 기타,기타불명,기타불명,기타불명,기타불명,이륜,남,40세,중상
2012041100100071,2012년 4월 11일 01시,수요일,경상남도 사천시 사남면,중상사고,0,1,0,0,차량단독 - 공작물충돌,안전운전불이행,습기,비,단일로 - 기타,승용,남,35세,중상,,,,
2012041100100072,2012년 4월 11일 01시,수요일,경상남도 김해시 안동,경상사고,0,0,4,0,차대차 - 추돌 - 주정차중,안전운전불이행,습기,비,교차로 - 교차로부근,승용,남,43세,상해없음,화물,남,31세,경상
2012041100100073,2012년 4월 11일 01시,수요일,경상남도 창원시 성산구 반림동,중상사고,0,3,0,0,차대차 - 정면충돌,중앙선침범,습기,비,교차로 - 교차로부근,승용,남,33세,상해없음,승용,남,61세,중상
2012041100100074,2012년 4월 11일 01시,수요일,경상남도 창원시 성산구 성주동,중상사고,0,1,0,0,차대사람 - 횡단중,신호위반,습기,비,교차로 - 교차로안,승용,남,43세,상해없음,보행자,남,24세,중상
2012041100100108,2012년 4월 11일 02시,수요일,경상남도 창원시 마산합포구 상남동,경상사고,0,0,1,0,차대사람 - 기타,안전운전불이행,습기,비,교차로 - 교차로안,승용,남,25세,상해없음,보행자,남,39세,경상
2012041100100109,2012년 4월 11일 02시,수요일,경상남도 거제시 고현동,중상사고,0,1,0,0,차대차 - 측면직각충돌,직진우회전진행방해,습기,비,교차로 - 교차로안,승용,여,59세,상해없음,승용,남,50세,중상
2012041100100129,2012년 4월 11일 03시,수요일,경상남도 거제시 장평동,사망사고,1,0,0,0,차량단독 - 도로외이탈 - 추락,안전운전불이행,습기,비,미분류 - 미분류,승용,남,25세,사망,,,,
2012041100100148,2012년 4월 11일 04시,수요일,경상남도 김해시 대성동,중상사고,0,2,0,0,차대차 - 측면직각충돌,신호위반,습기,비,교차로 - 교차로안,승용,남,65세,상해없음,승용,남,51세,상해없음
2012041100100170,2012년 4월 11일 05시,수요일,경상남도 창원시 마산합포구 월영동,경상사고,0,0,1,0,차대사람 - 차도통행중,안전운전불이행,습기,비,단일로 - 교량,화물,남,59세,상해없음,보행자,남,75세,경상
2012041100100171,2012년 4월 11일 05시,수요일,경상남도 거제시 장승포동,경상사고,0,0,1,0,차대차 - 측면직각충돌,신호위반,습기,비,교차로 - 교차로안,승용,남,37세,상해없음,승용,남,41세,경상
2012041100100194,2012년 4월 11일 06시,수요일,경상남도 창원시 의창구 사림동,경상사고,0,0,1,0,차대차 - 측면직각충돌,신호위반,습기,비,교차로 - 교차로안,승용,남,34세,상해없음,승합,남,55세,경상
2012041100100200,2012년 4월 11일 07시,수요일,경상남도 창원시 마산합포구 교방동,중상사고,0,1,0,0,차대사람 - 기타,안전운전불이행,습기,비,교차로 - 교차로부근,화물,남,28세,상해없음,보행자,남,38세,중상
2012041100100201,2012년 4월 11일 07시,수요일,경상남도 남해군 남면,경상사고,0,0,3,0,차대차 - 정면충돌,교차로운행방법위반,습기,비,교차로 - 교차로안,화물,남,62세,상해없음,승용,남,37세,경상
2012041100100220,2012년 4월 11일 08시,수요일,경상남도 김해시 삼계동,중상사고,0,1,0,0,차대차 - 추돌 - 주정차중,안전거리미확보,습기,비,교차로 - 교차로부근,화물,남,56세,상해없음,화물,남,57세,중상
2012041100100221,2012년 4월 11일 08시,수요일,경상남도 양산시 용당동,경상사고,0,0,2,0,차대차 - 기타,신호위반,습기,비,교차로 - 교차로안,건설기계,남,58세,상해없음,승용,남,43세,경상
2012041100100222,2012년 4월 11일 08시,수요일,경상남도 김해시 진영읍,중상사고,0,1,0,0,차대차 - 정면충돌,중앙선침범,습기,비,교차로 - 교차로부근,승용,남,25세,상해없음,승용,여,49세,중상
2012041100100273,2012년 4월 11일 10시,수요일,경상남도 진주시 봉래동,중상사고,0,1,0,0,차대사람 - 횡단중,안전운전불이행,습기,비,단일로 - 기타,승용,여,52세,상해없음,보행자,여,68세,중상
2012041100100274,2012년 4월 11일 10시,수요일,경상남도 김해시 삼정동,중상사고,0,1,0,0,차대차 - 측면직각충돌,교차로운행방법위반,건조,맑음,교차로 - 교차로안,승용,남,51세,상해없음,승용,남,67세,중상
2012041100100275,2012년 4월 11일 10시,수요일,경상남도 거창군 거창읍,중상사고,0,1,0,0,차대차 - 측면직각충돌,교차로운행방법위반,건조,맑음,교차로 - 교차로안,승용,남,44세,상해없음,원동기,남,78세,중상
2012041100100276,2012년 4월 11일 10시,수요일,경상남도 창원시 성산구 상남동,경상사고,0,0,1,0,차대차 - 측면직각충돌,차로위반,건조,맑음,단일로 - 기타,승용,남,27세,상해없음,승용,여,52세,경상
2012041100100329,2012년 4월 11일 12시,수요일,경상남도 거창군 거창읍,중상사고,0,1,0,0,차대차 - 측면직각충돌,교차로운행방법위반,건조,맑음,교차로 - 교차로안,승용,여,55세,상해없음,이륜,남,82세,중상
2012041100100330,2012년 4월 11일 12시,수요일,경상남도 창원시 성산구 성산동,중상사고,0,2,0,0,차대차 - 추돌 - 주정차중,안전거리미확보,건조,맑음,단일로 - 기타,승용,남,31세,상해없음,승용,여,62세,중상
2012041100100331,2012년 4월 11일 12시,수요일,경상남도 창원시 마산회원구 내서읍,경상사고,0,0,1,0,차대사람 - 기타,안전운전불이행,건조,맑음,교차로 - 교차로부근,화물,남,32세,기타불명,보행자,여,1세,경상
2012041100100361,2012년 4월 11일 13시,수요일,경상남도 창원시 마산합포구 두월동1가,경상사고,0,0,1,0,차대차 - 측면직각충돌,교차로운행방법위반,건조,맑음,교차로 - 교차로안,승용,여,33세,상해없음,이륜,남,65세,경상
2012041100100362,2012년 4월 11일 13시,수요일,경상남도 창원시 마산합포구 문화동,경상사고,0,0,1,0,차대사람 - 기타,안전운전불이행,건조,맑음,기타 - 기타,승용,여,47세,상해없음,보행자,남,56세,경상
2012041100100363,2012년 4월 11일 13시,수요일,경상남도 진주시 진성면,중상사고,0,1,0,0,차대차 - 측면직각충돌,직진우회전진행방해,습기,흐림,교차로 - 교차로안,승용,여,36세,상해없음,원동기,남,77세,중상
2012041100100394,2012년 4월 11일 14시,수요일,경상남도 하동군 금남면,중상사고,0,1,1,0,차대차 - 기타,중앙선침범,건조,맑음,단일로 - 기타,승용,남,25세,상해없음,화물,여,37세,중상
2012041100100434,2012년 4월 11일 15시,수요일,경상남도 진주시 주약동,중상사고,0,1,0,0,차대사람 - 횡단중,보행자보호의무위반,건조,맑음,단일로 - 횡단보도상,승용,남,57세,상해없음,보행자,여,84세,중상
2012041100100435,2012년 4월 11일 15시,수요일,경상남도 김해시 삼방동,중상사고,0,1,0,0,차대사람 - 횡단중,안전운전불이행,건조,맑음,교차로 - 교차로부근,화물,남,42세,상해없음,보행자,여,53세,중상
2012041100100436,2012년 4월 11일 15시,수요일,경상남도 김해시 장유면,중상사고,0,1,0,0,차대차 - 측면직각충돌,교차로운행방법위반,건조,맑음,교차로 - 교차로안,승용,남,28세,상해없음,승용,여,44세,중상
2012041100100457,2012년 4월 11일 16시,수요일,경상남도 김해시 동상동,중상사고,0,2,0,0,차대차 - 추돌 - 주정차중,안전운전불이행,건조,맑음,단일로 - 기타,승용,남,51세,상해없음,승용,남,21세,중상
2012041100100458,2012년 4월 11일 16시,수요일,경상남도 김해시 삼방동,중상사고,0,1,0,0,차대사람 - 기타,안전운전불이행,건조,맑음,단일로 - 기타,승용,남,58세,상해없음,보행자,남,17세,중상
2012041100100489,2012년 4월 11일 17시,수요일,경상남도 진주시 평안동,경상사고,0,0,1,0,차대사람 - 기타,안전운전불이행,건조,맑음,단일로 - 기타,승용,남,32세,상해없음,보행자,남,24세,경상