사고번호,사고일시,요일,시군구,사고내용,사망자수,중상자수,경상자수,부상신고자수,사고유형,법규위반,노면상태,기상상태,도로형태,가해운전자 차종,가해운전자 성별,가해운전자 연령,가해운전자 상해정도,피해운전자 차종,피해운전자 성별,피해운전자 연령,피해운전자 상해정도
2012042600100209,2012년 4월 26일 08시,목요일,경상남도 창원시 마산합포구 반월동,중상사고,0,1,2,0,차대차 - 추돌 - 주정차중,안전운전불이행,건조,맑음,단일로 - 기타,승용,남,43세,상해없음,승용,여,40세,상해없음
2012042600100210,2012년 4월 26일 08시,목요일,경상남도 창원시 의창구 팔용동,중상사고,0,1,0,0,차대차 - 측면직각충돌,신호위반,건조,맑음,교차로 - 교차로안,승용,남,33세,상해없음,자전거,남,31세,중상
2012042600100252,2012년 4월 26일 09시,목요일,경상남도 김해시 내동,중상사고,0,1,0,0,차대사람 - 보도통행중,기타,건조,맑음,단일로 - 횡단보도부근,이륜,여,37세,상해없음,보행자,여,71세,중상
2012042600100253,2012년 4월 26일 09시,목요일,경상남도 고성군 고성읍,경상사고,0,0,1,0,차대차 - 측면직각충돌,안전운전불이행,건조,맑음,단일로 - 기타,승용,여,22세,상해없음,이륜,남,54세,경상
2012042600100254,2012년 4월 26일 09시,목요일,경상남도 의령군 지정면,경상사고,0,0,1,0,차대차 - 추돌 - 진행중,안전운전불이행,건조,맑음,단일로 - 기타,승용,남,74세,상해없음,이륜,남,74세,경상
2012042600100255,2012년 4월 26일 09시,목요일,경상남도 창원시 성산구 상남동,경상사고,0,0,2,0,차대차 - 기타,안전운전불이행,건조,맑음,단일로 - 기타,승용,남,49세,상해없음,승용,여,24세,경상
2012042600100288,2012년 4월 26일 10시,목요일,경상남도 거창군 거창읍,중상사고,0,1,1,0,차대사람 - 보도통행중,안전운전불이행,건조,맑음,교차로 - 교차로안,이륜,남,38세,상해없음,보행자,여,64세,중상
2012042600100289,2012년 4월 26일 10시,목요일,경상남도 창원시 마산회원구 회원동,중상사고,0,1,0,0,차대사람 - 기타,안전운전불이행,건조,맑음,단일로 - 기타,화물,남,51세,상해없음,보행자,여,64세,중상
2012042600100290,2012년 4월 26일 10시,목요일,경상남도 김해시 장유면,중상사고,0,1,0,0,차대차 - 측면직각충돌,교차로운행방법위반,건조,맑음,교차로 - 교차로안,승합,여,39세,상해없음,이륜,남,62세,중상
2012042600100315,2012년 4월 26일 11시,목요일,경상남도 창원시 마산합포구 신포동2가,경상사고,0,0,1,0,차대차 - 기타,중앙선침범,건조,맑음,단일로 - 기타,이륜,남,27세,경상,승용,남,33세,상해없음
2012042600100316,2012년 4월 26일 11시,목요일,경상남도 창원시 진해구 용원동,경상사고,0,0,1,0,차대차 - 측면직각충돌,안전운전불이행,건조,맑음,교차로 - 교차로부근,승용,남,33세,상해없음,승용,남,62세,경상
2012042600100317,2012년 4월 26일 11시,목요일,경상남도 함안군 가야읍,사망사고,1,0,0,0,차량단독 - 기타,안전운전불이행,건조,맑음,단일로 - 기타,승용,남,74세,사망,,,,
2012042600100346,2012년 4월 26일 12시,목요일,경상남도 창원시 성산구 반림동,중상사고,0,1,0,0,차대차 - 기타,신호위반,건조,맑음,교차로 - 교차로안,승용,여,45세,상해없음,승합,남,44세,중상
2012042600100412,2012년 4월 26일 14시,목요일,경상남도 사천시 죽림동,경상사고,0,0,1,0,차대차 - 기타,안전운전불이행,건조,맑음,교차로 - 교차로부근,승합,남,51세,상해없음,원동기,남,59세,경상
2012042600100413,2012년 4월 26일 14시,목요일,경상남도 거제시 옥포동,경상사고,0,0,1,0,차량단독 - 기타,안전운전불이행,건조,맑음,단일로 - 기타,승합,남,58세,기타불명,,,,
2012042600100454,2012년 4월 26일 15시,목요일,경상남도 창원시 마산합포구 문화동,중상사고,0,1,0,0,차대사람 - 기타,기타,건조,맑음,단일로 - 기타,승용,여,54세,상해없음,보행자,여,67세,중상
2012042600100455,2012년 4월 26일 15시,목요일,경상남도 창원시 진해구 여좌동,중상사고,0,1,0,0,차대차 - 정면충돌,안전운전불이행,건조,맑음,기타 - 기타,승용,남,30세,상해없음,원동기,남,48세,중상
2012042600100456,2012년 4월 26일 15시,목요일,경상남도 거제시 고현동,중상사고,0,1,0,0,차대사람 - 횡단중,보행자보호의무위반,건조,맑음,단일로 - 횡단보도상,승용,남,37세,상해없음,보행자,남,8세,중상
2012042600100457,2012년 4월 26일 15시,목요일,경상남도 창원시 마산회원구 석전동,중상사고,0,1,0,0,차대차 - 기타,안전운전불이행,건조,맑음,교차로 - 교차로안,승용,남,26세,상해없음,원동기,남,45세,중상
2012042600100501,2012년 4월 26일 16시,목요일,경상남도 통영시 도천동,경상사고,0,0,1,0,차대차 - 측면직각충돌,신호위반,건조,맑음,교차로 - 교차로안,승용,여,45세,상해없음,승용,여,35세,경상
2012042600100502,2012년 4월 26일 16시,목요일,경상남도 김해시 전하동,경상사고,0,0,1,0,차대차 - 측면직각충돌,교차로운행방법위반,건조,맑음,교차로 - 교차로안,승합,남,59세,상해없음,승용,남,32세,경상
2012042600100503,2012년 4월 26일 16시,목요일,경상남도 거창군 거창읍,중상사고,0,1,0,0,차대사람 - 횡단중,보행자보호의무위반,건조,맑음,단일로 - 횡단보도상,승용,남,36세,상해없음,보행자,여,9세,중상
2012042600100504,2012년 4월 26일 16시,목요일,경상남도 창녕군 대합면,중상사고,0,2,0,0,차대차 - 측면직각충돌,중앙선침범,건조,맑음,단일로 - 기타,이륜,남,67세,중상,이륜,남,72세,중상
2012042600100505,2012년 4월 26일 16시,목요일,경상남도 창원시 마산회원구 내서읍,중상사고,0,1,0,0,차대차 - 기타,안전운전불이행,건조,맑음,기타 - 기타,승용,남,53세,상해없음,자전거,남,52세,중상
2012042600100506,2012년 4월 26일 16시,목요일,경상남도 창원시 의창구 북면,중상사고,0,1,0,0,차대차 - 측면직각충돌,안전운전불이행,건조,맑음,단일로 - 기타,승용,남,57세,상해없음,승용,여,54세,중상
2012042600100537,2012년 4월 26일 17시,목요일,경상남도 창원시 마산합포구 월남동1가,경상사고,0,0,1,0,차량단독 - 기타,안전운전불이행,건조,맑음,기타 - 기타,승합,남,44세,기타불명,,,,
2012042600100538,2012년 4월 26일 17시,목요일,경상남도 사천시 벌리동,경상사고,0,0,3,0,차대차 - 측면직각충돌,교차로운행방법위반,건조,맑음,교차로 - 교차로안,승용,남,46세,경상,승용,여,23세,경상
2012042600100539,2012년 4월 26일 17시,목요일,경상남도 고성군 회화면,중상사고,0,4,0,0,차대차 - 측면직각충돌,안전운전불이행,건조,맑음,교차로 - 교차로부근,화물,남,52세,상해없음,승용,남,49세,중상
2012042600100540,2012년 4월 26일 17시,목요일,경상남도 창원시 마산회원구 석전동,경상사고,0,0,1,0,차대차 - 측면직각충돌,신호위반,건조,맑음,교차로 - 교차로안,화물,남,50세,상해없음,화물,남,41세,경상
2012042600100590,2012년 4월 26일 18시,목요일,경상남도 진주시 신안동,경상사고,0,0,1,0,차대차 - 측면직각충돌,교차로운행방법위반,건조,맑음,교차로 - 교차로부근,화물,남,55세,상해없음,원동기,남,35세,경상
2012042600100636,2012년 4월 26일 19시,목요일,경상남도 창원시 성산구 중앙동,중상사고,0,1,0,0,차대사람 - 횡단중,보행자보호의무위반,건조,맑음,단일로 - 기타,화물,남,25세,상해없음,보행자,여,7세,중상
2012042600100666,2012년 4월 26일 20시,목요일,경상남도 창원시 성산구 성주동,경상사고,0,0,1,0,차대차 - 기타,교차로운행방법위반,건조,맑음,교차로 - 교차로안,특수,남,38세,상해없음,승용,남,51세,경상
2012042600100667,2012년 4월 26일 20시,목요일,경상남도 창원시 마산회원구 내서읍,중상사고,0,1,2,0,차대차 - 추돌 - 주정차중,안전운전불이행,건조,맑음,단일로 - 기타,승용,남,42세,상해없음,승용,여,32세,중상
2012042600100668,2012년 4월 26일 20시,목요일,경상남도 창원시 마산회원구 석전동,중상사고,0,1,0,0,차대차 - 추돌 - 주정차중,안전운전불이행,건조,맑음,단일로 - 기타,승용,남,62세,상해없음,승용,남,51세,중상
2012042600100697,2012년 4월 26일 21시,목요일,경상남도 양산시 북부동,중상사고,0,1,0,0,차대차 - 기타,교차로운행방법위반,건조,맑음,교차로 - 교차로안,승용,남,52세,기타불명,승용,여,48세,중상
2012042600100698,2012년 4월 26일 21시,목요일,경상남도 거제시 옥포동,경상사고,0,0,1,0,차대사람 - 기타,안전운전불이행,건조,맑음,단일로 - 기타,승용,남,25세,상해없음,보행자,남,44세,경상
2012042600100699,2012년 4월 26일 21시,목요일,경상남도 창원시 마산회원구 합성동,중상사고,0,1,0,0,차대차 - 기타,신호위반,건조,맑음,교차로 - 교차로안,승용,남,59세,상해없음,원동기,여,54세,중상
2012042600100739,2012년 4월 26일 22시,목요일,경상남도 진주시 망경동,경상사고,0,0,2,0,차대차 - 추돌 - 주정차중,안전운전불이행,건조,맑음,교차로 - 교차로부근,승용,남,46세,상해없음,승용,남,23세,경상
2012042600100740,2012년 4월 26일 22시,목요일,경상남도 사천시 벌리동,부상신고사고,0,0,0,1,차대사람 - 길가장자리구역통행중,안전운전불이행,건조,맑음,단일로 - 횡단보도부근,화물,남,53세,상해없음,보행자,남,52세,부상신고
2012042600100741,2012년 4월 26일 22시,목요일,경상남도 양산시 주진동,중상사고,0,1,0,0,차대사람 - 기타,안전운전불이행,건조,맑음,단일로 - 기타,승용,남,38세,상해없음,보행자,여,26세,중상
2012042600100742,2012년 4월 26일 22시,목요일,경상남도 산청군 산청읍,중상사고,0,1,0,0,차대사람 - 횡단중,안전운전불이행,건조,맑음,단일로 - 기타,승용,남,49세,상해없음,보행자,여,91세,중상
2012042700100021,2012년 4월 27일 00시,금요일,경상남도 김해시 구산동,경상사고,0,0,2,0,차대차 - 측면직각충돌,신호위반,건조,맑음,교차로 - 교차로안,승용,남,20세,상해없음,승용,남,26세,경상
2012042700100022,2012년 4월 27일 00시,금요일,경상남도 양산시 물금읍,경상사고,0,0,1,0,차대차 - 기타,안전운전불이행,건조,맑음,단일로 - 기타,승용,남,40세,기타불명,원동기,남,17세,경상
2012042700100087,2012년 4월 27일 04시,금요일,경상남도 진주시 봉곡동,경상사고,0,0,1,0,차대차 - 추돌 - 주정차중,안전운전불이행,건조,맑음,단일로 - 기타,화물,남,26세,상해없음,승용,남,41세,경상
2012042700100088,2012년 4월 27일 04시,금요일,경상남도 거제시 하청면,중상사고,0,2,0,0,차대차 - 정면충돌,중앙선침범,건조,맑음,단일로 - 기타,원동기,남,16세,상해없음,승용,남,46세,상해없음
2012042700100137,2012년 4월 27일 07시,금요일,경상남도 거제시 사등면,경상사고,0,0,1,0,차대차 - 측면직각충돌,중앙선침범,건조,맑음,단일로 - 기타,승용,남,26세,상해없음,화물,남,65세,경상
2012042700100176,2012년 4월 27일 08시,금요일,경상남도 창원시 성산구 중앙동,중상사고,0,1,0,0,차대차 - 측면직각충돌,신호위반,건조,맑음,단일로 - 횡단보도상,승용,남,45세,상해없음,자전거,남,59세,중상
2012042700100233,2012년 4월 27일 10시,금요일,경상남도 통영시 도산면,부상신고사고,0,0,0,1,차대차 - 정면충돌,안전운전불이행,건조,맑음,단일로 - 기타,이륜,남,41세,부상신고,승용,남,63세,상해없음
2012042700100234,2012년 4월 27일 10시,금요일,경상남도 거창군 거창읍,경상사고,0,0,1,0,차대차 - 측면직각충돌,교차로운행방법위반,건조,맑음,교차로 - 교차로안,이륜,여,38세,경상,승용,여,52세,상해없음
2012042700100235,2012년 4월 27일 10시,금요일,경상남도 창원시 의창구 팔용동,중상사고,0,1,0,0,차대차 - 추돌 - 주정차중,안전거리미확보,건조,맑음,교차로 - 교차로부근,화물,남,25세,상해없음,화물,남,66세,상해없음
2012042700100280,2012년 4월 27일 12시,금요일,경상남도 창녕군 대지면,중상사고,0,1,0,0,차대차 - 정면충돌,중앙선침범,건조,맑음,단일로 - 기타,건설기계,남,48세,상해없음,승용,여,42세,중상
2012042700100281,2012년 4월 27일 12시,금요일,경상남도 양산시 남부동,경상사고,0,0,1,0,차대사람 - 기타,안전운전불이행,건조,맑음,기타 - 기타,승용,남,36세,상해없음,보행자,남,32세,경상
2012042700100282,2012년 4월 27일 12시,금요일,경상남도 양산시 덕계동,중상사고,0,1,0,0,차대사람 - 기타,안전운전불이행,건조,맑음,단일로 - 기타,화물,남,58세,상해없음,보행자,여,70세,중상
2012042700100283,2012년 4월 27일 12시,금요일,경상남도 산청군 생비량면,사망사고,1,0,0,0,차대사람 - 횡단중,안전운전불이행,건조,맑음,단일로 - 횡단보도부근,화물,남,47세,상해없음,보행자,여,78세,사망
2012042700100315,2012년 4월 27일 13시,금요일,경상남도 거제시 고현동,중상사고,0,1,2,0,차대차 - 기타,안전운전불이행,건조,맑음,교차로 - 교차로안,승용,남,47세,상해없음,승용,남,46세,중상
2012042700100347,2012년 4월 27일 14시,금요일,경상남도 김해시 삼정동,중상사고,0,1,0,0,차량단독 - 전도전복,안전운전불이행,건조,맑음,단일로 - 기타,화물,남,49세,상해없음,,,,
2012042700100348,2012년 4월 27일 14시,금요일,경상남도 의령군 부림면,경상사고,0,0,1,0,차대차 - 측면직각충돌,교차로운행방법위반,건조,맑음,교차로 - 교차로안,기타불명,기타불명,기타불명,기타불명,이륜,남,88세,경상
2012042700100386,2012년 4월 27일 15시,금요일,경상남도 진주시 진성면,경상사고,0,0,1,0,차대차 - 기타,안전운전불이행,건조,맑음,교차로 - 교차로안,화물,남,29세,상해없음,원동기,여,54세,경상
2012042700100387,2012년 4월 27일 15시,금요일,경상남도 진주시 가좌동,중상사고,0,1,0,0,차대사람 - 기타,보행자보호의무위반,건조,맑음,단일로 - 횡단보도상,승용,남,24세,상해없음,보행자,남,27세,중상
2012042700100388,2012년 4월 27일 15시,금요일,경상남도 김해시 외동,중상사고,0,1,0,0,차대차 - 측면직각충돌,안전운전불이행,건조,맑음,교차로 - 교차로안,승용,남,59세,상해없음,이륜,남,18세,중상
2012042700100389,2012년 4월 27일 15시,금요일,경상남도 양산시 덕계동,경상사고,0,0,1,0,차대사람 - 횡단중,보행자보호의무위반,건조,맑음,단일로 - 횡단보도상,승용,남,44세,상해없음,보행자,남,7세,경상
2012042700100390,2012년 4월 27일 15시,금요일,경상남도 김해시 주촌면,중상사고,0,1,0,0,차대차 - 기타,교차로운행방법위반,건조,맑음,교차로 - 교차로안,승합,남,29세,상해없음,승용,여,40세,중상
2012042700100425,2012년 4월 27일 16시,금요일,경상남도 김해시 구산동,경상사고,0,0,1,0,차대차 - 측면직각충돌,교차로운행방법위반,건조,맑음,교차로 - 교차로안,승용,남,44세,상해없음,화물,남,32세,상해없음
2012042700100427,2012년 4월 27일 16시,금요일,경상남도 창원시 성산구 상남동,경상사고,0,0,1,0,차대사람 - 길가장자리구역통행중,안전운전불이행,건조,맑음,단일로 - 기타,승용,여,41세,상해없음,보행자,남,12세,경상
2012042700100473,2012년 4월 27일 17시,금요일,경상남도 거제시 장승포동,경상사고,0,0,1,0,차대차 - 기타,안전운전불이행,건조,맑음,교차로 - 교차로안,기타불명,기타불명,기타불명,기타불명,이륜,남,16세,상해없음
2012042700100474,2012년 4월 27일 17시,금요일,경상남도 창원시 의창구 소답동,경상사고,0,0,1,0,차대차 - 기타,안전운전불이행,건조,맑음,교차로 - 교차로안,승용,여,34세,상해없음,승용,여,34세,상해없음
2012042700100530,2012년 4월 27일 18시,금요일,경상남도 통영시 광도면,경상사고,0,0,1,0,차대사람 - 횡단중,안전운전불이행,건조,맑음,단일로 - 기타,승용,남,53세,상해없음,보행자,남,25세,경상
2012042700100531,2012년 4월 27일 18시,금요일,경상남도 거창군 거창읍,중상사고,0,1,0,0,차대사람 - 차도통행중,안전운전불이행,건조,맑음,단일로 - 기타,원동기,기타불명,기타불명,기타불명,보행자,여,46세,중상
2012042700100532,2012년 4월 27일 18시,금요일,경상남도 함양군 함양읍,중상사고,0,1,0,0,차대차 - 측면직각충돌,중앙선침범,건조,맑음,단일로 - 기타,화물,남,43세,상해없음,승용,남,38세,중상
2012042700100533,2012년 4월 27일 18시,금요일,경상남도 함안군 칠서면,경상사고,0,0,1,0,차대차 - 측면직각충돌,안전운전불이행,건조,맑음,교차로 - 교차로안,승용,여,36세,상해없음,이륜,남,24세,경상
2012042700100573,2012년 4월 27일 19시,금요일,경상남도 함양군 함양읍,중상사고,0,1,0,0,차대사람 - 차도통행중,안전운전불이행,건조,맑음,교차로 - 교차로안,화물,남,38세,상해없음,보행자,여,69세,중상
2012042700100574,2012년 4월 27일 19시,금요일,경상남도 양산시 물금읍,중상사고,0,1,0,0,차대사람 - 횡단중,안전운전불이행,건조,맑음,단일로 - 기타,원동기,남,16세,상해없음,보행자,남,47세,중상
2012042700100636,2012년 4월 27일 21시,금요일,경상남도 고성군 거류면,중상사고,0,1,0,0,차대차 - 정면충돌,중앙선침범,건조,맑음,단일로 - 기타,승용,남,39세,상해없음,화물,남,27세,중상
2012042700100637,2012년 4월 27일 21시,금요일,경상남도 함안군 군북면,중상사고,0,1,0,0,차대차 - 측면직각충돌,차로위반,건조,맑음,단일로 - 기타,승용,남,52세,상해없음,승용,남,59세,중상
2012042700100683,2012년 4월 27일 22시,금요일,경상남도 김해시 외동,경상사고,0,0,1,0,차대차 - 측면직각충돌,안전거리미확보,건조,맑음,교차로 - 교차로안,승용,여,47세,상해없음,승용,여,28세,경상
2012042700100684,2012년 4월 27일 22시,금요일,경상남도 김해시 상동면,경상사고,0,0,1,0,차대차 - 측면직각충돌,안전운전불이행,건조,맑음,단일로 - 기타,승용,남,45세,상해없음,승용,남,29세,경상
2012042700100718,2012년 4월 27일 23시,금요일,경상남도 진주시 중안동,중상사고,0,1,0,0,차대차 - 측면직각충돌,중앙선침범,건조,맑음,단일로 - 기타,승용,남,34세,상해없음,원동기,남,50세,중상
2012042800100021,2012년 4월 28일 00시,토요일,경상남도 거제시 장승포동,중상사고,0,1,0,0,차대사람 - 기타,안전운전불이행,건조,맑음,단일로 - 기타,승용,남,54세,상해없음,보행자,남,44세,중상
2012042800100039,2012년 4월 28일 01시,토요일,경상남도 창원시 의창구 봉곡동,부상신고사고,0,0,0,1,차대사람 - 기타,안전운전불이행,건조,맑음,교차로 - 교차로부근,승용,남,49세,상해없음,보행자,남,27세,부상신고
2012042800100040,2012년 4월 28일 01시,토요일,경상남도 창원시 의창구 서상동,중상사고,0,2,0,0,차대차 - 기타,안전운전불이행,건조,맑음,교차로 - 교차로안,승용,남,56세,상해없음,승용,남,69세,상해없음
2012042800100041,2012년 4월 28일 01시,토요일,경상남도 창원시 진해구 경화동,중상사고,0,1,0,0,차대차 - 기타,안전운전불이행,건조,맑음,단일로 - 기타,승용,남,32세,상해없음,승용,남,56세,중상
2012042800100042,2012년 4월 28일 01시,토요일,경상남도 김해시 진영읍,중상사고,0,1,0,0,차대차 - 기타,안전운전불이행,건조,맑음,교차로 - 교차로안,승용,여,28세,상해없음,승용,남,46세,중상
2012042800100103,2012년 4월 28일 05시,토요일,경상남도 창원시 마산합포구 장군동4가,경상사고,0,0,2,0,차대차 - 추돌 - 진행중,안전운전불이행,건조,맑음,단일로 - 기타,승용,남,34세,상해없음,승용,남,35세,경상
2012042800100104,2012년 4월 28일 05시,토요일,경상남도 진주시 가좌동,중상사고,0,1,0,0,차대사람 - 기타,중앙선침범,건조,맑음,단일로 - 기타,승용,남,26세,상해없음,보행자,여,79세,중상
2012042800100120,2012년 4월 28일 06시,토요일,경상남도 함양군 함양읍,중상사고,0,2,0,0,차대차 - 정면충돌,중앙선침범,건조,맑음,단일로 - 기타,승용,남,46세,중상,건설기계,남,33세,중상
2012042800100138,2012년 4월 28일 07시,토요일,경상남도 창녕군 창녕읍,중상사고,0,2,1,0,차대차 - 측면직각충돌,직진우회전진행방해,건조,맑음,교차로 - 교차로안,승합,남,62세,상해없음,농기계,남,64세,중상
2012042800100139,2012년 4월 28일 07시,토요일,경상남도 양산시 삼호동,경상사고,0,0,1,0,차대차 - 추돌 - 진행중,안전운전불이행,건조,맑음,교차로 - 교차로부근,화물,남,64세,상해없음,승합,남,63세,경상
2012042800100140,2012년 4월 28일 07시,토요일,경상남도 양산시 삼호동,경상사고,0,0,1,0,차대사람 - 차도통행중,안전운전불이행,건조,맑음,교차로 - 교차로부근,승용,남,26세,상해없음,보행자,남,41세,경상
2012042800100141,2012년 4월 28일 07시,토요일,경상남도 고성군 거류면,경상사고,0,0,1,0,차대차 - 측면직각충돌,중앙선침범,건조,맑음,단일로 - 기타,승용,남,37세,상해없음,승용,남,26세,경상
2012042800100169,2012년 4월 28일 08시,토요일,경상남도 진주시 인사동,사망사고,1,0,0,0,차대사람 - 차도통행중,안전운전불이행,건조,맑음,기타 - 기타,승용,여,47세,상해없음,보행자,남,4세,사망
2012042800100170,2012년 4월 28일 08시,토요일,경상남도 사천시 대방동,경상사고,0,0,1,0,차대차 - 기타,안전운전불이행,건조,맑음,단일로 - 교량,이륜,남,47세,경상,기타불명,미분류,기타불명,기타불명
2012042800100171,2012년 4월 28일 08시,토요일,경상남도 남해군 서면,경상사고,0,0,1,0,차량단독 - 전도전복,안전운전불이행,건조,맑음,단일로 - 기타,이륜,여,76세,경상,,,,
2012042800100172,2012년 4월 28일 08시,토요일,경상남도 창원시 의창구 명서동,경상사고,0,0,2,0,차대차 - 추돌 - 진행중,안전운전불이행,건조,맑음,교차로 - 교차로부근,승용,남,35세,상해없음,승용,남,67세,경상
2012042800100198,2012년 4월 28일 09시,토요일,경상남도 진주시 상대동,경상사고,0,0,1,0,차대차 - 추돌 - 진행중,안전운전불이행,건조,맑음,단일로 - 기타,승용,남,42세,상해없음,승용,남,24세,경상
2012042800100199,2012년 4월 28일 09시,토요일,경상남도 창원시 의창구 대원동,중상사고,0,3,0,0,차대차 - 측면직각충돌,안전운전불이행,건조,맑음,단일로 - 기타,승용,남,22세,상해없음,승합,남,43세,중상
2012042800100226,2012년 4월 28일 10시,토요일,경상남도 거창군 남상면,중상사고,0,1,0,0,차대차 - 정면충돌,중앙선침범,건조,맑음,단일로 - 기타,승용,여,31세,상해없음,화물,남,47세,중상
2012042800100228,2012년 4월 28일 10시,토요일,경상남도 창원시 성산구 사파동,경상사고,0,0,1,0,차대차 - 추돌 - 진행중,안전거리미확보,건조,맑음,교차로 - 교차로부근,승용,남,55세,상해없음,화물,남,57세,경상
2012042800100254,2012년 4월 28일 11시,토요일,경상남도 창원시 마산합포구 해운동,중상사고,0,1,0,0,차대차 - 측면직각충돌,신호위반,건조,맑음,교차로 - 교차로안,이륜,남,22세,상해없음,이륜,남,55세,상해없음
2012042800100255,2012년 4월 28일 11시,토요일,경상남도 김해시 부원동,경상사고,0,0,3,0,차대차 - 측면직각충돌,교차로운행방법위반,건조,맑음,교차로 - 교차로안,승용,남,64세,경상,승용,남,46세,경상
2012042800100256,2012년 4월 28일 11시,토요일,경상남도 합천군 초계면,중상사고,0,1,2,0,차대차 - 측면직각충돌,교차로운행방법위반,건조,맑음,교차로 - 교차로안,승용,여,40세,경상,승용,남,25세,경상
2012042800100257,2012년 4월 28일 11시,토요일,경상남도 거제시 옥포동,중상사고,0,1,0,0,차대사람 - 횡단중,보행자보호의무위반,건조,맑음,교차로 - 교차로부근,승용,남,54세,상해없음,보행자,여,51세,중상
2012042800100294,2012년 4월 28일 12시,토요일,경상남도 진주시 인사동,경상사고,0,0,1,0,차대사람 - 횡단중,안전운전불이행,건조,맑음,단일로 - 기타,승용,남,51세,상해없음,보행자,남,8세,경상
2012042800100295,2012년 4월 28일 12시,토요일,경상남도 창원시 진해구 용원동,경상사고,0,0,2,0,차대차 - 기타,안전운전불이행,건조,맑음,교차로 - 교차로부근,특수,남,57세,상해없음,화물,남,36세,경상
2012042800100296,2012년 4월 28일 12시,토요일,경상남도 창원시 진해구 석동,중상사고,0,1,0,0,차대차 - 측면직각충돌,신호위반,건조,맑음,교차로 - 교차로부근,승용,남,48세,상해없음,자전거,남,14세,중상
2012042800100297,2012년 4월 28일 12시,토요일,경상남도 양산시 삼호동,중상사고,0,1,0,0,차대사람 - 횡단중,교차로운행방법위반,건조,맑음,교차로 - 교차로안,승용,여,33세,상해없음,보행자,여,73세,중상
2012042800100298,2012년 4월 28일 12시,토요일,경상남도 김해시 진영읍,경상사고,0,0,2,0,차대차 - 측면직각충돌,안전거리미확보,건조,맑음,교차로 - 교차로안,화물,남,50세,상해없음,승용,여,35세,경상
2012042800100324,2012년 4월 28일 13시,토요일,경상남도 사천시 사천읍,중상사고,0,1,0,0,차대사람 - 기타,안전운전불이행,건조,맑음,기타 - 기타,승용,남,23세,상해없음,보행자,여,47세,중상
2012042800100325,2012년 4월 28일 13시,토요일,경상남도 김해시 봉황동,경상사고,0,0,1,0,차대차 - 측면직각충돌,교차로운행방법위반,건조,맑음,교차로 - 교차로안,승용,여,42세,상해없음,승용,남,49세,경상
2012042800100326,2012년 4월 28일 13시,토요일,경상남도 함양군 함양읍,부상신고사고,0,0,0,2,차대차 - 추돌 - 진행중,안전운전불이행,건조,맑음,교차로 - 교차로안,승합,남,46세,상해없음,승용,남,32세,부상신고
2012042800100362,2012년 4월 28일 14시,토요일,경상남도 거제시 고현동,중상사고,0,1,0,0,차대사람 - 기타,안전운전불이행,건조,맑음,교차로 - 교차로부근,승용,남,19세,상해없음,보행자,여,11세,중상
2012042800100403,2012년 4월 28일 15시,토요일,경상남도 합천군 용주면,중상사고,0,1,0,0,차량단독 - 기타,안전운전불이행,건조,맑음,단일로 - 기타,승합,남,50세,상해없음,,,,
2012042800100404,2012년 4월 28일 15시,토요일,경상남도 창원시 의창구 북면,중상사고,0,2,0,0,차대차 - 기타,안전운전불이행,건조,맑음,교차로 - 교차로안,승용,남,57세,상해없음,승용,여,52세,중상
2012042800100405,2012년 4월 28일 15시,토요일,경상남도 김해시 진영읍,중상사고,0,1,0,0,차대사람 - 기타,안전운전불이행,건조,맑음,기타 - 기타,화물,남,49세,상해없음,보행자,남,43세,중상
2012042800100442,2012년 4월 28일 16시,토요일,경상남도 사천시 축동면,중상사고,0,2,0,0,차대차 - 측면직각충돌,교차로운행방법위반,건조,맑음,교차로 - 교차로안,승용,남,56세,상해없음,승용,남,29세,중상
2012042800100444,2012년 4월 28일 16시,토요일,경상남도 함안군 산인면,중상사고,0,4,3,4,차대차 - 추돌 - 주정차중,기타,건조,맑음,단일로 - 기타,화물,남,43세,상해없음,승합,남,34세,중상
2012042800100483,2012년 4월 28일 17시,토요일,경상남도 진주시 상봉동,경상사고,0,0,1,0,차대차 - 측면직각충돌,직진우회전진행방해,건조,맑음,교차로 - 교차로안,승용,남,22세,상해없음,이륜,남,21세,경상
2012042800100484,2012년 4월 28일 17시,토요일,경상남도 사천시 축동면,중상사고,0,3,2,0,차대차 - 정면충돌,중앙선침범,건조,맑음,단일로 - 기타,승용,남,46세,경상,승용,남,34세,중상
2012042800100485,2012년 4월 28일 17시,토요일,경상남도 밀양시 하남읍,중상사고,0,2,0,0,차대차 - 측면직각충돌,신호위반,건조,맑음,교차로 - 교차로안,승용,남,70세,상해없음,승용,여,60세,중상
2012042800100486,2012년 4월 28일 17시,토요일,경상남도 거제시 고현동,중상사고,0,1,0,0,차대차 - 정면충돌,신호위반,건조,맑음,교차로 - 교차로안,화물,남,65세,상해없음,승용,여,42세,중상
2012042800100487,2012년 4월 28일 17시,토요일,경상남도 창원시 성산구 중앙동,경상사고,0,0,2,0,차대차 - 추돌 - 주정차중,안전거리미확보,건조,맑음,교차로 - 교차로부근,승용,남,50세,상해없음,승용,여,44세,경상
2012042800100530,2012년 4월 28일 18시,토요일,경상남도 창원시 진해구 풍호동,경상사고,0,0,1,0,차대사람 - 기타,안전운전불이행,건조,맑음,교차로 - 교차로부근,승용,여,49세,상해없음,보행자,여,72세,경상