사고번호,사고일시,요일,시군구,사고내용,사망자수,중상자수,경상자수,부상신고자수,사고유형,법규위반,노면상태,기상상태,도로형태,가해운전자 차종,가해운전자 성별,가해운전자 연령,가해운전자 상해정도,피해운전자 차종,피해운전자 성별,피해운전자 연령,피해운전자 상해정도
2012042800100531,2012년 4월 28일 18시,토요일,경상남도 김해시 삼계동,중상사고,0,1,0,0,차대사람 - 횡단중,안전운전불이행,건조,맑음,단일로 - 기타,승용,남,68세,상해없음,보행자,남,9세,중상
2012042800100532,2012년 4월 28일 18시,토요일,경상남도 합천군 가회면,경상사고,0,0,1,0,차대차 - 기타,안전운전불이행,건조,맑음,단일로 - 기타,농기계,남,53세,경상,화물,남,44세,상해없음
2012042800100565,2012년 4월 28일 19시,토요일,경상남도 창원시 진해구 이동,중상사고,0,1,1,0,차대차 - 기타,기타,건조,맑음,교차로 - 교차로안,이륜,여,56세,중상,이륜,여,49세,경상
2012042800100566,2012년 4월 28일 19시,토요일,경상남도 김해시 부원동,경상사고,0,0,1,0,차대차 - 기타,안전운전불이행,건조,맑음,교차로 - 교차로안,승합,남,40세,상해없음,원동기,남,56세,경상
2012042800100567,2012년 4월 28일 19시,토요일,경상남도 김해시 구산동,중상사고,0,1,0,0,차대사람 - 횡단중,보행자보호의무위반,건조,맑음,단일로 - 횡단보도상,승용,남,50세,상해없음,보행자,여,48세,중상
2012042800100597,2012년 4월 28일 20시,토요일,경상남도 밀양시 단장면,사망사고,1,1,0,0,차대사람 - 차도통행중,안전운전불이행,건조,맑음,단일로 - 기타,승용,남,66세,상해없음,보행자,여,50세,사망
2012042800100598,2012년 4월 28일 20시,토요일,경상남도 창녕군 창녕읍,중상사고,0,1,2,0,차대차 - 측면직각충돌,중앙선침범,건조,맑음,단일로 - 기타,승용,여,40세,상해없음,이륜,남,16세,중상
2012042800100599,2012년 4월 28일 20시,토요일,경상남도 창원시 성산구 상남동,경상사고,0,0,2,0,차대차 - 추돌 - 주정차중,안전운전불이행,건조,맑음,교차로 - 교차로부근,승용,남,56세,상해없음,승용,남,46세,경상
2012042800100600,2012년 4월 28일 20시,토요일,경상남도 김해시 장유면,사망사고,1,0,0,0,차대사람 - 기타,안전운전불이행,건조,맑음,단일로 - 기타,승용,남,65세,상해없음,보행자,여,49세,사망
2012042800100641,2012년 4월 28일 21시,토요일,경상남도 김해시 어방동,경상사고,0,0,1,0,차대차 - 정면충돌,신호위반,건조,맑음,교차로 - 교차로안,승용,남,46세,상해없음,승용,남,47세,경상
2012042800100642,2012년 4월 28일 21시,토요일,경상남도 창원시 마산회원구 양덕동,중상사고,0,1,0,0,차대차 - 측면직각충돌,안전운전불이행,건조,맑음,교차로 - 교차로부근,승용,여,36세,상해없음,승용,남,55세,중상
2012042800100643,2012년 4월 28일 21시,토요일,경상남도 창원시 의창구 도계동,중상사고,0,1,0,0,차대사람 - 보도통행중,안전운전불이행,건조,맑음,단일로 - 횡단보도상,승용,여,24세,상해없음,보행자,남,43세,중상
2012042800100675,2012년 4월 28일 22시,토요일,경상남도 통영시 태평동,경상사고,0,0,1,0,차대차 - 측면직각충돌,차로위반,건조,맑음,단일로 - 기타,승용,여,40세,상해없음,원동기,남,17세,경상
2012042800100676,2012년 4월 28일 22시,토요일,경상남도 김해시 내동,중상사고,0,1,0,0,차대차 - 측면직각충돌,교차로운행방법위반,건조,맑음,교차로 - 교차로안,승용,남,31세,상해없음,원동기,남,25세,중상
2012042800100700,2012년 4월 28일 23시,토요일,경상남도 진주시 신안동,중상사고,0,1,0,0,차대사람 - 길가장자리구역통행중,신호위반,건조,맑음,교차로 - 교차로안,기타불명,기타불명,기타불명,기타불명,보행자,남,48세,중상
2012042800100701,2012년 4월 28일 23시,토요일,경상남도 김해시 안동,중상사고,0,1,0,0,차대차 - 정면충돌,안전운전불이행,건조,맑음,단일로 - 기타,원동기,남,20세,상해없음,원동기,남,36세,중상
2012042800100702,2012년 4월 28일 23시,토요일,경상남도 함안군 법수면,경상사고,0,0,1,0,차대차 - 측면직각충돌,중앙선침범,건조,맑음,교차로 - 교차로부근,승합,남,27세,상해없음,승용,남,27세,경상
2012042900100022,2012년 4월 29일 00시,일요일,경상남도 창원시 마산합포구 해운동,경상사고,0,0,4,0,차대차 - 추돌 - 주정차중,안전운전불이행,건조,맑음,교차로 - 교차로부근,승용,남,40세,상해없음,승용,여,28세,경상
2012042900100023,2012년 4월 29일 00시,일요일,경상남도 통영시 용남면,부상신고사고,0,0,0,1,차량단독 - 공작물충돌,안전운전불이행,건조,맑음,단일로 - 기타,승용,남,46세,부상신고,,,,
2012042900100024,2012년 4월 29일 00시,일요일,경상남도 양산시 물금읍,경상사고,0,0,2,0,차대차 - 측면직각충돌,안전운전불이행,건조,맑음,교차로 - 교차로부근,승용,남,44세,상해없음,승용,남,25세,경상
2012042900100025,2012년 4월 29일 00시,일요일,경상남도 창원시 의창구 팔용동,중상사고,0,1,2,0,차대차 - 기타,안전운전불이행,건조,맑음,교차로 - 교차로안,승용,남,48세,상해없음,승용,남,60세,경상
2012042900100026,2012년 4월 29일 00시,일요일,경상남도 김해시 진영읍,중상사고,0,1,0,0,차량단독 - 기타,안전운전불이행,건조,맑음,단일로 - 기타,자전거,남,43세,중상,,,,
2012042900100049,2012년 4월 29일 01시,일요일,경상남도 양산시 삼호동,경상사고,0,0,1,0,차대차 - 측면직각충돌,교차로운행방법위반,건조,맑음,교차로 - 교차로안,승용,남,31세,상해없음,승용,남,38세,경상
2012042900100050,2012년 4월 29일 01시,일요일,경상남도 양산시 평산동,중상사고,0,1,0,0,차대사람 - 횡단중,보행자보호의무위반,건조,맑음,단일로 - 횡단보도상,화물,남,34세,상해없음,보행자,남,16세,중상
2012042900100062,2012년 4월 29일 02시,일요일,경상남도 사천시 사천읍,경상사고,0,0,1,0,차대차 - 측면직각충돌,안전운전불이행,건조,맑음,교차로 - 교차로안,승용,남,29세,상해없음,승용,남,40세,경상
2012042900100092,2012년 4월 29일 04시,일요일,경상남도 고성군 거류면,경상사고,0,0,2,0,차대차 - 추돌 - 진행중,안전운전불이행,습기,안개,단일로 - 기타,승용,남,30세,기타불명,승용,남,32세,경상
2012042900100116,2012년 4월 29일 06시,일요일,경상남도 밀양시 교동,중상사고,0,1,0,0,차대사람 - 횡단중,안전운전불이행,건조,맑음,교차로 - 교차로부근,승용,여,22세,상해없음,보행자,여,65세,중상
2012042900100132,2012년 4월 29일 07시,일요일,경상남도 창원시 의창구 대원동,중상사고,0,1,1,0,차대차 - 측면직각충돌,신호위반,건조,맑음,교차로 - 교차로안,승용,남,26세,상해없음,승용,남,22세,경상
2012042900100140,2012년 4월 29일 08시,일요일,경상남도 창원시 마산합포구 진동면,경상사고,0,0,2,0,차대차 - 측면직각충돌,안전운전불이행,건조,맑음,단일로 - 기타,화물,여,24세,상해없음,화물,남,55세,상해없음
2012042900100153,2012년 4월 29일 09시,일요일,경상남도 김해시 진례면,경상사고,0,0,1,0,차대차 - 추돌 - 진행중,안전운전불이행,건조,맑음,단일로 - 기타,화물,남,26세,상해없음,승용,여,51세,경상
2012042900100178,2012년 4월 29일 10시,일요일,경상남도 양산시 동면,경상사고,0,0,1,0,차대차 - 기타,교차로운행방법위반,건조,맑음,교차로 - 교차로안,화물,남,64세,기타불명,승용,남,38세,상해없음
2012042900100179,2012년 4월 29일 10시,일요일,경상남도 김해시 장유면,중상사고,0,1,0,0,차대차 - 기타,안전운전불이행,건조,맑음,단일로 - 기타,승합,여,50세,상해없음,승용,여,40세,기타불명
2012042900100198,2012년 4월 29일 11시,일요일,경상남도 하동군 옥종면,사망사고,1,0,0,0,차대차 - 측면직각충돌,안전운전불이행,건조,맑음,단일로 - 기타,화물,남,45세,상해없음,이륜,여,67세,사망
2012042900100216,2012년 4월 29일 12시,일요일,경상남도 진주시 상대동,경상사고,0,0,1,0,차대차 - 측면직각충돌,안전거리미확보,건조,맑음,단일로 - 기타,이륜,남,72세,경상,승용,여,52세,상해없음
2012042900100217,2012년 4월 29일 12시,일요일,경상남도 김해시 내동,중상사고,0,2,0,0,차대차 - 측면직각충돌,교차로운행방법위반,건조,맑음,교차로 - 교차로안,화물,여,43세,상해없음,승용,남,47세,중상
2012042900100218,2012년 4월 29일 12시,일요일,경상남도 창원시 마산회원구 합성동,경상사고,0,0,1,0,차대사람 - 기타,안전운전불이행,건조,맑음,단일로 - 기타,승용,남,59세,상해없음,보행자,여,18세,경상
2012042900100242,2012년 4월 29일 13시,일요일,경상남도 함안군 가야읍,중상사고,0,2,0,0,차량단독 - 공작물충돌,안전운전불이행,건조,맑음,단일로 - 기타,화물,남,21세,중상,,,,
2012042900100272,2012년 4월 29일 14시,일요일,경상남도 김해시 구산동,중상사고,0,1,0,0,차대차 - 측면직각충돌,교차로운행방법위반,건조,흐림,교차로 - 교차로안,승용,여,45세,상해없음,원동기,남,54세,중상
2012042900100273,2012년 4월 29일 14시,일요일,경상남도 창녕군 남지읍,경상사고,0,0,1,0,차대차 - 측면직각충돌,교차로운행방법위반,건조,맑음,교차로 - 교차로안,승용,남,45세,상해없음,원동기,남,42세,상해없음
2012042900100293,2012년 4월 29일 15시,일요일,경상남도 통영시 도남동,경상사고,0,0,2,0,차대차 - 측면직각충돌,안전운전불이행,건조,맑음,단일로 - 기타,승합,남,53세,상해없음,승용,남,30세,경상
2012042900100294,2012년 4월 29일 15시,일요일,경상남도 양산시 삼호동,경상사고,0,0,1,0,차대차 - 측면직각충돌,신호위반,건조,맑음,교차로 - 교차로안,원동기,남,23세,경상,승용,남,52세,상해없음
2012042900100295,2012년 4월 29일 15시,일요일,경상남도 창원시 성산구 반지동,경상사고,0,0,1,0,차대차 - 추돌 - 주정차중,안전운전불이행,건조,맑음,단일로 - 횡단보도부근,승합,남,52세,상해없음,승용,남,56세,경상
2012042900100349,2012년 4월 29일 17시,일요일,경상남도 창원시 진해구 여좌동,경상사고,0,0,1,0,차대차 - 측면직각충돌,신호위반,건조,맑음,교차로 - 교차로안,승용,여,20세,상해없음,승용,남,48세,경상
2012042900100350,2012년 4월 29일 17시,일요일,경상남도 남해군 창선면,중상사고,0,2,1,0,차대차 - 측면직각충돌,교차로운행방법위반,건조,맑음,교차로 - 교차로안,화물,남,69세,경상,승용,남,58세,중상
2012042900100377,2012년 4월 29일 18시,일요일,경상남도 사천시 송포동,중상사고,0,2,3,0,차대차 - 측면직각충돌,중앙선침범,건조,맑음,단일로 - 기타,승용,여,27세,상해없음,승용,남,33세,경상
2012042900100411,2012년 4월 29일 19시,일요일,경상남도 창원시 마산합포구 서성동,중상사고,0,1,0,0,차대사람 - 횡단중,안전운전불이행,습기,흐림,단일로 - 기타,승용,남,43세,상해없음,보행자,여,68세,중상
2012042900100412,2012년 4월 29일 19시,일요일,경상남도 창녕군 부곡면,중상사고,0,3,0,0,차대차 - 측면직각충돌,불법유턴,건조,맑음,교차로 - 교차로안,승용,남,35세,중상,화물,남,59세,중상
2012042900100450,2012년 4월 29일 20시,일요일,경상남도 진주시 강남동,경상사고,0,0,1,0,차대차 - 기타,신호위반,건조,맑음,교차로 - 교차로안,승용,남,63세,상해없음,승용,남,40세,경상
2012042900100451,2012년 4월 29일 20시,일요일,경상남도 통영시 미수동,중상사고,0,1,0,0,차대차 - 추돌 - 주정차중,안전운전불이행,건조,맑음,단일로 - 기타,화물,남,29세,기타불명,승용,남,50세,중상
2012042900100452,2012년 4월 29일 20시,일요일,경상남도 함안군 가야읍,중상사고,0,1,0,0,차대차 - 측면직각충돌,안전운전불이행,건조,맑음,교차로 - 교차로부근,승용,여,32세,상해없음,이륜,남,51세,중상
2012042900100504,2012년 4월 29일 22시,일요일,경상남도 창원시 마산합포구 우산동,경상사고,0,0,3,0,차대차 - 추돌 - 진행중,안전거리미확보,건조,맑음,단일로 - 기타,승용,여,48세,상해없음,승용,남,31세,경상
2012042900100528,2012년 4월 29일 23시,일요일,경상남도 진주시 하대동,중상사고,0,1,1,0,차대차 - 측면직각충돌,안전운전불이행,건조,맑음,단일로 - 기타,이륜,남,16세,경상,승용,남,39세,중상
2012042900100529,2012년 4월 29일 23시,일요일,경상남도 김해시 어방동,중상사고,0,1,1,0,차대차 - 추돌 - 주정차중,안전운전불이행,건조,맑음,교차로 - 교차로부근,승용,여,46세,상해없음,승용,남,34세,중상
2012042900100530,2012년 4월 29일 23시,일요일,경상남도 진주시 진성면,사망사고,1,0,0,0,차대차 - 측면직각충돌,안전운전불이행,건조,맑음,단일로 - 기타,승용,여,27세,기타불명,승용,남,26세,기타불명
2012043000100015,2012년 4월 30일 00시,월요일,경상남도 함안군 칠서면,중상사고,0,1,0,0,차대사람 - 기타,안전운전불이행,건조,맑음,단일로 - 기타,기타불명,기타불명,기타불명,기타불명,보행자,남,59세,중상
2012043000100026,2012년 4월 30일 01시,월요일,경상남도 김해시 풍유동,중상사고,0,1,1,0,차대차 - 추돌 - 주정차중,안전거리미확보,건조,맑음,교차로 - 교차로부근,승용,여,42세,상해없음,승용,여,45세,중상
2012043000100035,2012년 4월 30일 02시,월요일,경상남도 거제시 일운면,중상사고,0,1,0,0,차대사람 - 길가장자리구역통행중,안전운전불이행,습기,비,단일로 - 기타,승용,남,44세,상해없음,보행자,남,41세,중상
2012043000100048,2012년 4월 30일 04시,월요일,경상남도 창원시 성산구 상남동,경상사고,0,0,1,0,차대차 - 기타,안전운전불이행,건조,맑음,단일로 - 기타,승용,남,25세,상해없음,승용,남,52세,경상
2012043000100049,2012년 4월 30일 04시,월요일,경상남도 김해시 장유면,경상사고,0,0,1,0,차대차 - 기타,안전운전불이행,습기,비,단일로 - 기타,승용,여,34세,상해없음,화물,남,49세,상해없음
2012043000100060,2012년 4월 30일 05시,월요일,경상남도 창원시 진해구 충무동,중상사고,0,1,0,0,차대차 - 측면직각충돌,안전운전불이행,건조,맑음,단일로 - 기타,승용,남,26세,상해없음,자전거,여,54세,중상
2012043000100072,2012년 4월 30일 06시,월요일,경상남도 창원시 마산합포구 상남동,중상사고,0,1,4,0,차대차 - 추돌 - 주정차중,안전거리미확보,건조,흐림,단일로 - 기타,승용,남,40세,경상,승용,남,49세,중상
2012043000100073,2012년 4월 30일 06시,월요일,경상남도 통영시 도천동,경상사고,0,0,1,0,차대차 - 측면직각충돌,교차로운행방법위반,습기,흐림,교차로 - 교차로안,승합,남,33세,상해없음,승합,남,58세,상해없음
2012043000100100,2012년 4월 30일 07시,월요일,경상남도 남해군 고현면,중상사고,0,2,0,0,차대차 - 추돌 - 진행중,안전운전불이행,건조,맑음,단일로 - 기타,승용,여,41세,중상,농기계,남,70세,중상
2012043000100137,2012년 4월 30일 08시,월요일,경상남도 진주시 인사동,중상사고,0,1,4,0,차대차 - 기타,안전운전불이행,건조,맑음,단일로 - 기타,승용,남,57세,상해없음,승용,남,68세,중상
2012043000100138,2012년 4월 30일 08시,월요일,경상남도 합천군 합천읍,경상사고,0,0,1,0,차대차 - 측면직각충돌,교차로운행방법위반,건조,맑음,교차로 - 교차로안,승용,남,46세,상해없음,자전거,남,12세,경상
2012043000100169,2012년 4월 30일 09시,월요일,경상남도 밀양시 하남읍,중상사고,0,1,0,0,차대차 - 추돌 - 진행중,신호위반,건조,맑음,교차로 - 교차로안,화물,남,69세,상해없음,화물,남,36세,중상
2012043000100170,2012년 4월 30일 09시,월요일,경상남도 함안군 가야읍,중상사고,0,1,0,0,차대사람 - 횡단중,신호위반,건조,맑음,교차로 - 교차로부근,승용,남,54세,상해없음,보행자,남,40세,중상
2012043000100234,2012년 4월 30일 11시,월요일,경상남도 창원시 진해구 안골동,중상사고,0,1,0,0,차대차 - 기타,안전운전불이행,건조,흐림,교차로 - 교차로부근,원동기,남,43세,중상,승용,남,36세,기타불명
2012043000100235,2012년 4월 30일 11시,월요일,경상남도 사천시 곤양면,경상사고,0,0,1,0,차대차 - 정면충돌,안전운전불이행,습기,비,단일로 - 기타,승용,남,28세,상해없음,승용,남,68세,경상
2012043000100236,2012년 4월 30일 11시,월요일,경상남도 거제시 아주동,중상사고,0,1,0,0,차대차 - 측면직각충돌,중앙선침범,건조,맑음,단일로 - 기타,승합,남,67세,상해없음,승용,남,57세,중상
2012043000100237,2012년 4월 30일 11시,월요일,경상남도 함안군 가야읍,중상사고,0,1,0,0,차대차 - 기타,안전운전불이행,건조,흐림,교차로 - 교차로부근,승합,남,45세,상해없음,자전거,남,72세,중상
2012043000100275,2012년 4월 30일 12시,월요일,경상남도 창원시 마산합포구 남성동,중상사고,0,1,0,0,차대차 - 기타,안전운전불이행,건조,맑음,단일로 - 기타,승용,여,50세,상해없음,이륜,남,41세,중상
2012043000100276,2012년 4월 30일 12시,월요일,경상남도 진주시 평거동,중상사고,0,1,0,0,차대차 - 측면직각충돌,안전운전불이행,건조,맑음,교차로 - 교차로안,승용,여,56세,상해없음,자전거,남,77세,중상
2012043000100320,2012년 4월 30일 13시,월요일,경상남도 창원시 마산회원구 회성동,경상사고,0,0,2,0,차대차 - 기타,안전운전불이행,건조,맑음,교차로 - 교차로부근,승용,남,52세,상해없음,승용,남,28세,경상
2012043000100349,2012년 4월 30일 14시,월요일,경상남도 밀양시 교동,경상사고,0,0,2,0,차대차 - 추돌 - 주정차중,안전운전불이행,건조,맑음,교차로 - 교차로안,화물,남,52세,상해없음,승용,남,45세,경상
2012043000100387,2012년 4월 30일 15시,월요일,경상남도 함양군 안의면,부상신고사고,0,0,0,1,차대사람 - 기타,안전운전불이행,건조,맑음,단일로 - 기타,농기계,남,63세,상해없음,보행자,여,72세,부상신고
2012043000100435,2012년 4월 30일 16시,월요일,경상남도 의령군 정곡면,중상사고,0,1,1,0,차량단독 - 공작물충돌,안전운전불이행,건조,맑음,단일로 - 기타,승용,남,77세,경상,,,,
2012043000100477,2012년 4월 30일 17시,월요일,경상남도 진주시 상대동,사망사고,1,0,0,0,차대차 - 측면직각충돌,안전운전불이행,건조,맑음,교차로 - 교차로부근,승용,남,25세,상해없음,원동기,남,65세,사망
2012043000100540,2012년 4월 30일 18시,월요일,경상남도 밀양시 하남읍,경상사고,0,0,3,0,차대차 - 측면직각충돌,안전운전불이행,건조,맑음,교차로 - 교차로안,승용,남,39세,상해없음,화물,남,39세,경상
2012043000100541,2012년 4월 30일 18시,월요일,경상남도 창녕군 성산면,중상사고,0,3,0,1,차대차 - 측면직각충돌,중앙선침범,건조,맑음,단일로 - 기타,화물,남,55세,부상신고,승용,여,54세,중상
2012043000100585,2012년 4월 30일 19시,월요일,경상남도 창원시 진해구 태백동,경상사고,0,0,1,0,차대차 - 측면직각충돌,신호위반,건조,맑음,교차로 - 교차로안,승용,남,31세,상해없음,원동기,남,16세,경상
2012043000100586,2012년 4월 30일 19시,월요일,경상남도 김해시 삼정동,중상사고,0,3,0,0,차대차 - 추돌 - 주정차중,안전운전불이행,건조,맑음,단일로 - 기타,승용,여,53세,상해없음,승용,남,26세,중상
2012043000100634,2012년 4월 30일 20시,월요일,경상남도 창원시 마산합포구 자산동,경상사고,0,0,1,0,차대사람 - 보도통행중,안전운전불이행,건조,맑음,단일로 - 기타,이륜,남,28세,상해없음,보행자,여,72세,경상
2012043000100635,2012년 4월 30일 20시,월요일,경상남도 창원시 진해구 석동,중상사고,0,1,0,0,차대사람 - 횡단중,안전운전불이행,건조,맑음,교차로 - 교차로부근,승용,여,57세,상해없음,보행자,남,6세,중상
2012043000100681,2012년 4월 30일 21시,월요일,경상남도 양산시 명동,중상사고,0,1,0,0,차대사람 - 기타,안전운전불이행,건조,맑음,단일로 - 기타,승용,남,57세,상해없음,보행자,여,52세,중상
2012043000100682,2012년 4월 30일 21시,월요일,경상남도 창원시 의창구 신월동,중상사고,0,1,0,0,차대차 - 측면직각충돌,안전운전불이행,건조,맑음,단일로 - 횡단보도부근,승용,남,46세,상해없음,자전거,남,57세,중상
2012043000100745,2012년 4월 30일 23시,월요일,경상남도 통영시 북신동,중상사고,0,1,0,0,차대사람 - 횡단중,안전운전불이행,건조,맑음,교차로 - 교차로부근,이륜,남,17세,상해없음,보행자,남,38세,중상
2012043000100746,2012년 4월 30일 23시,월요일,경상남도 함안군 가야읍,경상사고,0,0,1,0,차대사람 - 기타,기타,건조,맑음,단일로 - 기타,승용,남,30세,상해없음,보행자,남,45세,경상
2012050100100119,2012년 5월 1일 06시,화요일,경상남도 양산시 북정동,중상사고,0,1,0,0,차대사람 - 보도통행중,보행자보호의무위반,건조,맑음,단일로 - 횡단보도상,승합,남,63세,상해없음,보행자,여,52세,중상
2012050100100147,2012년 5월 1일 07시,화요일,경상남도 통영시 용남면,경상사고,0,0,3,0,차대차 - 측면직각충돌,안전운전불이행,건조,맑음,교차로 - 교차로안,승합,남,53세,상해없음,승용,여,49세,경상
2012050100100208,2012년 5월 1일 09시,화요일,경상남도 창원시 마산합포구 진동면,사망사고,1,0,0,0,차대차 - 기타,안전운전불이행,건조,흐림,교차로 - 교차로부근,승합,남,51세,상해없음,이륜,남,57세,사망
2012050100100209,2012년 5월 1일 09시,화요일,경상남도 함안군 대산면,중상사고,0,1,0,0,차대차 - 측면직각충돌,신호위반,건조,맑음,교차로 - 교차로안,화물,남,39세,상해없음,화물,여,64세,중상
2012050100100210,2012년 5월 1일 09시,화요일,경상남도 창원시 마산회원구 회성동,경상사고,0,0,1,0,차대차 - 추돌 - 진행중,안전운전불이행,건조,맑음,단일로 - 기타,승용,남,59세,상해없음,승용,여,52세,경상
2012050100100233,2012년 5월 1일 10시,화요일,경상남도 의령군 가례면,중상사고,0,1,0,0,차대차 - 추돌 - 주정차중,안전운전불이행,건조,맑음,단일로 - 기타,자전거,남,71세,중상,건설기계,남,44세,상해없음
2012050100100259,2012년 5월 1일 11시,화요일,경상남도 양산시 물금읍,중상사고,0,1,0,0,차대사람 - 기타,안전운전불이행,건조,맑음,기타 - 기타,화물,남,46세,상해없음,보행자,여,35세,중상
2012050100100293,2012년 5월 1일 12시,화요일,경상남도 진주시 상대동,부상신고사고,0,0,0,1,차대차 - 측면직각충돌,교차로운행방법위반,건조,맑음,교차로 - 교차로안,승용,여,52세,상해없음,이륜,여,36세,부상신고
2012050100100294,2012년 5월 1일 12시,화요일,경상남도 창원시 진해구 석동,중상사고,0,1,1,0,차대차 - 측면직각충돌,신호위반,습기,비,교차로 - 교차로안,승용,남,33세,상해없음,승용,여,57세,중상
2012050100100295,2012년 5월 1일 12시,화요일,경상남도 고성군 회화면,중상사고,0,3,1,0,차대차 - 측면직각충돌,차로위반,건조,맑음,단일로 - 기타,승용,남,52세,상해없음,승용,남,34세,경상
2012050100100296,2012년 5월 1일 12시,화요일,경상남도 거제시 고현동,중상사고,0,1,0,0,차대차 - 측면직각충돌,교차로운행방법위반,건조,맑음,교차로 - 교차로안,화물,남,45세,상해없음,이륜,남,70세,중상
2012050100100297,2012년 5월 1일 12시,화요일,경상남도 창원시 마산회원구 석전동,중상사고,0,1,0,0,차대사람 - 횡단중,안전운전불이행,건조,맑음,단일로 - 기타,승용,남,31세,상해없음,보행자,남,54세,중상
2012050100100321,2012년 5월 1일 13시,화요일,경상남도 창원시 마산합포구 진동면,중상사고,0,1,0,0,차대차 - 측면직각충돌,교차로운행방법위반,건조,흐림,교차로 - 교차로안,승합,남,33세,상해없음,승용,남,61세,상해없음
2012050100100322,2012년 5월 1일 13시,화요일,경상남도 진주시 가좌동,경상사고,0,0,1,0,차대차 - 측면직각충돌,안전거리미확보,건조,맑음,단일로 - 교량,승용,남,43세,상해없음,승용,남,59세,경상
2012050100100323,2012년 5월 1일 13시,화요일,경상남도 사천시 실안동,부상신고사고,0,0,0,1,차대차 - 측면직각충돌,교차로운행방법위반,건조,맑음,교차로 - 교차로안,이륜,남,73세,부상신고,승용,여,47세,상해없음
2012050100100324,2012년 5월 1일 13시,화요일,경상남도 김해시 지내동,경상사고,0,0,1,0,차대차 - 정면충돌,안전운전불이행,습기,비,기타 - 기타,자전거,남,13세,경상,승용,남,52세,상해없음
2012050100100325,2012년 5월 1일 13시,화요일,경상남도 양산시 물금읍,중상사고,0,1,0,0,차대차 - 기타,차로위반,건조,맑음,단일로 - 기타,원동기,남,62세,중상,승용,남,42세,상해없음
2012050100100326,2012년 5월 1일 13시,화요일,경상남도 김해시 한림면,경상사고,0,0,2,0,차대차 - 정면충돌,중앙선침범,건조,맑음,교차로 - 교차로부근,승합,남,51세,상해없음,화물,남,61세,경상
2012050100100327,2012년 5월 1일 13시,화요일,경상남도 김해시 진영읍,중상사고,0,3,2,0,차대차 - 기타,신호위반,습기,비,교차로 - 교차로안,승용,남,55세,상해없음,승용,남,25세,경상
2012050100100358,2012년 5월 1일 14시,화요일,경상남도 김해시 봉황동,경상사고,0,0,1,0,차대사람 - 횡단중,안전운전불이행,건조,흐림,교차로 - 교차로안,승합,남,62세,상해없음,보행자,남,41세,경상
2012050100100359,2012년 5월 1일 14시,화요일,경상남도 거창군 웅양면,중상사고,0,2,1,0,차대차 - 측면직각충돌,교차로운행방법위반,건조,맑음,교차로 - 교차로안,화물,남,46세,상해없음,승용,남,50세,중상
2012050100100402,2012년 5월 1일 15시,화요일,경상남도 통영시 광도면,중상사고,0,1,0,0,차대차 - 측면직각충돌,안전운전불이행,습기,흐림,단일로 - 기타,승용,남,41세,상해없음,승용,남,34세,상해없음
2012050100100403,2012년 5월 1일 15시,화요일,경상남도 김해시 진영읍,경상사고,0,0,1,0,차대차 - 기타,안전운전불이행,습기,비,교차로 - 교차로부근,화물,남,41세,상해없음,화물,남,45세,경상
2012050100100445,2012년 5월 1일 16시,화요일,경상남도 김해시 서상동,중상사고,0,1,0,0,차대차 - 측면직각충돌,기타,습기,비,단일로 - 기타,화물,남,57세,상해없음,자전거,여,55세,중상
2012050100100446,2012년 5월 1일 16시,화요일,경상남도 김해시 주촌면,중상사고,0,1,0,0,차대차 - 기타,안전운전불이행,습기,비,단일로 - 기타,승용,남,49세,상해없음,자전거,남,57세,중상
2012050100100492,2012년 5월 1일 17시,화요일,경상남도 함안군 칠서면,경상사고,0,0,1,0,차대차 - 측면직각충돌,안전운전불이행,건조,맑음,단일로 - 기타,승용,남,71세,상해없음,승합,여,43세,경상
2012050100100493,2012년 5월 1일 17시,화요일,경상남도 창원시 의창구 대원동,경상사고,0,0,1,0,차대차 - 기타,안전운전불이행,건조,맑음,단일로 - 기타,승용,남,45세,상해없음,승용,남,32세,경상
2012050100100494,2012년 5월 1일 17시,화요일,경상남도 창원시 의창구 명서동,경상사고,0,0,1,0,차대차 - 측면직각충돌,신호위반,습기,비,교차로 - 교차로안,승용,남,38세,상해없음,승용,남,25세,경상
2012050100100495,2012년 5월 1일 17시,화요일,경상남도 김해시 진영읍,경상사고,0,0,1,0,차대차 - 추돌 - 진행중,안전운전불이행,습기,비,교차로 - 교차로안,승용,여,55세,상해없음,승용,남,30세,경상
2012050100100530,2012년 5월 1일 18시,화요일,경상남도 창원시 마산합포구 진동면,중상사고,0,1,1,0,차대차 - 측면직각충돌,교차로운행방법위반,습기,비,교차로 - 교차로안,승용,남,50세,상해없음,화물,남,41세,중상
2012050100100531,2012년 5월 1일 18시,화요일,경상남도 통영시 용남면,경상사고,0,0,1,0,차대차 - 측면직각충돌,교차로운행방법위반,습기,비,교차로 - 교차로안,승용,여,29세,상해없음,승용,여,34세,경상
2012050100100532,2012년 5월 1일 18시,화요일,경상남도 창녕군 부곡면,중상사고,0,1,1,0,차대차 - 측면직각충돌,안전운전불이행,습기,비,교차로 - 교차로부근,승용,여,50세,경상,승용,남,51세,중상
2012050100100533,2012년 5월 1일 18시,화요일,경상남도 창원시 의창구 팔용동,경상사고,0,0,1,0,차대차 - 측면직각충돌,신호위반,습기,비,교차로 - 교차로안,화물,남,26세,상해없음,승용,여,42세,경상
2012050100100578,2012년 5월 1일 19시,화요일,경상남도 진주시 평안동,경상사고,0,0,1,0,차대사람 - 횡단중,안전운전불이행,건조,맑음,단일로 - 기타,화물,남,50세,상해없음,보행자,남,33세,경상