사고번호,사고일시,요일,시군구,사고내용,사망자수,중상자수,경상자수,부상신고자수,사고유형,법규위반,노면상태,기상상태,도로형태,가해운전자 차종,가해운전자 성별,가해운전자 연령,가해운전자 상해정도,피해운전자 차종,피해운전자 성별,피해운전자 연령,피해운전자 상해정도
2012050100100579,2012년 5월 1일 19시,화요일,경상남도 통영시 북신동,중상사고,0,1,0,0,차대사람 - 횡단중,보행자보호의무위반,습기,비,교차로 - 교차로부근,승용,남,40세,기타불명,보행자,여,53세,중상
2012050100100580,2012년 5월 1일 19시,화요일,경상남도 사천시 사천읍,중상사고,0,1,0,0,차대차 - 추돌 - 주정차중,안전운전불이행,건조,맑음,단일로 - 기타,승용,남,32세,상해없음,승용,남,47세,중상
2012050100100581,2012년 5월 1일 19시,화요일,경상남도 밀양시 교동,경상사고,0,0,1,0,차대차 - 추돌 - 주정차중,안전운전불이행,습기,비,교차로 - 교차로안,승용,남,49세,상해없음,승용,남,30세,경상
2012050100100582,2012년 5월 1일 19시,화요일,경상남도 양산시 소주동,부상신고사고,0,0,0,1,차대사람 - 길가장자리구역통행중,안전운전불이행,습기,비,단일로 - 기타,기타불명,기타불명,기타불명,기타불명,보행자,남,41세,부상신고
2012050100100583,2012년 5월 1일 19시,화요일,경상남도 고성군 동해면,경상사고,0,0,1,0,차대사람 - 길가장자리구역통행중,안전운전불이행,습기,비,단일로 - 기타,승용,남,42세,상해없음,보행자,남,34세,경상
2012050100100584,2012년 5월 1일 19시,화요일,경상남도 거제시 아주동,경상사고,0,0,3,0,차대차 - 추돌 - 진행중,안전운전불이행,습기,비,기타 - 기타,승용,남,42세,상해없음,승용,남,37세,경상
2012050100100585,2012년 5월 1일 19시,화요일,경상남도 거제시 사등면,중상사고,0,2,0,0,차대차 - 기타,중앙선침범,건조,맑음,기타 - 기타,승용,남,42세,상해없음,승용,여,60세,중상
2012050100100586,2012년 5월 1일 19시,화요일,경상남도 거제시 둔덕면,중상사고,0,1,0,0,차량단독 - 기타,안전운전불이행,습기,비,기타 - 기타,승용,남,38세,상해없음,,,,
2012050100100626,2012년 5월 1일 20시,화요일,경상남도 통영시 도산면,중상사고,0,1,0,0,차대사람 - 횡단중,안전운전불이행,습기,비,교차로 - 교차로부근,승용,남,31세,상해없음,보행자,남,49세,중상
2012050100100627,2012년 5월 1일 20시,화요일,경상남도 김해시 동상동,중상사고,0,1,0,0,차대사람 - 횡단중,안전운전불이행,습기,비,단일로 - 기타,승용,남,53세,상해없음,보행자,남,59세,중상
2012050100100628,2012년 5월 1일 20시,화요일,경상남도 거창군 거창읍,경상사고,0,0,1,0,차대차 - 측면직각충돌,신호위반,건조,맑음,교차로 - 교차로안,이륜,남,17세,상해없음,승용,남,44세,상해없음
2012050100100629,2012년 5월 1일 20시,화요일,경상남도 합천군 합천읍,경상사고,0,0,1,0,차대사람 - 차도통행중,안전운전불이행,건조,맑음,단일로 - 기타,승용,남,41세,상해없음,보행자,여,59세,경상
2012050100100630,2012년 5월 1일 20시,화요일,경상남도 창원시 성산구 가음동,경상사고,0,0,1,0,차대차 - 기타,안전운전불이행,건조,맑음,단일로 - 기타,승용,남,52세,상해없음,승용,여,32세,경상
2012050100100678,2012년 5월 1일 21시,화요일,경상남도 창원시 마산합포구 오동동,중상사고,0,1,2,0,차대차 - 측면직각충돌,안전운전불이행,습기,흐림,교차로 - 교차로부근,승용,남,50세,상해없음,승용,남,52세,경상
2012050100100679,2012년 5월 1일 21시,화요일,경상남도 김해시 봉황동,중상사고,0,1,0,0,차대사람 - 기타,안전운전불이행,습기,비,단일로 - 기타,승합,남,56세,상해없음,보행자,남,38세,중상
2012050100100680,2012년 5월 1일 21시,화요일,경상남도 양산시 물금읍,경상사고,0,0,1,0,차대차 - 기타,신호위반,습기,비,단일로 - 횡단보도상,승용,남,30세,상해없음,자전거,남,16세,경상
2012050100100681,2012년 5월 1일 21시,화요일,경상남도 고성군 고성읍,경상사고,0,0,1,0,차대사람 - 차도통행중,안전운전불이행,건조,맑음,단일로 - 기타,승용,남,28세,상해없음,보행자,여,70세,경상
2012050100100682,2012년 5월 1일 21시,화요일,경상남도 창원시 마산회원구 내서읍,중상사고,0,1,0,0,차대차 - 정면충돌,중앙선침범,습기,비,미분류 - 미분류,승용,남,30세,상해없음,승용,남,58세,중상
2012050100100683,2012년 5월 1일 21시,화요일,경상남도 김해시 장유면,부상신고사고,0,0,0,1,차대차 - 추돌 - 진행중,안전거리미확보,습기,비,단일로 - 기타,이륜,남,18세,부상신고,승합,남,49세,상해없음
2012050100100684,2012년 5월 1일 21시,화요일,경상남도 김해시 장유면,중상사고,0,1,0,0,차대사람 - 횡단중,신호위반,습기,비,단일로 - 횡단보도상,이륜,남,44세,상해없음,보행자,여,52세,중상
2012050100100718,2012년 5월 1일 22시,화요일,경상남도 진주시 봉곡동,경상사고,0,0,1,0,차대차 - 측면직각충돌,교차로운행방법위반,습기,비,교차로 - 교차로안,승용,남,62세,상해없음,원동기,남,43세,경상
2012050100100719,2012년 5월 1일 22시,화요일,경상남도 통영시 문화동,경상사고,0,0,1,0,차대차 - 정면충돌,중앙선침범,습기,비,단일로 - 기타,승용,남,43세,상해없음,승용,남,24세,경상
2012050100100720,2012년 5월 1일 22시,화요일,경상남도 사천시 동림동,경상사고,0,0,3,0,차대차 - 추돌 - 진행중,안전운전불이행,습기,비,교차로 - 교차로부근,승용,남,48세,상해없음,승용,여,42세,경상
2012050100100721,2012년 5월 1일 22시,화요일,경상남도 김해시 외동,경상사고,0,0,2,0,차대차 - 추돌 - 주정차중,안전거리미확보,습기,비,단일로 - 횡단보도상,승용,남,52세,상해없음,승용,남,47세,경상
2012050100100722,2012년 5월 1일 22시,화요일,경상남도 양산시 평산동,중상사고,0,1,0,0,차대차 - 기타,신호위반,습기,비,교차로 - 교차로안,승용,남,40세,상해없음,승용,남,34세,중상
2012050100100723,2012년 5월 1일 22시,화요일,경상남도 창원시 의창구 소답동,중상사고,0,1,0,0,차대차 - 기타,안전운전불이행,건조,맑음,단일로 - 기타,승용,남,58세,상해없음,승용,여,46세,중상
2012050100100753,2012년 5월 1일 23시,화요일,경상남도 양산시 상북면,경상사고,0,0,1,0,차대차 - 기타,안전거리미확보,습기,비,단일로 - 기타,승용,남,20세,상해없음,건설기계,남,39세,상해없음
2012050100100754,2012년 5월 1일 23시,화요일,경상남도 양산시 명동,경상사고,0,0,2,0,차대차 - 추돌 - 주정차중,안전운전불이행,건조,맑음,교차로 - 교차로부근,승용,남,21세,상해없음,승용,남,48세,경상
2012050100100755,2012년 5월 1일 23시,화요일,경상남도 의령군 의령읍,경상사고,0,0,1,0,차대사람 - 차도통행중,안전운전불이행,습기,비,단일로 - 기타,승용,남,49세,상해없음,보행자,남,49세,경상
2012050100100756,2012년 5월 1일 23시,화요일,경상남도 창원시 성산구 상남동,중상사고,0,1,0,0,차대사람 - 기타,안전운전불이행,건조,맑음,단일로 - 기타,승용,남,34세,상해없음,보행자,남,23세,중상
2012050200100041,2012년 5월 2일 01시,수요일,경상남도 밀양시 삼문동,경상사고,0,0,2,0,차대차 - 추돌 - 주정차중,안전운전불이행,습기,비,단일로 - 기타,화물,남,42세,상해없음,승용,남,52세,경상
2012050200100072,2012년 5월 2일 04시,수요일,경상남도 김해시 삼계동,경상사고,0,0,2,0,차대차 - 측면직각충돌,안전운전불이행,습기,흐림,교차로 - 교차로부근,승용,남,38세,상해없음,승용,여,43세,경상
2012050200100073,2012년 5월 2일 04시,수요일,경상남도 거제시 장평동,중상사고,0,1,0,0,차대사람 - 기타,보행자보호의무위반,습기,비,단일로 - 횡단보도상,승용,여,52세,상해없음,보행자,여,42세,중상
2012050200100098,2012년 5월 2일 06시,수요일,경상남도 밀양시 상남면,중상사고,0,1,0,0,차대차 - 측면직각충돌,교차로운행방법위반,습기,흐림,교차로 - 교차로안,건설기계,남,37세,상해없음,승용,남,51세,중상
2012050200100099,2012년 5월 2일 06시,수요일,경상남도 창원시 의창구 북면,중상사고,0,1,0,0,차대차 - 측면직각충돌,안전운전불이행,건조,맑음,단일로 - 기타,승용,남,72세,상해없음,승용,여,49세,중상
2012050200100180,2012년 5월 2일 08시,수요일,경상남도 통영시 태평동,중상사고,0,1,1,0,차대차 - 측면직각충돌,안전운전불이행,습기,비,교차로 - 교차로부근,승합,여,39세,상해없음,승용,여,37세,중상
2012050200100181,2012년 5월 2일 08시,수요일,경상남도 통영시 정량동,경상사고,0,0,1,0,차대차 - 측면직각충돌,중앙선침범,건조,맑음,단일로 - 기타,승용,남,36세,상해없음,승용,남,32세,경상
2012050200100182,2012년 5월 2일 08시,수요일,경상남도 창원시 의창구 신월동,중상사고,0,1,0,0,차대사람 - 횡단중,안전운전불이행,건조,맑음,교차로 - 교차로부근,승용,남,58세,상해없음,보행자,여,27세,중상
2012050200100183,2012년 5월 2일 08시,수요일,경상남도 김해시 주촌면,부상신고사고,0,0,0,1,차대차 - 추돌 - 진행중,안전거리미확보,건조,맑음,단일로 - 기타,승용,남,39세,상해없음,승용,여,23세,부상신고
2012050200100184,2012년 5월 2일 08시,수요일,경상남도 김해시 한림면,경상사고,0,0,1,0,차대차 - 측면직각충돌,안전운전불이행,건조,흐림,단일로 - 기타,승용,남,27세,상해없음,승용,여,40세,경상
2012050200100225,2012년 5월 2일 09시,수요일,경상남도 진주시 하대동,중상사고,0,1,0,0,차대사람 - 횡단중,보행자보호의무위반,건조,맑음,단일로 - 횡단보도상,화물,남,55세,상해없음,보행자,여,58세,중상
2012050200100253,2012년 5월 2일 10시,수요일,경상남도 김해시 안동,경상사고,0,0,1,0,차대차 - 추돌 - 주정차중,안전운전불이행,건조,맑음,기타 - 기타,이륜,남,56세,경상,승용,여,52세,상해없음
2012050200100254,2012년 5월 2일 10시,수요일,경상남도 하동군 진교면,부상신고사고,0,0,0,1,차대차 - 추돌 - 진행중,안전운전불이행,건조,맑음,교차로 - 교차로안,화물,남,40세,상해없음,승용,여,42세,부상신고
2012050200100255,2012년 5월 2일 10시,수요일,경상남도 하동군 진교면,중상사고,0,1,0,0,차대차 - 추돌 - 진행중,안전운전불이행,건조,맑음,단일로 - 기타,승용,남,68세,상해없음,농기계,남,78세,중상
2012050200100256,2012년 5월 2일 10시,수요일,경상남도 함안군 가야읍,중상사고,0,1,0,0,차대차 - 정면충돌,안전운전불이행,건조,흐림,교차로 - 교차로안,승합,남,51세,상해없음,원동기,여,61세,중상
2012050200100257,2012년 5월 2일 10시,수요일,경상남도 김해시 주촌면,중상사고,0,1,1,0,차대차 - 측면직각충돌,중앙선침범,건조,맑음,단일로 - 기타,화물,남,62세,상해없음,화물,남,39세,경상
2012050200100285,2012년 5월 2일 11시,수요일,경상남도 김해시 장유면,경상사고,0,0,1,0,차대차 - 측면직각충돌,교차로운행방법위반,건조,맑음,교차로 - 교차로안,승용,남,55세,상해없음,승용,남,46세,경상
2012050200100307,2012년 5월 2일 12시,수요일,경상남도 통영시 무전동,경상사고,0,0,1,0,차대차 - 추돌 - 주정차중,안전운전불이행,건조,맑음,교차로 - 교차로부근,승용,남,41세,상해없음,승용,남,40세,상해없음
2012050200100308,2012년 5월 2일 12시,수요일,경상남도 김해시 장유면,경상사고,0,0,1,0,차대차 - 추돌 - 진행중,안전거리미확보,건조,맑음,단일로 - 기타,승용,여,30세,상해없음,승용,여,45세,경상
2012050200100344,2012년 5월 2일 13시,수요일,경상남도 창원시 마산합포구 월영동,중상사고,0,1,0,0,차대사람 - 기타,안전운전불이행,건조,맑음,단일로 - 기타,승합,남,54세,상해없음,보행자,여,21세,중상
2012050200100345,2012년 5월 2일 13시,수요일,경상남도 창원시 진해구 용원동,경상사고,0,0,3,0,차대차 - 측면직각충돌,안전운전불이행,습기,흐림,교차로 - 교차로안,승용,남,29세,상해없음,승용,남,57세,경상
2012050200100346,2012년 5월 2일 13시,수요일,경상남도 창원시 진해구 석동,경상사고,0,0,1,0,차대차 - 기타,안전운전불이행,건조,맑음,교차로 - 교차로안,화물,남,51세,상해없음,승용,여,43세,경상
2012050200100347,2012년 5월 2일 13시,수요일,경상남도 함안군 칠북면,중상사고,0,1,0,0,차량단독 - 기타,안전운전불이행,건조,맑음,단일로 - 기타,이륜,남,33세,상해없음,,,,
2012050200100348,2012년 5월 2일 13시,수요일,경상남도 함안군 법수면,중상사고,0,1,0,0,차대차 - 추돌 - 진행중,안전운전불이행,건조,맑음,교차로 - 교차로부근,이륜,남,78세,중상,화물,남,69세,상해없음
2012050200100349,2012년 5월 2일 13시,수요일,경상남도 창원시 마산회원구 내서읍,중상사고,0,2,0,0,차대차 - 정면충돌,중앙선침범,건조,맑음,미분류 - 미분류,승용,여,61세,중상,승용,남,39세,중상
2012050200100392,2012년 5월 2일 14시,수요일,경상남도 밀양시 내일동,경상사고,0,0,3,0,차대차 - 추돌 - 진행중,안전운전불이행,건조,맑음,단일로 - 기타,승용,남,50세,상해없음,승용,남,30세,경상
2012050200100393,2012년 5월 2일 14시,수요일,경상남도 김해시 봉황동,경상사고,0,0,1,0,차대차 - 측면직각충돌,기타,건조,맑음,단일로 - 기타,승용,남,45세,상해없음,이륜,남,20세,경상
2012050200100435,2012년 5월 2일 15시,수요일,경상남도 창원시 진해구 태백동,경상사고,0,0,2,0,차대차 - 추돌 - 주정차중,안전거리미확보,건조,맑음,교차로 - 교차로부근,승합,남,49세,상해없음,승용,남,80세,상해없음
2012050200100436,2012년 5월 2일 15시,수요일,경상남도 통영시 도산면,중상사고,0,1,0,0,차량단독 - 도로외이탈 - 추락,안전운전불이행,건조,맑음,단일로 - 기타,화물,여,50세,상해없음,,,,
2012050200100437,2012년 5월 2일 15시,수요일,경상남도 창원시 의창구 봉곡동,중상사고,0,1,0,0,차대사람 - 기타,안전운전불이행,건조,맑음,교차로 - 교차로안,화물,남,62세,상해없음,보행자,여,55세,중상
2012050200100438,2012년 5월 2일 15시,수요일,경상남도 창원시 의창구 대산면,중상사고,0,1,0,0,차대차 - 측면직각충돌,직진우회전진행방해,건조,맑음,교차로 - 교차로안,화물,남,51세,상해없음,이륜,남,66세,중상
2012050200100544,2012년 5월 2일 18시,수요일,경상남도 김해시 삼계동,경상사고,0,0,1,0,차대차 - 측면직각충돌,안전운전불이행,건조,맑음,교차로 - 교차로부근,승합,남,38세,상해없음,승용,남,43세,경상
2012050200100545,2012년 5월 2일 18시,수요일,경상남도 거제시 아주동,중상사고,0,2,0,0,차대차 - 기타,안전운전불이행,건조,맑음,단일로 - 기타,승합,남,51세,상해없음,승용,남,33세,중상
2012050200100620,2012년 5월 2일 20시,수요일,경상남도 통영시 도천동,경상사고,0,0,1,0,차대차 - 측면직각충돌,신호위반,건조,맑음,교차로 - 교차로안,이륜,남,45세,상해없음,이륜,남,17세,경상
2012050200100621,2012년 5월 2일 20시,수요일,경상남도 사천시 벌리동,경상사고,0,0,2,0,차대차 - 기타,신호위반,건조,맑음,교차로 - 교차로안,화물,남,73세,상해없음,승용,여,50세,경상
2012050200100622,2012년 5월 2일 20시,수요일,경상남도 거창군 거창읍,경상사고,0,0,2,0,차대차 - 측면직각충돌,교차로운행방법위반,건조,맑음,교차로 - 교차로부근,승합,남,54세,상해없음,이륜,남,83세,경상
2012050200100645,2012년 5월 2일 21시,수요일,경상남도 창원시 마산회원구 내서읍,중상사고,0,1,0,0,차대차 - 측면직각충돌,신호위반,건조,맑음,교차로 - 교차로부근,이륜,남,18세,상해없음,승용,여,34세,중상
2012050200100646,2012년 5월 2일 21시,수요일,경상남도 창원시 의창구 봉곡동,중상사고,0,1,0,0,차대사람 - 기타,안전운전불이행,건조,맑음,단일로 - 기타,승용,여,52세,상해없음,보행자,남,50세,중상
2012050200100647,2012년 5월 2일 21시,수요일,경상남도 김해시 진영읍,경상사고,0,0,1,0,차대차 - 측면직각충돌,교차로운행방법위반,건조,맑음,교차로 - 교차로부근,승용,여,29세,상해없음,승용,남,29세,경상
2012050200100706,2012년 5월 2일 23시,수요일,경상남도 김해시 삼정동,부상신고사고,0,0,0,1,차대차 - 측면직각충돌,안전운전불이행,건조,맑음,단일로 - 기타,승용,남,31세,부상신고,승용,남,28세,기타불명
2012050300100019,2012년 5월 3일 00시,목요일,경상남도 양산시 삼호동,부상신고사고,0,0,0,1,차대차 - 측면직각충돌,직진우회전진행방해,습기,비,교차로 - 교차로안,승용,남,23세,상해없음,원동기,남,16세,부상신고
2012050300100020,2012년 5월 3일 00시,목요일,경상남도 창원시 의창구 사림동,경상사고,0,0,2,0,차대차 - 측면직각충돌,신호위반,건조,맑음,교차로 - 교차로안,승용,남,59세,상해없음,승용,여,41세,경상
2012050300100037,2012년 5월 3일 01시,목요일,경상남도 창원시 진해구 석동,중상사고,0,2,2,0,차대사람 - 차도통행중,안전운전불이행,건조,흐림,단일로 - 기타,승용,남,26세,상해없음,보행자,여,29세,중상
2012050300100056,2012년 5월 3일 02시,목요일,경상남도 창원시 마산회원구 내서읍,사망사고,1,0,0,0,차대사람 - 기타,안전운전불이행,건조,맑음,단일로 - 기타,화물,남,43세,상해없음,보행자,남,78세,사망
2012050300100065,2012년 5월 3일 03시,목요일,경상남도 진주시 내동면,중상사고,0,1,1,0,차대차 - 기타,안전운전불이행,건조,맑음,단일로 - 기타,기타불명,기타불명,기타불명,기타불명,승용,여,51세,경상
2012050300100079,2012년 5월 3일 05시,목요일,경상남도 김해시 내동,경상사고,0,0,1,0,차대차 - 측면직각충돌,신호위반,건조,맑음,교차로 - 교차로안,승용,남,29세,상해없음,승합,남,42세,상해없음
2012050300100089,2012년 5월 3일 06시,목요일,경상남도 사천시 서동,경상사고,0,0,1,0,차대사람 - 기타,안전운전불이행,건조,맑음,단일로 - 기타,화물,남,50세,상해없음,보행자,여,65세,경상
2012050300100090,2012년 5월 3일 06시,목요일,경상남도 김해시 외동,중상사고,0,2,1,0,차대차 - 측면직각충돌,안전운전불이행,건조,맑음,교차로 - 교차로부근,승용,여,25세,상해없음,승용,남,59세,중상
2012050300100113,2012년 5월 3일 07시,목요일,경상남도 사천시 동금동,중상사고,0,1,0,0,차대사람 - 기타,안전운전불이행,건조,맑음,단일로 - 교량,이륜,남,61세,상해없음,보행자,여,65세,중상
2012050300100153,2012년 5월 3일 08시,목요일,경상남도 함안군 산인면,경상사고,0,0,1,0,차대사람 - 기타,안전운전불이행,건조,맑음,단일로 - 기타,이륜,기타불명,기타불명,기타불명,보행자,남,8세,경상
2012050300100154,2012년 5월 3일 08시,목요일,경상남도 창원시 성산구 대방동,경상사고,0,0,1,0,차대사람 - 횡단중,보행자보호의무위반,건조,맑음,교차로 - 교차로안,승용,여,27세,상해없음,보행자,남,13세,경상
2012050300100189,2012년 5월 3일 09시,목요일,경상남도 창원시 마산합포구 자산동,경상사고,0,0,1,0,차대사람 - 횡단중,보행자보호의무위반,건조,맑음,교차로 - 교차로안,승용,남,70세,상해없음,보행자,여,75세,경상
2012050300100190,2012년 5월 3일 09시,목요일,경상남도 진주시 대안동,중상사고,0,1,0,0,차대차 - 측면직각충돌,신호위반,건조,맑음,단일로 - 기타,승용,여,64세,상해없음,자전거,남,67세,중상
2012050300100191,2012년 5월 3일 09시,목요일,경상남도 사천시 사남면,경상사고,0,0,2,0,차대차 - 측면직각충돌,안전운전불이행,건조,맑음,단일로 - 기타,승용,여,64세,상해없음,승용,여,45세,경상
2012050300100192,2012년 5월 3일 09시,목요일,경상남도 남해군 남해읍,경상사고,0,0,1,0,차대차 - 측면직각충돌,안전운전불이행,건조,맑음,단일로 - 기타,이륜,남,61세,경상,승용,여,49세,상해없음
2012050300100193,2012년 5월 3일 09시,목요일,경상남도 산청군 생비량면,중상사고,0,1,0,0,차량단독 - 공작물충돌,안전운전불이행,건조,맑음,단일로 - 기타,승합,남,47세,중상,,,,
2012050300100235,2012년 5월 3일 11시,목요일,경상남도 거제시 연초면,부상신고사고,0,0,0,1,차대차 - 기타,안전운전불이행,건조,맑음,교차로 - 교차로부근,승용,여,28세,상해없음,승용,여,50세,부상신고
2012050300100260,2012년 5월 3일 12시,목요일,경상남도 창원시 진해구 자은동,중상사고,0,1,0,0,차대차 - 측면직각충돌,안전운전불이행,건조,맑음,교차로 - 교차로안,화물,남,49세,상해없음,자전거,남,72세,중상
2012050300100261,2012년 5월 3일 12시,목요일,경상남도 양산시 남부동,경상사고,0,0,1,0,차대차 - 측면직각충돌,안전운전불이행,건조,맑음,단일로 - 기타,원동기,남,19세,경상,승용,남,27세,상해없음
2012050300100262,2012년 5월 3일 12시,목요일,경상남도 김해시 장유면,경상사고,0,0,1,0,차대차 - 추돌 - 주정차중,안전운전불이행,건조,맑음,단일로 - 기타,승용,남,26세,상해없음,승용,남,43세,상해없음
2012050300100281,2012년 5월 3일 13시,목요일,경상남도 창원시 마산합포구 신포동1가,중상사고,0,1,0,0,차대사람 - 길가장자리구역통행중,안전운전불이행,건조,맑음,교차로 - 교차로부근,승용,남,54세,상해없음,보행자,여,72세,중상
2012050300100282,2012년 5월 3일 13시,목요일,경상남도 창원시 진해구 여좌동,중상사고,0,1,0,0,차대차 - 기타,안전운전불이행,습기,비,단일로 - 기타,기타불명,기타불명,기타불명,기타불명,이륜,남,68세,중상
2012050300100283,2012년 5월 3일 13시,목요일,경상남도 사천시 사남면,중상사고,0,1,3,0,차대차 - 측면직각충돌,중앙선침범,건조,맑음,교차로 - 교차로부근,승용,남,27세,상해없음,승용,여,40세,경상
2012050300100284,2012년 5월 3일 13시,목요일,경상남도 김해시 삼방동,경상사고,0,0,1,0,차대차 - 정면충돌,안전운전불이행,건조,맑음,교차로 - 교차로안,승용,여,37세,상해없음,승용,여,48세,경상
2012050300100285,2012년 5월 3일 13시,목요일,경상남도 함양군 휴천면,중상사고,0,5,6,1,차량단독 - 공작물충돌,안전운전불이행,건조,맑음,단일로 - 기타,승합,남,47세,상해없음,,,,
2012050300100286,2012년 5월 3일 13시,목요일,경상남도 양산시 북부동,부상신고사고,0,0,0,1,차대차 - 측면직각충돌,안전운전불이행,건조,맑음,교차로 - 교차로안,승용,남,28세,상해없음,원동기,남,57세,부상신고
2012050300100287,2012년 5월 3일 13시,목요일,경상남도 김해시 한림면,중상사고,0,2,0,0,차대차 - 정면충돌,중앙선침범,건조,맑음,단일로 - 기타,승용,여,35세,중상,승용,남,37세,중상
2012050300100315,2012년 5월 3일 14시,목요일,경상남도 양산시 유산동,경상사고,0,0,1,0,차대차 - 측면직각충돌,교차로운행방법위반,건조,맑음,교차로 - 교차로안,화물,남,45세,상해없음,화물,남,62세,경상
2012050300100351,2012년 5월 3일 15시,목요일,경상남도 진주시 칠암동,경상사고,0,0,1,0,차대차 - 측면직각충돌,안전거리미확보,건조,맑음,단일로 - 기타,승용,남,43세,상해없음,승용,남,53세,경상
2012050300100384,2012년 5월 3일 16시,목요일,경상남도 통영시 북신동,중상사고,0,2,1,0,차대차 - 측면직각충돌,안전운전불이행,건조,맑음,교차로 - 교차로안,승합,여,44세,상해없음,화물,남,35세,경상
2012050300100385,2012년 5월 3일 16시,목요일,경상남도 합천군 적중면,중상사고,0,1,0,0,차대차 - 추돌 - 진행중,안전거리미확보,건조,맑음,교차로 - 교차로안,화물,남,64세,상해없음,원동기,여,70세,중상
2012050300100423,2012년 5월 3일 17시,목요일,경상남도 거창군 남상면,경상사고,0,0,1,0,차대차 - 추돌 - 주정차중,안전운전불이행,건조,맑음,단일로 - 기타,이륜,남,69세,경상,승용,남,67세,상해없음
2012050300100424,2012년 5월 3일 17시,목요일,경상남도 창녕군 창녕읍,중상사고,0,1,0,0,차대차 - 측면직각충돌,직진우회전진행방해,건조,맑음,교차로 - 교차로안,승용,남,39세,상해없음,농기계,남,76세,중상
2012050300100425,2012년 5월 3일 17시,목요일,경상남도 창원시 마산회원구 회성동,중상사고,0,1,0,0,차대차 - 기타,안전운전불이행,건조,맑음,단일로 - 기타,승합,남,49세,기타불명,자전거,남,24세,상해없음
2012050300100470,2012년 5월 3일 18시,목요일,경상남도 창원시 진해구 경화동,중상사고,0,1,0,0,차대사람 - 기타,안전운전불이행,건조,맑음,교차로 - 교차로부근,승용,남,37세,상해없음,보행자,남,5세,중상
2012050300100471,2012년 5월 3일 18시,목요일,경상남도 사천시 벌리동,경상사고,0,0,1,0,차대차 - 측면직각충돌,안전운전불이행,건조,맑음,교차로 - 교차로부근,승용,남,29세,상해없음,승용,남,44세,경상
2012050300100503,2012년 5월 3일 19시,목요일,경상남도 거제시 장승포동,중상사고,0,1,0,0,차대차 - 기타,안전운전불이행,건조,맑음,단일로 - 기타,기타불명,기타불명,기타불명,기타불명,자전거,남,41세,중상
2012050300100504,2012년 5월 3일 19시,목요일,경상남도 거제시 고현동,경상사고,0,0,1,0,차대사람 - 기타,안전운전불이행,건조,맑음,단일로 - 기타,기타불명,남,39세,상해없음,보행자,남,27세,경상
2012050300100530,2012년 5월 3일 20시,목요일,경상남도 창원시 마산합포구 상남동,경상사고,0,0,1,0,차대차 - 추돌 - 진행중,안전거리미확보,습기,비,교차로 - 교차로부근,승용,남,34세,상해없음,승용,남,51세,경상
2012050300100531,2012년 5월 3일 20시,목요일,경상남도 창원시 진해구 자은동,경상사고,0,0,1,0,차대차 - 기타,직진우회전진행방해,습기,비,교차로 - 교차로안,승용,남,25세,상해없음,이륜,남,17세,경상
2012050300100532,2012년 5월 3일 20시,목요일,경상남도 거창군 거창읍,중상사고,0,1,1,0,차대차 - 측면직각충돌,교차로운행방법위반,건조,맑음,교차로 - 교차로안,승용,여,41세,경상,화물,남,52세,중상
2012050300100533,2012년 5월 3일 20시,목요일,경상남도 거제시 고현동,경상사고,0,0,1,0,차대사람 - 기타,안전운전불이행,건조,맑음,단일로 - 기타,승용,남,18세,상해없음,보행자,여,31세,경상
2012050300100574,2012년 5월 3일 21시,목요일,경상남도 창녕군 창녕읍,중상사고,0,1,0,0,차대차 - 측면직각충돌,안전운전불이행,건조,맑음,교차로 - 교차로부근,승용,남,29세,상해없음,이륜,남,43세,중상
2012050300100575,2012년 5월 3일 21시,목요일,경상남도 양산시 하북면,경상사고,0,0,2,0,차대차 - 측면직각충돌,안전운전불이행,건조,맑음,교차로 - 교차로안,화물,남,41세,상해없음,승용,여,40세,경상
2012050300100576,2012년 5월 3일 21시,목요일,경상남도 창원시 마산회원구 구암동,경상사고,0,0,2,0,차대차 - 추돌 - 주정차중,안전운전불이행,건조,맑음,단일로 - 기타,승용,남,52세,상해없음,승용,남,58세,경상
2012050300100577,2012년 5월 3일 21시,목요일,경상남도 함안군 칠서면,부상신고사고,0,0,0,1,차대차 - 추돌 - 진행중,안전운전불이행,습기,비,단일로 - 기타,승용,남,34세,기타불명,화물,여,50세,부상신고
2012050300100592,2012년 5월 3일 22시,목요일,경상남도 거창군 거창읍,중상사고,0,1,1,0,차대차 - 측면직각충돌,교차로운행방법위반,건조,맑음,교차로 - 교차로안,이륜,남,15세,경상,승용,남,60세,상해없음
2012050300100593,2012년 5월 3일 22시,목요일,경상남도 양산시 삼호동,경상사고,0,0,1,0,차대차 - 측면직각충돌,직진우회전진행방해,건조,맑음,교차로 - 교차로안,승용,남,19세,상해없음,자전거,남,36세,경상
2012050300100632,2012년 5월 3일 23시,목요일,경상남도 거제시 사등면,경상사고,0,0,1,0,차대차 - 추돌 - 주정차중,안전거리미확보,건조,맑음,단일로 - 기타,승용,남,59세,상해없음,화물,남,45세,경상
2012050300100633,2012년 5월 3일 23시,목요일,경상남도 창원시 성산구 사파동,중상사고,0,1,0,0,차대차 - 추돌 - 진행중,안전운전불이행,건조,맑음,단일로 - 기타,승용,남,37세,상해없음,승용,여,27세,중상
2012050300100634,2012년 5월 3일 23시,목요일,경상남도 창원시 성산구 신촌동,경상사고,0,0,1,0,차대차 - 측면직각충돌,안전거리미확보,건조,맑음,교차로 - 교차로부근,승용,남,51세,상해없음,승용,남,33세,상해없음