사고번호,사고일시,요일,시군구,사고내용,사망자수,중상자수,경상자수,부상신고자수,사고유형,법규위반,노면상태,기상상태,도로형태,가해운전자 차종,가해운전자 성별,가해운전자 연령,가해운전자 상해정도,피해운전자 차종,피해운전자 성별,피해운전자 연령,피해운전자 상해정도
2012050700100014,2012년 5월 7일 00시,월요일,경상남도 창원시 의창구 명서동,경상사고,0,0,1,0,차대사람 - 기타,안전운전불이행,건조,맑음,단일로 - 기타,승용,남,50세,상해없음,보행자,남,41세,경상
2012050700100043,2012년 5월 7일 03시,월요일,경상남도 김해시 불암동,부상신고사고,0,0,0,1,차량단독 - 공작물충돌,안전운전불이행,건조,맑음,교차로 - 교차로안,승용,남,40세,부상신고,,,,
2012050700100044,2012년 5월 7일 03시,월요일,경상남도 김해시 부원동,중상사고,0,2,0,0,차량단독 - 공작물충돌,안전운전불이행,건조,맑음,교차로 - 교차로부근,승용,남,19세,중상,,,,
2012050700100045,2012년 5월 7일 03시,월요일,경상남도 창원시 의창구 대산면,경상사고,0,0,1,0,차대차 - 기타,안전운전불이행,건조,맑음,교차로 - 교차로안,화물,남,34세,상해없음,승용,남,29세,경상
2012050700100071,2012년 5월 7일 06시,월요일,경상남도 진주시 집현면,중상사고,0,1,0,0,차량단독 - 공작물충돌,안전운전불이행,건조,맑음,단일로 - 기타,승용,남,64세,상해없음,,,,
2012050700100082,2012년 5월 7일 07시,월요일,경상남도 양산시 다방동,사망사고,1,12,15,0,차대차 - 추돌 - 주정차중,안전운전불이행,건조,맑음,단일로 - 기타,승합,남,63세,사망,승용,남,29세,상해없음
2012050700100099,2012년 5월 7일 07시,월요일,경상남도 창원시 성산구 상남동,중상사고,0,1,0,0,차대차 - 측면직각충돌,안전운전불이행,건조,맑음,교차로 - 교차로부근,승용,남,46세,상해없음,승용,여,36세,중상
2012050700100127,2012년 5월 7일 08시,월요일,경상남도 창원시 마산합포구 상남동,중상사고,0,1,0,0,차대차 - 측면직각충돌,안전운전불이행,건조,맑음,단일로 - 기타,승용,남,41세,상해없음,승용,남,30세,상해없음
2012050700100128,2012년 5월 7일 08시,월요일,경상남도 사천시 정동면,중상사고,0,2,1,0,차대차 - 추돌 - 주정차중,안전운전불이행,건조,맑음,단일로 - 기타,승용,여,41세,상해없음,승용,남,55세,중상
2012050700100129,2012년 5월 7일 08시,월요일,경상남도 거창군 거창읍,중상사고,0,1,0,0,차대차 - 측면직각충돌,안전운전불이행,건조,맑음,기타 - 기타,화물,남,56세,상해없음,원동기,여,41세,중상
2012050700100130,2012년 5월 7일 08시,월요일,경상남도 남해군 남해읍,중상사고,0,1,0,0,차대사람 - 횡단중,보행자보호의무위반,건조,맑음,단일로 - 횡단보도상,화물,남,46세,상해없음,보행자,여,78세,중상
2012050700100131,2012년 5월 7일 08시,월요일,경상남도 창원시 의창구 북면,경상사고,0,0,1,0,차대사람 - 횡단중,보행자보호의무위반,건조,맑음,교차로 - 교차로안,승용,여,44세,상해없음,보행자,남,11세,경상
2012050700100132,2012년 5월 7일 08시,월요일,경상남도 김해시 장유면,중상사고,0,1,0,0,차대차 - 정면충돌,신호위반,건조,맑음,교차로 - 교차로안,승용,여,35세,상해없음,승용,여,43세,중상
2012050700100159,2012년 5월 7일 09시,월요일,경상남도 창원시 마산회원구 석전동,중상사고,0,1,0,0,차대차 - 기타,안전운전불이행,건조,맑음,단일로 - 기타,화물,남,28세,상해없음,승용,남,28세,중상
2012050700100160,2012년 5월 7일 09시,월요일,경상남도 창원시 의창구 도계동,중상사고,0,1,1,0,차대차 - 추돌 - 진행중,안전거리미확보,건조,맑음,단일로 - 기타,화물,남,38세,상해없음,승용,남,52세,중상
2012050700100197,2012년 5월 7일 10시,월요일,경상남도 사천시 동금동,경상사고,0,0,1,0,차대차 - 측면직각충돌,신호위반,건조,맑음,교차로 - 교차로안,화물,남,55세,상해없음,이륜,남,37세,경상
2012050700100198,2012년 5월 7일 10시,월요일,경상남도 함양군 병곡면,중상사고,0,1,0,1,차대차 - 정면충돌,중앙선침범,건조,맑음,단일로 - 기타,승합,여,51세,부상신고,승용,남,21세,중상
2012050700100222,2012년 5월 7일 11시,월요일,경상남도 김해시 삼계동,경상사고,0,0,1,0,차대차 - 추돌 - 진행중,신호위반,건조,맑음,교차로 - 교차로안,승용,남,50세,상해없음,승용,남,42세,경상
2012050700100244,2012년 5월 7일 12시,월요일,경상남도 창원시 마산합포구 현동,경상사고,0,0,2,0,차대차 - 측면직각충돌,안전운전불이행,건조,맑음,단일로 - 기타,화물,남,40세,상해없음,승용,남,29세,경상
2012050700100245,2012년 5월 7일 12시,월요일,경상남도 진주시 인사동,중상사고,0,1,0,0,차대사람 - 횡단중,보행자보호의무위반,건조,맑음,교차로 - 교차로부근,승용,여,32세,상해없음,보행자,여,79세,중상
2012050700100246,2012년 5월 7일 12시,월요일,경상남도 거제시 아주동,중상사고,0,1,0,0,차대차 - 추돌 - 진행중,안전운전불이행,건조,맑음,기타 - 기타,승용,여,40세,상해없음,승용,남,47세,중상
2012050700100297,2012년 5월 7일 14시,월요일,경상남도 김해시 진례면,경상사고,0,0,1,0,차대차 - 정면충돌,중앙선침범,건조,맑음,단일로 - 기타,승용,남,53세,상해없음,승용,남,35세,경상
2012050700100374,2012년 5월 7일 16시,월요일,경상남도 사천시 죽림동,중상사고,0,1,2,0,차대차 - 기타,안전운전불이행,건조,맑음,교차로 - 교차로부근,승용,남,24세,상해없음,화물,남,40세,중상
2012050700100409,2012년 5월 7일 17시,월요일,경상남도 밀양시 내일동,경상사고,0,0,3,0,차대차 - 추돌 - 주정차중,안전운전불이행,건조,맑음,교차로 - 교차로부근,승용,남,69세,상해없음,승용,미분류,기타불명,기타불명
2012050700100410,2012년 5월 7일 17시,월요일,경상남도 양산시 덕계동,중상사고,0,1,0,0,차대차 - 측면직각충돌,안전운전불이행,건조,맑음,단일로 - 기타,승용,남,50세,상해없음,승용,남,57세,중상
2012050700100411,2012년 5월 7일 17시,월요일,경상남도 거제시 옥포동,중상사고,0,1,0,0,차대차 - 측면직각충돌,교차로운행방법위반,건조,맑음,교차로 - 교차로안,승합,여,46세,상해없음,자전거,남,55세,중상
2012050700100412,2012년 5월 7일 17시,월요일,경상남도 창원시 의창구 도계동,중상사고,0,1,0,0,차대차 - 기타,안전거리미확보,건조,맑음,단일로 - 기타,승용,여,44세,기타불명,화물,여,54세,중상
2012050700100413,2012년 5월 7일 17시,월요일,경상남도 김해시 한림면,중상사고,0,1,0,0,차대차 - 측면직각충돌,안전운전불이행,건조,맑음,단일로 - 기타,승용,여,48세,상해없음,화물,남,46세,중상
2012050700100449,2012년 5월 7일 18시,월요일,경상남도 양산시 북정동,경상사고,0,0,1,0,차대차 - 측면직각충돌,교차로운행방법위반,건조,맑음,교차로 - 교차로안,승용,여,45세,기타불명,승용,남,31세,경상
2012050700100482,2012년 5월 7일 19시,월요일,경상남도 김해시 구산동,중상사고,0,1,0,0,차대차 - 측면직각충돌,신호위반,건조,맑음,교차로 - 교차로안,이륜,남,24세,중상,승용,남,58세,상해없음
2012050700100483,2012년 5월 7일 19시,월요일,경상남도 김해시 삼정동,경상사고,0,0,1,0,차대사람 - 횡단중,안전운전불이행,건조,맑음,교차로 - 교차로안,승용,여,34세,상해없음,보행자,남,50세,경상
2012050700100525,2012년 5월 7일 20시,월요일,경상남도 밀양시 내이동,부상신고사고,0,0,0,1,차대사람 - 기타,안전운전불이행,건조,맑음,교차로 - 교차로안,승용,남,69세,상해없음,보행자,남,60세,부상신고
2012050700100526,2012년 5월 7일 20시,월요일,경상남도 거제시 옥포동,경상사고,0,0,1,0,차대차 - 추돌 - 진행중,안전운전불이행,건조,맑음,기타 - 기타,승합,여,40세,상해없음,승합,남,37세,상해없음
2012050700100527,2012년 5월 7일 20시,월요일,경상남도 함안군 군북면,중상사고,0,1,0,0,차대차 - 측면직각충돌,안전운전불이행,건조,맑음,단일로 - 기타,승용,남,34세,상해없음,이륜,남,55세,중상
2012050700100528,2012년 5월 7일 20시,월요일,경상남도 창원시 마산회원구 석전동,중상사고,0,1,0,0,차대사람 - 기타,안전운전불이행,건조,맑음,교차로 - 교차로부근,승용,남,32세,상해없음,보행자,여,64세,중상
2012050700100529,2012년 5월 7일 20시,월요일,경상남도 창원시 의창구 팔용동,중상사고,0,1,1,0,차대차 - 추돌 - 주정차중,안전운전불이행,건조,맑음,교차로 - 교차로부근,승용,기타불명,기타불명,기타불명,승용,여,52세,중상
2012050700100563,2012년 5월 7일 21시,월요일,경상남도 거창군 북상면,중상사고,0,1,0,0,차대차 - 추돌 - 주정차중,안전운전불이행,건조,맑음,단일로 - 기타,이륜,남,19세,중상,화물,남,62세,상해없음
2012050700100595,2012년 5월 7일 22시,월요일,경상남도 김해시 내동,중상사고,0,3,2,0,차대차 - 추돌 - 주정차중,안전운전불이행,건조,맑음,교차로 - 교차로부근,승합,남,37세,상해없음,승용,여,28세,중상
2012050700100620,2012년 5월 7일 23시,월요일,경상남도 진주시 신안동,경상사고,0,0,1,0,차대차 - 기타,안전운전불이행,건조,맑음,교차로 - 교차로안,승용,여,48세,상해없음,승용,남,55세,경상
2012050700100621,2012년 5월 7일 23시,월요일,경상남도 거제시 장평동,중상사고,0,1,0,0,차대사람 - 기타,안전운전불이행,건조,맑음,교차로 - 교차로부근,승용,남,49세,상해없음,보행자,남,51세,중상
2012050700100622,2012년 5월 7일 23시,월요일,경상남도 김해시 장유면,경상사고,0,0,2,0,차대차 - 추돌 - 주정차중,안전운전불이행,건조,맑음,단일로 - 기타,승용,남,61세,상해없음,승용,남,57세,경상
2012050800100013,2012년 5월 8일 00시,화요일,경상남도 창원시 의창구 도계동,중상사고,0,2,1,0,차대차 - 측면직각충돌,신호위반,건조,맑음,교차로 - 교차로안,승용,남,67세,상해없음,승용,남,46세,경상
2012050800100037,2012년 5월 8일 02시,화요일,경상남도 통영시 도천동,부상신고사고,0,0,0,1,차량단독 - 공작물충돌,안전운전불이행,건조,맑음,단일로 - 기타,승용,여,58세,부상신고,,,,
2012050800100090,2012년 5월 8일 07시,화요일,경상남도 창원시 진해구 덕산동,경상사고,0,0,1,0,차대차 - 측면직각충돌,교차로운행방법위반,건조,맑음,교차로 - 교차로안,화물,남,64세,상해없음,승용,남,30세,경상
2012050800100122,2012년 5월 8일 08시,화요일,경상남도 합천군 초계면,경상사고,0,0,2,1,차대차 - 측면직각충돌,교차로운행방법위반,건조,맑음,교차로 - 교차로안,승용,남,71세,부상신고,화물,남,40세,상해없음
2012050800100123,2012년 5월 8일 08시,화요일,경상남도 거제시 아주동,중상사고,0,1,0,0,차대차 - 측면직각충돌,안전운전불이행,건조,맑음,기타 - 기타,승용,여,61세,상해없음,승용,여,37세,중상
2012050800100124,2012년 5월 8일 08시,화요일,경상남도 창원시 성산구 중앙동,중상사고,0,1,0,0,차대차 - 측면직각충돌,교차로운행방법위반,건조,맑음,교차로 - 교차로안,승용,남,52세,상해없음,자전거,여,28세,중상
2012050800100186,2012년 5월 8일 10시,화요일,경상남도 창원시 진해구 자은동,중상사고,0,3,1,0,차대차 - 추돌 - 진행중,안전거리미확보,건조,맑음,교차로 - 교차로안,건설기계,남,56세,상해없음,승용,남,67세,중상
2012050800100187,2012년 5월 8일 10시,화요일,경상남도 합천군 율곡면,중상사고,0,1,0,0,차대차 - 기타,교차로운행방법위반,건조,맑음,교차로 - 교차로안,화물,남,55세,상해없음,이륜,여,76세,중상
2012050800100188,2012년 5월 8일 10시,화요일,경상남도 양산시 상북면,중상사고,0,1,0,0,차대차 - 정면충돌,안전운전불이행,건조,맑음,단일로 - 기타,승용,여,41세,상해없음,승용,여,42세,중상
2012050800100189,2012년 5월 8일 10시,화요일,경상남도 창원시 성산구 가음동,경상사고,0,0,1,0,차대차 - 기타,중앙선침범,건조,맑음,단일로 - 기타,승용,여,48세,상해없음,원동기,남,22세,경상
2012050800100217,2012년 5월 8일 11시,화요일,경상남도 통영시 항남동,경상사고,0,0,1,0,차대사람 - 횡단중,안전운전불이행,건조,맑음,단일로 - 기타,승용,남,57세,상해없음,보행자,여,73세,경상
2012050800100240,2012년 5월 8일 12시,화요일,경상남도 사천시 곤명면,경상사고,0,0,2,0,차대차 - 기타,안전운전불이행,건조,맑음,교차로 - 교차로안,화물,남,52세,기타불명,화물,남,75세,경상
2012050800100264,2012년 5월 8일 13시,화요일,경상남도 밀양시 내이동,경상사고,0,0,2,1,차대차 - 측면직각충돌,안전운전불이행,건조,맑음,교차로 - 교차로안,승용,여,56세,상해없음,승용,남,50세,상해없음
2012050800100294,2012년 5월 8일 14시,화요일,경상남도 함안군 군북면,중상사고,0,2,0,0,차대차 - 추돌 - 주정차중,안전운전불이행,건조,맑음,교차로 - 교차로부근,건설기계,남,42세,상해없음,건설기계,남,37세,상해없음
2012050800100295,2012년 5월 8일 14시,화요일,경상남도 함안군 산인면,중상사고,0,1,2,0,차대차 - 기타,기타,건조,맑음,단일로 - 기타,기타불명,기타불명,기타불명,기타불명,화물,남,38세,중상
2012050800100332,2012년 5월 8일 15시,화요일,경상남도 김해시 불암동,중상사고,0,2,1,0,차대차 - 추돌 - 주정차중,안전운전불이행,건조,맑음,교차로 - 교차로안,승용,남,41세,상해없음,승용,남,39세,중상
2012050800100333,2012년 5월 8일 15시,화요일,경상남도 함양군 안의면,경상사고,0,0,1,0,차대차 - 측면직각충돌,차로위반,건조,맑음,단일로 - 기타,원동기,남,50세,상해없음,이륜,남,34세,경상
2012050800100334,2012년 5월 8일 15시,화요일,경상남도 하동군 금남면,중상사고,0,1,0,0,차대차 - 정면충돌,중앙선침범,건조,맑음,단일로 - 기타,승용,여,44세,상해없음,승용,남,58세,상해없음
2012050800100368,2012년 5월 8일 16시,화요일,경상남도 창원시 마산합포구 진동면,경상사고,0,0,1,0,차대차 - 측면직각충돌,안전운전불이행,건조,맑음,교차로 - 교차로안,승용,남,73세,기타불명,승용,여,49세,상해없음
2012050800100369,2012년 5월 8일 16시,화요일,경상남도 창녕군 창녕읍,중상사고,0,1,0,0,차대사람 - 기타,안전운전불이행,건조,맑음,단일로 - 기타,승용,여,36세,상해없음,보행자,여,80세,중상
2012050800100370,2012년 5월 8일 16시,화요일,경상남도 고성군 동해면,중상사고,0,1,0,0,차대사람 - 기타,안전운전불이행,건조,맑음,기타 - 기타,승용,남,67세,상해없음,보행자,여,73세,중상
2012050800100371,2012년 5월 8일 16시,화요일,경상남도 김해시 장유면,중상사고,0,1,0,0,차대사람 - 차도통행중,안전운전불이행,건조,맑음,단일로 - 기타,승합,남,58세,상해없음,보행자,남,13세,중상
2012050800100372,2012년 5월 8일 16시,화요일,경상남도 김해시 장유면,중상사고,0,1,0,0,차대차 - 측면직각충돌,안전운전불이행,건조,맑음,단일로 - 기타,화물,남,29세,상해없음,원동기,남,68세,중상
2012050800100406,2012년 5월 8일 17시,화요일,경상남도 창원시 마산합포구 진북면,중상사고,0,1,2,0,차대차 - 정면충돌,중앙선침범,건조,맑음,단일로 - 기타,승용,남,68세,상해없음,승용,여,33세,중상
2012050800100407,2012년 5월 8일 17시,화요일,경상남도 진주시 신안동,중상사고,0,3,0,0,차대차 - 추돌 - 주정차중,안전운전불이행,건조,맑음,단일로 - 기타,승용,남,63세,상해없음,승용,여,40세,중상
2012050800100408,2012년 5월 8일 17시,화요일,경상남도 양산시 중부동,경상사고,0,0,1,0,차대차 - 측면직각충돌,안전운전불이행,건조,흐림,교차로 - 교차로부근,승용,남,45세,상해없음,자전거,남,41세,경상
2012050800100409,2012년 5월 8일 17시,화요일,경상남도 산청군 금서면,경상사고,0,0,1,0,차대사람 - 횡단중,안전운전불이행,건조,맑음,교차로 - 교차로안,화물,남,58세,상해없음,보행자,남,72세,경상
2012050800100410,2012년 5월 8일 17시,화요일,경상남도 창원시 의창구 동읍,중상사고,0,2,0,0,차대차 - 기타,교차로운행방법위반,건조,맑음,교차로 - 교차로안,승용,남,50세,상해없음,승용,남,49세,중상
2012050800100411,2012년 5월 8일 17시,화요일,경상남도 김해시 진영읍,경상사고,0,0,1,0,차대차 - 추돌 - 주정차중,안전운전불이행,건조,맑음,단일로 - 기타,원동기,남,42세,상해없음,승용,남,32세,경상
2012050800100454,2012년 5월 8일 18시,화요일,경상남도 사천시 서포면,중상사고,0,1,0,0,차대차 - 기타,직진우회전진행방해,건조,맑음,교차로 - 교차로안,승용,남,63세,상해없음,화물,여,56세,중상
2012050800100455,2012년 5월 8일 18시,화요일,경상남도 김해시 안동,경상사고,0,0,1,0,차대차 - 측면직각충돌,교차로운행방법위반,건조,맑음,교차로 - 교차로안,화물,남,63세,상해없음,승용,남,35세,경상
2012050800100456,2012년 5월 8일 18시,화요일,경상남도 양산시 삼호동,경상사고,0,0,1,0,차대차 - 추돌 - 주정차중,안전운전불이행,건조,맑음,교차로 - 교차로부근,승용,남,42세,기타불명,승용,남,65세,경상
2012050800100492,2012년 5월 8일 19시,화요일,경상남도 양산시 평산동,중상사고,0,1,0,0,차대사람 - 횡단중,안전운전불이행,건조,맑음,교차로 - 교차로부근,승용,남,36세,상해없음,보행자,여,25세,중상
2012050800100494,2012년 5월 8일 19시,화요일,경상남도 거제시 옥포동,경상사고,0,0,1,0,차대차 - 추돌 - 진행중,안전거리미확보,건조,맑음,교차로 - 교차로부근,승용,남,28세,상해없음,승용,여,63세,경상
2012050800100495,2012년 5월 8일 19시,화요일,경상남도 창원시 마산회원구 양덕동,부상신고사고,0,0,0,1,차대차 - 기타,안전운전불이행,건조,맑음,단일로 - 기타,이륜,여,27세,부상신고,승용,여,41세,상해없음
2012050800100580,2012년 5월 8일 21시,화요일,경상남도 통영시 북신동,경상사고,0,0,1,0,차대차 - 추돌 - 주정차중,안전운전불이행,건조,맑음,단일로 - 기타,승용,남,59세,상해없음,승용,남,35세,경상
2012050800100581,2012년 5월 8일 21시,화요일,경상남도 양산시 중부동,중상사고,0,1,0,0,차대사람 - 횡단중,안전운전불이행,습기,비,교차로 - 교차로부근,승용,남,35세,상해없음,보행자,남,13세,중상
2012050800100614,2012년 5월 8일 22시,화요일,경상남도 진주시 신안동,중상사고,0,1,0,0,차대사람 - 횡단중,안전운전불이행,건조,맑음,단일로 - 기타,승용,남,57세,상해없음,보행자,남,70세,중상
2012050800100615,2012년 5월 8일 22시,화요일,경상남도 통영시 용남면,중상사고,0,1,2,0,차대차 - 정면충돌,중앙선침범,건조,맑음,단일로 - 기타,승용,여,57세,상해없음,승용,남,48세,경상
2012050800100616,2012년 5월 8일 22시,화요일,경상남도 창원시 마산합포구 산호동,중상사고,0,1,0,0,차대사람 - 횡단중,안전운전불이행,건조,맑음,교차로 - 교차로안,승용,남,51세,상해없음,보행자,남,46세,중상
2012050800100646,2012년 5월 8일 23시,화요일,경상남도 김해시 한림면,중상사고,0,1,2,0,차대차 - 추돌 - 주정차중,안전운전불이행,습기,비,교차로 - 교차로부근,승용,남,27세,상해없음,승용,남,46세,경상
2012050800100647,2012년 5월 8일 23시,화요일,경상남도 김해시 장유면,중상사고,0,1,0,0,차대차 - 기타,안전운전불이행,습기,비,교차로 - 교차로부근,승용,남,44세,상해없음,승용,남,31세,중상
2012050900100011,2012년 5월 9일 00시,수요일,경상남도 창원시 마산합포구 월포동,부상신고사고,0,0,0,1,차대차 - 기타,안전운전불이행,습기,비,단일로 - 기타,승용,남,34세,상해없음,승용,남,42세,상해없음
2012050900100012,2012년 5월 9일 00시,수요일,경상남도 김해시 동상동,경상사고,0,0,2,0,차대차 - 추돌 - 진행중,안전거리미확보,습기,비,교차로 - 교차로안,승용,남,54세,상해없음,승용,남,32세,경상
2012050900100024,2012년 5월 9일 01시,수요일,경상남도 거창군 남상면,사망사고,1,0,0,0,차대차 - 추돌 - 진행중,안전운전불이행,건조,흐림,단일로 - 기타,승용,남,29세,사망,화물,남,38세,상해없음
2012050900100039,2012년 5월 9일 03시,수요일,경상남도 양산시 다방동,경상사고,0,0,1,0,차대차 - 측면직각충돌,신호위반,건조,흐림,교차로 - 교차로안,승용,여,39세,기타불명,승용,남,25세,경상
2012050900100044,2012년 5월 9일 04시,수요일,경상남도 양산시 덕계동,중상사고,0,2,0,0,차대차 - 기타,교차로운행방법위반,건조,맑음,교차로 - 교차로안,승용,남,50세,기타불명,승용,남,64세,중상
2012050900100061,2012년 5월 9일 06시,수요일,경상남도 창원시 진해구 여좌동,경상사고,0,0,2,0,차량단독 - 공작물충돌,안전운전불이행,건조,맑음,교차로 - 교차로부근,승용,남,69세,상해없음,,,,
2012050900100062,2012년 5월 9일 06시,수요일,경상남도 김해시 안동,경상사고,0,0,1,0,차대차 - 기타,안전운전불이행,건조,맑음,단일로 - 기타,화물,남,62세,상해없음,원동기,남,64세,경상
2012050900100092,2012년 5월 9일 07시,수요일,경상남도 창원시 의창구 팔용동,중상사고,0,1,0,0,차대차 - 기타,안전거리미확보,건조,맑음,단일로 - 기타,승용,남,30세,상해없음,승용,여,42세,중상
2012050900100093,2012년 5월 9일 07시,수요일,경상남도 통영시 광도면,중상사고,0,1,0,0,차대차 - 추돌 - 진행중,안전운전불이행,건조,맑음,단일로 - 터널,승용,남,33세,상해없음,승용,남,64세,중상
2012050900100128,2012년 5월 9일 08시,수요일,경상남도 양산시 중부동,중상사고,0,1,0,0,차대차 - 기타,신호위반,건조,맑음,교차로 - 교차로부근,승용,남,62세,상해없음,자전거,여,40세,중상
2012050900100129,2012년 5월 9일 08시,수요일,경상남도 함안군 칠원면,중상사고,0,1,1,0,차대차 - 추돌 - 주정차중,안전운전불이행,건조,맑음,단일로 - 기타,화물,남,63세,상해없음,승용,남,55세,중상
2012050900100130,2012년 5월 9일 08시,수요일,경상남도 창원시 성산구 사파동,중상사고,0,1,0,0,차대차 - 측면직각충돌,안전운전불이행,건조,맑음,기타 - 기타,승용,남,50세,상해없음,자전거,여,52세,중상
2012050900100168,2012년 5월 9일 09시,수요일,경상남도 밀양시 삼랑진읍,경상사고,0,0,1,0,차대차 - 기타,안전운전불이행,건조,맑음,교차로 - 교차로부근,화물,남,63세,상해없음,이륜,남,49세,경상
2012050900100214,2012년 5월 9일 11시,수요일,경상남도 양산시 신기동,중상사고,0,2,0,0,차대차 - 측면직각충돌,신호위반,건조,맑음,교차로 - 교차로안,승합,남,56세,상해없음,화물,여,42세,중상
2012050900100215,2012년 5월 9일 11시,수요일,경상남도 하동군 하동읍,중상사고,0,1,0,0,차대차 - 측면직각충돌,안전운전불이행,건조,맑음,단일로 - 기타,승용,남,49세,상해없음,원동기,남,65세,중상
2012050900100248,2012년 5월 9일 12시,수요일,경상남도 창원시 마산합포구 해운동,경상사고,0,0,1,0,차대차 - 측면직각충돌,안전거리미확보,건조,맑음,단일로 - 기타,승용,남,34세,상해없음,승용,남,57세,경상
2012050900100249,2012년 5월 9일 12시,수요일,경상남도 밀양시 상남면,경상사고,0,0,1,0,차대차 - 측면직각충돌,안전운전불이행,건조,맑음,교차로 - 교차로안,승용,남,29세,상해없음,자전거,여,25세,경상
2012050900100250,2012년 5월 9일 12시,수요일,경상남도 함양군 함양읍,경상사고,0,0,1,0,차대차 - 기타,교차로운행방법위반,건조,맑음,교차로 - 교차로안,화물,남,56세,상해없음,원동기,여,58세,경상
2012050900100274,2012년 5월 9일 13시,수요일,경상남도 합천군 가회면,사망사고,1,0,0,0,차량단독 - 도로외이탈 - 기타,안전운전불이행,건조,맑음,단일로 - 기타,원동기,남,69세,사망,,,,
2012050900100275,2012년 5월 9일 13시,수요일,경상남도 창원시 의창구 팔용동,경상사고,0,0,1,0,차대차 - 정면충돌,교차로운행방법위반,건조,맑음,교차로 - 교차로안,승용,남,67세,상해없음,이륜,남,30세,경상
2012050900100276,2012년 5월 9일 13시,수요일,경상남도 김해시 진영읍,중상사고,0,1,1,0,차대차 - 추돌 - 주정차중,안전거리미확보,건조,맑음,교차로 - 교차로부근,승용,여,55세,상해없음,승용,여,40세,중상
2012050900100301,2012년 5월 9일 14시,수요일,경상남도 사천시 송포동,경상사고,0,0,2,0,차량단독 - 기타,안전운전불이행,건조,맑음,단일로 - 교량,승용,여,60세,경상,,,,
2012050900100302,2012년 5월 9일 14시,수요일,경상남도 사천시 선구동,중상사고,0,1,0,0,차대사람 - 차도통행중,안전운전불이행,건조,맑음,교차로 - 교차로안,승용,여,44세,상해없음,보행자,여,55세,중상
2012050900100304,2012년 5월 9일 14시,수요일,경상남도 함안군 대산면,중상사고,0,1,0,0,차대사람 - 횡단중,안전운전불이행,건조,맑음,단일로 - 기타,승용,여,30세,상해없음,보행자,남,6세,중상
2012050900100368,2012년 5월 9일 16시,수요일,경상남도 함양군 함양읍,부상신고사고,0,0,0,1,차대차 - 기타,안전운전불이행,건조,맑음,단일로 - 기타,화물,남,54세,상해없음,화물,남,45세,부상신고
2012050900100369,2012년 5월 9일 16시,수요일,경상남도 양산시 상북면,중상사고,0,1,1,0,차대차 - 측면직각충돌,차로위반,건조,맑음,교차로 - 교차로부근,원동기,남,48세,상해없음,승용,여,31세,경상
2012050900100370,2012년 5월 9일 16시,수요일,경상남도 거제시 아주동,경상사고,0,0,1,0,차대차 - 측면직각충돌,차로위반,건조,맑음,단일로 - 기타,승용,남,55세,상해없음,승용,남,46세,경상
2012050900100371,2012년 5월 9일 16시,수요일,경상남도 창원시 성산구 웅남동,중상사고,0,1,0,0,차대차 - 측면직각충돌,신호위반,건조,맑음,교차로 - 교차로안,화물,남,32세,상해없음,승용,남,45세,중상
2012050900100372,2012년 5월 9일 16시,수요일,경상남도 창원시 의창구 팔용동,중상사고,0,1,0,0,차대차 - 측면직각충돌,안전운전불이행,건조,맑음,교차로 - 교차로안,승합,남,57세,상해없음,자전거,남,59세,중상
2012050900100404,2012년 5월 9일 17시,수요일,경상남도 거제시 수월동,경상사고,0,0,1,0,차대사람 - 기타,기타,건조,맑음,단일로 - 기타,승합,남,45세,기타불명,보행자,남,6세,경상
2012050900100442,2012년 5월 9일 18시,수요일,경상남도 진주시 봉곡동,경상사고,0,0,1,0,차대사람 - 차도통행중,중앙선침범,건조,맑음,단일로 - 기타,기타불명,기타불명,기타불명,기타불명,보행자,여,56세,경상
2012050900100443,2012년 5월 9일 18시,수요일,경상남도 밀양시 삼문동,중상사고,0,1,2,0,차대차 - 추돌 - 주정차중,안전운전불이행,건조,맑음,교차로 - 교차로안,건설기계,남,34세,상해없음,승용,여,38세,중상
2012050900100525,2012년 5월 9일 20시,수요일,경상남도 창원시 진해구 경화동,중상사고,0,1,0,0,차대차 - 추돌 - 진행중,안전운전불이행,건조,맑음,교차로 - 교차로부근,승용,남,37세,상해없음,원동기,여,63세,중상
2012050900100526,2012년 5월 9일 20시,수요일,경상남도 거창군 거창읍,경상사고,0,0,1,0,차대차 - 추돌 - 주정차중,안전운전불이행,건조,맑음,단일로 - 기타,자전거,남,70세,경상,화물,남,37세,기타불명
2012050900100563,2012년 5월 9일 21시,수요일,경상남도 창원시 마산합포구 우산동,사망사고,1,0,0,0,차대차 - 추돌 - 진행중,안전운전불이행,건조,맑음,교차로 - 교차로부근,승용,남,43세,상해없음,화물,남,54세,사망
2012050900100564,2012년 5월 9일 21시,수요일,경상남도 창원시 마산합포구 우산동,경상사고,0,0,1,0,차대차 - 추돌 - 진행중,안전거리미확보,건조,맑음,교차로 - 교차로부근,승용,남,35세,상해없음,승용,남,26세,경상
2012050900100565,2012년 5월 9일 21시,수요일,경상남도 사천시 사천읍,경상사고,0,0,1,0,차대차 - 기타,안전운전불이행,건조,맑음,단일로 - 기타,자전거,여,80세,경상,승용,여,56세,상해없음
2012050900100566,2012년 5월 9일 21시,수요일,경상남도 밀양시 삼문동,사망사고,1,0,0,0,차대사람 - 횡단중,보행자보호의무위반,건조,맑음,교차로 - 교차로안,승용,남,40세,상해없음,보행자,여,82세,사망
2012050900100567,2012년 5월 9일 21시,수요일,경상남도 거제시 장평동,중상사고,0,1,1,0,차대차 - 측면직각충돌,신호위반,건조,맑음,교차로 - 교차로부근,승용,남,33세,상해없음,이륜,남,34세,경상