사고번호,사고일시,요일,시군구,사고내용,사망자수,중상자수,경상자수,부상신고자수,사고유형,법규위반,노면상태,기상상태,도로형태,가해운전자 차종,가해운전자 성별,가해운전자 연령,가해운전자 상해정도,피해운전자 차종,피해운전자 성별,피해운전자 연령,피해운전자 상해정도
2012050900100597,2012년 5월 9일 22시,수요일,경상남도 창원시 마산합포구 진북면,중상사고,0,1,0,0,차대사람 - 기타,안전운전불이행,건조,맑음,단일로 - 기타,화물,남,46세,상해없음,보행자,여,58세,중상
2012050900100598,2012년 5월 9일 22시,수요일,경상남도 창원시 진해구 석동,경상사고,0,0,1,0,차대차 - 추돌 - 주정차중,안전운전불이행,건조,맑음,단일로 - 터널,승용,남,28세,상해없음,승용,여,48세,경상
2012050900100599,2012년 5월 9일 22시,수요일,경상남도 양산시 상북면,경상사고,0,0,1,0,차대차 - 추돌 - 진행중,안전운전불이행,건조,맑음,교차로 - 교차로안,화물,남,43세,상해없음,승용,남,29세,경상
2012050900100607,2012년 5월 9일 23시,수요일,경상남도 창원시 마산회원구 봉암동,중상사고,0,1,3,0,차대차 - 추돌 - 진행중,안전운전불이행,건조,맑음,단일로 - 기타,승용,남,30세,상해없음,승용,남,45세,경상
2012050900100608,2012년 5월 9일 23시,수요일,경상남도 김해시 주촌면,중상사고,0,1,0,0,차대차 - 기타,신호위반,건조,맑음,교차로 - 교차로안,승용,남,57세,상해없음,승용,남,32세,중상
2012051000100019,2012년 5월 10일 00시,목요일,경상남도 창원시 마산회원구 양덕동,경상사고,0,0,1,0,차대사람 - 횡단중,안전운전불이행,건조,맑음,단일로 - 횡단보도상,이륜,남,39세,상해없음,보행자,남,45세,경상
2012051000100040,2012년 5월 10일 01시,목요일,경상남도 김해시 불암동,부상신고사고,0,0,0,1,차대차 - 추돌 - 주정차중,안전운전불이행,건조,맑음,단일로 - 기타,원동기,남,61세,부상신고,승용,남,58세,기타불명
2012051000100041,2012년 5월 10일 01시,목요일,경상남도 창원시 의창구 소답동,중상사고,0,1,0,0,차대사람 - 횡단중,안전운전불이행,건조,맑음,단일로 - 횡단보도상,승용,남,20세,상해없음,보행자,남,26세,중상
2012051000100054,2012년 5월 10일 02시,목요일,경상남도 창원시 마산합포구 추산동,중상사고,0,1,0,0,차대사람 - 횡단중,안전운전불이행,건조,맑음,교차로 - 교차로부근,승용,남,58세,상해없음,보행자,남,44세,중상
2012051000100089,2012년 5월 10일 05시,목요일,경상남도 김해시 어방동,중상사고,0,2,0,0,차대차 - 측면직각충돌,신호위반,건조,흐림,교차로 - 교차로안,승용,남,27세,상해없음,승용,남,60세,중상
2012051000100090,2012년 5월 10일 05시,목요일,경상남도 창원시 성산구 상남동,경상사고,0,0,1,0,차대차 - 추돌 - 주정차중,안전운전불이행,건조,흐림,교차로 - 교차로안,승용,남,24세,상해없음,승용,남,60세,경상
2012051000100102,2012년 5월 10일 06시,목요일,경상남도 창원시 의창구 두대동,경상사고,0,0,1,0,차대차 - 추돌 - 진행중,안전운전불이행,건조,맑음,교차로 - 교차로부근,승용,남,37세,상해없음,승용,남,55세,경상
2012051000100126,2012년 5월 10일 07시,목요일,경상남도 진주시 금곡면,경상사고,0,0,1,0,차대차 - 측면직각충돌,직진우회전진행방해,건조,맑음,교차로 - 교차로안,승용,남,49세,상해없음,승용,남,44세,경상
2012051000100167,2012년 5월 10일 08시,목요일,경상남도 창원시 진해구 남양동,중상사고,0,1,0,0,차대사람 - 차도통행중,안전운전불이행,건조,맑음,교차로 - 교차로안,화물,남,39세,상해없음,보행자,남,23세,중상
2012051000100198,2012년 5월 10일 09시,목요일,경상남도 창원시 마산합포구 오동동,경상사고,0,0,1,0,차대차 - 추돌 - 진행중,신호위반,건조,맑음,교차로 - 교차로부근,승용,여,41세,상해없음,승용,여,50세,경상
2012051000100199,2012년 5월 10일 09시,목요일,경상남도 창원시 진해구 충무동,중상사고,0,1,2,0,차대차 - 기타,안전거리미확보,건조,맑음,교차로 - 교차로안,승용,여,37세,상해없음,승용,남,35세,경상
2012051000100200,2012년 5월 10일 09시,목요일,경상남도 함안군 칠서면,중상사고,0,3,0,0,차대차 - 측면직각충돌,안전운전불이행,건조,맑음,교차로 - 교차로부근,화물,남,61세,상해없음,이륜,남,73세,중상
2012051000100201,2012년 5월 10일 09시,목요일,경상남도 김해시 진례면,중상사고,0,1,0,0,차대차 - 측면직각충돌,교차로운행방법위반,건조,맑음,교차로 - 교차로안,화물,남,41세,상해없음,승용,남,26세,중상
2012051000100230,2012년 5월 10일 10시,목요일,경상남도 김해시 어방동,경상사고,0,0,1,0,차대차 - 측면직각충돌,안전운전불이행,건조,맑음,교차로 - 교차로안,승용,여,53세,상해없음,승용,남,47세,경상
2012051000100231,2012년 5월 10일 10시,목요일,경상남도 창녕군 창녕읍,중상사고,0,2,0,0,차대차 - 측면직각충돌,안전운전불이행,건조,맑음,단일로 - 기타,원동기,남,64세,중상,화물,남,45세,상해없음
2012051000100232,2012년 5월 10일 10시,목요일,경상남도 김해시 한림면,부상신고사고,0,0,0,1,차대차 - 기타,안전운전불이행,건조,맑음,교차로 - 교차로안,승용,여,26세,부상신고,화물,남,31세,상해없음
2012051000100257,2012년 5월 10일 11시,목요일,경상남도 창원시 진해구 이동,중상사고,0,2,0,0,차대차 - 측면직각충돌,교차로운행방법위반,건조,맑음,교차로 - 교차로안,승용,남,41세,상해없음,승용,여,20세,중상
2012051000100258,2012년 5월 10일 11시,목요일,경상남도 의령군 궁류면,중상사고,0,1,0,0,차량단독 - 도로외이탈 - 추락,안전운전불이행,건조,맑음,단일로 - 기타,농기계,남,71세,중상,,,,
2012051000100284,2012년 5월 10일 12시,목요일,경상남도 김해시 한림면,부상신고사고,0,0,0,1,차대차 - 측면직각충돌,차로위반,건조,맑음,단일로 - 기타,이륜,남,52세,부상신고,승용,여,45세,상해없음
2012051000100311,2012년 5월 10일 13시,목요일,경상남도 통영시 정량동,경상사고,0,0,1,0,차대사람 - 횡단중,보행자보호의무위반,건조,맑음,단일로 - 기타,원동기,남,39세,상해없음,보행자,여,40세,경상
2012051000100312,2012년 5월 10일 13시,목요일,경상남도 김해시 내동,중상사고,0,1,0,0,차대사람 - 횡단중,보행자보호의무위반,건조,맑음,단일로 - 기타,승용,여,40세,상해없음,보행자,남,46세,중상
2012051000100334,2012년 5월 10일 14시,목요일,경상남도 양산시 평산동,중상사고,0,1,0,0,차대사람 - 횡단중,안전운전불이행,건조,맑음,교차로 - 교차로안,화물,남,51세,상해없음,보행자,여,8세,중상
2012051000100335,2012년 5월 10일 14시,목요일,경상남도 양산시 물금읍,경상사고,0,0,2,1,차대차 - 추돌 - 주정차중,안전거리미확보,건조,맑음,교차로 - 교차로부근,승용,남,39세,상해없음,승용,남,50세,부상신고
2012051000100367,2012년 5월 10일 15시,목요일,경상남도 창녕군 창녕읍,경상사고,0,0,1,1,차대차 - 측면직각충돌,불법유턴,건조,맑음,교차로 - 교차로안,승용,남,41세,부상신고,승용,여,56세,경상
2012051000100368,2012년 5월 10일 15시,목요일,경상남도 함양군 함양읍,경상사고,0,0,1,0,차대사람 - 보도통행중,안전운전불이행,건조,맑음,단일로 - 횡단보도상,승합,남,52세,상해없음,보행자,남,11세,경상
2012051000100369,2012년 5월 10일 15시,목요일,경상남도 창원시 의창구 명서동,중상사고,0,1,0,0,차대차 - 기타,안전거리미확보,건조,맑음,교차로 - 교차로부근,승합,남,43세,상해없음,승용,남,47세,상해없음
2012051000100406,2012년 5월 10일 16시,목요일,경상남도 고성군 고성읍,중상사고,0,1,0,0,차대사람 - 횡단중,안전운전불이행,건조,맑음,교차로 - 교차로부근,승용,남,37세,상해없음,보행자,남,7세,중상
2012051000100438,2012년 5월 10일 17시,목요일,경상남도 밀양시 교동,중상사고,0,2,1,0,차대차 - 측면직각충돌,중앙선침범,건조,흐림,교차로 - 교차로안,화물,남,46세,경상,승용,남,53세,중상
2012051000100439,2012년 5월 10일 17시,목요일,경상남도 김해시 삼정동,경상사고,0,0,1,0,차대차 - 추돌 - 주정차중,안전거리미확보,건조,맑음,단일로 - 기타,승용,남,45세,상해없음,승용,여,29세,경상
2012051000100440,2012년 5월 10일 17시,목요일,경상남도 거제시 고현동,중상사고,0,1,1,0,차대차 - 측면직각충돌,교차로운행방법위반,건조,맑음,교차로 - 교차로안,승용,여,30세,상해없음,승용,여,57세,경상
2012051000100441,2012년 5월 10일 17시,목요일,경상남도 김해시 장유면,중상사고,0,1,2,0,차대차 - 측면직각충돌,교차로운행방법위반,건조,맑음,교차로 - 교차로안,승용,여,43세,중상,승용,여,50세,경상
2012051000100481,2012년 5월 10일 18시,목요일,경상남도 김해시 동상동,경상사고,0,0,1,0,차대차 - 추돌 - 주정차중,안전운전불이행,건조,맑음,단일로 - 기타,이륜,남,52세,상해없음,이륜,여,29세,경상
2012051000100482,2012년 5월 10일 18시,목요일,경상남도 양산시 상북면,부상신고사고,0,0,0,1,차대차 - 측면직각충돌,안전운전불이행,건조,맑음,단일로 - 기타,원동기,여,69세,부상신고,승용,여,52세,상해없음
2012051000100517,2012년 5월 10일 19시,목요일,경상남도 양산시 삼호동,중상사고,0,1,2,0,차대차 - 측면직각충돌,직진우회전진행방해,건조,맑음,교차로 - 교차로안,승용,남,59세,상해없음,승용,여,40세,중상
2012051000100518,2012년 5월 10일 19시,목요일,경상남도 고성군 하이면,중상사고,0,1,0,0,차대차 - 측면직각충돌,안전운전불이행,건조,맑음,교차로 - 교차로안,승용,남,71세,상해없음,화물,남,45세,중상
2012051000100519,2012년 5월 10일 19시,목요일,경상남도 창원시 의창구 봉곡동,중상사고,0,1,0,0,차대차 - 기타,신호위반,건조,맑음,단일로 - 기타,화물,남,55세,상해없음,이륜,남,26세,중상
2012051000100520,2012년 5월 10일 19시,목요일,경상남도 김해시 주촌면,중상사고,0,2,1,0,차대차 - 측면직각충돌,교차로운행방법위반,건조,맑음,교차로 - 교차로안,승용,남,57세,중상,승용,남,49세,경상
2012051000100561,2012년 5월 10일 20시,목요일,경상남도 거제시 사등면,중상사고,0,2,0,0,차대차 - 기타,안전운전불이행,건조,맑음,단일로 - 기타,승용,남,44세,상해없음,승용,남,33세,중상
2012051000100562,2012년 5월 10일 20시,목요일,경상남도 의령군 의령읍,중상사고,0,1,0,0,차대차 - 측면직각충돌,안전운전불이행,건조,맑음,교차로 - 교차로안,화물,남,44세,상해없음,원동기,여,25세,중상
2012051000100616,2012년 5월 10일 22시,목요일,경상남도 김해시 진영읍,중상사고,0,1,0,0,차대차 - 기타,중앙선침범,건조,맑음,교차로 - 교차로부근,기타불명,기타불명,기타불명,기타불명,원동기,남,44세,중상
2012051000100649,2012년 5월 10일 23시,목요일,경상남도 창원시 진해구 풍호동,경상사고,0,0,1,0,차대차 - 기타,직진우회전진행방해,건조,맑음,교차로 - 교차로안,승용,남,40세,상해없음,승용,남,62세,경상
2012051000100650,2012년 5월 10일 23시,목요일,경상남도 김해시 구산동,경상사고,0,0,2,0,차대차 - 측면직각충돌,안전운전불이행,건조,맑음,단일로 - 기타,승용,여,38세,상해없음,화물,남,55세,경상
2012051000100651,2012년 5월 10일 23시,목요일,경상남도 김해시 장유면,중상사고,0,1,0,0,차대차 - 추돌 - 주정차중,안전운전불이행,건조,맑음,단일로 - 기타,원동기,남,45세,중상,승용,남,27세,상해없음
2012051100100017,2012년 5월 11일 00시,금요일,경상남도 진주시 상대동,중상사고,0,1,0,0,차대차 - 측면직각충돌,신호위반,건조,맑음,교차로 - 교차로안,승용,남,33세,기타불명,승용,남,30세,중상
2012051100100084,2012년 5월 11일 04시,금요일,경상남도 진주시 호탄동,중상사고,0,1,0,0,차대차 - 측면직각충돌,안전운전불이행,건조,맑음,교차로 - 교차로부근,승용,남,44세,상해없음,승용,남,68세,중상
2012051100100111,2012년 5월 11일 06시,금요일,경상남도 양산시 신기동,경상사고,0,0,1,0,차대차 - 측면직각충돌,신호위반,건조,맑음,교차로 - 교차로안,승용,남,56세,상해없음,승용,남,36세,경상
2012051100100112,2012년 5월 11일 06시,금요일,경상남도 진주시 명석면,경상사고,0,0,1,0,차대차 - 기타,안전운전불이행,건조,맑음,단일로 - 기타,화물,남,50세,상해없음,화물,남,40세,경상
2012051100100135,2012년 5월 11일 07시,금요일,경상남도 김해시 삼정동,경상사고,0,0,1,0,차대차 - 측면직각충돌,안전운전불이행,건조,맑음,단일로 - 기타,승용,남,36세,상해없음,승용,남,57세,경상
2012051100100136,2012년 5월 11일 07시,금요일,경상남도 거제시 옥포동,경상사고,0,0,1,0,차대차 - 기타,안전운전불이행,건조,맑음,교차로 - 교차로부근,승용,남,41세,상해없음,이륜,남,42세,경상
2012051100100164,2012년 5월 11일 08시,금요일,경상남도 통영시 미수동,중상사고,0,1,1,0,차대차 - 추돌 - 진행중,안전운전불이행,건조,맑음,교차로 - 교차로안,승용,남,41세,상해없음,승용,남,48세,경상
2012051100100165,2012년 5월 11일 08시,금요일,경상남도 김해시 부원동,사망사고,1,0,0,0,차대차 - 측면직각충돌,신호위반,건조,맑음,교차로 - 교차로안,이륜,남,76세,사망,승용,남,43세,상해없음
2012051100100166,2012년 5월 11일 08시,금요일,경상남도 김해시 내동,중상사고,0,1,0,0,차대차 - 추돌 - 주정차중,안전거리미확보,건조,맑음,단일로 - 기타,승용,남,55세,상해없음,승용,여,40세,중상
2012051100100167,2012년 5월 11일 08시,금요일,경상남도 창녕군 창녕읍,중상사고,0,1,0,0,차대차 - 측면직각충돌,안전운전불이행,건조,맑음,교차로 - 교차로부근,승합,남,57세,상해없음,자전거,여,75세,중상
2012051100100202,2012년 5월 11일 09시,금요일,경상남도 밀양시 상남면,중상사고,0,1,0,0,차대차 - 측면직각충돌,교차로운행방법위반,건조,맑음,교차로 - 교차로안,승용,남,35세,상해없음,이륜,남,77세,중상
2012051100100217,2012년 5월 11일 10시,금요일,경상남도 창녕군 남지읍,중상사고,0,1,0,0,차대사람 - 기타,안전운전불이행,건조,맑음,단일로 - 기타,승합,남,50세,상해없음,보행자,여,63세,중상
2012051100100239,2012년 5월 11일 11시,금요일,경상남도 진주시 평거동,중상사고,0,1,0,0,차대사람 - 횡단중,보행자보호의무위반,건조,맑음,교차로 - 교차로부근,자전거,남,57세,상해없음,보행자,여,66세,중상
2012051100100240,2012년 5월 11일 11시,금요일,경상남도 창원시 마산회원구 양덕동,중상사고,0,1,0,0,차대차 - 기타,중앙선침범,건조,맑음,단일로 - 기타,승용,여,53세,상해없음,화물,남,42세,중상
2012051100100241,2012년 5월 11일 11시,금요일,경상남도 창원시 마산회원구 구암동,중상사고,0,1,0,0,차대차 - 기타,안전운전불이행,건조,맑음,단일로 - 기타,승용,여,25세,상해없음,자전거,여,57세,중상
2012051100100304,2012년 5월 11일 13시,금요일,경상남도 창원시 마산합포구 반월동,경상사고,0,0,2,0,차대차 - 추돌 - 주정차중,안전운전불이행,건조,맑음,단일로 - 기타,승용,남,51세,상해없음,승용,여,55세,경상
2012051100100305,2012년 5월 11일 13시,금요일,경상남도 통영시 동호동,중상사고,0,2,0,0,차대사람 - 횡단중,안전운전불이행,건조,맑음,단일로 - 기타,승합,남,42세,상해없음,보행자,여,13세,중상
2012051100100334,2012년 5월 11일 14시,금요일,경상남도 거제시 장목면,중상사고,0,3,0,0,차대차 - 측면직각충돌,안전운전불이행,건조,맑음,단일로 - 기타,화물,남,28세,상해없음,승용,여,39세,중상
2012051100100335,2012년 5월 11일 14시,금요일,경상남도 창원시 성산구 성주동,경상사고,0,0,2,0,차대차 - 측면직각충돌,안전운전불이행,건조,맑음,교차로 - 교차로안,화물,남,54세,상해없음,승용,여,52세,경상
2012051100100361,2012년 5월 11일 15시,금요일,경상남도 창원시 마산회원구 석전동,경상사고,0,0,2,0,차대차 - 추돌 - 주정차중,안전운전불이행,건조,맑음,단일로 - 기타,승용,남,64세,상해없음,승용,여,34세,경상
2012051100100402,2012년 5월 11일 16시,금요일,경상남도 김해시 내동,중상사고,0,1,1,0,차대차 - 측면직각충돌,안전거리미확보,건조,맑음,단일로 - 기타,화물,남,58세,상해없음,승용,여,57세,중상
2012051100100403,2012년 5월 11일 16시,금요일,경상남도 양산시 물금읍,중상사고,0,1,2,0,차대차 - 측면직각충돌,신호위반,건조,맑음,교차로 - 교차로안,화물,남,57세,상해없음,승용,남,69세,중상
2012051100100404,2012년 5월 11일 16시,금요일,경상남도 고성군 상리면,중상사고,0,1,0,0,차량단독 - 전도전복,안전운전불이행,건조,맑음,단일로 - 기타,화물,여,61세,상해없음,,,,
2012051100100405,2012년 5월 11일 16시,금요일,경상남도 김해시 진례면,중상사고,0,1,0,0,차대차 - 측면직각충돌,중앙선침범,건조,맑음,교차로 - 교차로부근,승합,남,54세,상해없음,승용,남,25세,중상
2012051100100439,2012년 5월 11일 17시,금요일,경상남도 고성군 고성읍,중상사고,0,1,0,0,차대차 - 측면직각충돌,안전운전불이행,건조,맑음,단일로 - 기타,화물,남,47세,상해없음,이륜,여,64세,중상
2012051100100440,2012년 5월 11일 17시,금요일,경상남도 김해시 진례면,중상사고,0,1,0,0,차대차 - 측면직각충돌,교차로운행방법위반,건조,맑음,교차로 - 교차로안,승용,남,46세,상해없음,승용,남,23세,상해없음
2012051100100477,2012년 5월 11일 18시,금요일,경상남도 진주시 판문동,중상사고,0,5,0,0,차대차 - 정면충돌,중앙선침범,건조,맑음,교차로 - 교차로부근,화물,남,45세,중상,승용,남,40세,중상
2012051100100478,2012년 5월 11일 18시,금요일,경상남도 창원시 마산회원구 내서읍,중상사고,0,1,0,0,차대사람 - 기타,안전운전불이행,건조,맑음,단일로 - 기타,승용,남,37세,상해없음,보행자,남,11세,중상
2012051100100479,2012년 5월 11일 18시,금요일,경상남도 창원시 의창구 소답동,중상사고,0,1,0,0,차대사람 - 기타,안전운전불이행,건조,맑음,교차로 - 교차로부근,승용,여,50세,상해없음,보행자,여,50세,중상
2012051100100523,2012년 5월 11일 19시,금요일,경상남도 진주시 옥봉동,중상사고,0,1,0,0,차대차 - 추돌 - 주정차중,안전운전불이행,건조,맑음,교차로 - 교차로안,원동기,남,50세,중상,화물,남,50세,기타불명
2012051100100524,2012년 5월 11일 19시,금요일,경상남도 통영시 정량동,경상사고,0,0,1,0,차대차 - 측면직각충돌,안전운전불이행,건조,맑음,교차로 - 교차로부근,화물,남,48세,상해없음,이륜,남,16세,경상
2012051100100525,2012년 5월 11일 19시,금요일,경상남도 통영시 광도면,경상사고,0,0,1,0,차대차 - 정면충돌,중앙선침범,건조,맑음,단일로 - 기타,승용,남,23세,상해없음,승용,남,59세,상해없음
2012051100100559,2012년 5월 11일 20시,금요일,경상남도 양산시 동면,사망사고,1,0,0,0,차대사람 - 횡단중,과속,건조,맑음,단일로 - 기타,승용,남,35세,상해없음,보행자,남,55세,사망
2012051100100560,2012년 5월 11일 20시,금요일,경상남도 양산시 중부동,중상사고,0,2,2,0,차대차 - 추돌 - 주정차중,안전운전불이행,건조,맑음,교차로 - 교차로부근,승용,남,32세,상해없음,승용,남,35세,경상
2012051100100593,2012년 5월 11일 21시,금요일,경상남도 함양군 안의면,중상사고,0,1,0,0,차대차 - 추돌 - 진행중,안전운전불이행,건조,맑음,단일로 - 기타,승용,남,70세,상해없음,승용,남,28세,중상
2012051100100594,2012년 5월 11일 21시,금요일,경상남도 창원시 마산회원구 합성동,경상사고,0,0,1,0,차대차 - 기타,안전운전불이행,건조,맑음,단일로 - 기타,승용,남,40세,상해없음,자전거,남,23세,경상
2012051100100638,2012년 5월 11일 22시,금요일,경상남도 창원시 마산회원구 구암동,경상사고,0,0,2,0,차대차 - 측면직각충돌,신호위반,건조,맑음,교차로 - 교차로안,승용,남,36세,경상,승용,남,48세,상해없음
2012051100100670,2012년 5월 11일 23시,금요일,경상남도 통영시 문화동,중상사고,0,2,0,0,차대사람 - 차도통행중,안전운전불이행,건조,맑음,단일로 - 기타,원동기,남,23세,중상,보행자,남,50세,중상
2012051200100020,2012년 5월 12일 00시,토요일,경상남도 창원시 성산구 귀산동,중상사고,0,2,0,0,차대차 - 기타,안전운전불이행,건조,맑음,단일로 - 기타,승용,남,60세,상해없음,승용,남,29세,중상
2012051200100065,2012년 5월 12일 02시,토요일,경상남도 밀양시 내이동,경상사고,0,0,2,0,차대차 - 측면직각충돌,안전운전불이행,건조,맑음,교차로 - 교차로안,승용,여,18세,상해없음,승용,남,51세,경상
2012051200100086,2012년 5월 12일 03시,토요일,경상남도 통영시 산양읍,중상사고,0,2,0,0,차량단독 - 도로외이탈 - 기타,안전운전불이행,건조,맑음,단일로 - 기타,원동기,남,15세,중상,,,,
2012051200100144,2012년 5월 12일 06시,토요일,경상남도 통영시 당동,경상사고,0,0,1,0,차대차 - 추돌 - 진행중,안전운전불이행,건조,맑음,단일로 - 기타,자전거,남,42세,경상,승용,남,45세,상해없음
2012051200100162,2012년 5월 12일 07시,토요일,경상남도 김해시 삼계동,중상사고,0,1,0,0,차대차 - 측면직각충돌,중앙선침범,건조,맑음,교차로 - 교차로안,화물,남,31세,상해없음,화물,남,50세,중상
2012051200100209,2012년 5월 12일 09시,토요일,경상남도 통영시 북신동,중상사고,0,1,0,0,차대사람 - 횡단중,안전운전불이행,건조,맑음,교차로 - 교차로부근,승용,여,39세,상해없음,보행자,여,14세,중상
2012051200100210,2012년 5월 12일 09시,토요일,경상남도 사천시 좌룡동,경상사고,0,0,6,0,차대차 - 추돌 - 주정차중,안전운전불이행,건조,맑음,교차로 - 교차로부근,승용,남,36세,상해없음,승용,남,41세,경상
2012051200100211,2012년 5월 12일 09시,토요일,경상남도 양산시 하북면,중상사고,0,2,0,0,차대차 - 기타,교차로운행방법위반,건조,맑음,교차로 - 교차로안,승용,남,36세,기타불명,승합,남,49세,중상
2012051200100281,2012년 5월 12일 11시,토요일,경상남도 사천시 사천읍,경상사고,0,0,1,0,차대차 - 기타,교차로운행방법위반,건조,맑음,교차로 - 교차로안,원동기,남,18세,경상,승용,남,45세,상해없음
2012051200100282,2012년 5월 12일 11시,토요일,경상남도 의령군 의령읍,경상사고,0,0,1,0,차대차 - 측면직각충돌,안전운전불이행,건조,맑음,교차로 - 교차로부근,화물,남,60세,상해없음,승합,남,41세,경상
2012051200100313,2012년 5월 12일 12시,토요일,경상남도 양산시 덕계동,중상사고,0,1,0,0,차대차 - 기타,안전거리미확보,건조,맑음,단일로 - 기타,승용,남,36세,상해없음,승용,여,45세,중상
2012051200100314,2012년 5월 12일 12시,토요일,경상남도 양산시 북정동,중상사고,0,1,0,0,차대차 - 기타,신호위반,건조,맑음,교차로 - 교차로안,승용,남,61세,기타불명,승용,여,40세,중상
2012051200100315,2012년 5월 12일 12시,토요일,경상남도 양산시 신기동,경상사고,0,0,1,0,차대사람 - 횡단중,보행자보호의무위반,건조,맑음,교차로 - 교차로부근,승용,남,43세,기타불명,보행자,여,26세,경상
2012051200100348,2012년 5월 12일 13시,토요일,경상남도 진주시 수곡면,경상사고,0,0,2,0,차대차 - 측면직각충돌,안전운전불이행,건조,맑음,단일로 - 기타,승용,남,46세,상해없음,승용,남,68세,경상
2012051200100349,2012년 5월 12일 13시,토요일,경상남도 창원시 성산구 외동,중상사고,0,1,0,0,차대차 - 측면직각충돌,신호위반,건조,맑음,교차로 - 교차로안,승용,남,68세,상해없음,승용,남,50세,중상
2012051200100382,2012년 5월 12일 14시,토요일,경상남도 통영시 무전동,부상신고사고,0,0,0,1,차대차 - 측면직각충돌,신호위반,건조,맑음,교차로 - 교차로안,이륜,남,17세,부상신고,승용,남,41세,상해없음
2012051200100383,2012년 5월 12일 14시,토요일,경상남도 함양군 함양읍,경상사고,0,0,1,0,차대사람 - 길가장자리구역통행중,안전운전불이행,건조,맑음,단일로 - 기타,승용,남,48세,상해없음,보행자,여,68세,경상
2012051200100412,2012년 5월 12일 15시,토요일,경상남도 거제시 장평동,경상사고,0,0,1,0,차대차 - 측면직각충돌,안전거리미확보,건조,맑음,단일로 - 기타,이륜,남,35세,상해없음,승용,여,29세,경상
2012051200100447,2012년 5월 12일 16시,토요일,경상남도 거창군 거창읍,중상사고,0,1,0,0,차대사람 - 차도통행중,안전운전불이행,건조,맑음,단일로 - 기타,승용,남,60세,상해없음,보행자,여,45세,중상
2012051200100448,2012년 5월 12일 16시,토요일,경상남도 양산시 덕계동,경상사고,0,0,2,0,차대차 - 기타,교차로운행방법위반,건조,맑음,교차로 - 교차로안,원동기,남,17세,기타불명,승용,남,66세,경상
2012051200100449,2012년 5월 12일 16시,토요일,경상남도 창원시 마산회원구 양덕동,부상신고사고,0,0,0,1,차대사람 - 횡단중,안전운전불이행,건조,맑음,교차로 - 교차로안,이륜,남,25세,상해없음,보행자,남,11세,부상신고
2012051200100482,2012년 5월 12일 17시,토요일,경상남도 진주시 망경동,중상사고,0,1,0,0,차대차 - 기타,안전운전불이행,건조,맑음,교차로 - 교차로안,승용,남,67세,상해없음,자전거,남,56세,중상
2012051200100483,2012년 5월 12일 17시,토요일,경상남도 창원시 진해구 석동,경상사고,0,0,2,0,차대차 - 추돌 - 주정차중,안전운전불이행,건조,맑음,단일로 - 터널,승용,여,43세,상해없음,승용,남,38세,경상
2012051200100484,2012년 5월 12일 17시,토요일,경상남도 사천시 용현면,중상사고,0,1,0,0,차대차 - 측면직각충돌,안전운전불이행,건조,맑음,단일로 - 기타,화물,남,53세,상해없음,농기계,남,71세,중상
2012051200100485,2012년 5월 12일 17시,토요일,경상남도 밀양시 상남면,중상사고,0,1,0,0,차대차 - 추돌 - 주정차중,안전운전불이행,건조,맑음,단일로 - 기타,화물,남,55세,상해없음,화물,남,58세,상해없음
2012051200100486,2012년 5월 12일 17시,토요일,경상남도 창원시 의창구 대원동,부상신고사고,0,0,0,1,차대차 - 측면직각충돌,교차로운행방법위반,건조,맑음,교차로 - 교차로부근,승용,남,39세,상해없음,자전거,남,17세,부상신고
2012051200100487,2012년 5월 12일 17시,토요일,경상남도 창원시 성산구 성주동,경상사고,0,0,1,0,차대차 - 측면직각충돌,교차로운행방법위반,건조,맑음,교차로 - 교차로안,승용,남,50세,상해없음,승용,남,55세,경상
2012051200100488,2012년 5월 12일 17시,토요일,경상남도 김해시 진영읍,중상사고,0,1,0,0,차대사람 - 횡단중,보행자보호의무위반,건조,맑음,교차로 - 교차로부근,승용,남,65세,상해없음,보행자,남,64세,중상
2012051200100518,2012년 5월 12일 18시,토요일,경상남도 통영시 광도면,중상사고,0,1,2,0,차대차 - 추돌 - 진행중,안전거리미확보,건조,맑음,교차로 - 교차로안,승용,여,45세,상해없음,승용,남,61세,경상
2012051200100519,2012년 5월 12일 18시,토요일,경상남도 양산시 중부동,중상사고,0,1,0,0,차대사람 - 횡단중,안전운전불이행,건조,맑음,단일로 - 기타,승용,여,54세,기타불명,보행자,남,14세,중상
2012051200100520,2012년 5월 12일 18시,토요일,경상남도 산청군 금서면,중상사고,0,1,1,0,차량단독 - 도로외이탈 - 추락,안전운전불이행,건조,맑음,단일로 - 기타,화물,남,52세,중상,,,,
2012051200100553,2012년 5월 12일 19시,토요일,경상남도 거제시 능포동,중상사고,0,1,0,0,차대차 - 측면직각충돌,중앙선침범,건조,기타,단일로 - 기타,승용,남,53세,상해없음,이륜,남,49세,중상
2012051200100554,2012년 5월 12일 19시,토요일,경상남도 거제시 일운면,중상사고,0,1,0,0,차대차 - 측면직각충돌,중앙선침범,건조,맑음,교차로 - 교차로부근,승용,남,31세,상해없음,이륜,남,24세,중상
2012051200100555,2012년 5월 12일 19시,토요일,경상남도 김해시 장유면,경상사고,0,0,1,0,차대차 - 측면직각충돌,안전운전불이행,건조,맑음,교차로 - 교차로부근,승용,남,36세,상해없음,이륜,남,18세,경상
2012051200100595,2012년 5월 12일 20시,토요일,경상남도 창원시 마산합포구 자산동,경상사고,0,0,1,0,차대사람 - 기타,안전운전불이행,건조,맑음,기타 - 기타,승용,여,59세,상해없음,보행자,여,50세,경상