사고번호,사고일시,요일,시군구,사고내용,사망자수,중상자수,경상자수,부상신고자수,사고유형,법규위반,노면상태,기상상태,도로형태,가해운전자 차종,가해운전자 성별,가해운전자 연령,가해운전자 상해정도,피해운전자 차종,피해운전자 성별,피해운전자 연령,피해운전자 상해정도
2012051800100518,2012년 5월 18일 18시,금요일,경상남도 창원시 의창구 동읍,사망사고,1,0,0,0,차대사람 - 기타,안전운전불이행,건조,맑음,단일로 - 기타,화물,남,50세,상해없음,보행자,여,77세,사망
2012051800100552,2012년 5월 18일 19시,금요일,경상남도 창원시 마산합포구 월영동,경상사고,0,0,1,0,차대차 - 추돌 - 주정차중,안전거리미확보,건조,맑음,교차로 - 교차로안,승용,남,28세,상해없음,승용,남,31세,경상
2012051800100553,2012년 5월 18일 19시,금요일,경상남도 진주시 옥봉동,중상사고,0,1,0,0,차대사람 - 횡단중,안전운전불이행,건조,맑음,단일로 - 기타,승용,여,54세,상해없음,보행자,남,54세,중상
2012051800100554,2012년 5월 18일 19시,금요일,경상남도 통영시 정량동,중상사고,0,1,0,0,차대차 - 측면직각충돌,안전운전불이행,건조,맑음,교차로 - 교차로부근,화물,남,36세,상해없음,자전거,남,29세,중상
2012051800100600,2012년 5월 18일 20시,금요일,경상남도 창원시 마산합포구 장군동3가,경상사고,0,0,1,0,차대차 - 측면직각충돌,교차로운행방법위반,건조,맑음,교차로 - 교차로안,화물,남,54세,상해없음,승용,여,41세,경상
2012051800100601,2012년 5월 18일 20시,금요일,경상남도 김해시 삼정동,중상사고,0,1,0,0,차대사람 - 기타,안전운전불이행,건조,맑음,단일로 - 기타,원동기,남,21세,상해없음,보행자,남,13세,중상
2012051800100602,2012년 5월 18일 20시,금요일,경상남도 창녕군 영산면,경상사고,0,0,1,0,차대차 - 추돌 - 진행중,안전운전불이행,건조,맑음,교차로 - 교차로안,승용,여,52세,상해없음,승용,여,42세,경상
2012051800100603,2012년 5월 18일 20시,금요일,경상남도 양산시 어곡동,경상사고,0,0,1,1,차대차 - 측면직각충돌,교차로운행방법위반,건조,맑음,교차로 - 교차로안,승용,남,31세,부상신고,화물,남,49세,경상
2012051800100604,2012년 5월 18일 20시,금요일,경상남도 창원시 마산회원구 양덕동,경상사고,0,0,1,0,차대사람 - 횡단중,안전운전불이행,건조,맑음,교차로 - 교차로안,승용,남,46세,상해없음,보행자,여,52세,경상
2012051800100645,2012년 5월 18일 21시,금요일,경상남도 김해시 봉황동,중상사고,0,1,0,0,차대사람 - 기타,안전운전불이행,건조,맑음,단일로 - 기타,승용,남,44세,상해없음,보행자,남,14세,중상
2012051800100646,2012년 5월 18일 21시,금요일,경상남도 거제시 연초면,중상사고,0,1,0,0,차대차 - 측면직각충돌,안전운전불이행,건조,맑음,단일로 - 기타,승용,남,56세,상해없음,원동기,남,29세,중상
2012051800100647,2012년 5월 18일 21시,금요일,경상남도 남해군 남해읍,중상사고,0,1,0,0,차대차 - 측면직각충돌,안전운전불이행,건조,맑음,교차로 - 교차로안,농기계,남,68세,중상,승합,여,27세,상해없음
2012051800100719,2012년 5월 18일 23시,금요일,경상남도 창원시 마산회원구 양덕동,중상사고,0,1,0,0,차대차 - 측면직각충돌,안전운전불이행,건조,맑음,교차로 - 교차로안,승용,남,56세,상해없음,원동기,남,46세,중상
2012051900100019,2012년 5월 19일 00시,토요일,경상남도 진주시 인사동,중상사고,0,2,0,0,차대차 - 측면직각충돌,안전운전불이행,건조,맑음,단일로 - 기타,승용,남,57세,상해없음,승용,여,39세,중상
2012051900100020,2012년 5월 19일 00시,토요일,경상남도 거제시 두모동,중상사고,0,2,1,0,차대차 - 측면직각충돌,안전거리미확보,건조,맑음,단일로 - 기타,승용,남,41세,상해없음,승용,남,63세,상해없음
2012051900100044,2012년 5월 19일 01시,토요일,경상남도 김해시 서상동,중상사고,0,1,0,0,차대차 - 추돌 - 진행중,안전운전불이행,건조,맑음,단일로 - 기타,승용,남,31세,상해없음,승용,남,59세,중상
2012051900100045,2012년 5월 19일 01시,토요일,경상남도 양산시 물금읍,경상사고,0,0,1,0,차대차 - 측면직각충돌,교차로운행방법위반,건조,맑음,교차로 - 교차로안,승용,남,50세,상해없음,승용,남,29세,경상
2012051900100090,2012년 5월 19일 03시,토요일,경상남도 창원시 진해구 인사동,경상사고,0,0,1,0,차대사람 - 기타,안전운전불이행,건조,맑음,교차로 - 교차로부근,승용,남,46세,상해없음,보행자,여,30세,경상
2012051900100115,2012년 5월 19일 05시,토요일,경상남도 김해시 내동,경상사고,0,0,1,0,차대차 - 측면직각충돌,교차로운행방법위반,건조,맑음,교차로 - 교차로안,승용,남,19세,상해없음,원동기,남,18세,경상
2012051900100116,2012년 5월 19일 05시,토요일,경상남도 창원시 의창구 사림동,경상사고,0,0,1,0,차대차 - 측면직각충돌,교차로운행방법위반,건조,맑음,교차로 - 교차로안,승용,남,29세,상해없음,원동기,남,24세,경상
2012051900100145,2012년 5월 19일 07시,토요일,경상남도 거제시 동부면,경상사고,0,0,1,0,차대사람 - 횡단중,안전운전불이행,건조,맑음,교차로 - 교차로부근,승용,남,28세,상해없음,보행자,여,84세,경상
2012051900100146,2012년 5월 19일 07시,토요일,경상남도 창원시 의창구 봉곡동,경상사고,0,0,1,0,차대차 - 측면직각충돌,기타,건조,맑음,교차로 - 교차로안,승용,여,35세,상해없음,자전거,남,20세,경상
2012051900100169,2012년 5월 19일 08시,토요일,경상남도 사천시 벌리동,중상사고,0,1,0,0,차대차 - 기타,안전운전불이행,건조,맑음,교차로 - 교차로안,화물,남,42세,상해없음,원동기,남,77세,중상
2012051900100189,2012년 5월 19일 09시,토요일,경상남도 김해시 대동면,중상사고,0,1,0,0,차대차 - 측면직각충돌,교차로운행방법위반,건조,맑음,교차로 - 교차로안,이륜,남,85세,상해없음,승용,남,62세,상해없음
2012051900100190,2012년 5월 19일 09시,토요일,경상남도 양산시 동면,경상사고,0,0,1,0,차대차 - 기타,안전운전불이행,건조,맑음,단일로 - 기타,화물,남,76세,상해없음,승용,여,56세,상해없음
2012051900100191,2012년 5월 19일 09시,토요일,경상남도 고성군 고성읍,경상사고,0,0,3,0,차대차 - 측면직각충돌,직진우회전진행방해,건조,맑음,교차로 - 교차로부근,화물,남,54세,상해없음,승용,여,34세,경상
2012051900100206,2012년 5월 19일 10시,토요일,경상남도 밀양시 상남면,경상사고,0,0,2,0,차대차 - 추돌 - 진행중,안전운전불이행,건조,맑음,단일로 - 기타,승용,남,25세,상해없음,승용,남,21세,경상
2012051900100228,2012년 5월 19일 10시,토요일,경상남도 김해시 생림면,중상사고,0,1,0,0,차대차 - 추돌 - 주정차중,안전거리미확보,건조,맑음,단일로 - 기타,화물,남,66세,상해없음,화물,남,26세,상해없음
2012051900100255,2012년 5월 19일 11시,토요일,경상남도 김해시 구산동,경상사고,0,0,4,0,차대차 - 측면직각충돌,신호위반,건조,맑음,교차로 - 교차로안,승용,남,65세,상해없음,승합,남,51세,경상
2012051900100286,2012년 5월 19일 12시,토요일,경상남도 밀양시 부북면,중상사고,0,2,0,1,차대차 - 추돌 - 주정차중,안전운전불이행,건조,흐림,교차로 - 교차로부근,승용,남,53세,상해없음,승용,남,39세,중상
2012051900100287,2012년 5월 19일 12시,토요일,경상남도 밀양시 삼랑진읍,경상사고,0,0,1,0,차대차 - 측면직각충돌,중앙선침범,건조,흐림,단일로 - 기타,화물,남,59세,상해없음,자전거,남,47세,경상
2012051900100288,2012년 5월 19일 12시,토요일,경상남도 김해시 서상동,중상사고,0,1,0,0,차대차 - 측면직각충돌,기타,건조,맑음,단일로 - 기타,승용,남,59세,상해없음,자전거,여,63세,중상
2012051900100320,2012년 5월 19일 13시,토요일,경상남도 김해시 어방동,경상사고,0,0,1,0,차대차 - 측면직각충돌,차로위반,건조,맑음,단일로 - 기타,승용,남,24세,상해없음,이륜,남,17세,경상
2012051900100352,2012년 5월 19일 14시,토요일,경상남도 김해시 대성동,중상사고,0,1,0,0,차대사람 - 길가장자리구역통행중,안전운전불이행,건조,맑음,단일로 - 기타,승용,남,25세,상해없음,보행자,남,5세,중상
2012051900100353,2012년 5월 19일 14시,토요일,경상남도 거창군 거창읍,중상사고,0,1,2,0,차대차 - 측면직각충돌,신호위반,건조,맑음,교차로 - 교차로안,승용,여,49세,상해없음,승용,남,32세,중상
2012051900100354,2012년 5월 19일 14시,토요일,경상남도 합천군 삼가면,중상사고,0,2,0,0,차대차 - 정면충돌,중앙선침범,건조,맑음,단일로 - 기타,승용,남,44세,중상,화물,남,45세,중상
2012051900100390,2012년 5월 19일 15시,토요일,경상남도 창원시 마산합포구 산호동,중상사고,0,1,0,0,차대차 - 추돌 - 진행중,안전운전불이행,건조,맑음,단일로 - 기타,승용,남,50세,상해없음,승용,여,54세,중상
2012051900100420,2012년 5월 19일 16시,토요일,경상남도 진주시 상대동,사망사고,1,0,0,0,차대사람 - 기타,안전운전불이행,건조,맑음,교차로 - 교차로안,화물,여,40세,상해없음,보행자,남,4세,사망
2012051900100421,2012년 5월 19일 16시,토요일,경상남도 거제시 거제면,중상사고,0,1,0,0,차대차 - 추돌 - 진행중,안전운전불이행,건조,맑음,기타 - 기타,승합,남,37세,상해없음,승용,남,55세,중상
2012051900100422,2012년 5월 19일 16시,토요일,경상남도 창원시 성산구 중앙동,경상사고,0,0,2,0,차대차 - 추돌 - 진행중,안전운전불이행,건조,맑음,교차로 - 교차로부근,승용,남,50세,상해없음,승용,여,46세,경상
2012051900100461,2012년 5월 19일 17시,토요일,경상남도 창원시 진해구 석동,경상사고,0,0,2,0,차대차 - 추돌 - 주정차중,안전운전불이행,건조,맑음,단일로 - 터널,승용,남,35세,기타불명,승용,남,34세,경상
2012051900100462,2012년 5월 19일 17시,토요일,경상남도 통영시 도남동,중상사고,0,1,0,0,차대사람 - 기타,안전운전불이행,건조,맑음,단일로 - 기타,승용,남,54세,상해없음,보행자,남,57세,중상
2012051900100463,2012년 5월 19일 17시,토요일,경상남도 김해시 내동,경상사고,0,0,1,0,차대차 - 측면직각충돌,안전운전불이행,건조,맑음,단일로 - 기타,승용,남,29세,상해없음,승용,남,58세,경상
2012051900100464,2012년 5월 19일 17시,토요일,경상남도 창원시 의창구 봉곡동,경상사고,0,0,1,0,차대사람 - 기타,안전운전불이행,건조,맑음,기타 - 기타,승합,남,53세,상해없음,보행자,여,44세,경상
2012051900100499,2012년 5월 19일 18시,토요일,경상남도 창원시 진해구 속천동,중상사고,0,1,0,0,차대차 - 측면직각충돌,안전운전불이행,건조,맑음,단일로 - 기타,기타불명,기타불명,기타불명,기타불명,이륜,남,73세,중상
2012051900100500,2012년 5월 19일 18시,토요일,경상남도 함안군 칠원면,경상사고,0,0,1,0,차대차 - 기타,안전운전불이행,건조,맑음,교차로 - 교차로안,이륜,남,43세,상해없음,승용,여,57세,경상
2012051900100501,2012년 5월 19일 18시,토요일,경상남도 함안군 가야읍,중상사고,0,1,0,0,차대사람 - 횡단중,안전운전불이행,건조,맑음,단일로 - 기타,승용,남,51세,상해없음,보행자,남,38세,중상
2012051900100539,2012년 5월 19일 19시,토요일,경상남도 양산시 중부동,경상사고,0,0,3,0,차대차 - 추돌 - 주정차중,안전운전불이행,건조,맑음,단일로 - 기타,승용,남,30세,상해없음,승용,남,42세,경상
2012051900100572,2012년 5월 19일 20시,토요일,경상남도 진주시 하대동,경상사고,0,0,1,0,차대차 - 추돌 - 주정차중,안전거리미확보,건조,맑음,단일로 - 기타,화물,남,47세,상해없음,승합,남,39세,경상
2012051900100573,2012년 5월 19일 20시,토요일,경상남도 사천시 동금동,중상사고,0,1,0,0,차대차 - 추돌 - 주정차중,안전운전불이행,건조,맑음,단일로 - 기타,화물,남,54세,중상,화물,남,33세,기타불명
2012051900100574,2012년 5월 19일 20시,토요일,경상남도 양산시 중부동,경상사고,0,0,3,0,차대차 - 측면직각충돌,중앙선침범,건조,맑음,교차로 - 교차로안,승용,여,20세,상해없음,승용,여,32세,경상
2012051900100605,2012년 5월 19일 21시,토요일,경상남도 김해시 어방동,중상사고,0,2,0,0,차대차 - 측면직각충돌,교차로운행방법위반,건조,맑음,교차로 - 교차로안,승용,여,25세,중상,승용,남,57세,상해없음
2012051900100642,2012년 5월 19일 22시,토요일,경상남도 통영시 도산면,경상사고,0,0,1,0,차대차 - 측면직각충돌,안전운전불이행,건조,맑음,단일로 - 기타,화물,남,36세,상해없음,승용,남,29세,경상
2012051900100643,2012년 5월 19일 22시,토요일,경상남도 밀양시 부북면,중상사고,0,1,2,0,차대차 - 추돌 - 진행중,안전운전불이행,건조,맑음,단일로 - 기타,승용,남,63세,경상,농기계,남,46세,경상
2012051900100660,2012년 5월 19일 23시,토요일,경상남도 김해시 대동면,중상사고,0,1,1,0,차대차 - 추돌 - 진행중,안전거리미확보,건조,맑음,단일로 - 기타,승용,남,41세,상해없음,승용,남,47세,경상
2012051900100672,2012년 5월 19일 23시,토요일,경상남도 양산시 북부동,중상사고,0,1,0,0,차대사람 - 기타,안전운전불이행,건조,맑음,단일로 - 기타,승합,남,28세,상해없음,보행자,여,49세,중상
2012052000100038,2012년 5월 20일 01시,일요일,경상남도 창원시 의창구 명서동,경상사고,0,0,2,0,차대차 - 추돌 - 주정차중,안전운전불이행,건조,맑음,교차로 - 교차로부근,승용,남,23세,상해없음,승용,남,45세,경상
2012052000100070,2012년 5월 20일 03시,일요일,경상남도 통영시 광도면,중상사고,0,1,0,0,차대사람 - 기타,안전운전불이행,건조,맑음,단일로 - 기타,승용,남,30세,기타불명,보행자,여,31세,중상
2012052000100084,2012년 5월 20일 04시,일요일,경상남도 창원시 의창구 팔용동,경상사고,0,0,1,0,차대차 - 측면직각충돌,교차로운행방법위반,건조,맑음,교차로 - 교차로안,승용,여,30세,상해없음,승용,남,60세,경상
2012052000100114,2012년 5월 20일 07시,일요일,경상남도 사천시 서포면,경상사고,0,0,1,0,차량단독 - 기타,안전운전불이행,건조,맑음,단일로 - 기타,이륜,남,69세,경상,,,,
2012052000100115,2012년 5월 20일 07시,일요일,경상남도 의령군 의령읍,경상사고,0,0,1,0,차량단독 - 전도전복,안전운전불이행,건조,맑음,단일로 - 기타,이륜,남,57세,경상,,,,
2012052000100127,2012년 5월 20일 08시,일요일,경상남도 창원시 성산구 상남동,경상사고,0,0,1,0,차대차 - 정면충돌,신호위반,건조,맑음,교차로 - 교차로부근,승용,남,43세,상해없음,승용,남,39세,경상
2012052000100144,2012년 5월 20일 09시,일요일,경상남도 창원시 의창구 대산면,경상사고,0,0,1,0,차대차 - 측면직각충돌,교차로운행방법위반,건조,맑음,교차로 - 교차로안,승용,여,51세,상해없음,승용,남,56세,경상
2012052000100177,2012년 5월 20일 11시,일요일,경상남도 창녕군 남지읍,중상사고,0,1,0,0,차대차 - 기타,안전운전불이행,건조,맑음,교차로 - 교차로안,승용,남,56세,상해없음,승용,남,63세,중상
2012052000100178,2012년 5월 20일 11시,일요일,경상남도 창원시 의창구 명서동,중상사고,0,1,0,0,차대차 - 정면충돌,안전운전불이행,건조,맑음,교차로 - 교차로부근,승용,여,60세,상해없음,자전거,여,47세,중상
2012052000100179,2012년 5월 20일 11시,일요일,경상남도 김해시 장유면,중상사고,0,1,0,0,차대차 - 측면직각충돌,안전운전불이행,건조,맑음,교차로 - 교차로부근,승용,여,29세,상해없음,승용,여,49세,중상
2012052000100205,2012년 5월 20일 12시,일요일,경상남도 거창군 가조면,중상사고,0,1,2,0,차대차 - 측면직각충돌,중앙선침범,건조,맑음,단일로 - 기타,승용,남,47세,경상,승용,여,40세,경상
2012052000100245,2012년 5월 20일 14시,일요일,경상남도 창원시 의창구 동읍,중상사고,0,2,0,0,차대차 - 추돌 - 주정차중,안전거리미확보,건조,맑음,단일로 - 터널,승용,남,64세,상해없음,승용,여,28세,중상
2012052000100275,2012년 5월 20일 15시,일요일,경상남도 창원시 마산합포구 진동면,중상사고,0,2,0,0,차대차 - 추돌 - 주정차중,안전운전불이행,건조,맑음,교차로 - 교차로부근,승용,남,21세,상해없음,승용,여,50세,중상
2012052000100276,2012년 5월 20일 15시,일요일,경상남도 밀양시 내이동,사망사고,1,0,0,0,차대사람 - 횡단중,안전운전불이행,건조,맑음,교차로 - 교차로부근,승용,여,34세,상해없음,보행자,여,70세,사망
2012052000100277,2012년 5월 20일 15시,일요일,경상남도 거제시 장평동,경상사고,0,0,1,0,차대차 - 추돌 - 진행중,안전운전불이행,건조,맑음,단일로 - 기타,승용,남,33세,상해없음,승합,남,50세,상해없음
2012052000100309,2012년 5월 20일 16시,일요일,경상남도 김해시 어방동,경상사고,0,0,1,0,차대차 - 측면직각충돌,직진우회전진행방해,건조,맑음,교차로 - 교차로부근,승용,남,29세,상해없음,이륜,남,19세,경상
2012052000100310,2012년 5월 20일 16시,일요일,경상남도 양산시 중부동,중상사고,0,1,0,0,차대차 - 기타,기타,건조,맑음,교차로 - 교차로부근,승용,남,50세,기타불명,원동기,남,37세,중상
2012052000100311,2012년 5월 20일 16시,일요일,경상남도 거제시 상동동,중상사고,0,1,0,0,차대차 - 기타,안전운전불이행,건조,맑음,교차로 - 교차로안,승용,남,29세,상해없음,원동기,남,40세,중상
2012052000100312,2012년 5월 20일 16시,일요일,경상남도 창원시 의창구 서상동,중상사고,0,1,0,0,차대차 - 추돌 - 진행중,차로위반,건조,맑음,단일로 - 기타,승용,남,47세,상해없음,승용,남,51세,상해없음
2012052000100348,2012년 5월 20일 17시,일요일,경상남도 김해시 어방동,경상사고,0,0,1,0,차대사람 - 길가장자리구역통행중,안전운전불이행,건조,맑음,단일로 - 기타,승용,남,58세,상해없음,보행자,남,47세,경상
2012052000100349,2012년 5월 20일 17시,일요일,경상남도 거창군 거창읍,중상사고,0,1,0,0,차대차 - 측면직각충돌,교차로운행방법위반,건조,맑음,교차로 - 교차로안,승용,남,36세,상해없음,이륜,남,54세,중상
2012052000100350,2012년 5월 20일 17시,일요일,경상남도 양산시 하북면,경상사고,0,0,1,0,차대차 - 기타,안전운전불이행,건조,맑음,교차로 - 교차로부근,승용,남,23세,기타불명,승용,남,59세,경상
2012052000100381,2012년 5월 20일 18시,일요일,경상남도 진주시 동성동,중상사고,0,2,0,0,차대차 - 측면직각충돌,중앙선침범,건조,맑음,단일로 - 기타,승용,남,27세,상해없음,승용,남,27세,중상
2012052000100382,2012년 5월 20일 18시,일요일,경상남도 양산시 물금읍,중상사고,0,1,2,0,차대차 - 기타,안전운전불이행,건조,맑음,단일로 - 기타,승용,남,61세,기타불명,승용,남,57세,경상
2012052000100383,2012년 5월 20일 18시,일요일,경상남도 고성군 회화면,경상사고,0,0,1,0,차대차 - 측면직각충돌,직진우회전진행방해,건조,맑음,교차로 - 교차로안,승용,남,57세,상해없음,승용,여,23세,경상
2012052000100384,2012년 5월 20일 18시,일요일,경상남도 하동군 진교면,경상사고,0,0,5,6,차대차 - 추돌 - 진행중,안전운전불이행,건조,맑음,단일로 - 기타,승합,남,62세,상해없음,농기계,남,69세,상해없음
2012052000100385,2012년 5월 20일 18시,일요일,경상남도 진주시 정촌면,중상사고,0,1,4,0,차대차 - 기타,기타,건조,맑음,단일로 - 기타,승합,여,48세,상해없음,승용,남,31세,경상
2012052000100449,2012년 5월 20일 20시,일요일,경상남도 창원시 마산합포구 해운동,경상사고,0,0,1,0,차대차 - 측면직각충돌,교차로운행방법위반,건조,맑음,교차로 - 교차로안,승용,여,30세,상해없음,승용,여,28세,상해없음
2012052000100450,2012년 5월 20일 20시,일요일,경상남도 진주시 칠암동,중상사고,0,1,0,0,차대차 - 측면직각충돌,안전거리미확보,건조,맑음,단일로 - 기타,승용,남,49세,상해없음,승용,남,48세,중상
2012052000100479,2012년 5월 20일 21시,일요일,경상남도 통영시 당동,경상사고,0,0,1,0,차대차 - 정면충돌,중앙선침범,건조,맑음,단일로 - 기타,승용,남,55세,상해없음,이륜,남,28세,경상
2012052000100480,2012년 5월 20일 21시,일요일,경상남도 김해시 어방동,경상사고,0,0,3,0,차대차 - 추돌 - 진행중,안전거리미확보,건조,맑음,교차로 - 교차로부근,승용,남,37세,상해없음,화물,여,52세,경상
2012052000100481,2012년 5월 20일 21시,일요일,경상남도 함양군 함양읍,중상사고,0,1,0,0,차대차 - 측면직각충돌,안전운전불이행,건조,맑음,단일로 - 기타,승용,남,35세,상해없음,원동기,남,17세,중상
2012052000100482,2012년 5월 20일 21시,일요일,경상남도 양산시 중부동,경상사고,0,0,1,0,차대사람 - 횡단중,안전운전불이행,건조,맑음,교차로 - 교차로부근,승용,여,51세,기타불명,보행자,여,24세,경상
2012052000100483,2012년 5월 20일 21시,일요일,경상남도 창원시 마산회원구 내서읍,경상사고,0,0,1,0,차대사람 - 횡단중,안전운전불이행,건조,맑음,교차로 - 교차로부근,이륜,남,32세,상해없음,보행자,남,52세,경상
2012052000100507,2012년 5월 20일 22시,일요일,경상남도 창원시 진해구 북부동,중상사고,0,1,1,0,차대사람 - 횡단중,안전운전불이행,건조,맑음,교차로 - 교차로안,승합,남,60세,상해없음,보행자,남,64세,중상
2012052000100508,2012년 5월 20일 22시,일요일,경상남도 김해시 대성동,중상사고,0,1,0,0,차량단독 - 공작물충돌,안전운전불이행,건조,맑음,교차로 - 교차로부근,원동기,남,31세,중상,,,,
2012052000100525,2012년 5월 20일 23시,일요일,경상남도 밀양시 상동면,사망사고,1,0,0,0,차대사람 - 차도통행중,안전운전불이행,건조,맑음,단일로 - 기타,화물,남,62세,상해없음,보행자,남,51세,사망
2012052000100526,2012년 5월 20일 23시,일요일,경상남도 김해시 진영읍,경상사고,0,0,3,0,차대차 - 기타,안전운전불이행,건조,맑음,단일로 - 기타,승용,남,48세,상해없음,승용,남,22세,경상
2012052100100021,2012년 5월 21일 01시,월요일,경상남도 거제시 고현동,중상사고,0,2,0,0,차대차 - 기타,안전운전불이행,건조,맑음,교차로 - 교차로부근,승용,남,35세,상해없음,승용,남,38세,중상
2012052100100065,2012년 5월 21일 06시,월요일,경상남도 하동군 진교면,중상사고,0,2,1,0,차대차 - 측면직각충돌,교차로운행방법위반,건조,맑음,교차로 - 교차로안,승용,남,69세,상해없음,승용,남,67세,중상
2012052100100084,2012년 5월 21일 07시,월요일,경상남도 거제시 두모동,중상사고,0,1,0,0,차대차 - 추돌 - 진행중,교차로운행방법위반,건조,맑음,교차로 - 교차로안,승용,남,61세,상해없음,자전거,남,28세,중상
2012052100100085,2012년 5월 21일 07시,월요일,경상남도 함안군 칠원면,중상사고,0,1,0,1,차대차 - 정면충돌,중앙선침범,건조,맑음,단일로 - 기타,승용,남,62세,상해없음,화물,남,55세,중상
2012052100100131,2012년 5월 21일 08시,월요일,경상남도 함양군 함양읍,경상사고,0,0,1,0,차대차 - 기타,교차로운행방법위반,건조,맑음,교차로 - 교차로안,화물,남,49세,상해없음,승용,여,43세,경상
2012052100100155,2012년 5월 21일 09시,월요일,경상남도 진주시 이현동,중상사고,0,1,0,0,차대차 - 측면직각충돌,안전운전불이행,건조,맑음,단일로 - 기타,승용,남,50세,상해없음,자전거,여,78세,중상
2012052100100217,2012년 5월 21일 11시,월요일,경상남도 양산시 하북면,부상신고사고,0,0,0,1,차대차 - 기타,신호위반,건조,맑음,교차로 - 교차로안,승용,여,56세,상해없음,화물,남,51세,부상신고
2012052100100240,2012년 5월 21일 12시,월요일,경상남도 창원시 진해구 경화동,경상사고,0,0,1,0,차대사람 - 기타,안전운전불이행,건조,맑음,단일로 - 기타,승용,남,44세,상해없음,보행자,여,35세,경상
2012052100100241,2012년 5월 21일 12시,월요일,경상남도 통영시 광도면,경상사고,0,0,1,0,차대차 - 측면직각충돌,안전운전불이행,건조,맑음,단일로 - 기타,승용,남,64세,상해없음,자전거,남,57세,경상
2012052100100242,2012년 5월 21일 12시,월요일,경상남도 김해시 부원동,중상사고,0,1,0,0,차대차 - 측면직각충돌,신호위반,건조,맑음,단일로 - 횡단보도상,화물,남,43세,상해없음,원동기,남,52세,중상
2012052100100264,2012년 5월 21일 13시,월요일,경상남도 김해시 상동면,경상사고,0,0,2,0,차대차 - 측면직각충돌,교차로운행방법위반,건조,맑음,교차로 - 교차로안,화물,남,54세,경상,특수,남,41세,상해없음
2012052100100265,2012년 5월 21일 13시,월요일,경상남도 거창군 거창읍,중상사고,0,1,0,0,차대차 - 측면직각충돌,안전운전불이행,건조,맑음,단일로 - 기타,화물,남,34세,상해없음,자전거,여,71세,중상
2012052100100266,2012년 5월 21일 13시,월요일,경상남도 산청군 신안면,사망사고,1,2,0,0,차대차 - 정면충돌,중앙선침범,건조,맑음,단일로 - 횡단보도부근,승용,남,74세,사망,승용,남,59세,중상
2012052100100303,2012년 5월 21일 14시,월요일,경상남도 김해시 구산동,경상사고,0,0,2,0,차대차 - 추돌 - 진행중,안전운전불이행,건조,맑음,단일로 - 기타,승용,여,36세,상해없음,화물,남,36세,경상
2012052100100304,2012년 5월 21일 14시,월요일,경상남도 거창군 거창읍,중상사고,0,2,0,0,차대차 - 측면직각충돌,교차로운행방법위반,건조,맑음,교차로 - 교차로안,승합,남,49세,상해없음,이륜,여,33세,중상
2012052100100305,2012년 5월 21일 14시,월요일,경상남도 양산시 물금읍,중상사고,0,1,0,0,차대차 - 기타,교차로운행방법위반,건조,맑음,교차로 - 교차로안,승용,여,35세,상해없음,자전거,남,10세,중상
2012052100100306,2012년 5월 21일 14시,월요일,경상남도 양산시 소주동,사망사고,1,0,0,0,차대사람 - 기타,안전운전불이행,건조,맑음,기타 - 기타,승용,남,61세,상해없음,보행자,여,60세,사망
2012052100100307,2012년 5월 21일 14시,월요일,경상남도 거제시 아주동,중상사고,0,2,0,0,차대차 - 추돌 - 진행중,교차로운행방법위반,건조,맑음,교차로 - 교차로안,화물,남,44세,상해없음,승용,여,70세,중상
2012052100100308,2012년 5월 21일 14시,월요일,경상남도 산청군 금서면,중상사고,0,2,0,0,차대차 - 기타,교차로운행방법위반,건조,맑음,교차로 - 교차로안,건설기계,남,63세,상해없음,이륜,남,75세,중상
2012052100100335,2012년 5월 21일 15시,월요일,경상남도 창원시 마산합포구 신포동2가,경상사고,0,0,2,0,차대차 - 측면직각충돌,교차로운행방법위반,건조,맑음,교차로 - 교차로안,승용,남,43세,상해없음,화물,여,40세,경상
2012052100100336,2012년 5월 21일 15시,월요일,경상남도 거창군 거창읍,중상사고,0,1,0,0,차대사람 - 길가장자리구역통행중,안전운전불이행,건조,맑음,단일로 - 기타,자전거,남,78세,상해없음,보행자,여,71세,중상
2012052100100337,2012년 5월 21일 15시,월요일,경상남도 합천군 합천읍,중상사고,0,1,1,0,차대차 - 측면직각충돌,교차로운행방법위반,건조,맑음,교차로 - 교차로안,승용,여,57세,상해없음,승용,남,53세,중상
2012052100100338,2012년 5월 21일 15시,월요일,경상남도 의령군 용덕면,중상사고,0,1,0,0,차대차 - 측면직각충돌,안전거리미확보,건조,맑음,단일로 - 기타,건설기계,남,39세,상해없음,화물,남,54세,중상
2012052100100339,2012년 5월 21일 15시,월요일,경상남도 창원시 성산구 가음동,경상사고,0,0,1,0,차대차 - 기타,교차로운행방법위반,건조,맑음,교차로 - 교차로안,승합,여,41세,상해없음,자전거,남,46세,경상
2012052100100340,2012년 5월 21일 15시,월요일,경상남도 김해시 진영읍,경상사고,0,0,1,0,차대사람 - 기타,기타,건조,맑음,단일로 - 기타,승용,남,58세,상해없음,보행자,여,49세,경상
2012052100100383,2012년 5월 21일 16시,월요일,경상남도 통영시 광도면,중상사고,0,1,0,0,차대사람 - 기타,안전운전불이행,건조,맑음,단일로 - 기타,승용,여,36세,상해없음,보행자,남,86세,중상