사고번호,사고일시,요일,시군구,사고내용,사망자수,중상자수,경상자수,부상신고자수,사고유형,법규위반,노면상태,기상상태,도로형태,가해운전자 차종,가해운전자 성별,가해운전자 연령,가해운전자 상해정도,피해운전자 차종,피해운전자 성별,피해운전자 연령,피해운전자 상해정도
2012052100100426,2012년 5월 21일 17시,월요일,경상남도 창원시 진해구 자은동,경상사고,0,0,2,0,차대차 - 기타,안전운전불이행,건조,맑음,단일로 - 기타,화물,남,57세,상해없음,승용,남,32세,경상
2012052100100427,2012년 5월 21일 17시,월요일,경상남도 밀양시 내일동,경상사고,0,0,1,0,차대사람 - 횡단중,안전운전불이행,건조,맑음,단일로 - 기타,원동기,남,18세,상해없음,보행자,여,42세,경상
2012052100100428,2012년 5월 21일 17시,월요일,경상남도 김해시 구산동,중상사고,0,1,0,0,차대차 - 측면직각충돌,교차로운행방법위반,건조,맑음,교차로 - 교차로안,승합,여,45세,상해없음,원동기,남,37세,중상
2012052100100429,2012년 5월 21일 17시,월요일,경상남도 김해시 부원동,중상사고,0,1,0,0,차대차 - 측면직각충돌,신호위반,건조,맑음,교차로 - 교차로안,화물,남,52세,상해없음,승용,여,49세,중상
2012052100100430,2012년 5월 21일 17시,월요일,경상남도 거제시 옥포동,중상사고,0,1,0,0,차대차 - 측면직각충돌,안전운전불이행,건조,맑음,단일로 - 기타,승용,남,43세,상해없음,이륜,남,54세,중상
2012052100100431,2012년 5월 21일 17시,월요일,경상남도 함안군 산인면,중상사고,0,1,0,0,차대차 - 정면충돌,중앙선침범,건조,맑음,교차로 - 교차로부근,화물,남,43세,상해없음,이륜,남,45세,중상
2012052100100477,2012년 5월 21일 18시,월요일,경상남도 사천시 정동면,경상사고,0,0,1,0,차대차 - 추돌 - 주정차중,안전운전불이행,건조,맑음,교차로 - 교차로부근,승합,남,49세,상해없음,승용,여,32세,경상
2012052100100478,2012년 5월 21일 18시,월요일,경상남도 창원시 의창구 팔용동,경상사고,0,0,1,0,차대차 - 추돌 - 주정차중,안전거리미확보,건조,맑음,교차로 - 교차로부근,승용,남,46세,상해없음,승용,남,50세,경상
2012052100100479,2012년 5월 21일 18시,월요일,경상남도 김해시 장유면,중상사고,0,1,0,0,차대사람 - 횡단중,보행자보호의무위반,건조,맑음,단일로 - 횡단보도상,승용,남,32세,상해없음,보행자,여,31세,중상
2012052100100510,2012년 5월 21일 19시,월요일,경상남도 양산시 중부동,경상사고,0,0,1,1,차대차 - 기타,교차로운행방법위반,건조,맑음,교차로 - 교차로안,승용,남,50세,상해없음,승용,남,22세,부상신고
2012052100100511,2012년 5월 21일 19시,월요일,경상남도 양산시 물금읍,중상사고,0,2,0,0,차대차 - 기타,교차로운행방법위반,건조,맑음,교차로 - 교차로안,승용,여,42세,상해없음,승용,남,26세,중상
2012052100100512,2012년 5월 21일 19시,월요일,경상남도 양산시 남부동,경상사고,0,0,1,0,차대차 - 기타,중앙선침범,건조,맑음,교차로 - 교차로부근,승용,여,20세,상해없음,원동기,남,51세,경상
2012052100100513,2012년 5월 21일 19시,월요일,경상남도 양산시 용당동,사망사고,1,0,1,0,차대차 - 측면직각충돌,신호위반,건조,맑음,교차로 - 교차로안,승용,여,51세,상해없음,이륜,남,28세,사망
2012052100100514,2012년 5월 21일 19시,월요일,경상남도 창원시 마산회원구 내서읍,경상사고,0,0,1,0,차대사람 - 횡단중,안전운전불이행,건조,맑음,단일로 - 횡단보도상,승용,여,50세,상해없음,보행자,여,12세,경상
2012052100100515,2012년 5월 21일 19시,월요일,경상남도 창원시 의창구 동읍,중상사고,0,1,1,0,차대차 - 추돌 - 진행중,안전운전불이행,건조,맑음,단일로 - 기타,화물,남,38세,상해없음,승용,남,58세,중상
2012052100100516,2012년 5월 21일 19시,월요일,경상남도 창원시 의창구 동읍,경상사고,0,0,1,0,차대차 - 기타,안전운전불이행,건조,맑음,단일로 - 기타,승용,남,56세,기타불명,승용,남,44세,경상
2012052100100559,2012년 5월 21일 20시,월요일,경상남도 합천군 초계면,경상사고,0,0,1,0,차대차 - 정면충돌,중앙선침범,건조,맑음,교차로 - 교차로안,승용,여,38세,상해없음,승용,남,36세,경상
2012052100100560,2012년 5월 21일 20시,월요일,경상남도 김해시 장유면,중상사고,0,1,0,0,차대사람 - 횡단중,신호위반,건조,맑음,교차로 - 교차로부근,승합,남,39세,상해없음,보행자,여,13세,중상
2012052100100594,2012년 5월 21일 21시,월요일,경상남도 김해시 한림면,부상신고사고,0,0,0,1,차대차 - 추돌 - 진행중,안전거리미확보,건조,맑음,교차로 - 교차로안,기타불명,기타불명,기타불명,기타불명,이륜,남,58세,상해없음
2012052100100625,2012년 5월 21일 22시,월요일,경상남도 거제시 사등면,중상사고,0,1,1,0,차량단독 - 기타,안전운전불이행,건조,맑음,단일로 - 기타,승용,남,24세,상해없음,,,,
2012052100100626,2012년 5월 21일 22시,월요일,경상남도 창원시 성산구 상남동,중상사고,0,1,0,0,차대사람 - 기타,안전운전불이행,건조,맑음,단일로 - 기타,승용,남,48세,상해없음,보행자,남,37세,중상
2012052100100627,2012년 5월 21일 22시,월요일,경상남도 창녕군 영산면,중상사고,0,1,1,0,차대차 - 추돌 - 진행중,과속,건조,맑음,단일로 - 기타,화물,남,34세,중상,화물,남,40세,경상
2012052100100651,2012년 5월 21일 23시,월요일,경상남도 창원시 의창구 소계동,중상사고,0,1,0,0,차대사람 - 기타,안전운전불이행,건조,맑음,단일로 - 기타,기타불명,기타불명,기타불명,기타불명,보행자,남,45세,중상
2012052200100017,2012년 5월 22일 00시,화요일,경상남도 양산시 물금읍,경상사고,0,0,2,0,차대차 - 기타,신호위반,건조,맑음,교차로 - 교차로안,승용,여,51세,상해없음,승용,여,50세,경상
2012052200100018,2012년 5월 22일 00시,화요일,경상남도 창원시 마산합포구 산호동,경상사고,0,0,1,0,차대사람 - 기타,안전운전불이행,건조,맑음,단일로 - 기타,화물,남,46세,상해없음,보행자,남,18세,경상
2012052200100043,2012년 5월 22일 02시,화요일,경상남도 창원시 성산구 중앙동,경상사고,0,0,1,0,차대차 - 추돌 - 주정차중,안전운전불이행,건조,맑음,단일로 - 기타,승용,남,43세,상해없음,승용,남,52세,상해없음
2012052200100068,2012년 5월 22일 05시,화요일,경상남도 사천시 동림동,경상사고,0,0,3,0,차대차 - 기타,교차로운행방법위반,건조,맑음,교차로 - 교차로안,승용,남,71세,경상,승용,남,68세,경상
2012052200100069,2012년 5월 22일 05시,화요일,경상남도 양산시 북정동,경상사고,0,0,2,0,차대차 - 기타,교차로운행방법위반,건조,맑음,교차로 - 교차로안,화물,남,46세,상해없음,화물,남,60세,경상
2012052200100070,2012년 5월 22일 05시,화요일,경상남도 의령군 유곡면,사망사고,1,1,0,0,차대차 - 정면충돌,중앙선침범,건조,맑음,단일로 - 기타,화물,남,26세,중상,승용,남,59세,사망
2012052200100092,2012년 5월 22일 06시,화요일,경상남도 사천시 곤양면,중상사고,0,1,0,0,차대차 - 측면직각충돌,교차로운행방법위반,건조,맑음,교차로 - 교차로안,화물,남,46세,상해없음,이륜,남,68세,중상
2012052200100093,2012년 5월 22일 06시,화요일,경상남도 합천군 야로면,부상신고사고,0,0,0,1,차대차 - 측면직각충돌,안전운전불이행,건조,맑음,단일로 - 기타,화물,여,52세,부상신고,화물,남,47세,상해없음
2012052200100121,2012년 5월 22일 07시,화요일,경상남도 양산시 동면,중상사고,0,1,0,0,차대차 - 기타,안전거리미확보,건조,맑음,교차로 - 교차로부근,승용,여,53세,상해없음,승용,여,29세,중상
2012052200100154,2012년 5월 22일 08시,화요일,경상남도 밀양시 삼랑진읍,경상사고,0,0,1,0,차대차 - 측면직각충돌,교차로운행방법위반,건조,맑음,교차로 - 교차로안,승용,남,59세,상해없음,승용,남,33세,경상
2012052200100155,2012년 5월 22일 08시,화요일,경상남도 창원시 의창구 도계동,중상사고,0,1,0,0,차대사람 - 기타,보행자보호의무위반,건조,맑음,단일로 - 횡단보도상,기타불명,기타불명,기타불명,기타불명,보행자,여,84세,중상
2012052200100197,2012년 5월 22일 09시,화요일,경상남도 창원시 마산합포구 대창동,경상사고,0,0,1,0,차대사람 - 길가장자리구역통행중,안전운전불이행,건조,맑음,단일로 - 기타,승용,남,65세,상해없음,보행자,남,41세,경상
2012052200100198,2012년 5월 22일 09시,화요일,경상남도 통영시 산양읍,경상사고,0,0,1,0,차대차 - 추돌 - 진행중,중앙선침범,건조,맑음,단일로 - 기타,승용,남,27세,상해없음,승용,남,31세,경상
2012052200100199,2012년 5월 22일 09시,화요일,경상남도 양산시 상북면,중상사고,0,1,0,0,차량단독 - 공작물충돌,안전운전불이행,건조,맑음,단일로 - 기타,승용,여,43세,상해없음,,,,
2012052200100200,2012년 5월 22일 09시,화요일,경상남도 창원시 성산구 중앙동,중상사고,0,1,0,0,차대차 - 측면직각충돌,교차로운행방법위반,건조,맑음,교차로 - 교차로안,승용,여,42세,상해없음,원동기,남,59세,중상
2012052200100234,2012년 5월 22일 10시,화요일,경상남도 진주시 가좌동,경상사고,0,0,1,0,차대차 - 추돌 - 진행중,안전운전불이행,건조,맑음,단일로 - 기타,승용,남,74세,상해없음,승용,여,41세,경상
2012052200100235,2012년 5월 22일 10시,화요일,경상남도 함양군 함양읍,중상사고,0,1,0,0,차대차 - 추돌 - 주정차중,안전운전불이행,건조,맑음,단일로 - 기타,화물,남,46세,상해없음,승용,여,42세,중상
2012052200100262,2012년 5월 22일 11시,화요일,경상남도 창원시 진해구 덕산동,중상사고,0,1,0,0,차대사람 - 기타,안전운전불이행,건조,맑음,기타 - 기타,승용,남,34세,상해없음,보행자,여,78세,중상
2012052200100263,2012년 5월 22일 11시,화요일,경상남도 김해시 삼정동,경상사고,0,0,1,0,차대차 - 기타,안전운전불이행,건조,맑음,교차로 - 교차로부근,승용,여,56세,기타불명,승용,남,45세,경상
2012052200100264,2012년 5월 22일 11시,화요일,경상남도 김해시 대동면,경상사고,0,0,1,0,차대차 - 기타,교차로운행방법위반,건조,맑음,교차로 - 교차로안,화물,남,33세,상해없음,화물,남,33세,경상
2012052200100287,2012년 5월 22일 12시,화요일,경상남도 창원시 성산구 천선동,중상사고,0,1,0,0,차대차 - 측면직각충돌,안전거리미확보,건조,맑음,교차로 - 교차로안,화물,남,55세,상해없음,승합,여,54세,중상
2012052200100318,2012년 5월 22일 13시,화요일,경상남도 밀양시 내이동,중상사고,0,1,0,0,차대차 - 측면직각충돌,안전운전불이행,건조,맑음,교차로 - 교차로안,승용,남,47세,상해없음,이륜,남,40세,중상
2012052200100345,2012년 5월 22일 14시,화요일,경상남도 김해시 흥동,경상사고,0,0,1,0,차대차 - 측면직각충돌,안전운전불이행,건조,맑음,교차로 - 교차로안,화물,남,52세,상해없음,원동기,남,16세,경상
2012052200100380,2012년 5월 22일 15시,화요일,경상남도 통영시 광도면,경상사고,0,0,1,0,차대사람 - 횡단중,보행자보호의무위반,건조,맑음,단일로 - 기타,승합,남,44세,상해없음,보행자,여,8세,경상
2012052200100381,2012년 5월 22일 15시,화요일,경상남도 거창군 웅양면,경상사고,0,0,2,0,차대차 - 추돌 - 진행중,안전운전불이행,건조,맑음,단일로 - 기타,화물,남,34세,경상,건설기계,남,54세,경상
2012052200100382,2012년 5월 22일 15시,화요일,경상남도 하동군 횡천면,경상사고,0,0,3,0,차대차 - 측면직각충돌,안전운전불이행,건조,맑음,단일로 - 기타,승용,남,34세,상해없음,승용,여,46세,경상
2012052200100414,2012년 5월 22일 16시,화요일,경상남도 합천군 삼가면,중상사고,0,2,0,0,차대사람 - 기타,안전운전불이행,건조,맑음,단일로 - 기타,승용,여,46세,상해없음,보행자,여,51세,중상
2012052200100415,2012년 5월 22일 16시,화요일,경상남도 창원시 의창구 대원동,경상사고,0,0,1,0,차대차 - 추돌 - 주정차중,안전운전불이행,건조,맑음,단일로 - 기타,원동기,남,24세,상해없음,승용,여,58세,경상
2012052200100416,2012년 5월 22일 16시,화요일,경상남도 김해시 장유면,중상사고,0,1,0,0,차대차 - 측면직각충돌,안전운전불이행,건조,맑음,교차로 - 교차로안,승용,남,35세,상해없음,원동기,남,44세,중상
2012052200100456,2012년 5월 22일 17시,화요일,경상남도 사천시 사천읍,중상사고,0,1,0,0,차대사람 - 횡단중,안전운전불이행,건조,맑음,단일로 - 기타,승용,여,59세,상해없음,보행자,여,10세,중상
2012052200100457,2012년 5월 22일 17시,화요일,경상남도 밀양시 하남읍,중상사고,0,1,0,0,차대사람 - 횡단중,보행자보호의무위반,건조,맑음,단일로 - 기타,승용,여,37세,상해없음,보행자,남,6세,중상
2012052200100458,2012년 5월 22일 17시,화요일,경상남도 김해시 동상동,중상사고,0,1,0,0,차대사람 - 횡단중,안전운전불이행,건조,맑음,단일로 - 기타,기타불명,기타불명,기타불명,기타불명,보행자,남,13세,중상
2012052200100492,2012년 5월 22일 18시,화요일,경상남도 양산시 평산동,경상사고,0,0,1,0,차대사람 - 기타,안전운전불이행,건조,맑음,단일로 - 기타,승용,남,67세,상해없음,보행자,남,11세,경상
2012052200100493,2012년 5월 22일 18시,화요일,경상남도 남해군 남해읍,경상사고,0,0,1,0,차대차 - 추돌 - 진행중,안전운전불이행,건조,맑음,기타 - 기타,승용,여,58세,상해없음,화물,남,65세,상해없음
2012052200100494,2012년 5월 22일 18시,화요일,경상남도 창원시 성산구 내동,경상사고,0,0,1,0,차대사람 - 기타,안전운전불이행,건조,맑음,단일로 - 기타,화물,남,59세,기타불명,보행자,남,13세,경상
2012052200100495,2012년 5월 22일 18시,화요일,경상남도 창원시 의창구 소계동,경상사고,0,0,1,0,차대차 - 추돌 - 진행중,안전거리미확보,건조,맑음,단일로 - 기타,승합,남,43세,상해없음,승용,여,29세,경상
2012052200100533,2012년 5월 22일 19시,화요일,경상남도 진주시 칠암동,중상사고,0,2,0,0,차대사람 - 기타,안전운전불이행,건조,맑음,교차로 - 교차로안,승용,남,43세,상해없음,보행자,여,39세,중상
2012052200100534,2012년 5월 22일 19시,화요일,경상남도 거창군 거창읍,중상사고,0,1,0,0,차대차 - 측면직각충돌,안전운전불이행,건조,맑음,교차로 - 교차로안,승용,여,47세,상해없음,이륜,남,18세,중상
2012052200100535,2012년 5월 22일 19시,화요일,경상남도 함양군 함양읍,중상사고,0,1,0,0,차대차 - 기타,기타,건조,맑음,교차로 - 교차로안,자전거,남,10세,중상,화물,남,48세,상해없음
2012052200100536,2012년 5월 22일 19시,화요일,경상남도 거제시 일운면,경상사고,0,0,1,0,차대차 - 측면직각충돌,중앙선침범,건조,맑음,단일로 - 기타,승용,여,45세,상해없음,승용,여,29세,경상
2012052200100571,2012년 5월 22일 20시,화요일,경상남도 고성군 고성읍,경상사고,0,0,1,0,차량단독 - 공작물충돌,안전운전불이행,건조,맑음,교차로 - 교차로부근,원동기,남,59세,경상,,,,
2012052200100572,2012년 5월 22일 20시,화요일,경상남도 창원시 성산구 상남동,경상사고,0,0,1,0,차대차 - 측면직각충돌,교차로운행방법위반,건조,맑음,교차로 - 교차로안,승용,남,40세,상해없음,승용,남,18세,경상
2012052200100603,2012년 5월 22일 21시,화요일,경상남도 창원시 진해구 여좌동,경상사고,0,0,1,0,차대차 - 추돌 - 주정차중,안전운전불이행,건조,맑음,교차로 - 교차로부근,승용,여,29세,상해없음,승용,남,47세,상해없음
2012052200100604,2012년 5월 22일 21시,화요일,경상남도 사천시 사남면,중상사고,0,1,0,0,차량단독 - 공작물충돌,안전운전불이행,건조,맑음,단일로 - 기타,승용,남,26세,중상,,,,
2012052200100605,2012년 5월 22일 21시,화요일,경상남도 김해시 어방동,경상사고,0,0,1,0,차대차 - 추돌 - 주정차중,안전운전불이행,건조,맑음,단일로 - 기타,승용,남,22세,상해없음,승용,남,33세,경상
2012052200100606,2012년 5월 22일 21시,화요일,경상남도 창원시 성산구 가음정동,경상사고,0,0,1,0,차대차 - 추돌 - 주정차중,안전운전불이행,건조,맑음,교차로 - 교차로부근,승용,남,42세,상해없음,승용,남,30세,경상
2012052200100607,2012년 5월 22일 21시,화요일,경상남도 창원시 마산회원구 양덕동,경상사고,0,0,2,2,차대차 - 측면직각충돌,신호위반,건조,맑음,교차로 - 교차로안,승용,남,57세,상해없음,승용,남,47세,부상신고
2012052200100649,2012년 5월 22일 22시,화요일,경상남도 진주시 신안동,중상사고,0,2,0,0,차대사람 - 기타,안전운전불이행,건조,맑음,단일로 - 기타,원동기,남,16세,중상,보행자,여,55세,중상
2012052200100650,2012년 5월 22일 22시,화요일,경상남도 김해시 외동,부상신고사고,0,0,0,3,차대차 - 측면직각충돌,안전운전불이행,건조,맑음,교차로 - 교차로안,원동기,남,17세,부상신고,승용,남,23세,상해없음
2012052300100038,2012년 5월 23일 02시,수요일,경상남도 김해시 진영읍,중상사고,0,1,0,0,차대사람 - 기타,보행자보호의무위반,건조,맑음,교차로 - 교차로안,기타불명,기타불명,기타불명,기타불명,보행자,남,41세,중상
2012052300100067,2012년 5월 23일 05시,수요일,경상남도 진주시 칠암동,중상사고,0,1,0,0,차대차 - 기타,안전운전불이행,건조,맑음,교차로 - 교차로안,화물,남,39세,상해없음,자전거,남,22세,중상
2012052300100068,2012년 5월 23일 05시,수요일,경상남도 통영시 광도면,경상사고,0,0,2,0,차량단독 - 공작물충돌,안전운전불이행,건조,맑음,단일로 - 기타,승용,남,17세,상해없음,,,,
2012052300100083,2012년 5월 23일 06시,수요일,경상남도 진주시 가좌동,중상사고,0,1,0,0,차대사람 - 기타,안전운전불이행,건조,맑음,단일로 - 기타,승용,남,61세,상해없음,보행자,남,22세,중상
2012052300100105,2012년 5월 23일 07시,수요일,경상남도 진주시 대곡면,경상사고,0,0,3,0,차대차 - 기타,안전운전불이행,건조,맑음,단일로 - 기타,승용,남,38세,상해없음,화물,여,52세,경상
2012052300100106,2012년 5월 23일 07시,수요일,경상남도 남해군 이동면,중상사고,0,4,0,0,차량단독 - 도로외이탈 - 추락,안전운전불이행,건조,맑음,단일로 - 기타,승용,남,52세,중상,,,,
2012052300100107,2012년 5월 23일 07시,수요일,경상남도 창원시 의창구 팔용동,중상사고,0,1,0,0,차대차 - 기타,안전거리미확보,건조,맑음,단일로 - 기타,승용,남,40세,상해없음,승용,여,38세,상해없음
2012052300100136,2012년 5월 23일 08시,수요일,경상남도 김해시 삼정동,경상사고,0,0,1,0,차대차 - 기타,안전운전불이행,건조,맑음,단일로 - 기타,승합,남,45세,상해없음,승용,여,46세,경상
2012052300100137,2012년 5월 23일 08시,수요일,경상남도 남해군 서면,경상사고,0,0,5,0,차량단독 - 도로외이탈 - 추락,안전운전불이행,건조,맑음,단일로 - 기타,승용,여,22세,경상,,,,
2012052300100173,2012년 5월 23일 09시,수요일,경상남도 창원시 진해구 덕산동,중상사고,0,1,0,0,차대사람 - 보도통행중,안전운전불이행,건조,맑음,교차로 - 교차로안,화물,남,62세,상해없음,보행자,여,59세,중상
2012052300100174,2012년 5월 23일 09시,수요일,경상남도 거제시 연초면,중상사고,0,1,0,0,차대사람 - 기타,안전운전불이행,건조,맑음,단일로 - 기타,승용,남,50세,상해없음,보행자,남,51세,중상
2012052300100191,2012년 5월 23일 10시,수요일,경상남도 밀양시 부북면,중상사고,0,1,0,0,차대차 - 측면직각충돌,교차로운행방법위반,건조,맑음,교차로 - 교차로안,승합,남,62세,상해없음,승용,남,54세,중상
2012052300100192,2012년 5월 23일 10시,수요일,경상남도 거창군 거창읍,중상사고,0,1,0,0,차대차 - 측면직각충돌,안전운전불이행,건조,맑음,단일로 - 기타,승용,남,37세,상해없음,자전거,남,83세,중상
2012052300100193,2012년 5월 23일 10시,수요일,경상남도 합천군 율곡면,부상신고사고,0,0,0,2,차량단독 - 도로외이탈 - 추락,안전운전불이행,건조,맑음,단일로 - 기타,화물,남,52세,부상신고,,,,
2012052300100237,2012년 5월 23일 12시,수요일,경상남도 창원시 마산합포구 대외동,경상사고,0,0,1,0,차대사람 - 기타,안전운전불이행,건조,맑음,단일로 - 기타,승용,여,60세,상해없음,보행자,남,60세,경상
2012052300100238,2012년 5월 23일 12시,수요일,경상남도 사천시 서동,중상사고,0,1,0,0,차대사람 - 횡단중,안전운전불이행,건조,맑음,교차로 - 교차로부근,승합,여,45세,상해없음,보행자,여,67세,중상
2012052300100285,2012년 5월 23일 14시,수요일,경상남도 밀양시 산외면,중상사고,0,1,3,0,차대차 - 추돌 - 진행중,안전거리미확보,건조,맑음,단일로 - 기타,승용,남,76세,상해없음,승용,남,58세,경상
2012052300100304,2012년 5월 23일 14시,수요일,경상남도 통영시 도남동,경상사고,0,0,1,0,차대사람 - 길가장자리구역통행중,안전운전불이행,건조,맑음,단일로 - 기타,승용,남,57세,상해없음,보행자,남,61세,경상
2012052300100305,2012년 5월 23일 14시,수요일,경상남도 김해시 삼계동,경상사고,0,0,1,0,차대차 - 측면직각충돌,안전운전불이행,건조,맑음,교차로 - 교차로안,이륜,남,79세,상해없음,자전거,남,10세,경상
2012052300100306,2012년 5월 23일 14시,수요일,경상남도 산청군 생비량면,경상사고,0,0,1,0,차량단독 - 전도전복,안전운전불이행,건조,맑음,단일로 - 기타,이륜,남,75세,경상,,,,
2012052300100307,2012년 5월 23일 14시,수요일,경상남도 창원시 마산회원구 합성동,중상사고,0,1,0,0,차대사람 - 기타,안전운전불이행,건조,맑음,단일로 - 기타,화물,남,52세,상해없음,보행자,여,81세,중상
2012052300100337,2012년 5월 23일 15시,수요일,경상남도 창원시 진해구 경화동,중상사고,0,1,0,0,차대사람 - 횡단중,안전운전불이행,건조,맑음,교차로 - 교차로부근,승용,남,50세,상해없음,보행자,여,8세,중상
2012052300100338,2012년 5월 23일 15시,수요일,경상남도 의령군 의령읍,사망사고,1,1,0,0,차대차 - 측면직각충돌,중앙선침범,건조,맑음,교차로 - 교차로안,건설기계,남,35세,상해없음,이륜,남,66세,중상
2012052300100339,2012년 5월 23일 15시,수요일,경상남도 창원시 성산구 대방동,경상사고,0,0,1,0,차대사람 - 횡단중,안전운전불이행,건조,맑음,교차로 - 교차로안,승용,남,59세,상해없음,보행자,남,8세,경상
2012052300100340,2012년 5월 23일 15시,수요일,경상남도 창원시 의창구 명서동,경상사고,0,0,1,0,차대사람 - 기타,안전운전불이행,건조,맑음,단일로 - 기타,기타불명,기타불명,기타불명,기타불명,보행자,여,12세,경상
2012052300100376,2012년 5월 23일 16시,수요일,경상남도 양산시 삼호동,부상신고사고,0,0,0,1,차대차 - 측면직각충돌,안전운전불이행,건조,맑음,교차로 - 교차로부근,자전거,남,52세,부상신고,승용,여,31세,상해없음
2012052300100377,2012년 5월 23일 16시,수요일,경상남도 창원시 의창구 도계동,경상사고,0,0,1,0,차대사람 - 기타,보행자보호의무위반,건조,맑음,단일로 - 기타,승용,여,51세,상해없음,보행자,남,7세,경상
2012052300100425,2012년 5월 23일 17시,수요일,경상남도 통영시 광도면,경상사고,0,0,1,0,차대사람 - 횡단중,보행자보호의무위반,건조,맑음,단일로 - 횡단보도상,승용,여,33세,상해없음,보행자,남,4세,경상
2012052300100471,2012년 5월 23일 18시,수요일,경상남도 진주시 하대동,중상사고,0,1,0,0,차대사람 - 횡단중,안전운전불이행,건조,맑음,단일로 - 기타,승용,여,40세,상해없음,보행자,여,15세,중상
2012052300100472,2012년 5월 23일 18시,수요일,경상남도 창원시 진해구 소사동,경상사고,0,0,1,0,차대차 - 기타,기타,건조,맑음,단일로 - 기타,승용,남,31세,기타불명,자전거,남,39세,경상
2012052300100510,2012년 5월 23일 19시,수요일,경상남도 창원시 마산합포구 완월동,중상사고,0,1,0,0,차대사람 - 횡단중,보행자보호의무위반,건조,맑음,단일로 - 기타,승용,남,50세,상해없음,보행자,여,29세,중상
2012052300100511,2012년 5월 23일 19시,수요일,경상남도 밀양시 삼문동,경상사고,0,0,1,0,차대사람 - 횡단중,신호위반,건조,맑음,교차로 - 교차로안,이륜,남,17세,기타불명,보행자,남,10세,경상
2012052300100512,2012년 5월 23일 19시,수요일,경상남도 거제시 장승포동,중상사고,0,1,0,0,차대차 - 기타,안전운전불이행,건조,맑음,교차로 - 교차로부근,승용,남,46세,기타불명,이륜,남,36세,중상
2012052300100513,2012년 5월 23일 19시,수요일,경상남도 함안군 칠원면,중상사고,0,2,4,0,차대차 - 측면직각충돌,안전운전불이행,건조,맑음,교차로 - 교차로부근,승용,남,31세,상해없음,승용,남,28세,중상
2012052300100539,2012년 5월 23일 20시,수요일,경상남도 사천시 벌리동,경상사고,0,0,1,0,차대차 - 추돌 - 주정차중,안전운전불이행,건조,맑음,단일로 - 기타,승용,남,44세,상해없음,승합,남,36세,경상
2012052300100540,2012년 5월 23일 20시,수요일,경상남도 창원시 마산회원구 회원동,중상사고,0,1,0,0,차대차 - 기타,안전운전불이행,건조,맑음,단일로 - 기타,승용,남,33세,상해없음,자전거,남,55세,중상
2012052300100541,2012년 5월 23일 20시,수요일,경상남도 김해시 장유면,중상사고,0,1,0,0,차대사람 - 횡단중,안전운전불이행,건조,맑음,교차로 - 교차로부근,승용,남,51세,상해없음,보행자,남,10세,중상
2012052300100574,2012년 5월 23일 21시,수요일,경상남도 양산시 중부동,경상사고,0,0,3,0,차대차 - 추돌 - 주정차중,중앙선침범,건조,맑음,단일로 - 기타,승용,남,27세,상해없음,승용,남,39세,경상
2012052300100575,2012년 5월 23일 21시,수요일,경상남도 하동군 하동읍,경상사고,0,0,1,0,차대사람 - 보도통행중,안전운전불이행,건조,맑음,단일로 - 기타,승용,여,40세,상해없음,보행자,여,17세,경상
2012052300100576,2012년 5월 23일 21시,수요일,경상남도 창원시 성산구 사파동,경상사고,0,0,1,0,차대사람 - 횡단중,안전운전불이행,건조,맑음,교차로 - 교차로안,승용,남,54세,상해없음,보행자,여,20세,경상
2012052300100577,2012년 5월 23일 21시,수요일,경상남도 창원시 마산회원구 내서읍,경상사고,0,0,1,1,차대차 - 추돌 - 주정차중,안전운전불이행,건조,맑음,교차로 - 교차로부근,승용,남,52세,상해없음,승용,남,60세,부상신고
2012052300100578,2012년 5월 23일 21시,수요일,경상남도 김해시 진례면,경상사고,0,0,1,0,차대차 - 추돌 - 진행중,안전운전불이행,건조,맑음,단일로 - 기타,승용,남,45세,상해없음,자전거,여,22세,경상
2012052300100635,2012년 5월 23일 23시,수요일,경상남도 양산시 하북면,중상사고,0,2,0,0,차량단독 - 전도전복,안전운전불이행,건조,맑음,단일로 - 기타,승용,남,18세,상해없음,,,,
2012052300100649,2012년 5월 23일 23시,수요일,경상남도 양산시 평산동,경상사고,0,0,2,0,차대차 - 측면직각충돌,교차로운행방법위반,건조,맑음,교차로 - 교차로부근,승용,남,20세,경상,승용,남,36세,상해없음
2012052400100021,2012년 5월 24일 00시,목요일,경상남도 진주시 상평동,중상사고,0,1,0,0,차대사람 - 횡단중,보행자보호의무위반,건조,맑음,단일로 - 횡단보도상,승용,남,31세,상해없음,보행자,남,36세,중상
2012052400100022,2012년 5월 24일 00시,목요일,경상남도 거제시 고현동,경상사고,0,0,1,0,차대차 - 기타,안전운전불이행,건조,맑음,교차로 - 교차로부근,승용,남,29세,상해없음,이륜,남,26세,경상
2012052400100039,2012년 5월 24일 02시,목요일,경상남도 김해시 삼정동,사망사고,1,0,0,0,차량단독 - 공작물충돌,안전운전불이행,건조,맑음,단일로 - 기타,이륜,남,28세,사망,,,,
2012052400100116,2012년 5월 24일 07시,목요일,경상남도 통영시 산양읍,경상사고,0,0,1,0,차대사람 - 기타,보행자보호의무위반,건조,맑음,단일로 - 횡단보도상,승합,남,42세,상해없음,보행자,남,14세,경상
2012052400100117,2012년 5월 24일 07시,목요일,경상남도 통영시 무전동,중상사고,0,1,0,0,차대차 - 측면직각충돌,직진우회전진행방해,건조,맑음,교차로 - 교차로안,승용,남,52세,상해없음,원동기,남,56세,중상