사고번호,사고일시,요일,시군구,사고내용,사망자수,중상자수,경상자수,부상신고자수,사고유형,법규위반,노면상태,기상상태,도로형태,가해운전자 차종,가해운전자 성별,가해운전자 연령,가해운전자 상해정도,피해운전자 차종,피해운전자 성별,피해운전자 연령,피해운전자 상해정도
2012052700100169,2012년 5월 27일 09시,일요일,경상남도 양산시 중부동,중상사고,0,1,0,0,차대차 - 측면직각충돌,신호위반,건조,맑음,교차로 - 교차로안,승용,여,49세,상해없음,화물,남,49세,중상
2012052700100187,2012년 5월 27일 10시,일요일,경상남도 통영시 북신동,중상사고,0,2,1,0,차대차 - 측면직각충돌,안전운전불이행,건조,맑음,교차로 - 교차로안,승용,남,25세,상해없음,승용,남,57세,경상
2012052700100188,2012년 5월 27일 10시,일요일,경상남도 의령군 대의면,경상사고,0,0,1,0,차대차 - 추돌 - 진행중,안전운전불이행,건조,맑음,단일로 - 기타,이륜,남,39세,경상,승용,남,51세,상해없음
2012052700100217,2012년 5월 27일 11시,일요일,경상남도 창원시 진해구 석동,부상신고사고,0,0,0,1,차대차 - 추돌 - 진행중,안전거리미확보,건조,맑음,교차로 - 교차로부근,이륜,남,50세,부상신고,승용,남,48세,상해없음
2012052700100218,2012년 5월 27일 11시,일요일,경상남도 사천시 축동면,중상사고,0,1,0,0,차대차 - 정면충돌,중앙선침범,건조,맑음,단일로 - 기타,승용,남,50세,상해없음,승용,남,44세,중상
2012052700100219,2012년 5월 27일 11시,일요일,경상남도 사천시 서포면,경상사고,0,0,2,0,차대차 - 기타,기타,건조,맑음,교차로 - 교차로안,화물,남,41세,경상,승용,여,39세,경상
2012052700100220,2012년 5월 27일 11시,일요일,경상남도 밀양시 가곡동,경상사고,0,0,2,0,차대차 - 추돌 - 진행중,안전거리미확보,건조,맑음,단일로 - 기타,승용,남,55세,상해없음,승용,남,26세,경상
2012052700100221,2012년 5월 27일 11시,일요일,경상남도 남해군 설천면,중상사고,0,3,0,0,차대차 - 추돌 - 주정차중,안전운전불이행,건조,맑음,기타 - 기타,승용,남,38세,상해없음,승용,여,44세,중상
2012052700100245,2012년 5월 27일 12시,일요일,경상남도 남해군 남해읍,중상사고,0,1,0,0,차대차 - 측면직각충돌,중앙선침범,건조,맑음,기타 - 기타,승용,남,43세,상해없음,이륜,남,74세,중상
2012052700100246,2012년 5월 27일 12시,일요일,경상남도 남해군 남해읍,중상사고,0,1,0,0,차대사람 - 횡단중,신호위반,건조,맑음,단일로 - 횡단보도상,승용,남,23세,상해없음,보행자,여,4세,중상
2012052700100275,2012년 5월 27일 13시,일요일,경상남도 통영시 무전동,경상사고,0,0,4,0,차대차 - 측면직각충돌,안전거리미확보,건조,맑음,단일로 - 기타,승용,남,35세,상해없음,승용,남,33세,경상
2012052700100276,2012년 5월 27일 13시,일요일,경상남도 김해시 부원동,중상사고,0,1,0,0,차대사람 - 보도통행중,안전운전불이행,건조,맑음,단일로 - 기타,승용,남,44세,상해없음,보행자,여,63세,중상
2012052700100277,2012년 5월 27일 13시,일요일,경상남도 창녕군 남지읍,중상사고,0,1,0,0,차대차 - 기타,안전운전불이행,건조,맑음,단일로 - 기타,화물,여,57세,상해없음,원동기,남,78세,중상
2012052700100278,2012년 5월 27일 13시,일요일,경상남도 남해군 창선면,경상사고,0,0,5,0,차대차 - 기타,중앙선침범,건조,맑음,기타 - 기타,승용,남,54세,상해없음,승용,남,31세,경상
2012052700100305,2012년 5월 27일 14시,일요일,경상남도 남해군 삼동면,부상신고사고,0,0,0,1,차대차 - 추돌 - 진행중,안전운전불이행,건조,맑음,기타 - 기타,이륜,남,75세,상해없음,승용,남,45세,부상신고
2012052700100326,2012년 5월 27일 15시,일요일,경상남도 밀양시 부북면,중상사고,0,1,0,0,차대차 - 측면직각충돌,안전운전불이행,건조,맑음,단일로 - 기타,승용,남,40세,상해없음,자전거,남,79세,중상
2012052700100327,2012년 5월 27일 15시,일요일,경상남도 김해시 어방동,중상사고,0,1,0,0,차대차 - 측면직각충돌,안전거리미확보,건조,맑음,단일로 - 기타,승용,남,23세,상해없음,원동기,남,16세,중상
2012052700100328,2012년 5월 27일 15시,일요일,경상남도 거제시 고현동,경상사고,0,0,5,0,차대차 - 측면직각충돌,안전운전불이행,건조,맑음,단일로 - 기타,승용,남,48세,기타불명,승용,남,50세,상해없음
2012052700100329,2012년 5월 27일 15시,일요일,경상남도 남해군 창선면,중상사고,0,1,4,0,차대차 - 기타,신호위반,건조,맑음,기타 - 기타,승용,남,31세,상해없음,승용,남,33세,경상
2012052700100363,2012년 5월 27일 16시,일요일,경상남도 밀양시 산내면,중상사고,0,3,2,0,차대차 - 측면직각충돌,중앙선침범,건조,맑음,단일로 - 기타,승용,여,42세,상해없음,승용,남,48세,상해없음
2012052700100364,2012년 5월 27일 16시,일요일,경상남도 거창군 거창읍,경상사고,0,0,1,0,차대차 - 측면직각충돌,교차로운행방법위반,건조,맑음,교차로 - 교차로안,원동기,남,61세,경상,승용,남,33세,상해없음
2012052700100365,2012년 5월 27일 16시,일요일,경상남도 거제시 고현동,경상사고,0,0,2,0,차대차 - 추돌 - 주정차중,안전운전불이행,건조,맑음,단일로 - 기타,승용,남,57세,상해없음,승용,남,40세,경상
2012052700100366,2012년 5월 27일 16시,일요일,경상남도 남해군 미조면,경상사고,0,0,1,0,차대사람 - 횡단중,안전운전불이행,건조,맑음,기타 - 기타,승용,여,40세,상해없음,보행자,여,11세,경상
2012052700100393,2012년 5월 27일 17시,일요일,경상남도 통영시 서호동,경상사고,0,0,1,0,차대차 - 추돌 - 진행중,안전운전불이행,건조,맑음,교차로 - 교차로부근,승용,남,51세,상해없음,승용,여,27세,경상
2012052700100394,2012년 5월 27일 17시,일요일,경상남도 창녕군 남지읍,중상사고,0,1,0,0,차대차 - 기타,신호위반,건조,맑음,교차로 - 교차로안,자전거,남,49세,중상,승용,남,57세,상해없음
2012052700100395,2012년 5월 27일 17시,일요일,경상남도 함안군 가야읍,경상사고,0,0,2,0,차대차 - 추돌 - 진행중,안전거리미확보,건조,맑음,단일로 - 기타,승용,남,21세,상해없음,승용,남,36세,경상
2012052700100428,2012년 5월 27일 18시,일요일,경상남도 남해군 창선면,중상사고,0,1,1,0,차대차 - 추돌 - 주정차중,안전운전불이행,건조,맑음,기타 - 기타,화물,남,39세,상해없음,승용,여,50세,중상
2012052700100429,2012년 5월 27일 18시,일요일,경상남도 창원시 마산회원구 양덕동,중상사고,0,1,0,0,차대차 - 측면직각충돌,신호위반,건조,맑음,교차로 - 교차로안,승용,남,27세,상해없음,승용,남,33세,중상
2012052700100430,2012년 5월 27일 18시,일요일,경상남도 창원시 마산회원구 내서읍,중상사고,0,1,0,0,차대차 - 추돌 - 주정차중,안전운전불이행,건조,맑음,단일로 - 기타,승용,남,44세,상해없음,이륜,남,54세,중상
2012052700100462,2012년 5월 27일 19시,일요일,경상남도 남해군 창선면,경상사고,0,0,5,0,차대차 - 추돌 - 진행중,안전운전불이행,건조,맑음,기타 - 기타,승용,남,52세,상해없음,승용,남,31세,경상
2012052700100463,2012년 5월 27일 19시,일요일,경상남도 창원시 성산구 상남동,중상사고,0,1,0,0,차대차 - 측면직각충돌,신호위반,건조,맑음,교차로 - 교차로안,승용,남,57세,상해없음,원동기,남,18세,중상
2012052700100492,2012년 5월 27일 20시,일요일,경상남도 창원시 마산합포구 신포동1가,중상사고,0,1,0,0,차대사람 - 횡단중,보행자보호의무위반,건조,맑음,교차로 - 교차로부근,승용,남,52세,상해없음,보행자,여,10세,중상
2012052700100493,2012년 5월 27일 20시,일요일,경상남도 거제시 상동동,중상사고,0,1,0,0,차대차 - 측면직각충돌,안전운전불이행,건조,맑음,교차로 - 교차로안,승용,여,43세,상해없음,이륜,남,18세,중상
2012052700100523,2012년 5월 27일 21시,일요일,경상남도 김해시 장유면,중상사고,0,1,0,0,차대차 - 정면충돌,중앙선침범,건조,맑음,단일로 - 기타,승용,남,58세,상해없음,원동기,남,20세,중상
2012052700100544,2012년 5월 27일 22시,일요일,경상남도 통영시 도천동,부상신고사고,0,0,0,1,차대사람 - 횡단중,안전운전불이행,건조,맑음,교차로 - 교차로부근,승용,남,63세,상해없음,보행자,남,17세,부상신고
2012052700100545,2012년 5월 27일 22시,일요일,경상남도 함안군 군북면,중상사고,0,2,0,0,차대차 - 추돌 - 진행중,안전운전불이행,건조,맑음,단일로 - 기타,승용,남,28세,상해없음,승용,남,41세,중상
2012052800100013,2012년 5월 28일 00시,월요일,경상남도 양산시 명동,경상사고,0,0,1,0,차대사람 - 차도통행중,안전운전불이행,건조,맑음,단일로 - 기타,화물,남,48세,상해없음,보행자,남,59세,경상
2012052800100025,2012년 5월 28일 01시,월요일,경상남도 창원시 마산합포구 상남동,중상사고,0,3,0,0,차대차 - 측면직각충돌,중앙선침범,건조,맑음,단일로 - 기타,승용,남,63세,상해없음,승용,남,47세,중상
2012052800100041,2012년 5월 28일 02시,월요일,경상남도 김해시 어방동,중상사고,0,2,1,0,차대차 - 측면직각충돌,신호위반,건조,맑음,교차로 - 교차로안,승용,남,60세,경상,승용,여,40세,중상
2012052800100061,2012년 5월 28일 04시,월요일,경상남도 창원시 성산구 남산동,중상사고,0,1,0,0,차대사람 - 기타,안전운전불이행,건조,맑음,단일로 - 기타,승합,남,44세,상해없음,보행자,남,38세,중상
2012052800100069,2012년 5월 28일 05시,월요일,경상남도 김해시 외동,중상사고,0,1,0,0,차대차 - 측면직각충돌,신호위반,건조,맑음,교차로 - 교차로안,특수,남,55세,상해없음,승용,남,69세,중상
2012052800100087,2012년 5월 28일 06시,월요일,경상남도 거제시 옥포동,경상사고,0,0,1,0,차대차 - 추돌 - 주정차중,안전운전불이행,건조,맑음,교차로 - 교차로부근,승용,남,30세,상해없음,승용,남,45세,경상
2012052800100105,2012년 5월 28일 07시,월요일,경상남도 창원시 마산합포구 상남동,중상사고,0,1,0,0,차대사람 - 기타,안전운전불이행,건조,맑음,단일로 - 기타,승용,남,36세,상해없음,보행자,여,87세,중상
2012052800100122,2012년 5월 28일 08시,월요일,경상남도 거제시 수월동,경상사고,0,0,1,0,차대차 - 측면직각충돌,신호위반,건조,맑음,교차로 - 교차로안,승용,여,34세,상해없음,화물,남,40세,경상
2012052800100165,2012년 5월 28일 10시,월요일,경상남도 함안군 군북면,경상사고,0,0,1,0,차대차 - 측면직각충돌,안전운전불이행,건조,맑음,교차로 - 교차로안,승용,남,71세,상해없음,이륜,남,60세,경상
2012052800100187,2012년 5월 28일 11시,월요일,경상남도 통영시 무전동,중상사고,0,1,0,0,차대차 - 추돌 - 주정차중,안전거리미확보,건조,맑음,교차로 - 교차로부근,승합,남,43세,상해없음,승용,여,51세,중상
2012052800100188,2012년 5월 28일 11시,월요일,경상남도 창녕군 남지읍,경상사고,0,0,1,0,차대차 - 측면직각충돌,안전운전불이행,건조,맑음,단일로 - 기타,화물,남,71세,상해없음,자전거,남,89세,경상
2012052800100189,2012년 5월 28일 11시,월요일,경상남도 거제시 동부면,경상사고,0,0,1,0,차대차 - 측면직각충돌,안전운전불이행,건조,맑음,교차로 - 교차로부근,승용,남,28세,상해없음,농기계,남,70세,경상
2012052800100221,2012년 5월 28일 12시,월요일,경상남도 진주시 진성면,경상사고,0,0,8,0,차대차 - 측면직각충돌,안전운전불이행,건조,맑음,교차로 - 교차로안,승용,남,51세,상해없음,승용,남,30세,경상
2012052800100222,2012년 5월 28일 12시,월요일,경상남도 고성군 상리면,중상사고,0,1,0,0,차대차 - 측면직각충돌,직진우회전진행방해,건조,맑음,교차로 - 교차로안,승합,남,38세,상해없음,농기계,남,63세,중상
2012052800100254,2012년 5월 28일 13시,월요일,경상남도 창원시 마산합포구 진동면,중상사고,0,2,0,0,차대차 - 측면직각충돌,교차로운행방법위반,건조,맑음,교차로 - 교차로안,승용,여,43세,상해없음,승용,남,33세,중상
2012052800100255,2012년 5월 28일 13시,월요일,경상남도 창원시 마산합포구 덕동동,경상사고,0,0,2,0,차량단독 - 전도전복,안전운전불이행,건조,맑음,기타 - 기타,승용,여,63세,경상,,,,
2012052800100256,2012년 5월 28일 13시,월요일,경상남도 통영시 정량동,중상사고,0,1,2,0,차대차 - 측면직각충돌,직진우회전진행방해,건조,맑음,교차로 - 교차로안,승용,여,37세,상해없음,승용,여,28세,경상
2012052800100257,2012년 5월 28일 13시,월요일,경상남도 통영시 북신동,경상사고,0,0,1,0,차대차 - 추돌 - 진행중,안전운전불이행,건조,맑음,단일로 - 기타,이륜,남,17세,경상,승용,남,54세,상해없음
2012052800100258,2012년 5월 28일 13시,월요일,경상남도 김해시 삼계동,중상사고,0,3,2,0,차대차 - 측면직각충돌,신호위반,건조,맑음,교차로 - 교차로안,승용,남,43세,상해없음,승용,남,34세,중상
2012052800100259,2012년 5월 28일 13시,월요일,경상남도 창녕군 창녕읍,중상사고,0,1,0,1,차대사람 - 기타,안전운전불이행,건조,맑음,단일로 - 기타,승용,여,51세,상해없음,보행자,여,41세,중상
2012052800100290,2012년 5월 28일 14시,월요일,경상남도 거제시 연초면,경상사고,0,0,1,0,차대사람 - 길가장자리구역통행중,안전운전불이행,건조,맑음,단일로 - 기타,승용,남,57세,상해없음,보행자,남,14세,경상
2012052800100364,2012년 5월 28일 16시,월요일,경상남도 합천군 율곡면,중상사고,0,1,0,0,차대차 - 기타,교차로운행방법위반,습기,비,교차로 - 교차로안,화물,여,41세,상해없음,농기계,남,58세,중상
2012052800100365,2012년 5월 28일 16시,월요일,경상남도 창원시 의창구 북면,사망사고,1,0,0,0,차대차 - 정면충돌,안전운전불이행,건조,맑음,단일로 - 기타,화물,남,46세,상해없음,자전거,남,80세,사망
2012052800100398,2012년 5월 28일 17시,월요일,경상남도 창원시 성산구 사파동,중상사고,0,3,0,0,차대차 - 기타,기타,건조,맑음,교차로 - 교차로안,승용,남,52세,상해없음,승용,남,31세,중상
2012052800100427,2012년 5월 28일 18시,월요일,경상남도 김해시 한림면,경상사고,0,0,4,0,차대차 - 측면직각충돌,교차로운행방법위반,건조,맑음,교차로 - 교차로안,승용,여,46세,상해없음,승용,남,54세,경상
2012052800100450,2012년 5월 28일 19시,월요일,경상남도 진주시 동성동,중상사고,0,1,0,0,차대사람 - 기타,안전운전불이행,건조,맑음,단일로 - 횡단보도상,승용,여,57세,상해없음,보행자,남,44세,중상
2012052800100451,2012년 5월 28일 19시,월요일,경상남도 창원시 마산회원구 구암동,중상사고,0,2,4,0,차대차 - 추돌 - 진행중,안전운전불이행,건조,맑음,단일로 - 기타,승용,남,47세,기타불명,승용,남,39세,중상
2012052800100481,2012년 5월 28일 20시,월요일,경상남도 김해시 상동면,경상사고,0,0,1,0,차대사람 - 길가장자리구역통행중,안전거리미확보,건조,맑음,단일로 - 기타,건설기계,남,53세,상해없음,보행자,남,30세,경상
2012052800100506,2012년 5월 28일 21시,월요일,경상남도 창원시 진해구 자은동,경상사고,0,0,1,0,차대차 - 기타,안전운전불이행,건조,맑음,교차로 - 교차로부근,승용,남,36세,상해없음,이륜,남,17세,경상
2012052800100528,2012년 5월 28일 22시,월요일,경상남도 양산시 매곡동,부상신고사고,0,0,0,1,차대사람 - 기타,안전운전불이행,건조,맑음,기타 - 기타,기타불명,기타불명,기타불명,기타불명,보행자,남,38세,부상신고
2012052800100555,2012년 5월 28일 23시,월요일,경상남도 사천시 사천읍,경상사고,0,0,5,0,차대차 - 추돌 - 진행중,안전운전불이행,건조,맑음,교차로 - 교차로안,승용,남,33세,상해없음,승용,남,41세,경상
2012052900100014,2012년 5월 29일 00시,화요일,경상남도 양산시 물금읍,경상사고,0,0,1,0,차대차 - 기타,교차로운행방법위반,건조,맑음,교차로 - 교차로안,승용,남,72세,기타불명,승용,남,52세,상해없음
2012052900100045,2012년 5월 29일 04시,화요일,경상남도 진주시 금산면,중상사고,0,1,0,0,차대사람 - 횡단중,보행자보호의무위반,건조,맑음,단일로 - 기타,승용,남,46세,상해없음,보행자,남,39세,중상
2012052900100061,2012년 5월 29일 06시,화요일,경상남도 창원시 마산회원구 구암동,중상사고,0,1,2,0,차대차 - 추돌 - 주정차중,안전운전불이행,건조,맑음,단일로 - 기타,승용,남,33세,경상,승합,남,57세,상해없음
2012052900100082,2012년 5월 29일 07시,화요일,경상남도 창원시 성산구 상남동,경상사고,0,0,1,0,차대사람 - 횡단중,안전운전불이행,건조,맑음,교차로 - 교차로부근,승용,남,45세,상해없음,보행자,남,16세,경상
2012052900100121,2012년 5월 29일 08시,화요일,경상남도 창원시 마산합포구 자산동,경상사고,0,0,1,0,차대차 - 기타,안전운전불이행,건조,맑음,기타 - 기타,화물,남,65세,상해없음,승용,남,47세,경상
2012052900100122,2012년 5월 29일 08시,화요일,경상남도 거창군 가조면,중상사고,0,1,0,0,차대차 - 측면직각충돌,안전운전불이행,건조,맑음,교차로 - 교차로안,승용,남,30세,상해없음,농기계,남,64세,중상
2012052900100123,2012년 5월 29일 08시,화요일,경상남도 양산시 평산동,중상사고,0,1,0,0,차대차 - 정면충돌,안전운전불이행,건조,맑음,교차로 - 교차로부근,승용,남,39세,상해없음,자전거,남,39세,중상
2012052900100161,2012년 5월 29일 09시,화요일,경상남도 김해시 부원동,경상사고,0,0,1,0,차량단독 - 기타,기타,건조,맑음,단일로 - 기타,승합,남,51세,상해없음,,,,
2012052900100188,2012년 5월 29일 10시,화요일,경상남도 거창군 거창읍,부상신고사고,0,0,0,1,차대차 - 추돌 - 주정차중,안전운전불이행,건조,맑음,단일로 - 기타,화물,남,41세,상해없음,승용,남,51세,상해없음
2012052900100189,2012년 5월 29일 10시,화요일,경상남도 거창군 거창읍,중상사고,0,1,0,0,차대차 - 측면직각충돌,신호위반,건조,맑음,교차로 - 교차로안,자전거,여,70세,중상,승용,여,53세,상해없음
2012052900100190,2012년 5월 29일 10시,화요일,경상남도 양산시 북부동,경상사고,0,0,1,0,차대차 - 기타,안전거리미확보,건조,맑음,교차로 - 교차로부근,승용,남,33세,기타불명,원동기,남,32세,경상
2012052900100217,2012년 5월 29일 11시,화요일,경상남도 김해시 봉황동,중상사고,0,1,0,0,차대차 - 측면직각충돌,신호위반,건조,맑음,교차로 - 교차로안,승용,남,63세,상해없음,승용,남,59세,중상
2012052900100259,2012년 5월 29일 13시,화요일,경상남도 통영시 무전동,중상사고,0,1,0,0,차대사람 - 기타,안전운전불이행,건조,맑음,교차로 - 교차로부근,승용,남,51세,상해없음,보행자,여,51세,중상
2012052900100260,2012년 5월 29일 13시,화요일,경상남도 함안군 가야읍,경상사고,0,0,1,0,차대차 - 추돌 - 주정차중,안전거리미확보,건조,맑음,단일로 - 기타,승용,남,41세,상해없음,승용,남,44세,상해없음
2012052900100261,2012년 5월 29일 13시,화요일,경상남도 김해시 진영읍,중상사고,0,1,1,0,차대차 - 측면직각충돌,신호위반,건조,맑음,교차로 - 교차로안,화물,남,42세,상해없음,승용,남,34세,중상
2012052900100262,2012년 5월 29일 13시,화요일,경상남도 김해시 전하동,경상사고,0,0,1,0,차대사람 - 기타,안전운전불이행,건조,맑음,교차로 - 교차로부근,기타불명,기타불명,기타불명,기타불명,보행자,여,68세,경상
2012052900100298,2012년 5월 29일 14시,화요일,경상남도 밀양시 내이동,중상사고,0,1,0,0,차대사람 - 횡단중,안전운전불이행,건조,맑음,교차로 - 교차로안,승합,남,64세,상해없음,보행자,남,55세,중상
2012052900100299,2012년 5월 29일 14시,화요일,경상남도 양산시 남부동,경상사고,0,0,1,0,차대차 - 기타,안전운전불이행,건조,맑음,기타 - 기타,승용,남,56세,상해없음,승용,남,21세,경상
2012052900100300,2012년 5월 29일 14시,화요일,경상남도 거제시 장평동,중상사고,0,1,0,0,차대사람 - 횡단중,보행자보호의무위반,건조,맑음,단일로 - 횡단보도상,승용,남,25세,상해없음,보행자,남,9세,중상
2012052900100301,2012년 5월 29일 14시,화요일,경상남도 창원시 의창구 봉곡동,중상사고,0,1,0,0,차대사람 - 횡단중,안전운전불이행,건조,맑음,교차로 - 교차로부근,승용,여,36세,상해없음,보행자,여,37세,중상
2012052900100333,2012년 5월 29일 15시,화요일,경상남도 진주시 가좌동,중상사고,0,1,0,0,차대차 - 측면직각충돌,신호위반,건조,맑음,교차로 - 교차로안,승용,남,37세,상해없음,승용,남,39세,중상
2012052900100334,2012년 5월 29일 15시,화요일,경상남도 창원시 진해구 북부동,중상사고,0,1,0,0,차대차 - 기타,교차로운행방법위반,건조,맑음,교차로 - 교차로안,농기계,남,47세,상해없음,승합,남,44세,상해없음
2012052900100335,2012년 5월 29일 15시,화요일,경상남도 함안군 가야읍,경상사고,0,0,1,0,차대차 - 기타,안전운전불이행,건조,맑음,단일로 - 기타,승용,남,27세,상해없음,자전거,여,63세,경상
2012052900100336,2012년 5월 29일 15시,화요일,경상남도 창원시 의창구 팔용동,중상사고,0,2,1,1,차대차 - 기타,신호위반,건조,맑음,교차로 - 교차로안,화물,남,48세,부상신고,승용,남,40세,중상
2012052900100363,2012년 5월 29일 16시,화요일,경상남도 진주시 장대동,중상사고,0,1,0,0,차대차 - 기타,안전운전불이행,건조,맑음,단일로 - 횡단보도상,화물,남,33세,상해없음,자전거,여,56세,중상
2012052900100364,2012년 5월 29일 16시,화요일,경상남도 거창군 거창읍,경상사고,0,0,1,0,차대차 - 측면직각충돌,안전운전불이행,건조,맑음,단일로 - 기타,승용,여,26세,상해없음,이륜,남,67세,경상
2012052900100365,2012년 5월 29일 16시,화요일,경상남도 거제시 옥포동,경상사고,0,0,1,0,차량단독 - 기타,안전운전불이행,건조,맑음,단일로 - 기타,승합,남,51세,상해없음,,,,
2012052900100366,2012년 5월 29일 16시,화요일,경상남도 거제시 고현동,중상사고,0,1,0,0,차량단독 - 기타,안전운전불이행,건조,맑음,단일로 - 기타,승합,여,32세,상해없음,,,,
2012052900100400,2012년 5월 29일 17시,화요일,경상남도 진주시 문산읍,중상사고,0,1,0,0,차대차 - 추돌 - 주정차중,안전운전불이행,건조,맑음,교차로 - 교차로안,승용,남,56세,상해없음,승용,여,39세,중상
2012052900100468,2012년 5월 29일 19시,화요일,경상남도 창원시 마산합포구 해운동,중상사고,0,1,0,0,차대사람 - 횡단중,안전운전불이행,건조,맑음,교차로 - 교차로안,승용,남,29세,상해없음,보행자,여,49세,중상
2012052900100469,2012년 5월 29일 19시,화요일,경상남도 통영시 광도면,사망사고,2,5,3,0,차대차 - 정면충돌,안전운전불이행,건조,맑음,교차로 - 교차로안,승용,남,45세,중상,승용,남,43세,사망
2012052900100470,2012년 5월 29일 19시,화요일,경상남도 양산시 물금읍,중상사고,0,1,0,0,차대차 - 기타,차로위반,건조,맑음,교차로 - 교차로안,승용,남,51세,상해없음,자전거,남,71세,중상
2012052900100500,2012년 5월 29일 20시,화요일,경상남도 창원시 마산합포구 중앙동2가,중상사고,0,1,0,0,차대차 - 정면충돌,중앙선침범,건조,맑음,교차로 - 교차로부근,승용,여,31세,상해없음,승용,남,28세,중상
2012052900100501,2012년 5월 29일 20시,화요일,경상남도 김해시 삼방동,경상사고,0,0,1,0,차대사람 - 횡단중,보행자보호의무위반,건조,맑음,단일로 - 횡단보도상,승용,남,35세,상해없음,보행자,여,56세,경상
2012052900100531,2012년 5월 29일 21시,화요일,경상남도 김해시 삼계동,경상사고,0,0,1,0,차대차 - 측면직각충돌,안전운전불이행,건조,맑음,단일로 - 횡단보도상,화물,남,55세,상해없음,자전거,남,12세,경상
2012052900100559,2012년 5월 29일 22시,화요일,경상남도 양산시 북부동,경상사고,0,0,1,0,차대차 - 측면직각충돌,신호위반,건조,맑음,교차로 - 교차로안,승용,남,45세,상해없음,승용,여,37세,경상
2012052900100574,2012년 5월 29일 23시,화요일,경상남도 창원시 진해구 이동,경상사고,0,0,2,0,차대차 - 추돌 - 진행중,안전운전불이행,건조,맑음,교차로 - 교차로부근,승용,남,45세,상해없음,승용,남,32세,경상
2012053000100011,2012년 5월 30일 00시,수요일,경상남도 김해시 삼정동,경상사고,0,0,3,0,차량단독 - 기타,안전운전불이행,건조,맑음,교차로 - 교차로부근,승용,남,55세,상해없음,,,,
2012053000100012,2012년 5월 30일 00시,수요일,경상남도 창원시 마산회원구 합성동,경상사고,0,0,1,0,차대차 - 측면직각충돌,안전운전불이행,건조,맑음,교차로 - 교차로안,승용,남,56세,상해없음,승용,남,68세,상해없음
2012053000100066,2012년 5월 30일 06시,수요일,경상남도 사천시 사천읍,경상사고,0,0,1,0,차대차 - 기타,교차로운행방법위반,건조,맑음,교차로 - 교차로안,화물,남,63세,상해없음,승용,여,34세,경상
2012053000100084,2012년 5월 30일 07시,수요일,경상남도 양산시 북부동,부상신고사고,0,0,0,2,차대차 - 기타,차로위반,건조,맑음,단일로 - 기타,승합,남,64세,상해없음,승합,남,35세,부상신고
2012053000100085,2012년 5월 30일 07시,수요일,경상남도 남해군 창선면,경상사고,0,0,2,0,차대사람 - 기타,안전운전불이행,건조,맑음,기타 - 기타,화물,남,66세,상해없음,보행자,남,49세,경상
2012053000100086,2012년 5월 30일 07시,수요일,경상남도 창원시 의창구 팔용동,중상사고,0,1,0,0,차대사람 - 기타,안전운전불이행,건조,맑음,단일로 - 횡단보도상,승용,남,53세,상해없음,보행자,여,16세,중상
2012053000100108,2012년 5월 30일 08시,수요일,경상남도 창원시 마산합포구 자산동,경상사고,0,0,1,0,차대차 - 측면직각충돌,교차로운행방법위반,건조,맑음,교차로 - 교차로안,승용,여,46세,상해없음,승용,남,54세,상해없음
2012053000100109,2012년 5월 30일 08시,수요일,경상남도 창원시 진해구 여좌동,경상사고,0,0,2,0,차대차 - 추돌 - 진행중,안전운전불이행,건조,맑음,교차로 - 교차로부근,승용,남,32세,상해없음,승용,남,64세,경상
2012053000100110,2012년 5월 30일 08시,수요일,경상남도 남해군 남해읍,중상사고,0,2,0,0,차대차 - 추돌 - 진행중,안전운전불이행,건조,흐림,단일로 - 기타,승용,남,58세,상해없음,승용,남,59세,상해없음
2012053000100141,2012년 5월 30일 09시,수요일,경상남도 밀양시 무안면,중상사고,0,1,1,0,차대차 - 측면직각충돌,안전운전불이행,건조,맑음,교차로 - 교차로안,승합,남,65세,중상,화물,남,58세,경상
2012053000100142,2012년 5월 30일 09시,수요일,경상남도 김해시 장유면,경상사고,0,0,1,0,차대차 - 정면충돌,안전운전불이행,건조,맑음,단일로 - 기타,승용,남,53세,상해없음,화물,남,40세,경상
2012053000100171,2012년 5월 30일 10시,수요일,경상남도 밀양시 산외면,중상사고,0,1,0,0,차대차 - 추돌 - 진행중,안전운전불이행,건조,흐림,기타 - 기타,화물,남,61세,상해없음,원동기,남,37세,중상
2012053000100172,2012년 5월 30일 10시,수요일,경상남도 산청군 산청읍,중상사고,0,1,0,0,차대차 - 측면직각충돌,중앙선침범,습기,비,단일로 - 기타,농기계,남,73세,중상,화물,남,56세,상해없음
2012053000100204,2012년 5월 30일 11시,수요일,경상남도 진주시 가좌동,중상사고,0,1,0,0,차대차 - 측면직각충돌,신호위반,건조,맑음,단일로 - 기타,승용,여,38세,상해없음,자전거,남,53세,중상
2012053000100222,2012년 5월 30일 12시,수요일,경상남도 창원시 마산합포구 진동면,중상사고,0,1,1,0,차대차 - 추돌 - 주정차중,안전거리미확보,건조,맑음,교차로 - 교차로부근,승용,남,59세,상해없음,승용,여,31세,중상
2012053000100223,2012년 5월 30일 12시,수요일,경상남도 밀양시 내이동,경상사고,0,0,1,0,차대차 - 측면직각충돌,신호위반,건조,맑음,교차로 - 교차로안,승용,남,44세,상해없음,승용,남,24세,경상
2012053000100224,2012년 5월 30일 12시,수요일,경상남도 밀양시 삼문동,경상사고,0,0,1,0,차대차 - 추돌 - 진행중,안전거리미확보,습기,비,교차로 - 교차로부근,승용,여,52세,상해없음,승용,여,58세,경상