사고번호,사고일시,요일,시군구,사고내용,사망자수,중상자수,경상자수,부상신고자수,사고유형,법규위반,노면상태,기상상태,도로형태,가해운전자 차종,가해운전자 성별,가해운전자 연령,가해운전자 상해정도,피해운전자 차종,피해운전자 성별,피해운전자 연령,피해운전자 상해정도
2012053000100225,2012년 5월 30일 12시,수요일,경상남도 거창군 거창읍,경상사고,0,0,1,0,차대사람 - 길가장자리구역통행중,안전운전불이행,습기,비,단일로 - 기타,승합,남,32세,상해없음,보행자,남,54세,경상
2012053000100258,2012년 5월 30일 13시,수요일,경상남도 진주시 초전동,중상사고,0,1,0,0,차대사람 - 횡단중,안전운전불이행,건조,맑음,단일로 - 기타,승용,여,46세,상해없음,보행자,남,8세,중상
2012053000100259,2012년 5월 30일 13시,수요일,경상남도 통영시 서호동,경상사고,0,0,1,0,차대사람 - 기타,안전운전불이행,건조,맑음,단일로 - 기타,승용,여,30세,상해없음,보행자,여,72세,경상
2012053000100260,2012년 5월 30일 13시,수요일,경상남도 김해시 외동,중상사고,0,1,0,0,차대차 - 측면직각충돌,신호위반,건조,맑음,교차로 - 교차로안,원동기,남,40세,중상,화물,남,33세,상해없음
2012053000100261,2012년 5월 30일 13시,수요일,경상남도 거창군 주상면,중상사고,0,1,0,0,차대차 - 기타,안전운전불이행,습기,흐림,단일로 - 기타,화물,남,35세,상해없음,원동기,남,46세,중상
2012053000100275,2012년 5월 30일 14시,수요일,경상남도 창원시 진해구 풍호동,중상사고,0,1,0,0,차대차 - 측면직각충돌,중앙선침범,건조,맑음,교차로 - 교차로부근,화물,남,56세,상해없음,원동기,남,51세,중상
2012053000100296,2012년 5월 30일 15시,수요일,경상남도 거창군 거창읍,중상사고,0,1,0,0,차량단독 - 전도전복,안전운전불이행,건조,맑음,단일로 - 기타,농기계,남,73세,중상,,,,
2012053000100297,2012년 5월 30일 15시,수요일,경상남도 창녕군 영산면,중상사고,0,1,0,0,차대사람 - 기타,안전운전불이행,습기,비,교차로 - 교차로안,승용,여,49세,상해없음,보행자,여,81세,중상
2012053000100298,2012년 5월 30일 15시,수요일,경상남도 김해시 화목동,경상사고,0,0,1,1,차대차 - 측면직각충돌,안전운전불이행,건조,맑음,단일로 - 기타,승용,여,50세,부상신고,승용,여,30세,경상
2012053000100324,2012년 5월 30일 16시,수요일,경상남도 통영시 태평동,경상사고,0,0,1,0,차대차 - 기타,안전운전불이행,건조,맑음,단일로 - 기타,화물,남,55세,상해없음,승합,남,48세,경상
2012053000100354,2012년 5월 30일 17시,수요일,경상남도 창원시 마산합포구 중성동,경상사고,0,0,1,0,차대차 - 정면충돌,신호위반,건조,흐림,교차로 - 교차로안,승용,여,35세,기타불명,승용,남,47세,경상
2012053000100355,2012년 5월 30일 17시,수요일,경상남도 통영시 광도면,중상사고,0,1,0,0,차대차 - 측면직각충돌,중앙선침범,건조,맑음,단일로 - 기타,승용,남,23세,상해없음,원동기,남,41세,중상
2012053000100356,2012년 5월 30일 17시,수요일,경상남도 거제시 장평동,경상사고,0,0,1,0,차대차 - 추돌 - 진행중,교차로운행방법위반,건조,맑음,교차로 - 교차로안,이륜,남,36세,상해없음,승합,남,34세,상해없음
2012053000100397,2012년 5월 30일 18시,수요일,경상남도 진주시 금산면,중상사고,0,1,0,0,차대차 - 정면충돌,중앙선침범,건조,맑음,단일로 - 기타,승용,남,61세,상해없음,승용,여,30세,중상
2012053000100398,2012년 5월 30일 18시,수요일,경상남도 김해시 어방동,경상사고,0,0,1,0,차대사람 - 차도통행중,안전운전불이행,건조,맑음,단일로 - 횡단보도상,승용,여,45세,상해없음,보행자,남,17세,경상
2012053000100399,2012년 5월 30일 18시,수요일,경상남도 창녕군 계성면,경상사고,0,0,2,1,차대차 - 측면직각충돌,직진우회전진행방해,습기,비,교차로 - 교차로안,승용,남,32세,경상,승합,남,42세,상해없음
2012053000100400,2012년 5월 30일 18시,수요일,경상남도 양산시 동면,부상신고사고,0,0,0,1,차대차 - 측면직각충돌,안전운전불이행,건조,맑음,단일로 - 기타,건설기계,남,59세,상해없음,승용,남,41세,부상신고
2012053000100492,2012년 5월 30일 21시,수요일,경상남도 창원시 마산합포구 해운동,중상사고,0,1,0,0,차대사람 - 횡단중,신호위반,건조,맑음,교차로 - 교차로부근,승용,여,46세,상해없음,보행자,여,44세,중상
2012053000100493,2012년 5월 30일 21시,수요일,경상남도 양산시 북정동,경상사고,0,0,1,0,차대차 - 측면직각충돌,안전운전불이행,건조,흐림,단일로 - 기타,승용,남,35세,상해없음,승합,남,57세,경상
2012053000100494,2012년 5월 30일 21시,수요일,경상남도 김해시 장유면,중상사고,0,1,0,0,차대차 - 측면직각충돌,신호위반,건조,맑음,교차로 - 교차로안,승용,남,28세,상해없음,원동기,남,46세,중상
2012053000100529,2012년 5월 30일 22시,수요일,경상남도 양산시 중부동,경상사고,0,0,1,0,차대차 - 측면직각충돌,안전운전불이행,건조,맑음,교차로 - 교차로안,승용,여,46세,상해없음,이륜,남,16세,경상
2012053000100560,2012년 5월 30일 23시,수요일,경상남도 밀양시 상남면,중상사고,0,1,0,0,차대사람 - 기타,안전운전불이행,건조,맑음,단일로 - 기타,승용,남,55세,상해없음,보행자,남,45세,중상
2012053100100035,2012년 5월 31일 01시,목요일,경상남도 김해시 외동,경상사고,0,0,2,0,차대차 - 추돌 - 진행중,안전운전불이행,건조,맑음,교차로 - 교차로부근,화물,남,30세,상해없음,승용,남,46세,경상
2012053100100036,2012년 5월 31일 01시,목요일,경상남도 김해시 외동,중상사고,0,1,0,0,차대차 - 추돌 - 주정차중,안전운전불이행,건조,맑음,교차로 - 교차로부근,승용,남,45세,상해없음,승용,남,53세,중상
2012053100100046,2012년 5월 31일 02시,목요일,경상남도 진주시 장재동,중상사고,0,1,0,0,차대사람 - 기타,안전운전불이행,건조,맑음,단일로 - 기타,승용,남,42세,상해없음,보행자,여,21세,중상
2012053100100067,2012년 5월 31일 05시,목요일,경상남도 양산시 북부동,경상사고,0,0,1,0,차대차 - 측면직각충돌,직진우회전진행방해,건조,맑음,교차로 - 교차로안,화물,남,48세,상해없음,화물,남,53세,경상
2012053100100068,2012년 5월 31일 05시,목요일,경상남도 거제시 아주동,중상사고,0,2,0,0,차량단독 - 공작물충돌,안전운전불이행,건조,흐림,기타 - 기타,승용,남,26세,상해없음,,,,
2012053100100102,2012년 5월 31일 07시,목요일,경상남도 사천시 동금동,중상사고,0,1,0,0,차대차 - 기타,교차로운행방법위반,건조,맑음,교차로 - 교차로부근,승용,남,50세,상해없음,원동기,남,43세,중상
2012053100100103,2012년 5월 31일 07시,목요일,경상남도 김해시 내동,중상사고,0,1,0,0,차대사람 - 횡단중,안전운전불이행,건조,맑음,단일로 - 횡단보도상,승용,여,39세,상해없음,보행자,여,83세,중상
2012053100100104,2012년 5월 31일 07시,목요일,경상남도 창원시 의창구 명서동,중상사고,0,1,0,0,차대차 - 기타,신호위반,건조,맑음,단일로 - 기타,화물,남,49세,기타불명,원동기,남,40세,중상
2012053100100131,2012년 5월 31일 08시,목요일,경상남도 창원시 진해구 석동,중상사고,0,1,0,0,차대사람 - 차도통행중,안전운전불이행,건조,맑음,단일로 - 횡단보도부근,승용,남,44세,상해없음,보행자,여,51세,중상
2012053100100132,2012년 5월 31일 08시,목요일,경상남도 통영시 서호동,경상사고,0,0,1,0,차대차 - 측면직각충돌,교차로운행방법위반,건조,맑음,교차로 - 교차로안,승용,남,24세,상해없음,자전거,남,26세,경상
2012053100100133,2012년 5월 31일 08시,목요일,경상남도 사천시 정동면,경상사고,0,0,1,0,차대차 - 측면직각충돌,교차로운행방법위반,건조,맑음,교차로 - 교차로안,승용,여,33세,상해없음,화물,남,33세,경상
2012053100100134,2012년 5월 31일 08시,목요일,경상남도 창원시 마산회원구 봉암동,중상사고,0,1,0,0,차대차 - 기타,안전운전불이행,건조,맑음,교차로 - 교차로안,화물,남,53세,상해없음,자전거,남,20세,중상
2012053100100135,2012년 5월 31일 08시,목요일,경상남도 김해시 한림면,경상사고,0,0,1,0,차대차 - 정면충돌,교차로운행방법위반,건조,맑음,교차로 - 교차로안,화물,남,59세,상해없음,화물,남,44세,경상
2012053100100161,2012년 5월 31일 09시,목요일,경상남도 거제시 하청면,경상사고,0,0,1,0,차대차 - 추돌 - 진행중,안전운전불이행,건조,맑음,단일로 - 기타,화물,남,41세,상해없음,건설기계,남,42세,경상
2012053100100191,2012년 5월 31일 10시,목요일,경상남도 사천시 서포면,경상사고,0,0,1,0,차량단독 - 전도전복,안전운전불이행,건조,맑음,단일로 - 기타,승용,여,54세,경상,,,,
2012053100100232,2012년 5월 31일 12시,목요일,경상남도 김해시 주촌면,경상사고,0,0,1,0,차대차 - 기타,안전거리미확보,건조,맑음,단일로 - 기타,화물,남,41세,상해없음,승용,남,61세,경상
2012053100100253,2012년 5월 31일 12시,목요일,경상남도 진주시 장대동,중상사고,0,1,0,0,차대사람 - 기타,안전운전불이행,건조,맑음,단일로 - 기타,승용,남,46세,상해없음,보행자,여,72세,중상
2012053100100281,2012년 5월 31일 13시,목요일,경상남도 김해시 부원동,경상사고,0,0,1,0,차대차 - 기타,중앙선침범,건조,맑음,단일로 - 기타,화물,여,57세,상해없음,원동기,남,31세,경상
2012053100100282,2012년 5월 31일 13시,목요일,경상남도 창녕군 남지읍,중상사고,0,1,0,0,차량단독 - 전도전복,안전운전불이행,건조,맑음,단일로 - 기타,자전거,여,71세,중상,,,,
2012053100100307,2012년 5월 31일 14시,목요일,경상남도 함안군 군북면,중상사고,0,2,0,0,차대차 - 측면직각충돌,안전운전불이행,건조,맑음,교차로 - 교차로부근,승용,남,59세,상해없음,이륜,남,75세,중상
2012053100100339,2012년 5월 31일 15시,목요일,경상남도 진주시 상대동,사망사고,1,0,0,0,차대차 - 측면직각충돌,과속,건조,맑음,단일로 - 기타,승용,여,51세,상해없음,자전거,남,45세,사망
2012053100100340,2012년 5월 31일 15시,목요일,경상남도 진주시 진성면,중상사고,0,2,0,0,차대차 - 추돌 - 주정차중,교차로운행방법위반,건조,맑음,단일로 - 기타,화물,남,50세,상해없음,승합,남,50세,중상
2012053100100371,2012년 5월 31일 16시,목요일,경상남도 진주시 강남동,중상사고,0,1,0,0,차대차 - 측면직각충돌,안전운전불이행,건조,맑음,단일로 - 기타,자전거,남,67세,중상,승용,남,57세,상해없음
2012053100100372,2012년 5월 31일 16시,목요일,경상남도 창원시 마산회원구 합성동,경상사고,0,0,1,0,차대차 - 기타,안전운전불이행,건조,맑음,단일로 - 기타,승용,여,42세,상해없음,승용,여,54세,경상
2012053100100373,2012년 5월 31일 16시,목요일,경상남도 창원시 의창구 팔용동,부상신고사고,0,0,0,1,차대차 - 추돌 - 주정차중,안전거리미확보,건조,맑음,교차로 - 교차로부근,화물,남,29세,상해없음,승용,여,50세,부상신고
2012053100100407,2012년 5월 31일 17시,목요일,경상남도 진주시 상대동,중상사고,0,1,0,0,차대차 - 기타,교차로운행방법위반,건조,맑음,교차로 - 교차로안,승용,남,61세,상해없음,자전거,남,55세,중상
2012053100100408,2012년 5월 31일 17시,목요일,경상남도 밀양시 내이동,중상사고,0,2,1,0,차대차 - 추돌 - 주정차중,안전운전불이행,건조,맑음,교차로 - 교차로안,승용,여,49세,상해없음,승용,남,51세,경상
2012053100100409,2012년 5월 31일 17시,목요일,경상남도 고성군 하이면,경상사고,0,0,2,0,차대차 - 측면직각충돌,안전운전불이행,건조,맑음,단일로 - 기타,승합,남,56세,상해없음,승용,남,25세,경상
2012053100100454,2012년 5월 31일 18시,목요일,경상남도 통영시 무전동,중상사고,0,2,1,0,차대차 - 정면충돌,중앙선침범,건조,맑음,단일로 - 기타,승용,여,55세,경상,승용,남,30세,중상
2012053100100455,2012년 5월 31일 18시,목요일,경상남도 창원시 마산회원구 내서읍,경상사고,0,0,1,0,차대차 - 기타,안전운전불이행,건조,맑음,단일로 - 기타,승용,남,38세,상해없음,승용,여,59세,경상
2012053100100456,2012년 5월 31일 18시,목요일,경상남도 창원시 의창구 봉곡동,중상사고,0,1,0,0,차대사람 - 기타,안전운전불이행,건조,맑음,단일로 - 기타,승합,남,52세,상해없음,보행자,여,68세,중상
2012053100100487,2012년 5월 31일 19시,목요일,경상남도 진주시 금산면,경상사고,0,0,1,0,차대차 - 기타,안전운전불이행,건조,맑음,단일로 - 기타,자전거,남,57세,경상,화물,남,45세,상해없음
2012053100100488,2012년 5월 31일 19시,목요일,경상남도 창원시 진해구 여좌동,경상사고,0,0,1,0,차대사람 - 차도통행중,안전운전불이행,건조,맑음,단일로 - 기타,기타불명,기타불명,기타불명,기타불명,보행자,남,9세,경상
2012053100100489,2012년 5월 31일 19시,목요일,경상남도 고성군 고성읍,경상사고,0,0,1,0,차대차 - 측면직각충돌,기타,건조,맑음,교차로 - 교차로안,승용,남,63세,상해없음,자전거,남,10세,경상
2012053100100522,2012년 5월 31일 20시,목요일,경상남도 창원시 마산합포구 진동면,경상사고,0,0,1,0,차대사람 - 길가장자리구역통행중,안전운전불이행,건조,맑음,단일로 - 기타,승용,남,54세,상해없음,보행자,여,55세,경상
2012053100100523,2012년 5월 31일 20시,목요일,경상남도 통영시 항남동,경상사고,0,0,1,0,차대사람 - 횡단중,보행자보호의무위반,건조,맑음,교차로 - 교차로부근,승용,남,51세,상해없음,보행자,여,13세,경상
2012053100100524,2012년 5월 31일 20시,목요일,경상남도 김해시 내동,경상사고,0,0,1,0,차대차 - 측면직각충돌,신호위반,건조,흐림,교차로 - 교차로안,승용,여,36세,상해없음,원동기,남,17세,경상
2012053100100525,2012년 5월 31일 20시,목요일,경상남도 함안군 칠원면,중상사고,0,2,0,0,차대차 - 추돌 - 진행중,중앙선침범,건조,맑음,단일로 - 기타,승용,남,39세,상해없음,승용,여,47세,중상
2012053100100577,2012년 5월 31일 21시,목요일,경상남도 산청군 산청읍,중상사고,0,1,0,0,차대사람 - 차도통행중,안전운전불이행,건조,맑음,교차로 - 교차로안,승용,여,29세,상해없음,보행자,남,51세,중상
2012053100100578,2012년 5월 31일 21시,목요일,경상남도 창원시 의창구 명서동,중상사고,0,1,0,0,차대차 - 기타,안전운전불이행,건조,맑음,교차로 - 교차로부근,승합,남,41세,상해없음,원동기,남,17세,상해없음
2012053100100616,2012년 5월 31일 22시,목요일,경상남도 양산시 남부동,중상사고,0,1,1,0,차대차 - 추돌 - 주정차중,안전운전불이행,건조,맑음,교차로 - 교차로부근,승용,남,31세,상해없음,승용,여,38세,중상
2012053100100617,2012년 5월 31일 22시,목요일,경상남도 양산시 삼호동,경상사고,0,0,1,0,차대차 - 추돌 - 진행중,안전운전불이행,건조,맑음,단일로 - 기타,승용,남,32세,상해없음,승용,여,32세,경상
2012053100100646,2012년 5월 31일 23시,목요일,경상남도 창원시 진해구 석동,경상사고,0,0,6,0,차대차 - 추돌 - 주정차중,안전운전불이행,건조,맑음,단일로 - 터널,승용,남,44세,기타불명,승용,남,46세,상해없음
2012053100100647,2012년 5월 31일 23시,목요일,경상남도 창원시 마산회원구 내서읍,경상사고,0,0,1,0,차대차 - 기타,신호위반,건조,맑음,교차로 - 교차로부근,승용,여,43세,상해없음,자전거,남,24세,경상
2012060100100036,2012년 6월 1일 01시,금요일,경상남도 함양군 함양읍,경상사고,0,0,1,0,차대차 - 기타,중앙선침범,건조,맑음,단일로 - 기타,승용,남,38세,상해없음,승합,남,38세,경상
2012060100100085,2012년 6월 1일 05시,금요일,경상남도 창원시 의창구 동읍,중상사고,0,1,0,0,차대차 - 추돌 - 진행중,안전운전불이행,건조,맑음,단일로 - 기타,화물,남,67세,상해없음,자전거,여,59세,중상
2012060100100090,2012년 6월 1일 06시,금요일,경상남도 양산시 동면,중상사고,0,2,0,0,차대차 - 측면직각충돌,안전거리미확보,건조,맑음,단일로 - 기타,승합,남,52세,상해없음,승용,남,41세,중상
2012060100100101,2012년 6월 1일 06시,금요일,경상남도 거제시 동부면,중상사고,0,1,0,0,차대차 - 측면직각충돌,안전운전불이행,건조,맑음,단일로 - 기타,승용,남,68세,상해없음,농기계,남,66세,중상
2012060100100125,2012년 6월 1일 07시,금요일,경상남도 김해시 구산동,경상사고,0,0,2,0,차대차 - 기타,안전운전불이행,건조,맑음,단일로 - 기타,건설기계,남,49세,상해없음,승용,남,46세,경상
2012060100100166,2012년 6월 1일 08시,금요일,경상남도 양산시 동면,경상사고,0,0,1,0,차대차 - 측면직각충돌,교차로운행방법위반,건조,맑음,교차로 - 교차로부근,승용,여,54세,경상,화물,남,40세,상해없음
2012060100100167,2012년 6월 1일 08시,금요일,경상남도 거제시 장평동,경상사고,0,0,2,0,차대차 - 추돌 - 진행중,안전거리미확보,건조,맑음,단일로 - 기타,승용,여,33세,상해없음,승용,남,50세,경상
2012060100100168,2012년 6월 1일 08시,금요일,경상남도 함안군 가야읍,경상사고,0,0,1,0,차대차 - 측면직각충돌,직진우회전진행방해,건조,맑음,교차로 - 교차로안,승용,여,32세,상해없음,승용,여,22세,경상
2012060100100169,2012년 6월 1일 08시,금요일,경상남도 창원시 성산구 안민동,중상사고,0,1,0,0,차대차 - 측면직각충돌,안전운전불이행,건조,맑음,교차로 - 교차로안,승용,남,55세,상해없음,원동기,남,30세,상해없음
2012060100100203,2012년 6월 1일 09시,금요일,경상남도 진주시 대안동,중상사고,0,1,0,0,차대사람 - 기타,안전운전불이행,건조,맑음,단일로 - 기타,승용,남,46세,상해없음,보행자,남,83세,중상
2012060100100204,2012년 6월 1일 09시,금요일,경상남도 창원시 진해구 마천동,경상사고,0,0,2,0,차대차 - 측면직각충돌,안전거리미확보,건조,맑음,교차로 - 교차로부근,화물,남,44세,기타불명,승용,여,40세,경상
2012060100100205,2012년 6월 1일 09시,금요일,경상남도 고성군 회화면,경상사고,0,0,1,0,차대차 - 추돌 - 진행중,안전거리미확보,건조,맑음,단일로 - 기타,이륜,남,71세,상해없음,화물,남,49세,상해없음
2012060100100206,2012년 6월 1일 09시,금요일,경상남도 하동군 금남면,중상사고,0,1,0,0,차대사람 - 횡단중,보행자보호의무위반,건조,맑음,단일로 - 횡단보도상,농기계,남,77세,상해없음,보행자,여,45세,중상
2012060100100236,2012년 6월 1일 10시,금요일,경상남도 창원시 마산합포구 진전면,부상신고사고,0,0,0,1,차대차 - 측면직각충돌,안전운전불이행,건조,맑음,단일로 - 기타,농기계,남,73세,부상신고,승합,남,43세,상해없음
2012060100100256,2012년 6월 1일 11시,금요일,경상남도 거제시 하청면,중상사고,0,1,0,0,차대사람 - 횡단중,안전운전불이행,건조,맑음,단일로 - 기타,화물,남,58세,상해없음,보행자,남,67세,중상
2012060100100286,2012년 6월 1일 12시,금요일,경상남도 통영시 광도면,사망사고,1,0,0,0,차대차 - 측면직각충돌,교차로운행방법위반,건조,맑음,교차로 - 교차로안,화물,남,51세,상해없음,원동기,남,76세,사망
2012060100100316,2012년 6월 1일 13시,금요일,경상남도 통영시 도남동,경상사고,0,0,1,0,차대사람 - 횡단중,보행자보호의무위반,건조,맑음,단일로 - 기타,승용,남,39세,상해없음,보행자,남,7세,경상
2012060100100317,2012년 6월 1일 13시,금요일,경상남도 사천시 축동면,중상사고,0,2,0,0,차대차 - 추돌 - 진행중,안전운전불이행,건조,맑음,단일로 - 기타,승용,남,50세,상해없음,승용,남,38세,중상
2012060100100318,2012년 6월 1일 13시,금요일,경상남도 양산시 삼호동,경상사고,0,0,1,0,차대차 - 추돌 - 진행중,안전운전불이행,건조,맑음,단일로 - 기타,승용,남,42세,기타불명,화물,남,45세,경상
2012060100100404,2012년 6월 1일 16시,금요일,경상남도 진주시 상대동,경상사고,0,0,1,0,차대사람 - 기타,안전운전불이행,건조,맑음,단일로 - 기타,승용,남,43세,상해없음,보행자,여,58세,경상
2012060100100405,2012년 6월 1일 16시,금요일,경상남도 사천시 사천읍,경상사고,0,0,2,0,차대차 - 기타,안전운전불이행,건조,맑음,교차로 - 교차로부근,승용,여,49세,상해없음,승용,남,55세,경상
2012060100100407,2012년 6월 1일 16시,금요일,경상남도 김해시 장유면,경상사고,0,0,1,0,차대사람 - 횡단중,안전운전불이행,건조,맑음,단일로 - 기타,승용,여,38세,상해없음,보행자,남,7세,경상
2012060100100442,2012년 6월 1일 17시,금요일,경상남도 통영시 광도면,경상사고,0,0,1,0,차대차 - 측면직각충돌,안전거리미확보,건조,맑음,단일로 - 기타,승용,여,30세,상해없음,승용,여,30세,경상
2012060100100443,2012년 6월 1일 17시,금요일,경상남도 사천시 벌리동,중상사고,0,1,0,0,차대차 - 측면직각충돌,안전운전불이행,건조,맑음,단일로 - 기타,원동기,남,21세,상해없음,이륜,남,49세,중상
2012060100100444,2012년 6월 1일 17시,금요일,경상남도 김해시 삼계동,부상신고사고,0,0,0,1,차대사람 - 횡단중,안전운전불이행,건조,맑음,단일로 - 기타,승용,여,51세,상해없음,보행자,남,10세,부상신고
2012060100100445,2012년 6월 1일 17시,금요일,경상남도 거제시 고현동,경상사고,0,0,2,0,차대차 - 추돌 - 주정차중,안전운전불이행,건조,맑음,단일로 - 기타,승용,남,30세,상해없음,승용,여,45세,경상
2012060100100446,2012년 6월 1일 17시,금요일,경상남도 김해시 진영읍,경상사고,0,0,1,0,차대차 - 추돌 - 진행중,안전운전불이행,건조,맑음,교차로 - 교차로부근,승용,남,22세,상해없음,승용,남,42세,경상
2012060100100483,2012년 6월 1일 18시,금요일,경상남도 김해시 어방동,중상사고,0,1,0,0,차대차 - 측면직각충돌,교차로운행방법위반,건조,맑음,단일로 - 기타,승용,남,41세,상해없음,이륜,남,17세,중상
2012060100100484,2012년 6월 1일 18시,금요일,경상남도 고성군 하이면,중상사고,0,1,0,0,차대사람 - 횡단중,안전운전불이행,건조,맑음,교차로 - 교차로안,승용,남,36세,상해없음,보행자,여,7세,중상
2012060100100516,2012년 6월 1일 19시,금요일,경상남도 양산시 북부동,경상사고,0,0,1,0,차대사람 - 횡단중,안전운전불이행,건조,맑음,기타 - 기타,승용,여,54세,기타불명,보행자,남,6세,경상
2012060100100558,2012년 6월 1일 20시,금요일,경상남도 김해시 삼방동,경상사고,0,0,1,0,차대사람 - 길가장자리구역통행중,안전운전불이행,건조,맑음,단일로 - 기타,승용,남,43세,상해없음,보행자,여,44세,경상
2012060100100560,2012년 6월 1일 20시,금요일,경상남도 함안군 가야읍,경상사고,0,0,1,0,차대차 - 기타,안전운전불이행,건조,맑음,단일로 - 기타,승용,남,64세,상해없음,원동기,남,57세,경상
2012060100100600,2012년 6월 1일 21시,금요일,경상남도 김해시 장유면,중상사고,0,2,3,0,차대차 - 측면직각충돌,신호위반,건조,맑음,교차로 - 교차로안,승용,남,65세,상해없음,승합,남,44세,상해없음
2012060100100672,2012년 6월 1일 23시,금요일,경상남도 창원시 마산합포구 두월동1가,경상사고,0,0,1,0,차대사람 - 기타,안전운전불이행,건조,맑음,단일로 - 기타,승용,남,66세,상해없음,보행자,남,42세,경상
2012060200100052,2012년 6월 2일 01시,토요일,경상남도 창원시 마산합포구 해운동,중상사고,0,1,0,0,차대차 - 측면직각충돌,안전운전불이행,건조,맑음,단일로 - 기타,승용,남,18세,상해없음,승용,남,55세,상해없음
2012060200100137,2012년 6월 2일 07시,토요일,경상남도 의령군 부림면,중상사고,0,1,0,0,차량단독 - 공작물충돌,안전운전불이행,건조,맑음,교차로 - 교차로부근,화물,남,63세,중상,,,,
2012060200100180,2012년 6월 2일 09시,토요일,경상남도 창녕군 남지읍,중상사고,0,1,0,0,차대차 - 기타,안전운전불이행,건조,맑음,단일로 - 기타,승용,남,50세,상해없음,자전거,남,22세,중상
2012060200100181,2012년 6월 2일 09시,토요일,경상남도 양산시 상북면,중상사고,0,1,1,0,차대차 - 측면직각충돌,중앙선침범,건조,맑음,단일로 - 기타,승용,남,56세,상해없음,승합,남,37세,경상
2012060200100212,2012년 6월 2일 10시,토요일,경상남도 사천시 대포동,중상사고,0,1,2,0,차량단독 - 기타,안전운전불이행,건조,맑음,교차로 - 교차로부근,승합,남,56세,상해없음,,,,
2012060200100243,2012년 6월 2일 11시,토요일,경상남도 김해시 삼계동,경상사고,0,0,1,0,차대차 - 측면직각충돌,안전운전불이행,건조,맑음,단일로 - 기타,화물,남,41세,상해없음,승용,남,42세,경상
2012060200100269,2012년 6월 2일 12시,토요일,경상남도 사천시 벌리동,경상사고,0,0,1,0,차대차 - 기타,교차로운행방법위반,건조,맑음,교차로 - 교차로안,승용,여,39세,상해없음,원동기,남,47세,경상
2012060200100270,2012년 6월 2일 12시,토요일,경상남도 거제시 옥포동,경상사고,0,0,3,0,차대차 - 추돌 - 주정차중,안전운전불이행,건조,맑음,교차로 - 교차로부근,승용,남,29세,상해없음,승용,남,32세,경상
2012060200100310,2012년 6월 2일 13시,토요일,경상남도 진주시 망경동,경상사고,0,0,1,0,차대차 - 측면직각충돌,안전운전불이행,건조,맑음,단일로 - 기타,승용,남,64세,상해없음,이륜,남,21세,경상
2012060200100345,2012년 6월 2일 14시,토요일,경상남도 진주시 집현면,중상사고,0,1,1,0,차대차 - 정면충돌,교차로운행방법위반,건조,맑음,교차로 - 교차로안,화물,남,57세,상해없음,승용,남,19세,경상
2012060200100346,2012년 6월 2일 14시,토요일,경상남도 밀양시 초동면,경상사고,0,0,1,0,차대차 - 정면충돌,안전운전불이행,건조,맑음,단일로 - 기타,승용,남,40세,상해없음,승용,여,52세,경상
2012060200100347,2012년 6월 2일 14시,토요일,경상남도 김해시 내동,경상사고,0,0,1,0,차대차 - 측면직각충돌,안전운전불이행,건조,맑음,교차로 - 교차로안,화물,남,69세,상해없음,승용,여,50세,경상
2012060200100348,2012년 6월 2일 14시,토요일,경상남도 함안군 군북면,중상사고,0,2,0,0,차대차 - 추돌 - 진행중,안전운전불이행,건조,맑음,교차로 - 교차로안,승용,여,59세,상해없음,승용,남,66세,중상
2012060200100349,2012년 6월 2일 14시,토요일,경상남도 창원시 마산회원구 합성동,중상사고,0,1,0,0,차대차 - 추돌 - 진행중,안전운전불이행,건조,맑음,단일로 - 기타,승용,남,45세,상해없음,화물,남,48세,중상
2012060200100350,2012년 6월 2일 14시,토요일,경상남도 창원시 의창구 소계동,경상사고,0,0,1,0,차대사람 - 기타,안전운전불이행,건조,맑음,단일로 - 기타,기타불명,기타불명,기타불명,기타불명,보행자,남,75세,경상
2012060200100389,2012년 6월 2일 15시,토요일,경상남도 양산시 북부동,부상신고사고,0,0,0,1,차대차 - 측면직각충돌,교차로운행방법위반,건조,맑음,단일로 - 기타,승용,여,41세,상해없음,원동기,남,16세,부상신고
2012060200100390,2012년 6월 2일 15시,토요일,경상남도 창원시 마산회원구 내서읍,중상사고,0,1,0,0,차대차 - 기타,안전운전불이행,건조,맑음,단일로 - 기타,승용,남,26세,상해없음,이륜,남,28세,중상
2012060200100504,2012년 6월 2일 18시,토요일,경상남도 창원시 마산합포구 구산면,부상신고사고,0,0,0,1,차량단독 - 공작물충돌,안전운전불이행,건조,맑음,단일로 - 기타,화물,남,54세,상해없음,,,,
2012060200100505,2012년 6월 2일 18시,토요일,경상남도 진주시 평거동,경상사고,0,0,1,0,차대사람 - 기타,안전운전불이행,건조,맑음,단일로 - 기타,승용,여,57세,상해없음,보행자,남,38세,경상
2012060200100506,2012년 6월 2일 18시,토요일,경상남도 거제시 장승포동,경상사고,0,0,2,0,차대차 - 측면직각충돌,중앙선침범,건조,맑음,단일로 - 기타,승용,남,51세,상해없음,승용,남,60세,경상
2012060200100507,2012년 6월 2일 18시,토요일,경상남도 창원시 의창구 명서동,중상사고,0,1,1,0,차대차 - 추돌 - 진행중,안전거리미확보,건조,맑음,교차로 - 교차로부근,승합,남,49세,상해없음,화물,남,43세,중상
2012060200100539,2012년 6월 2일 19시,토요일,경상남도 사천시 사남면,중상사고,0,2,1,0,차대차 - 정면충돌,신호위반,건조,맑음,교차로 - 교차로부근,승용,여,44세,경상,승용,남,29세,중상