사고번호,사고일시,요일,시군구,사고내용,사망자수,중상자수,경상자수,부상신고자수,사고유형,법규위반,노면상태,기상상태,도로형태,가해운전자 차종,가해운전자 성별,가해운전자 연령,가해운전자 상해정도,피해운전자 차종,피해운전자 성별,피해운전자 연령,피해운전자 상해정도
2012060200100540,2012년 6월 2일 19시,토요일,경상남도 김해시 삼방동,중상사고,0,1,0,0,차대사람 - 횡단중,기타,건조,맑음,단일로 - 기타,승용,남,44세,상해없음,보행자,여,9세,중상
2012060200100602,2012년 6월 2일 21시,토요일,경상남도 진주시 평거동,경상사고,0,0,1,0,차량단독 - 전도전복,안전운전불이행,건조,맑음,단일로 - 기타,원동기,여,23세,경상,,,,
2012060200100628,2012년 6월 2일 22시,토요일,경상남도 함양군 함양읍,경상사고,0,0,1,0,차대차 - 측면직각충돌,교차로운행방법위반,건조,맑음,교차로 - 교차로안,승용,여,33세,상해없음,승용,남,32세,경상
2012060200100629,2012년 6월 2일 22시,토요일,경상남도 고성군 마암면,중상사고,0,1,0,0,차대차 - 추돌 - 주정차중,안전운전불이행,건조,맑음,단일로 - 기타,승용,여,36세,중상,승용,남,38세,상해없음
2012060200100653,2012년 6월 2일 23시,토요일,경상남도 사천시 벌리동,경상사고,0,0,1,0,차대차 - 측면직각충돌,안전운전불이행,건조,맑음,교차로 - 교차로안,승용,남,45세,상해없음,승용,남,49세,경상
2012060200100654,2012년 6월 2일 23시,토요일,경상남도 거제시 옥포동,중상사고,0,1,0,0,차대차 - 정면충돌,안전운전불이행,건조,맑음,교차로 - 교차로안,이륜,남,16세,상해없음,승용,남,26세,상해없음
2012060300100015,2012년 6월 3일 00시,일요일,경상남도 창원시 마산회원구 양덕동,부상신고사고,0,0,0,1,차대차 - 측면직각충돌,신호위반,건조,맑음,교차로 - 교차로안,자전거,남,19세,부상신고,승용,미분류,기타불명,기타불명
2012060300100029,2012년 6월 3일 01시,일요일,경상남도 거제시 고현동,경상사고,0,0,4,0,차대차 - 측면직각충돌,안전운전불이행,건조,맑음,단일로 - 기타,승합,남,33세,상해없음,승용,남,50세,상해없음
2012060300100060,2012년 6월 3일 03시,일요일,경상남도 거제시 아주동,중상사고,0,1,1,0,차대차 - 추돌 - 주정차중,안전운전불이행,건조,맑음,교차로 - 교차로부근,승용,남,29세,상해없음,승용,남,24세,중상
2012060300100074,2012년 6월 3일 04시,일요일,경상남도 진주시 평거동,경상사고,0,0,4,0,차대차 - 측면직각충돌,교차로운행방법위반,건조,맑음,교차로 - 교차로안,승용,남,45세,상해없음,승용,여,28세,상해없음
2012060300100075,2012년 6월 3일 04시,일요일,경상남도 김해시 어방동,중상사고,0,1,0,0,차대차 - 측면직각충돌,교차로운행방법위반,건조,맑음,교차로 - 교차로안,승용,남,27세,상해없음,화물,남,22세,중상
2012060300100091,2012년 6월 3일 05시,일요일,경상남도 창원시 마산합포구 자산동,경상사고,0,0,2,0,차대차 - 추돌 - 주정차중,안전운전불이행,건조,맑음,교차로 - 교차로안,승용,남,24세,상해없음,승용,남,60세,경상
2012060300100092,2012년 6월 3일 05시,일요일,경상남도 진주시 명석면,중상사고,0,1,0,0,차량단독 - 도로외이탈 - 추락,안전운전불이행,건조,맑음,단일로 - 기타,승용,여,31세,중상,,,,
2012060300100105,2012년 6월 3일 06시,일요일,경상남도 양산시 북부동,부상신고사고,0,0,0,1,차량단독 - 기타,기타,건조,맑음,교차로 - 교차로안,승용,남,20세,상해없음,,,,
2012060300100124,2012년 6월 3일 08시,일요일,경상남도 김해시 강동,중상사고,0,4,12,2,차대차 - 추돌 - 주정차중,안전거리미확보,건조,맑음,단일로 - 기타,승용,남,49세,상해없음,승용,남,55세,경상
2012060300100128,2012년 6월 3일 08시,일요일,경상남도 창원시 의창구 봉곡동,경상사고,0,0,1,0,차대차 - 측면직각충돌,안전운전불이행,건조,맑음,교차로 - 교차로부근,승용,남,59세,상해없음,원동기,여,47세,경상
2012060300100167,2012년 6월 3일 10시,일요일,경상남도 김해시 불암동,경상사고,0,0,1,0,차대차 - 측면직각충돌,신호위반,건조,맑음,교차로 - 교차로안,화물,남,35세,상해없음,승용,남,55세,경상
2012060300100168,2012년 6월 3일 10시,일요일,경상남도 양산시 덕계동,경상사고,0,0,1,0,차대차 - 측면직각충돌,직진우회전진행방해,건조,맑음,교차로 - 교차로안,이륜,여,51세,경상,승용,남,32세,상해없음
2012060300100169,2012년 6월 3일 10시,일요일,경상남도 창원시 마산회원구 합성동,중상사고,0,1,0,0,차대사람 - 횡단중,안전운전불이행,건조,맑음,단일로 - 기타,승용,남,56세,상해없음,보행자,남,8세,중상
2012060300100194,2012년 6월 3일 11시,일요일,경상남도 밀양시 내이동,중상사고,0,3,0,0,차대차 - 측면직각충돌,신호위반,건조,맑음,교차로 - 교차로안,이륜,남,17세,중상,이륜,남,67세,중상
2012060300100195,2012년 6월 3일 11시,일요일,경상남도 남해군 삼동면,경상사고,0,0,2,0,차대차 - 측면직각충돌,안전운전불이행,건조,맑음,단일로 - 기타,승용,남,51세,상해없음,승용,남,47세,경상
2012060300100216,2012년 6월 3일 12시,일요일,경상남도 통영시 봉평동,중상사고,0,1,0,0,차대차 - 측면직각충돌,차로위반,건조,맑음,단일로 - 기타,승용,남,60세,상해없음,원동기,남,50세,중상
2012060300100217,2012년 6월 3일 12시,일요일,경상남도 사천시 신벽동,중상사고,0,1,3,0,차대차 - 추돌 - 진행중,안전운전불이행,건조,맑음,단일로 - 기타,승합,남,55세,상해없음,화물,남,60세,경상
2012060300100218,2012년 6월 3일 12시,일요일,경상남도 거제시 장평동,중상사고,0,1,0,0,차대차 - 추돌 - 진행중,안전운전불이행,건조,맑음,기타 - 기타,승용,남,55세,상해없음,자전거,남,8세,중상
2012060300100243,2012년 6월 3일 13시,일요일,경상남도 남해군 설천면,경상사고,0,0,3,0,차대차 - 측면직각충돌,안전운전불이행,건조,맑음,단일로 - 기타,승용,남,46세,상해없음,승합,남,49세,상해없음
2012060300100278,2012년 6월 3일 14시,일요일,경상남도 양산시 물금읍,중상사고,0,2,0,0,차대차 - 측면직각충돌,안전운전불이행,건조,맑음,단일로 - 기타,승용,남,49세,상해없음,승용,남,66세,중상
2012060300100279,2012년 6월 3일 14시,일요일,경상남도 거제시 사등면,중상사고,0,1,0,0,차대차 - 추돌 - 진행중,안전운전불이행,건조,맑음,단일로 - 기타,승용,남,49세,상해없음,승용,남,45세,중상
2012060300100305,2012년 6월 3일 15시,일요일,경상남도 함안군 가야읍,중상사고,0,4,1,0,차대차 - 추돌 - 주정차중,안전운전불이행,건조,맑음,단일로 - 기타,승용,남,70세,상해없음,승용,남,54세,중상
2012060300100333,2012년 6월 3일 16시,일요일,경상남도 김해시 장유면,사망사고,1,0,0,0,차대차 - 측면직각충돌,안전운전불이행,건조,맑음,교차로 - 교차로안,승용,여,50세,상해없음,원동기,남,35세,사망
2012060300100368,2012년 6월 3일 17시,일요일,경상남도 거제시 고현동,중상사고,0,1,2,0,차대차 - 추돌 - 주정차중,안전운전불이행,건조,맑음,단일로 - 기타,승용,남,48세,상해없음,승용,남,58세,경상
2012060300100369,2012년 6월 3일 17시,일요일,경상남도 김해시 진영읍,경상사고,0,0,1,0,차대사람 - 횡단중,신호위반,건조,맑음,교차로 - 교차로부근,승용,남,36세,상해없음,보행자,여,11세,경상
2012060300100370,2012년 6월 3일 17시,일요일,경상남도 김해시 장유면,경상사고,0,0,1,0,차대차 - 측면직각충돌,교차로운행방법위반,건조,맑음,교차로 - 교차로안,승용,남,42세,상해없음,승용,남,50세,상해없음
2012060300100399,2012년 6월 3일 18시,일요일,경상남도 창원시 마산합포구 진동면,경상사고,0,0,1,1,차대차 - 추돌 - 진행중,안전거리미확보,건조,맑음,단일로 - 기타,화물,남,48세,상해없음,승용,남,43세,경상
2012060300100400,2012년 6월 3일 18시,일요일,경상남도 통영시 무전동,중상사고,0,1,0,0,차대사람 - 횡단중,보행자보호의무위반,건조,맑음,단일로 - 횡단보도상,승용,남,61세,상해없음,보행자,여,57세,중상
2012060300100401,2012년 6월 3일 18시,일요일,경상남도 양산시 동면,중상사고,0,1,0,0,차대사람 - 차도통행중,중앙선침범,건조,맑음,단일로 - 기타,승용,남,48세,상해없음,보행자,여,72세,중상
2012060300100402,2012년 6월 3일 18시,일요일,경상남도 창원시 마산회원구 석전동,중상사고,0,1,0,0,차대사람 - 횡단중,보행자보호의무위반,건조,맑음,교차로 - 교차로안,승용,여,50세,상해없음,보행자,여,61세,중상
2012060300100433,2012년 6월 3일 19시,일요일,경상남도 창원시 마산합포구 월남동2가,중상사고,0,1,0,0,차대차 - 측면직각충돌,안전운전불이행,건조,맑음,단일로 - 기타,승용,남,68세,상해없음,자전거,남,28세,중상
2012060300100434,2012년 6월 3일 19시,일요일,경상남도 창원시 의창구 팔용동,중상사고,0,1,0,0,차대차 - 측면직각충돌,안전거리미확보,건조,맑음,교차로 - 교차로부근,승용,남,26세,상해없음,승용,여,22세,중상
2012060300100471,2012년 6월 3일 20시,일요일,경상남도 창원시 마산합포구 성호동,중상사고,0,2,0,0,차대차 - 추돌 - 주정차중,안전운전불이행,건조,맑음,교차로 - 교차로안,승용,남,31세,기타불명,승용,남,39세,중상
2012060300100472,2012년 6월 3일 20시,일요일,경상남도 양산시 물금읍,경상사고,0,0,2,0,차대차 - 측면직각충돌,안전운전불이행,건조,맑음,기타 - 기타,승합,남,49세,상해없음,원동기,남,18세,경상
2012060300100503,2012년 6월 3일 21시,일요일,경상남도 통영시 광도면,중상사고,0,4,0,1,차대차 - 측면직각충돌,안전운전불이행,건조,맑음,교차로 - 교차로부근,승용,남,25세,부상신고,승합,남,65세,중상
2012060300100504,2012년 6월 3일 21시,일요일,경상남도 김해시 봉황동,경상사고,0,0,1,0,차대차 - 측면직각충돌,교차로운행방법위반,건조,맑음,교차로 - 교차로안,승용,여,48세,상해없음,자전거,남,12세,경상
2012060300100505,2012년 6월 3일 21시,일요일,경상남도 김해시 진영읍,경상사고,0,0,2,0,차대차 - 측면직각충돌,안전운전불이행,건조,맑음,단일로 - 기타,승용,남,21세,상해없음,승용,여,58세,경상
2012060300100517,2012년 6월 3일 22시,일요일,경상남도 창원시 마산합포구 산호동,중상사고,0,1,0,0,차대차 - 기타,안전운전불이행,건조,맑음,단일로 - 기타,화물,남,49세,상해없음,승용,남,56세,중상
2012060300100536,2012년 6월 3일 23시,일요일,경상남도 진주시 상대동,경상사고,0,0,1,0,차대사람 - 기타,안전운전불이행,건조,맑음,단일로 - 기타,승용,여,33세,상해없음,보행자,남,20세,경상
2012060400100012,2012년 6월 4일 00시,월요일,경상남도 창원시 의창구 도계동,경상사고,0,0,1,0,차대차 - 추돌 - 주정차중,안전운전불이행,건조,맑음,교차로 - 교차로부근,승용,남,33세,상해없음,승용,남,28세,경상
2012060400100016,2012년 6월 4일 01시,월요일,경상남도 창원시 성산구 남산동,중상사고,0,1,0,0,차대차 - 측면직각충돌,중앙선침범,건조,맑음,단일로 - 기타,승용,남,41세,상해없음,이륜,남,15세,중상
2012060400100017,2012년 6월 4일 01시,월요일,경상남도 창원시 의창구 도계동,경상사고,0,0,2,0,차대차 - 측면직각충돌,안전운전불이행,건조,맑음,교차로 - 교차로부근,승용,남,19세,상해없음,승용,여,43세,경상
2012060400100025,2012년 6월 4일 03시,월요일,경상남도 김해시 주촌면,중상사고,0,1,0,0,차대차 - 추돌 - 주정차중,안전운전불이행,건조,맑음,단일로 - 기타,승용,남,61세,중상,화물,남,57세,상해없음
2012060400100048,2012년 6월 4일 06시,월요일,경상남도 창녕군 성산면,중상사고,0,1,0,0,차량단독 - 기타,안전운전불이행,건조,맑음,단일로 - 기타,원동기,여,53세,중상,,,,
2012060400100049,2012년 6월 4일 06시,월요일,경상남도 창원시 의창구 팔용동,경상사고,0,0,1,0,차대사람 - 기타,안전운전불이행,건조,맑음,단일로 - 기타,승용,남,46세,상해없음,보행자,남,16세,경상
2012060400100050,2012년 6월 4일 06시,월요일,경상남도 창원시 의창구 동읍,중상사고,0,1,0,0,차대차 - 추돌 - 진행중,안전운전불이행,건조,맑음,단일로 - 기타,승용,남,51세,상해없음,승용,남,33세,중상
2012060400100075,2012년 6월 4일 07시,월요일,경상남도 창원시 의창구 도계동,경상사고,0,0,1,0,차대차 - 추돌 - 주정차중,안전운전불이행,건조,맑음,교차로 - 교차로부근,승용,남,36세,상해없음,화물,남,22세,경상
2012060400100109,2012년 6월 4일 08시,월요일,경상남도 김해시 부원동,중상사고,0,1,0,0,차대차 - 측면직각충돌,안전운전불이행,건조,맑음,교차로 - 교차로안,이륜,남,65세,중상,화물,남,66세,상해없음
2012060400100110,2012년 6월 4일 08시,월요일,경상남도 거창군 거창읍,부상신고사고,0,0,0,1,차대차 - 측면직각충돌,교차로운행방법위반,건조,맑음,교차로 - 교차로안,이륜,남,70세,부상신고,승용,여,39세,상해없음
2012060400100111,2012년 6월 4일 08시,월요일,경상남도 산청군 산청읍,중상사고,0,1,0,4,차대차 - 측면직각충돌,교차로운행방법위반,건조,맑음,교차로 - 교차로안,화물,남,58세,상해없음,승용,남,25세,중상
2012060400100112,2012년 6월 4일 08시,월요일,경상남도 창원시 의창구 팔용동,경상사고,0,0,1,0,차대차 - 추돌 - 진행중,안전거리미확보,건조,맑음,교차로 - 교차로안,승용,남,45세,상해없음,승용,남,27세,경상
2012060400100143,2012년 6월 4일 09시,월요일,경상남도 밀양시 내이동,중상사고,0,1,0,0,차대차 - 측면직각충돌,교차로운행방법위반,건조,맑음,교차로 - 교차로안,승용,남,41세,상해없음,승합,남,56세,상해없음
2012060400100144,2012년 6월 4일 09시,월요일,경상남도 김해시 생림면,중상사고,0,1,0,0,차대사람 - 보도통행중,보행자보호의무위반,건조,맑음,단일로 - 횡단보도상,특수,남,46세,상해없음,보행자,여,61세,중상
2012060400100145,2012년 6월 4일 09시,월요일,경상남도 거제시 아주동,중상사고,0,1,0,0,차대사람 - 횡단중,신호위반,건조,맑음,단일로 - 횡단보도상,승용,남,42세,상해없음,보행자,남,27세,중상
2012060400100198,2012년 6월 4일 11시,월요일,경상남도 의령군 지정면,중상사고,0,1,0,0,차대차 - 측면직각충돌,안전운전불이행,건조,맑음,단일로 - 기타,승용,남,54세,상해없음,이륜,남,80세,중상
2012060400100225,2012년 6월 4일 12시,월요일,경상남도 거제시 옥포동,경상사고,0,0,1,0,차대차 - 측면직각충돌,신호위반,건조,맑음,교차로 - 교차로안,승용,남,34세,상해없음,이륜,남,66세,경상
2012060400100258,2012년 6월 4일 13시,월요일,경상남도 밀양시 내이동,경상사고,0,0,1,0,차대차 - 측면직각충돌,교차로운행방법위반,건조,맑음,교차로 - 교차로안,승용,여,50세,상해없음,승용,남,47세,상해없음
2012060400100259,2012년 6월 4일 13시,월요일,경상남도 거창군 거창읍,중상사고,0,1,0,0,차대차 - 측면직각충돌,교차로운행방법위반,건조,맑음,교차로 - 교차로안,이륜,남,59세,중상,승용,여,47세,상해없음
2012060400100260,2012년 6월 4일 13시,월요일,경상남도 창녕군 영산면,사망사고,1,0,0,0,차량단독 - 도로외이탈 - 추락,안전운전불이행,건조,맑음,단일로 - 기타,원동기,남,19세,사망,,,,
2012060400100261,2012년 6월 4일 13시,월요일,경상남도 김해시 장유면,경상사고,0,0,1,0,차대차 - 추돌 - 주정차중,안전거리미확보,건조,맑음,단일로 - 기타,화물,남,54세,상해없음,승용,남,52세,경상
2012060400100262,2012년 6월 4일 13시,월요일,경상남도 김해시 진영읍,사망사고,1,0,1,0,차대차 - 추돌 - 진행중,안전운전불이행,건조,맑음,단일로 - 기타,승합,남,33세,사망,화물,남,36세,경상
2012060400100293,2012년 6월 4일 14시,월요일,경상남도 창원시 마산합포구 진동면,경상사고,0,0,2,2,차대차 - 측면직각충돌,교차로운행방법위반,건조,맑음,교차로 - 교차로안,승용,여,29세,부상신고,승용,남,55세,경상
2012060400100294,2012년 6월 4일 14시,월요일,경상남도 창원시 진해구 덕산동,중상사고,0,1,0,0,차대차 - 측면직각충돌,기타,건조,맑음,교차로 - 교차로안,승용,남,31세,상해없음,원동기,남,66세,중상
2012060400100331,2012년 6월 4일 15시,월요일,경상남도 진주시 이반성면,중상사고,0,1,1,0,차대차 - 추돌 - 주정차중,안전운전불이행,건조,맑음,단일로 - 기타,승용,기타불명,기타불명,기타불명,승용,여,32세,중상
2012060400100333,2012년 6월 4일 15시,월요일,경상남도 사천시 곤명면,중상사고,0,1,0,0,차량단독 - 공작물충돌,안전운전불이행,건조,맑음,단일로 - 기타,화물,여,52세,중상,,,,
2012060400100334,2012년 6월 4일 15시,월요일,경상남도 김해시 진례면,중상사고,0,1,0,0,차대사람 - 횡단중,안전운전불이행,건조,맑음,교차로 - 교차로안,화물,남,49세,상해없음,보행자,여,76세,중상
2012060400100369,2012년 6월 4일 16시,월요일,경상남도 김해시 삼계동,중상사고,0,1,0,0,차대사람 - 보도통행중,신호위반,건조,맑음,단일로 - 횡단보도상,승합,여,51세,상해없음,보행자,여,6세,중상
2012060400100406,2012년 6월 4일 17시,월요일,경상남도 김해시 삼계동,경상사고,0,0,1,0,차대차 - 기타,안전운전불이행,건조,맑음,단일로 - 횡단보도상,승용,여,38세,상해없음,자전거,여,12세,경상
2012060400100407,2012년 6월 4일 17시,월요일,경상남도 진주시 진성면,경상사고,0,0,1,0,차대차 - 추돌 - 진행중,차로위반,건조,맑음,단일로 - 기타,승용,남,62세,경상,화물,남,48세,상해없음
2012060400100441,2012년 6월 4일 18시,월요일,경상남도 양산시 상북면,중상사고,0,1,0,0,차대차 - 측면직각충돌,안전운전불이행,건조,맑음,교차로 - 교차로안,화물,남,43세,상해없음,자전거,미분류,9세,중상
2012060400100475,2012년 6월 4일 19시,월요일,경상남도 밀양시 삼문동,경상사고,0,0,1,0,차대차 - 추돌 - 주정차중,안전운전불이행,건조,맑음,교차로 - 교차로부근,승용,여,42세,상해없음,승용,여,58세,경상
2012060400100476,2012년 6월 4일 19시,월요일,경상남도 양산시 신기동,중상사고,0,1,0,0,차대사람 - 횡단중,안전운전불이행,건조,맑음,교차로 - 교차로부근,승용,남,50세,상해없음,보행자,여,20세,중상
2012060400100477,2012년 6월 4일 19시,월요일,경상남도 함안군 법수면,중상사고,0,1,0,1,차대차 - 측면직각충돌,안전운전불이행,건조,맑음,교차로 - 교차로안,승용,남,58세,상해없음,화물,남,54세,부상신고
2012060400100496,2012년 6월 4일 20시,월요일,경상남도 창원시 마산회원구 내서읍,경상사고,0,0,1,0,차대사람 - 기타,신호위반,건조,맑음,단일로 - 횡단보도상,승용,남,43세,상해없음,보행자,남,29세,경상
2012060400100497,2012년 6월 4일 20시,월요일,경상남도 김해시 흥동,중상사고,0,1,0,0,차대차 - 측면직각충돌,중앙선침범,건조,맑음,단일로 - 기타,승용,남,41세,상해없음,원동기,남,27세,중상
2012060400100533,2012년 6월 4일 21시,월요일,경상남도 창원시 마산합포구 남성동,경상사고,0,0,1,0,차대사람 - 길가장자리구역통행중,안전운전불이행,건조,맑음,교차로 - 교차로부근,승용,남,57세,상해없음,보행자,여,52세,경상
2012060400100568,2012년 6월 4일 22시,월요일,경상남도 김해시 서상동,경상사고,0,0,2,0,차대차 - 추돌 - 주정차중,안전운전불이행,건조,맑음,단일로 - 기타,승용,여,45세,상해없음,승용,여,27세,경상
2012060500100016,2012년 6월 5일 00시,화요일,경상남도 통영시 광도면,중상사고,0,1,0,0,차대사람 - 횡단중,안전운전불이행,건조,맑음,단일로 - 기타,승용,남,67세,상해없음,보행자,여,43세,중상
2012060500100053,2012년 6월 5일 04시,화요일,경상남도 김해시 강동,중상사고,0,1,1,0,차대차 - 추돌 - 진행중,차로위반,건조,맑음,단일로 - 기타,승용,남,60세,상해없음,승용,남,50세,경상
2012060500100078,2012년 6월 5일 06시,화요일,경상남도 밀양시 삼랑진읍,사망사고,1,0,0,0,차대차 - 측면직각충돌,교차로운행방법위반,건조,맑음,교차로 - 교차로안,이륜,남,54세,사망,승용,남,62세,상해없음
2012060500100079,2012년 6월 5일 06시,화요일,경상남도 양산시 어곡동,중상사고,0,1,0,0,차량단독 - 공작물충돌,안전운전불이행,건조,맑음,단일로 - 기타,원동기,남,67세,중상,,,,
2012060500100128,2012년 6월 5일 08시,화요일,경상남도 창원시 마산합포구 신포동1가,경상사고,0,0,1,0,차대차 - 측면직각충돌,중앙선침범,건조,맑음,교차로 - 교차로부근,자전거,남,39세,경상,승용,남,69세,상해없음
2012060500100129,2012년 6월 5일 08시,화요일,경상남도 창원시 진해구 석동,경상사고,0,0,1,0,차대사람 - 횡단중,안전운전불이행,건조,맑음,교차로 - 교차로안,승용,여,40세,상해없음,보행자,남,13세,경상
2012060500100130,2012년 6월 5일 08시,화요일,경상남도 함안군 칠원면,경상사고,0,0,3,1,차대차 - 추돌 - 진행중,안전거리미확보,건조,맑음,교차로 - 교차로부근,승용,여,40세,상해없음,승용,남,56세,경상
2012060500100131,2012년 6월 5일 08시,화요일,경상남도 김해시 장유면,중상사고,0,1,0,0,차대사람 - 횡단중,신호위반,건조,맑음,교차로 - 교차로부근,승용,여,31세,상해없음,보행자,여,61세,중상
2012060500100174,2012년 6월 5일 09시,화요일,경상남도 합천군 가야면,부상신고사고,0,0,0,1,차대차 - 기타,안전운전불이행,건조,맑음,단일로 - 기타,이륜,남,61세,부상신고,승합,여,49세,상해없음
2012060500100208,2012년 6월 5일 10시,화요일,경상남도 거창군 가조면,경상사고,0,0,2,0,차대차 - 추돌 - 진행중,안전운전불이행,건조,맑음,단일로 - 기타,자전거,여,64세,경상,이륜,여,58세,경상
2012060500100235,2012년 6월 5일 11시,화요일,경상남도 사천시 동금동,경상사고,0,0,1,0,차대차 - 기타,신호위반,건조,맑음,교차로 - 교차로안,승용,남,70세,상해없음,승용,여,64세,경상
2012060500100255,2012년 6월 5일 12시,화요일,경상남도 진주시 상평동,중상사고,0,1,0,0,차대차 - 측면직각충돌,직진우회전진행방해,건조,맑음,교차로 - 교차로안,자전거,남,67세,중상,승용,여,29세,상해없음
2012060500100256,2012년 6월 5일 12시,화요일,경상남도 양산시 북부동,경상사고,0,0,1,0,차대차 - 기타,안전운전불이행,건조,맑음,단일로 - 횡단보도부근,원동기,남,31세,기타불명,원동기,남,52세,경상
2012060500100280,2012년 6월 5일 13시,화요일,경상남도 진주시 평거동,중상사고,0,1,0,0,차대차 - 측면직각충돌,교차로운행방법위반,건조,맑음,교차로 - 교차로안,화물,남,41세,상해없음,자전거,남,46세,중상
2012060500100281,2012년 6월 5일 13시,화요일,경상남도 하동군 하동읍,경상사고,0,0,1,0,차대차 - 기타,안전운전불이행,건조,맑음,단일로 - 기타,화물,남,42세,상해없음,원동기,여,44세,경상
2012060500100305,2012년 6월 5일 14시,화요일,경상남도 창녕군 고암면,중상사고,0,1,0,0,차대차 - 측면직각충돌,안전운전불이행,건조,맑음,교차로 - 교차로안,건설기계,남,31세,상해없음,화물,남,29세,중상
2012060500100338,2012년 6월 5일 15시,화요일,경상남도 김해시 동상동,경상사고,0,0,1,0,차대차 - 측면직각충돌,교차로운행방법위반,건조,맑음,교차로 - 교차로안,승용,여,54세,상해없음,자전거,남,65세,경상
2012060500100339,2012년 6월 5일 15시,화요일,경상남도 양산시 상북면,중상사고,0,1,0,0,차대차 - 기타,안전운전불이행,건조,맑음,교차로 - 교차로부근,화물,남,72세,기타불명,화물,남,62세,중상
2012060500100340,2012년 6월 5일 15시,화요일,경상남도 김해시 한림면,경상사고,0,0,1,0,차대차 - 측면직각충돌,안전운전불이행,건조,맑음,교차로 - 교차로부근,화물,남,68세,상해없음,화물,남,22세,경상
2012060500100412,2012년 6월 5일 17시,화요일,경상남도 밀양시 삼랑진읍,중상사고,0,1,0,0,차대차 - 측면직각충돌,안전운전불이행,건조,맑음,교차로 - 교차로안,승용,남,41세,상해없음,원동기,남,73세,중상
2012060500100414,2012년 6월 5일 17시,화요일,경상남도 김해시 풍유동,경상사고,0,0,1,0,차대차 - 추돌 - 진행중,안전거리미확보,건조,맑음,단일로 - 기타,승용,여,26세,상해없음,화물,남,51세,상해없음
2012060500100455,2012년 6월 5일 18시,화요일,경상남도 김해시 삼계동,경상사고,0,0,1,0,차대차 - 추돌 - 주정차중,안전거리미확보,건조,맑음,교차로 - 교차로안,승용,남,52세,상해없음,승용,남,41세,경상
2012060500100527,2012년 6월 5일 20시,화요일,경상남도 창원시 마산합포구 동성동,중상사고,0,1,3,0,차대차 - 추돌 - 주정차중,안전운전불이행,건조,맑음,교차로 - 교차로부근,승용,남,40세,상해없음,승용,남,50세,경상
2012060500100528,2012년 6월 5일 20시,화요일,경상남도 통영시 무전동,경상사고,0,0,5,0,차대사람 - 기타,안전운전불이행,건조,맑음,단일로 - 기타,원동기,남,19세,상해없음,보행자,여,30세,경상
2012060500100529,2012년 6월 5일 20시,화요일,경상남도 밀양시 하남읍,중상사고,0,5,1,0,차대차 - 기타,안전운전불이행,건조,맑음,단일로 - 교량,승용,남,19세,중상,화물,남,39세,상해없음
2012060500100530,2012년 6월 5일 20시,화요일,경상남도 김해시 안동,중상사고,0,1,0,0,차대사람 - 길가장자리구역통행중,안전운전불이행,건조,맑음,기타 - 기타,이륜,남,52세,상해없음,보행자,남,47세,중상
2012060500100531,2012년 6월 5일 20시,화요일,경상남도 창녕군 창녕읍,사망사고,1,2,0,0,차대차 - 추돌 - 진행중,안전운전불이행,건조,맑음,단일로 - 기타,승용,남,25세,중상,농기계,남,77세,사망
2012060500100532,2012년 6월 5일 20시,화요일,경상남도 양산시 신기동,중상사고,0,1,0,0,차대사람 - 기타,안전운전불이행,건조,맑음,교차로 - 교차로부근,승합,남,45세,기타불명,보행자,남,62세,중상
2012060500100533,2012년 6월 5일 20시,화요일,경상남도 하동군 하동읍,경상사고,0,0,1,0,차대차 - 추돌 - 진행중,안전운전불이행,건조,맑음,단일로 - 기타,승용,남,56세,상해없음,원동기,남,42세,경상
2012060500100586,2012년 6월 5일 21시,화요일,경상남도 진주시 하대동,경상사고,0,0,2,0,차대차 - 추돌 - 주정차중,안전운전불이행,건조,맑음,단일로 - 기타,승용,남,63세,상해없음,자전거,남,52세,경상
2012060500100587,2012년 6월 5일 21시,화요일,경상남도 밀양시 내이동,중상사고,0,1,1,0,차대차 - 추돌 - 진행중,안전거리미확보,건조,맑음,단일로 - 기타,승용,여,32세,상해없음,승용,여,48세,중상
2012060500100588,2012년 6월 5일 21시,화요일,경상남도 창녕군 대지면,경상사고,0,0,1,0,차대차 - 기타,중앙선침범,건조,맑음,단일로 - 기타,농기계,남,60세,상해없음,승합,남,53세,경상
2012060500100589,2012년 6월 5일 21시,화요일,경상남도 창원시 마산회원구 양덕동,중상사고,0,1,1,0,차대사람 - 횡단중,안전운전불이행,건조,맑음,교차로 - 교차로안,승용,남,45세,상해없음,보행자,여,17세,중상
2012060500100590,2012년 6월 5일 21시,화요일,경상남도 창원시 마산회원구 합성동,부상신고사고,0,0,0,3,차대차 - 측면직각충돌,안전운전불이행,건조,맑음,교차로 - 교차로안,승용,남,27세,상해없음,승용,남,73세,상해없음
2012060500100621,2012년 6월 5일 22시,화요일,경상남도 양산시 삼호동,중상사고,0,1,0,0,차대차 - 기타,교차로운행방법위반,건조,맑음,교차로 - 교차로안,승용,남,75세,상해없음,원동기,남,17세,중상
2012060500100657,2012년 6월 5일 23시,화요일,경상남도 창원시 진해구 석동,경상사고,0,0,1,0,차대사람 - 차도통행중,안전운전불이행,건조,맑음,단일로 - 기타,승용,남,22세,상해없음,보행자,남,32세,경상
2012060500100658,2012년 6월 5일 23시,화요일,경상남도 거창군 거창읍,경상사고,0,0,1,1,차대사람 - 횡단중,안전운전불이행,건조,맑음,단일로 - 기타,이륜,남,53세,상해없음,보행자,여,18세,경상
2012060500100659,2012년 6월 5일 23시,화요일,경상남도 양산시 덕계동,중상사고,0,2,0,0,차대차 - 기타,중앙선침범,건조,맑음,단일로 - 기타,승용,남,38세,기타불명,승용,남,35세,중상