사고번호,사고일시,요일,시군구,사고내용,사망자수,중상자수,경상자수,부상신고자수,사고유형,법규위반,노면상태,기상상태,도로형태,가해운전자 차종,가해운전자 성별,가해운전자 연령,가해운전자 상해정도,피해운전자 차종,피해운전자 성별,피해운전자 연령,피해운전자 상해정도
2012062000100443,2012년 6월 20일 18시,수요일,경상남도 창원시 마산회원구 내서읍,중상사고,0,1,0,0,차대차 - 추돌 - 주정차중,안전운전불이행,건조,맑음,교차로 - 교차로부근,특수,남,52세,상해없음,승용,남,34세,상해없음
2012062000100444,2012년 6월 20일 18시,수요일,경상남도 김해시 장유면,경상사고,0,0,1,0,차대차 - 측면직각충돌,신호위반,건조,맑음,교차로 - 교차로안,승용,여,47세,상해없음,승용,여,37세,경상
2012062000100476,2012년 6월 20일 19시,수요일,경상남도 창원시 진해구 행암동,중상사고,0,2,2,0,차대차 - 측면직각충돌,차로위반,건조,맑음,단일로 - 기타,승용,남,34세,경상,승용,남,30세,중상
2012062000100477,2012년 6월 20일 19시,수요일,경상남도 거제시 아주동,중상사고,0,3,0,0,차대차 - 기타,안전운전불이행,건조,맑음,교차로 - 교차로부근,특수,남,45세,상해없음,화물,남,47세,중상
2012062000100478,2012년 6월 20일 19시,수요일,경상남도 창원시 성산구 성산동,경상사고,0,0,1,0,차대차 - 기타,안전운전불이행,건조,맑음,단일로 - 기타,원동기,남,31세,상해없음,승합,남,58세,상해없음
2012062000100505,2012년 6월 20일 20시,수요일,경상남도 양산시 삼호동,중상사고,0,1,0,0,차대차 - 측면직각충돌,안전운전불이행,건조,맑음,교차로 - 교차로부근,승용,남,50세,상해없음,승합,남,52세,중상
2012062000100506,2012년 6월 20일 20시,수요일,경상남도 남해군 고현면,중상사고,0,1,0,1,차대차 - 추돌 - 주정차중,안전운전불이행,건조,맑음,기타 - 기타,승용,남,18세,상해없음,화물,남,50세,중상
2012062000100549,2012년 6월 20일 21시,수요일,경상남도 진주시 망경동,경상사고,0,0,1,0,차대차 - 추돌 - 진행중,안전거리미확보,건조,맑음,단일로 - 기타,승용,남,43세,상해없음,승용,여,39세,경상
2012062000100550,2012년 6월 20일 21시,수요일,경상남도 창원시 성산구 대방동,중상사고,0,1,0,0,차대사람 - 횡단중,안전운전불이행,건조,맑음,단일로 - 횡단보도상,승합,여,43세,상해없음,보행자,남,17세,중상
2012062000100551,2012년 6월 20일 21시,수요일,경상남도 창원시 마산회원구 회성동,중상사고,0,1,0,0,차대사람 - 횡단중,안전운전불이행,건조,맑음,교차로 - 교차로부근,승용,여,45세,상해없음,보행자,여,70세,중상
2012062000100552,2012년 6월 20일 21시,수요일,경상남도 김해시 풍유동,사망사고,1,0,0,0,차대사람 - 길가장자리구역통행중,안전운전불이행,건조,맑음,단일로 - 기타,승용,남,29세,상해없음,보행자,남,46세,사망
2012062000100573,2012년 6월 20일 22시,수요일,경상남도 사천시 사천읍,경상사고,0,0,1,0,차대차 - 기타,안전운전불이행,건조,맑음,교차로 - 교차로안,승용,여,33세,상해없음,승합,남,45세,상해없음
2012062000100574,2012년 6월 20일 22시,수요일,경상남도 양산시 물금읍,중상사고,0,1,0,1,차대차 - 측면직각충돌,안전거리미확보,건조,맑음,단일로 - 기타,승용,남,20세,상해없음,승용,남,48세,부상신고
2012062100100012,2012년 6월 21일 00시,목요일,경상남도 함안군 군북면,경상사고,0,0,2,0,차대차 - 측면직각충돌,차로위반,건조,맑음,단일로 - 기타,특수,남,55세,상해없음,승용,남,36세,경상
2012062100100039,2012년 6월 21일 02시,목요일,경상남도 창원시 마산회원구 봉암동,중상사고,0,1,0,0,차대차 - 추돌 - 주정차중,안전운전불이행,건조,맑음,단일로 - 기타,승용,남,18세,상해없음,승용,남,32세,중상
2012062100100048,2012년 6월 21일 03시,목요일,경상남도 창원시 성산구 가음정동,경상사고,0,0,1,0,차대차 - 측면직각충돌,안전운전불이행,건조,맑음,교차로 - 교차로안,승용,남,51세,상해없음,화물,남,44세,상해없음
2012062100100088,2012년 6월 21일 06시,목요일,경상남도 창원시 의창구 사림동,중상사고,0,1,0,0,차대차 - 측면직각충돌,교차로운행방법위반,건조,맑음,교차로 - 교차로안,승용,남,31세,상해없음,승용,여,35세,중상
2012062100100110,2012년 6월 21일 07시,목요일,경상남도 진주시 주약동,중상사고,0,1,0,0,차대차 - 측면직각충돌,신호위반,건조,맑음,교차로 - 교차로안,승용,남,31세,상해없음,승용,여,74세,중상
2012062100100111,2012년 6월 21일 07시,목요일,경상남도 창원시 진해구 여좌동,중상사고,0,1,1,0,차대차 - 기타,안전거리미확보,건조,맑음,교차로 - 교차로부근,승용,남,23세,상해없음,승용,남,34세,경상
2012062100100112,2012년 6월 21일 07시,목요일,경상남도 거제시 옥포동,경상사고,0,0,1,0,차대차 - 측면직각충돌,안전운전불이행,건조,맑음,교차로 - 교차로안,승용,여,32세,기타불명,승용,여,28세,경상
2012062100100113,2012년 6월 21일 07시,목요일,경상남도 창원시 성산구 성산동,중상사고,0,1,0,0,차대차 - 측면직각충돌,교차로운행방법위반,건조,맑음,교차로 - 교차로안,화물,남,51세,상해없음,자전거,남,58세,중상
2012062100100150,2012년 6월 21일 08시,목요일,경상남도 밀양시 내이동,중상사고,0,1,0,0,차대차 - 정면충돌,교차로운행방법위반,건조,맑음,교차로 - 교차로안,승합,남,51세,상해없음,이륜,남,23세,중상
2012062100100151,2012년 6월 21일 08시,목요일,경상남도 김해시 내동,중상사고,0,1,0,0,차대사람 - 횡단중,안전운전불이행,건조,맑음,단일로 - 기타,승용,남,31세,상해없음,보행자,남,13세,중상
2012062100100152,2012년 6월 21일 08시,목요일,경상남도 김해시 지내동,경상사고,0,0,1,0,차대차 - 측면직각충돌,교차로운행방법위반,건조,맑음,교차로 - 교차로안,화물,남,31세,상해없음,승용,여,40세,경상
2012062100100153,2012년 6월 21일 08시,목요일,경상남도 김해시 삼계동,경상사고,0,0,1,0,차대차 - 추돌 - 진행중,안전거리미확보,건조,맑음,단일로 - 기타,승용,여,46세,상해없음,승용,여,52세,경상
2012062100100154,2012년 6월 21일 08시,목요일,경상남도 고성군 영오면,중상사고,0,1,0,0,차대사람 - 기타,안전운전불이행,건조,맑음,단일로 - 기타,화물,남,40세,상해없음,보행자,여,63세,중상
2012062100100155,2012년 6월 21일 08시,목요일,경상남도 거제시 옥포동,경상사고,0,0,1,0,차대사람 - 횡단중,보행자보호의무위반,건조,맑음,단일로 - 횡단보도상,승용,여,42세,상해없음,보행자,남,7세,경상
2012062100100180,2012년 6월 21일 09시,목요일,경상남도 통영시 명정동,경상사고,0,0,1,0,차대차 - 추돌 - 주정차중,안전운전불이행,건조,맑음,교차로 - 교차로부근,승용,여,44세,상해없음,승용,여,42세,경상
2012062100100181,2012년 6월 21일 09시,목요일,경상남도 거창군 거창읍,중상사고,0,1,0,0,차대차 - 측면직각충돌,교차로운행방법위반,건조,맑음,교차로 - 교차로안,승용,남,65세,상해없음,원동기,남,69세,중상
2012062100100209,2012년 6월 21일 10시,목요일,경상남도 진주시 정촌면,중상사고,0,1,1,0,차대차 - 추돌 - 진행중,안전운전불이행,건조,맑음,교차로 - 교차로부근,화물,남,49세,상해없음,승용,남,53세,경상
2012062100100210,2012년 6월 21일 10시,목요일,경상남도 김해시 삼계동,중상사고,0,2,0,0,차대차 - 측면직각충돌,안전운전불이행,건조,맑음,교차로 - 교차로안,원동기,남,23세,중상,승용,여,35세,상해없음
2012062100100211,2012년 6월 21일 10시,목요일,경상남도 창녕군 부곡면,중상사고,0,1,0,0,차대차 - 추돌 - 진행중,안전운전불이행,건조,맑음,단일로 - 기타,화물,남,54세,상해없음,원동기,남,44세,중상
2012062100100232,2012년 6월 21일 11시,목요일,경상남도 창녕군 남지읍,중상사고,0,1,0,0,차대차 - 기타,중앙선침범,건조,맑음,단일로 - 기타,화물,남,67세,상해없음,승용,여,44세,중상
2012062100100233,2012년 6월 21일 11시,목요일,경상남도 양산시 다방동,경상사고,0,0,1,0,차대차 - 측면직각충돌,안전운전불이행,건조,맑음,단일로 - 기타,화물,남,60세,상해없음,승용,여,41세,경상
2012062100100234,2012년 6월 21일 11시,목요일,경상남도 고성군 고성읍,중상사고,0,1,0,0,차대차 - 측면직각충돌,직진우회전진행방해,건조,맑음,교차로 - 교차로안,승용,남,58세,상해없음,이륜,남,69세,중상
2012062100100261,2012년 6월 21일 12시,목요일,경상남도 통영시 정량동,중상사고,0,1,0,0,차대차 - 추돌 - 주정차중,안전운전불이행,건조,맑음,단일로 - 기타,승용,남,33세,상해없음,승용,남,39세,중상
2012062100100286,2012년 6월 21일 13시,목요일,경상남도 창원시 마산회원구 양덕동,중상사고,0,1,0,0,차대사람 - 횡단중,보행자보호의무위반,건조,맑음,단일로 - 횡단보도상,승용,남,34세,상해없음,보행자,여,75세,중상
2012062100100301,2012년 6월 21일 14시,목요일,경상남도 김해시 진례면,중상사고,0,1,0,0,차대차 - 추돌 - 진행중,안전거리미확보,건조,맑음,단일로 - 기타,승용,남,21세,상해없음,화물,남,48세,중상
2012062100100318,2012년 6월 21일 14시,목요일,경상남도 통영시 서호동,경상사고,0,0,1,0,차대사람 - 기타,안전운전불이행,건조,맑음,단일로 - 기타,승용,남,47세,상해없음,보행자,여,46세,경상
2012062100100385,2012년 6월 21일 16시,목요일,경상남도 진주시 가좌동,중상사고,0,5,0,0,차대차 - 기타,안전운전불이행,건조,맑음,단일로 - 기타,특수,남,66세,상해없음,승합,남,51세,상해없음
2012062100100386,2012년 6월 21일 16시,목요일,경상남도 양산시 남부동,부상신고사고,0,0,0,1,차대사람 - 횡단중,안전운전불이행,건조,맑음,기타 - 기타,기타불명,기타불명,기타불명,기타불명,보행자,여,59세,부상신고
2012062100100429,2012년 6월 21일 17시,목요일,경상남도 창원시 마산합포구 교방동,중상사고,0,1,1,0,차대사람 - 횡단중,보행자보호의무위반,건조,맑음,단일로 - 기타,승용,여,26세,상해없음,보행자,여,13세,경상
2012062100100430,2012년 6월 21일 17시,목요일,경상남도 밀양시 상남면,경상사고,0,0,1,0,차대차 - 측면직각충돌,안전운전불이행,건조,맑음,단일로 - 기타,승용,여,49세,상해없음,이륜,남,51세,경상
2012062100100431,2012년 6월 21일 17시,목요일,경상남도 밀양시 내일동,경상사고,0,0,1,0,차대사람 - 기타,안전운전불이행,건조,맑음,단일로 - 기타,승용,여,38세,기타불명,보행자,여,82세,경상
2012062100100477,2012년 6월 21일 18시,목요일,경상남도 통영시 도천동,경상사고,0,0,1,0,차대차 - 추돌 - 주정차중,안전운전불이행,건조,맑음,단일로 - 기타,승용,남,47세,상해없음,화물,남,37세,경상
2012062100100478,2012년 6월 21일 18시,목요일,경상남도 양산시 소주동,중상사고,0,2,0,0,차량단독 - 공작물충돌,안전운전불이행,건조,맑음,단일로 - 기타,승합,남,49세,상해없음,,,,
2012062100100479,2012년 6월 21일 18시,목요일,경상남도 함안군 군북면,경상사고,0,0,1,0,차대차 - 추돌 - 진행중,안전운전불이행,건조,맑음,단일로 - 기타,건설기계,남,36세,상해없음,승용,남,38세,경상
2012062100100480,2012년 6월 21일 18시,목요일,경상남도 창원시 마산회원구 구암동,중상사고,0,1,0,1,차량단독 - 기타,안전운전불이행,건조,맑음,단일로 - 기타,승합,남,47세,상해없음,,,,
2012062100100509,2012년 6월 21일 19시,목요일,경상남도 양산시 평산동,경상사고,0,0,2,0,차대차 - 측면직각충돌,신호위반,건조,맑음,교차로 - 교차로안,승용,남,67세,상해없음,승용,남,40세,경상
2012062100100510,2012년 6월 21일 19시,목요일,경상남도 창원시 의창구 팔용동,중상사고,0,1,0,0,차대차 - 측면직각충돌,교차로운행방법위반,건조,맑음,교차로 - 교차로안,승용,남,25세,상해없음,승용,여,40세,중상
2012062100100540,2012년 6월 21일 20시,목요일,경상남도 김해시 진영읍,경상사고,0,0,1,0,차대차 - 추돌 - 주정차중,안전운전불이행,건조,맑음,단일로 - 기타,기타불명,기타불명,기타불명,기타불명,화물,남,53세,경상
2012062100100584,2012년 6월 21일 21시,목요일,경상남도 사천시 동금동,중상사고,0,2,1,0,차대차 - 측면직각충돌,교차로운행방법위반,건조,맑음,교차로 - 교차로안,화물,남,53세,상해없음,승용,여,38세,경상
2012062100100585,2012년 6월 21일 21시,목요일,경상남도 양산시 상북면,사망사고,2,1,0,0,차량단독 - 전도전복,안전운전불이행,건조,맑음,단일로 - 기타,승용,남,29세,사망,,,,
2012062200100043,2012년 6월 22일 01시,금요일,경상남도 남해군 남해읍,중상사고,0,1,0,0,차대사람 - 기타,안전운전불이행,건조,맑음,단일로 - 기타,승용,여,44세,상해없음,보행자,남,30세,중상
2012062200100044,2012년 6월 22일 01시,금요일,경상남도 김해시 장유면,중상사고,0,1,1,0,차대차 - 측면직각충돌,안전운전불이행,건조,맑음,단일로 - 기타,승용,남,24세,상해없음,승용,남,40세,중상
2012062200100089,2012년 6월 22일 05시,금요일,경상남도 창원시 마산합포구 신포동1가,경상사고,0,0,1,0,차대차 - 측면직각충돌,신호위반,건조,맑음,교차로 - 교차로안,화물,남,38세,상해없음,승용,남,57세,경상
2012062200100090,2012년 6월 22일 05시,금요일,경상남도 양산시 북부동,중상사고,0,2,0,0,차대차 - 측면직각충돌,교차로운행방법위반,건조,맑음,교차로 - 교차로안,승용,남,62세,기타불명,화물,남,48세,상해없음
2012062200100091,2012년 6월 22일 05시,금요일,경상남도 양산시 덕계동,경상사고,0,0,1,1,차대차 - 기타,교차로운행방법위반,건조,맑음,교차로 - 교차로안,승용,남,47세,기타불명,승합,남,49세,상해없음
2012062200100092,2012년 6월 22일 05시,금요일,경상남도 창원시 의창구 팔용동,중상사고,0,1,1,0,차대차 - 측면직각충돌,신호위반,건조,맑음,교차로 - 교차로안,승용,남,52세,중상,승합,남,29세,경상
2012062200100107,2012년 6월 22일 06시,금요일,경상남도 창원시 마산합포구 진동면,경상사고,0,0,1,0,차대차 - 추돌 - 주정차중,안전운전불이행,건조,맑음,단일로 - 기타,화물,남,49세,상해없음,승용,남,34세,경상
2012062200100108,2012년 6월 22일 06시,금요일,경상남도 창원시 진해구 석동,중상사고,0,1,0,0,차량단독 - 전도전복,안전운전불이행,건조,맑음,단일로 - 기타,원동기,남,19세,상해없음,,,,
2012062200100109,2012년 6월 22일 06시,금요일,경상남도 창원시 성산구 남산동,경상사고,0,0,1,0,차대차 - 측면직각충돌,안전운전불이행,건조,맑음,교차로 - 교차로안,승용,남,61세,상해없음,자전거,남,26세,경상
2012062200100135,2012년 6월 22일 07시,금요일,경상남도 김해시 안동,중상사고,0,1,0,0,차대차 - 기타,교차로운행방법위반,건조,맑음,교차로 - 교차로안,승용,남,22세,상해없음,원동기,남,50세,중상
2012062200100136,2012년 6월 22일 07시,금요일,경상남도 합천군 삼가면,경상사고,0,0,1,0,차대사람 - 보도통행중,안전운전불이행,건조,맑음,교차로 - 교차로부근,승용,남,58세,상해없음,보행자,여,80세,경상
2012062200100137,2012년 6월 22일 07시,금요일,경상남도 함안군 가야읍,경상사고,0,0,1,0,차대차 - 측면직각충돌,안전운전불이행,건조,맑음,단일로 - 횡단보도상,승용,여,50세,상해없음,자전거,남,14세,경상
2012062200100138,2012년 6월 22일 07시,금요일,경상남도 창원시 마산회원구 양덕동,중상사고,0,1,0,0,차대사람 - 길가장자리구역통행중,안전운전불이행,건조,맑음,단일로 - 기타,승용,여,44세,상해없음,보행자,남,19세,중상
2012062200100139,2012년 6월 22일 07시,금요일,경상남도 창원시 마산합포구 산호동,중상사고,0,1,0,0,차대차 - 측면직각충돌,신호위반,건조,맑음,교차로 - 교차로안,화물,남,40세,상해없음,승용,남,37세,중상
2012062200100140,2012년 6월 22일 07시,금요일,경상남도 창원시 의창구 소답동,중상사고,0,1,0,0,차대사람 - 기타,안전운전불이행,건조,맑음,단일로 - 기타,기타불명,기타불명,기타불명,기타불명,보행자,남,18세,중상
2012062200100174,2012년 6월 22일 08시,금요일,경상남도 진주시 사봉면,사망사고,1,0,0,0,차대차 - 기타,안전운전불이행,건조,맑음,교차로 - 교차로안,원동기,여,77세,사망,승용,여,24세,상해없음
2012062200100175,2012년 6월 22일 08시,금요일,경상남도 함안군 칠원면,경상사고,0,0,1,0,차대차 - 측면직각충돌,안전운전불이행,건조,맑음,교차로 - 교차로부근,승용,여,37세,상해없음,승용,여,57세,경상
2012062200100176,2012년 6월 22일 08시,금요일,경상남도 창원시 의창구 동읍,경상사고,0,0,1,0,차대차 - 추돌 - 진행중,안전거리미확보,건조,맑음,단일로 - 기타,화물,남,39세,상해없음,화물,남,52세,경상
2012062200100235,2012년 6월 22일 10시,금요일,경상남도 김해시 전하동,경상사고,0,0,1,0,차대차 - 추돌 - 진행중,안전거리미확보,건조,맑음,단일로 - 기타,승용,남,48세,상해없음,승용,남,35세,경상
2012062200100250,2012년 6월 22일 10시,금요일,경상남도 합천군 삼가면,중상사고,0,2,0,0,차대차 - 측면직각충돌,기타,건조,맑음,교차로 - 교차로안,화물,남,46세,상해없음,원동기,남,78세,중상
2012062200100251,2012년 6월 22일 10시,금요일,경상남도 양산시 중부동,경상사고,0,0,1,0,차대차 - 측면직각충돌,안전운전불이행,건조,맑음,교차로 - 교차로안,승용,남,21세,상해없음,승용,여,28세,경상
2012062200100252,2012년 6월 22일 10시,금요일,경상남도 창원시 성산구 성주동,중상사고,0,1,0,0,차대차 - 측면직각충돌,안전운전불이행,건조,맑음,교차로 - 교차로안,승용,남,54세,상해없음,자전거,여,44세,중상
2012062200100253,2012년 6월 22일 10시,금요일,경상남도 진주시 정촌면,중상사고,0,1,1,0,차대차 - 기타,차로위반,건조,맑음,단일로 - 기타,기타불명,기타불명,기타불명,기타불명,승용,남,54세,상해없음
2012062200100293,2012년 6월 22일 12시,금요일,경상남도 양산시 북정동,중상사고,0,2,1,0,차대차 - 추돌 - 주정차중,안전거리미확보,건조,맑음,교차로 - 교차로부근,승용,남,21세,상해없음,화물,남,52세,경상
2012062200100317,2012년 6월 22일 13시,금요일,경상남도 진주시 상대동,중상사고,0,1,0,0,차대사람 - 차도통행중,안전운전불이행,건조,맑음,단일로 - 기타,승용,남,37세,상해없음,보행자,남,71세,중상
2012062200100319,2012년 6월 22일 13시,금요일,경상남도 김해시 외동,중상사고,0,1,0,0,차대사람 - 횡단중,안전운전불이행,건조,맑음,단일로 - 기타,이륜,남,20세,상해없음,보행자,여,45세,중상
2012062200100320,2012년 6월 22일 13시,금요일,경상남도 하동군 북천면,중상사고,0,1,0,0,차대차 - 기타,안전운전불이행,건조,맑음,단일로 - 기타,화물,남,59세,상해없음,원동기,남,45세,중상
2012062200100321,2012년 6월 22일 13시,금요일,경상남도 김해시 한림면,중상사고,0,2,0,0,차대차 - 추돌 - 진행중,안전운전불이행,건조,맑음,교차로 - 교차로부근,화물,남,45세,상해없음,화물,남,49세,중상
2012062200100351,2012년 6월 22일 14시,금요일,경상남도 의령군 의령읍,중상사고,0,1,0,0,차대사람 - 기타,안전운전불이행,건조,맑음,단일로 - 기타,승용,남,64세,상해없음,보행자,여,63세,중상
2012062200100352,2012년 6월 22일 14시,금요일,경상남도 창원시 성산구 대방동,중상사고,0,1,0,0,차대차 - 측면직각충돌,신호위반,건조,맑음,교차로 - 교차로부근,승용,남,46세,상해없음,자전거,남,75세,중상
2012062200100353,2012년 6월 22일 14시,금요일,경상남도 창원시 의창구 동읍,경상사고,0,0,1,0,차대차 - 기타,안전운전불이행,건조,맑음,교차로 - 교차로안,승용,남,25세,상해없음,화물,남,28세,경상
2012062200100380,2012년 6월 22일 15시,금요일,경상남도 김해시 삼계동,경상사고,0,0,2,0,차대차 - 측면직각충돌,신호위반,건조,맑음,교차로 - 교차로안,승용,여,40세,상해없음,화물,남,28세,경상
2012062200100381,2012년 6월 22일 15시,금요일,경상남도 김해시 대동면,경상사고,0,0,1,0,차대사람 - 길가장자리구역통행중,안전운전불이행,건조,맑음,단일로 - 기타,승용,남,55세,상해없음,보행자,여,49세,경상
2012062200100382,2012년 6월 22일 15시,금요일,경상남도 김해시 진영읍,부상신고사고,0,0,0,1,차량단독 - 공작물충돌,안전운전불이행,건조,맑음,단일로 - 기타,화물,남,61세,부상신고,,,,
2012062200100421,2012년 6월 22일 16시,금요일,경상남도 사천시 송포동,경상사고,0,0,3,0,차대차 - 기타,신호위반,건조,맑음,교차로 - 교차로안,승용,남,70세,상해없음,승용,여,36세,경상
2012062200100422,2012년 6월 22일 16시,금요일,경상남도 양산시 상북면,중상사고,0,1,0,0,차대사람 - 횡단중,기타,건조,맑음,교차로 - 교차로부근,승용,여,59세,상해없음,보행자,여,4세,중상
2012062200100456,2012년 6월 22일 17시,금요일,경상남도 거창군 거창읍,부상신고사고,0,0,0,1,차대사람 - 기타,안전운전불이행,건조,맑음,교차로 - 교차로부근,기타불명,기타불명,기타불명,기타불명,보행자,여,10세,부상신고
2012062200100457,2012년 6월 22일 17시,금요일,경상남도 창원시 의창구 도계동,경상사고,0,0,2,0,차대차 - 기타,안전운전불이행,건조,맑음,단일로 - 기타,승용,여,41세,상해없음,승용,남,57세,경상
2012062200100502,2012년 6월 22일 18시,금요일,경상남도 창원시 마산합포구 월영동,중상사고,0,1,0,0,차대사람 - 횡단중,보행자보호의무위반,건조,맑음,단일로 - 기타,승용,남,27세,상해없음,보행자,남,3세,중상
2012062200100503,2012년 6월 22일 18시,금요일,경상남도 밀양시 삼문동,중상사고,0,1,0,0,차대사람 - 기타,기타,건조,맑음,단일로 - 기타,기타불명,기타불명,기타불명,기타불명,보행자,여,42세,중상
2012062200100504,2012년 6월 22일 18시,금요일,경상남도 거제시 고현동,경상사고,0,0,2,0,차대차 - 추돌 - 진행중,안전운전불이행,건조,맑음,단일로 - 기타,승용,남,56세,상해없음,승용,여,29세,경상
2012062200100535,2012년 6월 22일 19시,금요일,경상남도 김해시 불암동,중상사고,0,2,2,0,차대차 - 추돌 - 주정차중,안전운전불이행,건조,맑음,단일로 - 기타,승합,남,44세,상해없음,승용,남,44세,경상
2012062200100536,2012년 6월 22일 19시,금요일,경상남도 거창군 웅양면,사망사고,1,0,0,0,차대사람 - 차도통행중,안전운전불이행,건조,맑음,단일로 - 기타,화물,남,53세,상해없음,보행자,남,77세,사망
2012062200100575,2012년 6월 22일 20시,금요일,경상남도 김해시 외동,중상사고,0,1,0,0,차대차 - 측면직각충돌,안전운전불이행,건조,맑음,교차로 - 교차로부근,화물,남,21세,상해없음,자전거,여,75세,중상
2012062200100619,2012년 6월 22일 21시,금요일,경상남도 고성군 고성읍,중상사고,0,1,0,0,차대사람 - 보도통행중,보행자보호의무위반,건조,맑음,단일로 - 기타,원동기,남,22세,상해없음,보행자,여,62세,중상
2012062200100691,2012년 6월 22일 23시,금요일,경상남도 김해시 어방동,중상사고,0,1,0,0,차대사람 - 횡단중,안전운전불이행,건조,맑음,단일로 - 기타,승용,남,30세,상해없음,보행자,여,19세,중상
2012062200100692,2012년 6월 22일 23시,금요일,경상남도 거제시 아주동,경상사고,0,0,1,0,차대차 - 측면직각충돌,교차로운행방법위반,건조,맑음,교차로 - 교차로안,승용,여,49세,상해없음,승용,남,26세,경상
2012062300100017,2012년 6월 23일 00시,토요일,경상남도 김해시 생림면,사망사고,1,0,0,0,차량단독 - 도로외이탈 - 추락,안전운전불이행,건조,맑음,교차로 - 교차로안,원동기,남,16세,사망,,,,
2012062300100018,2012년 6월 23일 00시,토요일,경상남도 고성군 거류면,사망사고,1,0,0,0,차량단독 - 공작물충돌,안전운전불이행,건조,맑음,단일로 - 기타,승용,남,21세,사망,,,,
2012062300100019,2012년 6월 23일 00시,토요일,경상남도 김해시 장유면,경상사고,0,0,1,0,차대사람 - 기타,안전운전불이행,건조,맑음,단일로 - 기타,화물,남,69세,상해없음,보행자,남,36세,경상
2012062300100079,2012년 6월 23일 03시,토요일,경상남도 양산시 중부동,중상사고,0,1,1,0,차대차 - 측면직각충돌,안전거리미확보,건조,맑음,교차로 - 교차로안,승용,남,26세,상해없음,이륜,남,39세,중상
2012062300100156,2012년 6월 23일 07시,토요일,경상남도 창원시 마산합포구 진동면,중상사고,0,1,0,0,차대차 - 측면직각충돌,안전거리미확보,건조,맑음,단일로 - 기타,건설기계,남,52세,상해없음,승용,여,46세,중상
2012062300100173,2012년 6월 23일 08시,토요일,경상남도 사천시 용현면,중상사고,0,1,2,0,차대차 - 추돌 - 진행중,안전운전불이행,건조,맑음,교차로 - 교차로부근,화물,남,75세,경상,화물,남,49세,중상
2012062300100200,2012년 6월 23일 09시,토요일,경상남도 함양군 백전면,경상사고,0,0,1,0,차대사람 - 횡단중,안전운전불이행,건조,맑음,단일로 - 기타,화물,여,42세,상해없음,보행자,남,73세,경상
2012062300100201,2012년 6월 23일 09시,토요일,경상남도 창원시 의창구 동읍,중상사고,0,12,12,5,차대차 - 추돌 - 진행중,안전거리미확보,건조,맑음,단일로 - 터널,승합,남,54세,상해없음,화물,남,53세,상해없음
2012062300100223,2012년 6월 23일 10시,토요일,경상남도 밀양시 하남읍,중상사고,0,1,0,0,차대사람 - 기타,안전운전불이행,건조,맑음,교차로 - 교차로부근,승용,남,67세,상해없음,보행자,여,82세,중상
2012062300100224,2012년 6월 23일 10시,토요일,경상남도 김해시 장유면,중상사고,0,1,0,0,차대차 - 측면직각충돌,안전운전불이행,건조,맑음,교차로 - 교차로안,승용,여,46세,상해없음,자전거,남,45세,중상
2012062300100258,2012년 6월 23일 11시,토요일,경상남도 진주시 문산읍,중상사고,0,1,0,0,차대차 - 측면직각충돌,직진우회전진행방해,건조,맑음,교차로 - 교차로안,승용,남,26세,상해없음,화물,남,61세,중상
2012062300100259,2012년 6월 23일 11시,토요일,경상남도 김해시 부원동,중상사고,0,1,0,0,차대사람 - 기타,보행자보호의무위반,건조,흐림,교차로 - 교차로부근,원동기,남,64세,상해없음,보행자,여,73세,중상
2012062300100260,2012년 6월 23일 11시,토요일,경상남도 창원시 의창구 명서동,중상사고,0,2,0,0,차대차 - 측면직각충돌,신호위반,건조,맑음,교차로 - 교차로안,승용,남,38세,상해없음,승용,남,29세,중상
2012062300100287,2012년 6월 23일 12시,토요일,경상남도 창원시 마산합포구 중앙동2가,중상사고,0,2,0,0,차대차 - 추돌 - 주정차중,안전거리미확보,건조,맑음,교차로 - 교차로부근,승용,남,46세,상해없음,승용,남,50세,중상
2012062300100317,2012년 6월 23일 13시,토요일,경상남도 양산시 중부동,경상사고,0,0,1,0,차대차 - 측면직각충돌,안전운전불이행,건조,맑음,단일로 - 기타,승용,남,56세,상해없음,승용,여,41세,경상
2012062300100350,2012년 6월 23일 14시,토요일,경상남도 창원시 마산합포구 신포동2가,경상사고,0,0,1,0,차대차 - 정면충돌,안전운전불이행,건조,흐림,단일로 - 기타,승용,남,56세,상해없음,승용,남,31세,경상
2012062300100351,2012년 6월 23일 14시,토요일,경상남도 양산시 하북면,중상사고,0,1,0,0,차대차 - 추돌 - 진행중,안전운전불이행,건조,맑음,단일로 - 기타,승용,남,64세,상해없음,이륜,남,39세,중상
2012062300100352,2012년 6월 23일 14시,토요일,경상남도 하동군 금성면,중상사고,0,1,0,0,차대차 - 측면직각충돌,안전운전불이행,건조,맑음,교차로 - 교차로안,화물,남,65세,상해없음,이륜,여,59세,중상
2012062300100353,2012년 6월 23일 14시,토요일,경상남도 창원시 의창구 팔용동,경상사고,0,0,1,0,차대차 - 측면직각충돌,교차로운행방법위반,건조,맑음,교차로 - 교차로안,승용,남,32세,상해없음,자전거,남,24세,경상
2012062300100385,2012년 6월 23일 15시,토요일,경상남도 진주시 하대동,경상사고,0,0,1,0,차대사람 - 기타,안전운전불이행,건조,맑음,단일로 - 기타,승용,남,57세,상해없음,보행자,여,16세,경상
2012062300100386,2012년 6월 23일 15시,토요일,경상남도 양산시 동면,경상사고,0,0,1,0,차대차 - 측면직각충돌,안전운전불이행,건조,맑음,단일로 - 기타,승용,남,64세,상해없음,승용,여,71세,경상