사고번호,사고일시,요일,시군구,사고내용,사망자수,중상자수,경상자수,부상신고자수,사고유형,법규위반,노면상태,기상상태,도로형태,가해운전자 차종,가해운전자 성별,가해운전자 연령,가해운전자 상해정도,피해운전자 차종,피해운전자 성별,피해운전자 연령,피해운전자 상해정도
2012062600100371,2012년 6월 26일 16시,화요일,경상남도 김해시 삼정동,중상사고,0,1,0,0,차대차 - 측면직각충돌,교차로운행방법위반,건조,맑음,교차로 - 교차로안,자전거,남,9세,중상,승합,남,61세,상해없음
2012062600100372,2012년 6월 26일 16시,화요일,경상남도 창녕군 영산면,중상사고,0,1,1,0,차대차 - 측면직각충돌,신호위반,건조,맑음,교차로 - 교차로안,승용,남,50세,중상,승용,남,26세,경상
2012062600100408,2012년 6월 26일 17시,화요일,경상남도 김해시 어방동,경상사고,0,0,1,0,차대차 - 측면직각충돌,교차로운행방법위반,건조,맑음,교차로 - 교차로안,화물,남,46세,상해없음,승용,남,56세,경상
2012062600100409,2012년 6월 26일 17시,화요일,경상남도 양산시 신기동,경상사고,0,0,2,0,차대차 - 기타,교차로운행방법위반,건조,맑음,교차로 - 교차로부근,건설기계,남,51세,경상,승용,남,44세,경상
2012062600100481,2012년 6월 26일 19시,화요일,경상남도 진주시 옥봉동,중상사고,0,1,0,0,차대차 - 추돌 - 주정차중,안전운전불이행,건조,맑음,단일로 - 기타,화물,여,48세,상해없음,승용,남,61세,상해없음
2012062600100482,2012년 6월 26일 19시,화요일,경상남도 고성군 동해면,사망사고,1,0,0,0,차량단독 - 도로외이탈 - 추락,안전운전불이행,건조,맑음,단일로 - 기타,승용,남,51세,사망,,,,
2012062600100507,2012년 6월 26일 20시,화요일,경상남도 진주시 상대동,경상사고,0,0,2,0,차대차 - 측면직각충돌,신호위반,건조,맑음,교차로 - 교차로안,승용,남,62세,상해없음,승용,남,29세,경상
2012062600100508,2012년 6월 26일 20시,화요일,경상남도 창원시 의창구 신월동,중상사고,0,1,0,0,차대사람 - 길가장자리구역통행중,안전운전불이행,건조,맑음,단일로 - 기타,승용,기타불명,기타불명,기타불명,보행자,남,14세,중상
2012062600100535,2012년 6월 26일 21시,화요일,경상남도 창녕군 남지읍,경상사고,0,0,1,0,차대사람 - 기타,안전운전불이행,건조,맑음,교차로 - 교차로부근,승용,남,40세,상해없음,보행자,여,27세,경상
2012062600100575,2012년 6월 26일 22시,화요일,경상남도 양산시 하북면,중상사고,0,1,0,0,차량단독 - 공작물충돌,안전운전불이행,습기,비,단일로 - 기타,화물,남,41세,중상,,,,
2012062700100083,2012년 6월 27일 04시,수요일,경상남도 밀양시 삼문동,경상사고,0,0,1,0,차대차 - 측면직각충돌,교차로운행방법위반,건조,맑음,교차로 - 교차로안,승용,남,39세,상해없음,이륜,남,65세,경상
2012062700100097,2012년 6월 27일 05시,수요일,경상남도 사천시 죽림동,경상사고,0,0,1,0,차대차 - 기타,안전운전불이행,건조,흐림,교차로 - 교차로부근,원동기,남,57세,경상,화물,남,20세,상해없음
2012062700100100,2012년 6월 27일 06시,수요일,경상남도 통영시 용남면,중상사고,0,1,0,0,차대차 - 정면충돌,중앙선침범,건조,맑음,단일로 - 기타,승용,남,29세,상해없음,승용,여,30세,중상
2012062700100101,2012년 6월 27일 06시,수요일,경상남도 통영시 광도면,중상사고,0,1,0,0,차대차 - 측면직각충돌,중앙선침범,건조,맑음,단일로 - 기타,화물,남,47세,상해없음,승용,남,41세,중상
2012062700100102,2012년 6월 27일 06시,수요일,경상남도 양산시 덕계동,중상사고,0,1,0,0,차대차 - 기타,교차로운행방법위반,습기,비,교차로 - 교차로안,승용,남,41세,상해없음,승용,남,66세,중상
2012062700100103,2012년 6월 27일 06시,수요일,경상남도 거제시 장승포동,중상사고,0,1,3,0,차대차 - 추돌 - 진행중,안전거리미확보,건조,흐림,단일로 - 횡단보도부근,승용,남,46세,경상,승용,여,40세,상해없음
2012062700100131,2012년 6월 27일 07시,수요일,경상남도 김해시 안동,경상사고,0,0,2,0,차대차 - 측면직각충돌,교차로운행방법위반,건조,맑음,교차로 - 교차로안,승용,남,62세,경상,화물,남,36세,경상
2012062700100170,2012년 6월 27일 08시,수요일,경상남도 창원시 마산합포구 문화동,경상사고,0,0,1,0,차대차 - 측면직각충돌,교차로운행방법위반,건조,맑음,교차로 - 교차로안,승용,남,19세,상해없음,화물,남,51세,상해없음
2012062700100205,2012년 6월 27일 09시,수요일,경상남도 창원시 진해구 석동,경상사고,0,0,1,0,차대차 - 측면직각충돌,안전운전불이행,건조,맑음,단일로 - 기타,기타불명,기타불명,기타불명,기타불명,승용,여,54세,경상
2012062700100206,2012년 6월 27일 09시,수요일,경상남도 김해시 어방동,경상사고,0,0,2,0,차대차 - 측면직각충돌,중앙선침범,건조,흐림,교차로 - 교차로안,승용,여,54세,상해없음,승용,남,36세,경상
2012062700100243,2012년 6월 27일 10시,수요일,경상남도 진주시 호탄동,중상사고,0,1,0,0,차대사람 - 횡단중,신호위반,건조,맑음,단일로 - 횡단보도상,승용,여,37세,상해없음,보행자,남,52세,중상
2012062700100244,2012년 6월 27일 10시,수요일,경상남도 사천시 사남면,중상사고,0,1,0,0,차대차 - 추돌 - 진행중,안전운전불이행,건조,맑음,단일로 - 기타,화물,남,27세,상해없음,자전거,남,77세,중상
2012062700100245,2012년 6월 27일 10시,수요일,경상남도 창원시 의창구 사림동,중상사고,0,2,0,0,차대차 - 추돌 - 주정차중,안전운전불이행,건조,맑음,기타 - 기타,승용,남,26세,상해없음,승용,남,46세,중상
2012062700100268,2012년 6월 27일 11시,수요일,경상남도 통영시 광도면,경상사고,0,0,1,0,차대사람 - 횡단중,보행자보호의무위반,건조,맑음,단일로 - 기타,승합,남,48세,상해없음,보행자,여,55세,경상
2012062700100269,2012년 6월 27일 11시,수요일,경상남도 양산시 원동면,중상사고,0,1,0,0,차대차 - 측면직각충돌,중앙선침범,건조,맑음,단일로 - 기타,이륜,남,60세,상해없음,승용,남,71세,중상
2012062700100282,2012년 6월 27일 12시,수요일,경상남도 김해시 장유면,중상사고,0,1,0,0,차대차 - 기타,안전운전불이행,건조,맑음,교차로 - 교차로안,승용,남,36세,상해없음,승합,남,41세,상해없음
2012062700100305,2012년 6월 27일 13시,수요일,경상남도 김해시 삼방동,중상사고,0,2,0,0,차대차 - 정면충돌,안전운전불이행,건조,맑음,단일로 - 기타,이륜,남,16세,중상,승용,남,48세,상해없음
2012062700100306,2012년 6월 27일 13시,수요일,경상남도 창녕군 길곡면,중상사고,0,1,0,0,차대차 - 기타,교차로운행방법위반,건조,맑음,교차로 - 교차로안,화물,남,52세,상해없음,화물,남,53세,중상
2012062700100381,2012년 6월 27일 15시,수요일,경상남도 통영시 중앙동,중상사고,0,1,0,0,차대사람 - 차도통행중,안전운전불이행,건조,맑음,단일로 - 기타,승용,여,22세,상해없음,보행자,여,45세,중상
2012062700100382,2012년 6월 27일 15시,수요일,경상남도 사천시 정동면,부상신고사고,0,0,0,1,차대차 - 추돌 - 진행중,안전운전불이행,건조,맑음,단일로 - 기타,자전거,남,13세,부상신고,승합,여,42세,상해없음
2012062700100419,2012년 6월 27일 16시,수요일,경상남도 사천시 사남면,중상사고,0,1,0,0,차대차 - 측면직각충돌,교차로운행방법위반,건조,맑음,교차로 - 교차로안,승용,여,47세,상해없음,자전거,남,55세,중상
2012062700100420,2012년 6월 27일 16시,수요일,경상남도 김해시 서상동,중상사고,0,1,0,0,차대사람 - 길가장자리구역통행중,안전운전불이행,건조,맑음,교차로 - 교차로부근,승용,남,73세,상해없음,보행자,여,69세,중상
2012062700100489,2012년 6월 27일 18시,수요일,경상남도 김해시 내동,중상사고,0,1,0,0,차대사람 - 기타,보행자보호의무위반,건조,맑음,단일로 - 횡단보도상,원동기,남,39세,상해없음,보행자,남,12세,중상
2012062700100490,2012년 6월 27일 18시,수요일,경상남도 거제시 아주동,경상사고,0,0,1,0,차대사람 - 기타,안전운전불이행,건조,맑음,교차로 - 교차로안,승용,여,42세,상해없음,보행자,여,67세,경상
2012062700100523,2012년 6월 27일 19시,수요일,경상남도 사천시 곤명면,중상사고,0,1,0,0,차대차 - 추돌 - 진행중,안전운전불이행,건조,맑음,단일로 - 기타,화물,남,44세,상해없음,승용,남,30세,중상
2012062700100524,2012년 6월 27일 19시,수요일,경상남도 김해시 어방동,경상사고,0,0,1,0,차대사람 - 횡단중,신호위반,건조,맑음,단일로 - 횡단보도상,원동기,남,16세,상해없음,보행자,여,22세,경상
2012062700100525,2012년 6월 27일 19시,수요일,경상남도 양산시 신기동,중상사고,0,1,0,0,차대사람 - 횡단중,안전운전불이행,건조,맑음,교차로 - 교차로안,승용,남,49세,상해없음,보행자,여,56세,중상
2012062700100526,2012년 6월 27일 19시,수요일,경상남도 함안군 산인면,경상사고,0,0,1,0,차대차 - 측면직각충돌,안전거리미확보,건조,맑음,교차로 - 교차로부근,승용,남,45세,상해없음,승용,남,19세,경상
2012062700100566,2012년 6월 27일 20시,수요일,경상남도 사천시 향촌동,중상사고,0,1,0,0,차대사람 - 기타,안전운전불이행,건조,맑음,단일로 - 기타,승용,여,43세,상해없음,보행자,남,40세,중상
2012062700100567,2012년 6월 27일 20시,수요일,경상남도 거제시 능포동,경상사고,0,0,3,0,차대차 - 기타,안전운전불이행,건조,맑음,교차로 - 교차로부근,승용,남,48세,상해없음,승용,여,32세,경상
2012062700100568,2012년 6월 27일 20시,수요일,경상남도 함안군 가야읍,중상사고,0,2,1,0,차대차 - 측면직각충돌,교차로운행방법위반,건조,맑음,교차로 - 교차로안,승용,남,30세,상해없음,승용,남,29세,중상
2012062700100569,2012년 6월 27일 20시,수요일,경상남도 김해시 진례면,경상사고,0,0,2,0,차대차 - 추돌 - 주정차중,안전운전불이행,건조,맑음,교차로 - 교차로부근,승용,남,39세,상해없음,승용,남,50세,경상
2012062700100570,2012년 6월 27일 20시,수요일,경상남도 김해시 진영읍,경상사고,0,0,1,0,차대사람 - 횡단중,안전운전불이행,건조,맑음,단일로 - 기타,승용,여,26세,상해없음,보행자,남,17세,경상
2012062700100600,2012년 6월 27일 21시,수요일,경상남도 통영시 봉평동,경상사고,0,0,1,0,차대차 - 추돌 - 주정차중,안전운전불이행,건조,맑음,단일로 - 기타,승용,남,52세,상해없음,승용,남,31세,기타불명
2012062700100601,2012년 6월 27일 21시,수요일,경상남도 창녕군 남지읍,중상사고,0,2,12,0,차대차 - 측면직각충돌,교차로운행방법위반,건조,맑음,교차로 - 교차로안,승용,여,51세,경상,승합,남,48세,경상
2012062700100602,2012년 6월 27일 21시,수요일,경상남도 김해시 흥동,경상사고,0,0,1,0,차대사람 - 차도통행중,교차로운행방법위반,건조,맑음,교차로 - 교차로안,승용,여,55세,상해없음,보행자,남,49세,경상
2012062700100632,2012년 6월 27일 22시,수요일,경상남도 통영시 정량동,경상사고,0,0,1,0,차량단독 - 기타,안전운전불이행,건조,맑음,교차로 - 교차로부근,승용,남,59세,상해없음,,,,
2012062700100633,2012년 6월 27일 22시,수요일,경상남도 김해시 진영읍,경상사고,0,0,1,0,차대차 - 측면직각충돌,안전운전불이행,건조,흐림,교차로 - 교차로안,승용,남,32세,상해없음,승용,남,42세,경상
2012062700100663,2012년 6월 27일 23시,수요일,경상남도 김해시 삼계동,중상사고,0,3,0,0,차대차 - 측면직각충돌,신호위반,건조,흐림,교차로 - 교차로안,승용,여,49세,상해없음,승용,여,52세,중상
2012062800100020,2012년 6월 28일 00시,목요일,경상남도 창원시 의창구 사림동,경상사고,0,0,2,0,차대차 - 추돌 - 진행중,안전운전불이행,건조,맑음,교차로 - 교차로부근,승용,남,26세,상해없음,승용,여,47세,경상
2012062800100038,2012년 6월 28일 01시,목요일,경상남도 진주시 금산면,사망사고,1,0,0,0,차량단독 - 공작물충돌,중앙선침범,건조,맑음,단일로 - 기타,승용,남,30세,사망,,,,
2012062800100052,2012년 6월 28일 02시,목요일,경상남도 창원시 마산회원구 봉암동,중상사고,0,2,1,0,차대차 - 측면직각충돌,안전운전불이행,건조,맑음,단일로 - 기타,화물,남,43세,상해없음,승용,남,55세,경상
2012062800100076,2012년 6월 28일 05시,목요일,경상남도 창원시 진해구 태평동,경상사고,0,0,1,0,차대차 - 기타,교차로운행방법위반,건조,맑음,교차로 - 교차로안,승용,남,45세,상해없음,자전거,남,22세,경상
2012062800100169,2012년 6월 28일 08시,목요일,경상남도 창원시 마산합포구 교방동,중상사고,0,1,0,0,차대차 - 측면직각충돌,신호위반,건조,맑음,교차로 - 교차로안,승용,여,65세,상해없음,승용,남,43세,중상
2012062800100170,2012년 6월 28일 08시,목요일,경상남도 창원시 마산합포구 진동면,중상사고,0,1,0,0,차대사람 - 기타,안전운전불이행,건조,맑음,단일로 - 기타,승용,여,57세,상해없음,보행자,여,54세,중상
2012062800100171,2012년 6월 28일 08시,목요일,경상남도 창원시 진해구 용원동,중상사고,0,1,1,0,차대차 - 기타,교차로운행방법위반,건조,맑음,교차로 - 교차로안,원동기,남,41세,중상,승용,여,39세,경상
2012062800100172,2012년 6월 28일 08시,목요일,경상남도 창원시 성산구 성주동,중상사고,0,1,0,0,차대차 - 측면직각충돌,신호위반,건조,맑음,교차로 - 교차로안,승용,여,39세,상해없음,승용,남,33세,중상
2012062800100206,2012년 6월 28일 09시,목요일,경상남도 양산시 물금읍,중상사고,0,2,0,0,차대차 - 측면직각충돌,직진우회전진행방해,건조,맑음,교차로 - 교차로안,승용,남,59세,상해없음,승용,남,63세,중상
2012062800100232,2012년 6월 28일 10시,목요일,경상남도 창원시 마산합포구 상남동,사망사고,1,0,0,0,차대사람 - 횡단중,안전운전불이행,건조,맑음,단일로 - 횡단보도부근,승용,남,65세,상해없음,보행자,여,80세,사망
2012062800100233,2012년 6월 28일 10시,목요일,경상남도 사천시 곤양면,중상사고,0,1,0,0,차대차 - 기타,안전운전불이행,건조,맑음,단일로 - 기타,승용,여,53세,상해없음,이륜,여,62세,중상
2012062800100259,2012년 6월 28일 11시,목요일,경상남도 양산시 유산동,경상사고,0,0,1,1,차대차 - 추돌 - 진행중,안전운전불이행,건조,맑음,단일로 - 기타,승용,남,76세,부상신고,화물,남,44세,상해없음
2012062800100260,2012년 6월 28일 11시,목요일,경상남도 양산시 물금읍,경상사고,0,0,2,0,차대차 - 측면직각충돌,중앙선침범,건조,맑음,교차로 - 교차로부근,승용,남,72세,상해없음,승용,여,30세,경상
2012062800100281,2012년 6월 28일 12시,목요일,경상남도 합천군 용주면,경상사고,0,0,1,0,차량단독 - 기타,안전운전불이행,건조,맑음,단일로 - 기타,승합,남,60세,상해없음,,,,
2012062800100282,2012년 6월 28일 12시,목요일,경상남도 고성군 거류면,중상사고,0,2,2,0,차대차 - 추돌 - 진행중,직진우회전진행방해,건조,맑음,교차로 - 교차로안,승합,남,62세,상해없음,승용,여,42세,경상
2012062800100283,2012년 6월 28일 12시,목요일,경상남도 산청군 산청읍,중상사고,0,2,0,0,차량단독 - 공작물충돌,안전운전불이행,건조,맑음,단일로 - 기타,승용,여,33세,중상,,,,
2012062800100307,2012년 6월 28일 13시,목요일,경상남도 김해시 장유면,중상사고,0,1,0,0,차대차 - 측면직각충돌,안전운전불이행,건조,맑음,교차로 - 교차로안,승용,남,69세,상해없음,이륜,여,48세,중상
2012062800100330,2012년 6월 28일 14시,목요일,경상남도 창원시 마산합포구 중앙동3가,중상사고,0,2,0,0,차대사람 - 횡단중,신호위반,건조,맑음,단일로 - 기타,승용,남,56세,상해없음,보행자,여,25세,중상
2012062800100357,2012년 6월 28일 15시,목요일,경상남도 김해시 구산동,경상사고,0,0,2,0,차대차 - 정면충돌,중앙선침범,건조,맑음,단일로 - 기타,승용,남,61세,상해없음,승용,남,19세,경상
2012062800100358,2012년 6월 28일 15시,목요일,경상남도 김해시 구산동,중상사고,0,1,1,0,차대차 - 추돌 - 주정차중,안전운전불이행,건조,맑음,단일로 - 기타,화물,남,27세,상해없음,승용,남,38세,상해없음
2012062800100406,2012년 6월 28일 17시,목요일,경상남도 창원시 마산합포구 해운동,중상사고,0,1,0,0,차대사람 - 횡단중,안전운전불이행,건조,맑음,교차로 - 교차로안,승용,남,61세,상해없음,보행자,여,85세,중상
2012062800100407,2012년 6월 28일 17시,목요일,경상남도 창원시 진해구 석동,경상사고,0,0,1,0,차대차 - 추돌 - 진행중,안전거리미확보,건조,맑음,교차로 - 교차로부근,화물,남,36세,상해없음,승용,여,45세,경상
2012062800100408,2012년 6월 28일 17시,목요일,경상남도 거제시 동부면,중상사고,0,1,0,0,차대차 - 기타,안전운전불이행,건조,맑음,교차로 - 교차로안,화물,남,56세,상해없음,승용,여,53세,중상
2012062800100436,2012년 6월 28일 18시,목요일,경상남도 산청군 단성면,중상사고,0,1,0,0,차대차 - 측면직각충돌,안전운전불이행,건조,맑음,교차로 - 교차로안,승용,남,53세,상해없음,원동기,여,66세,중상
2012062800100463,2012년 6월 28일 19시,목요일,경상남도 창원시 마산합포구 서성동,부상신고사고,0,0,0,1,차대차 - 측면직각충돌,중앙선침범,건조,맑음,단일로 - 기타,자전거,남,51세,부상신고,승용,여,50세,상해없음
2012062800100464,2012년 6월 28일 19시,목요일,경상남도 창원시 성산구 반림동,경상사고,0,0,1,0,차대차 - 측면직각충돌,교차로운행방법위반,건조,흐림,교차로 - 교차로안,승용,여,32세,상해없음,승용,여,29세,경상
2012062800100497,2012년 6월 28일 20시,목요일,경상남도 사천시 정동면,중상사고,0,1,0,0,차대차 - 기타,안전운전불이행,건조,맑음,교차로 - 교차로부근,화물,남,52세,상해없음,자전거,남,66세,중상
2012062800100498,2012년 6월 28일 20시,목요일,경상남도 창원시 의창구 팔용동,중상사고,0,1,0,0,차대사람 - 기타,보행자보호의무위반,건조,맑음,단일로 - 횡단보도상,승용,여,42세,상해없음,보행자,여,51세,중상
2012062800100499,2012년 6월 28일 20시,목요일,경상남도 창원시 의창구 동정동,중상사고,0,1,0,0,차대사람 - 기타,안전운전불이행,건조,맑음,교차로 - 교차로부근,승합,남,53세,기타불명,보행자,여,13세,중상
2012062800100566,2012년 6월 28일 22시,목요일,경상남도 진주시 상대동,중상사고,0,1,1,0,차량단독 - 기타,안전운전불이행,건조,맑음,단일로 - 기타,승합,남,43세,상해없음,,,,
2012062800100567,2012년 6월 28일 22시,목요일,경상남도 창녕군 남지읍,중상사고,0,1,0,0,차대사람 - 기타,안전운전불이행,건조,맑음,단일로 - 기타,화물,남,26세,상해없음,보행자,남,55세,중상
2012062900100023,2012년 6월 29일 00시,금요일,경상남도 창원시 마산합포구 해운동,중상사고,0,1,0,0,차대차 - 추돌 - 주정차중,안전운전불이행,건조,맑음,단일로 - 기타,승용,남,26세,기타불명,승용,남,29세,상해없음
2012062900100050,2012년 6월 29일 01시,금요일,경상남도 창원시 마산합포구 상남동,경상사고,0,0,1,0,차대차 - 기타,교차로운행방법위반,건조,맑음,교차로 - 교차로안,승용,여,31세,상해없음,승용,남,60세,상해없음
2012062900100051,2012년 6월 29일 01시,금요일,경상남도 통영시 태평동,중상사고,0,1,0,0,차대차 - 측면직각충돌,안전운전불이행,건조,맑음,교차로 - 교차로안,승용,남,53세,상해없음,이륜,남,63세,중상
2012062900100106,2012년 6월 29일 05시,금요일,경상남도 창원시 의창구 팔용동,중상사고,0,1,1,0,차대차 - 추돌 - 주정차중,안전운전불이행,건조,맑음,교차로 - 교차로부근,승용,남,29세,기타불명,승용,남,48세,경상
2012062900100117,2012년 6월 29일 06시,금요일,경상남도 김해시 장유면,경상사고,0,0,1,0,차대차 - 측면직각충돌,중앙선침범,건조,맑음,교차로 - 교차로부근,화물,남,21세,상해없음,승용,남,33세,경상
2012062900100140,2012년 6월 29일 07시,금요일,경상남도 밀양시 무안면,경상사고,0,0,1,0,차대사람 - 기타,안전운전불이행,건조,맑음,교차로 - 교차로부근,화물,남,62세,상해없음,보행자,여,70세,경상
2012062900100141,2012년 6월 29일 07시,금요일,경상남도 거제시 고현동,중상사고,0,2,0,0,차대차 - 기타,안전운전불이행,건조,맑음,교차로 - 교차로부근,승용,남,38세,중상,승용,남,71세,상해없음
2012062900100172,2012년 6월 29일 08시,금요일,경상남도 양산시 신기동,경상사고,0,0,2,0,차량단독 - 공작물충돌,안전운전불이행,건조,맑음,단일로 - 기타,승용,남,67세,경상,,,,
2012062900100210,2012년 6월 29일 09시,금요일,경상남도 통영시 정량동,중상사고,0,1,0,0,차대사람 - 기타,안전운전불이행,건조,맑음,단일로 - 기타,승용,여,21세,상해없음,보행자,여,69세,중상
2012062900100211,2012년 6월 29일 09시,금요일,경상남도 사천시 대방동,중상사고,0,1,2,0,차대차 - 측면직각충돌,교차로운행방법위반,건조,맑음,교차로 - 교차로안,승용,여,50세,상해없음,승용,남,48세,경상
2012062900100237,2012년 6월 29일 10시,금요일,경상남도 창원시 의창구 도계동,경상사고,0,0,1,0,차대차 - 기타,안전운전불이행,건조,맑음,기타 - 기타,승용,여,41세,상해없음,승용,남,55세,경상
2012062900100265,2012년 6월 29일 11시,금요일,경상남도 김해시 부원동,중상사고,0,1,0,0,차대차 - 측면직각충돌,안전운전불이행,건조,흐림,단일로 - 기타,원동기,남,31세,상해없음,자전거,여,76세,중상
2012062900100266,2012년 6월 29일 11시,금요일,경상남도 창원시 마산회원구 구암동,경상사고,0,0,1,0,차대차 - 측면직각충돌,안전운전불이행,건조,맑음,교차로 - 교차로안,승용,여,57세,상해없음,이륜,남,56세,경상
2012062900100267,2012년 6월 29일 11시,금요일,경상남도 창원시 의창구 명서동,중상사고,0,1,0,0,차대차 - 기타,중앙선침범,건조,흐림,단일로 - 기타,승용,여,58세,상해없음,승용,남,26세,상해없음
2012062900100292,2012년 6월 29일 12시,금요일,경상남도 통영시 무전동,경상사고,0,0,1,0,차대사람 - 차도통행중,안전운전불이행,건조,맑음,단일로 - 기타,승용,여,42세,상해없음,보행자,남,37세,경상
2012062900100293,2012년 6월 29일 12시,금요일,경상남도 창원시 의창구 북면,부상신고사고,0,0,0,1,차대차 - 기타,안전운전불이행,건조,맑음,단일로 - 기타,화물,남,51세,상해없음,화물,남,54세,부상신고
2012062900100319,2012년 6월 29일 13시,금요일,경상남도 진주시 동성동,경상사고,0,0,1,0,차대차 - 측면직각충돌,안전운전불이행,건조,맑음,교차로 - 교차로안,승용,여,47세,상해없음,원동기,남,51세,경상
2012062900100320,2012년 6월 29일 13시,금요일,경상남도 밀양시 내일동,경상사고,0,0,2,0,차대차 - 측면직각충돌,안전운전불이행,건조,맑음,교차로 - 교차로안,승용,남,54세,상해없음,화물,남,50세,경상
2012062900100321,2012년 6월 29일 13시,금요일,경상남도 창원시 성산구 신촌동,중상사고,0,1,0,0,차대차 - 기타,교차로운행방법위반,건조,맑음,교차로 - 교차로안,승용,남,26세,상해없음,승용,남,28세,중상
2012062900100352,2012년 6월 29일 14시,금요일,경상남도 사천시 동금동,경상사고,0,0,1,0,차대사람 - 차도통행중,안전운전불이행,건조,맑음,교차로 - 교차로안,원동기,남,57세,상해없음,보행자,남,70세,경상
2012062900100353,2012년 6월 29일 14시,금요일,경상남도 김해시 동상동,경상사고,0,0,1,0,차대차 - 측면직각충돌,교차로운행방법위반,건조,맑음,교차로 - 교차로안,승용,여,52세,상해없음,승용,남,59세,경상
2012062900100354,2012년 6월 29일 14시,금요일,경상남도 거제시 장승포동,중상사고,0,1,0,0,차대사람 - 기타,안전운전불이행,건조,맑음,단일로 - 기타,승용,남,39세,상해없음,보행자,남,47세,중상
2012062900100385,2012년 6월 29일 15시,금요일,경상남도 진주시 상봉동,중상사고,0,1,0,0,차량단독 - 기타,안전운전불이행,건조,맑음,단일로 - 기타,승합,남,46세,상해없음,,,,
2012062900100386,2012년 6월 29일 15시,금요일,경상남도 합천군 적중면,중상사고,0,1,0,0,차대차 - 기타,중앙선침범,건조,맑음,단일로 - 기타,화물,남,52세,상해없음,화물,남,56세,중상
2012062900100387,2012년 6월 29일 15시,금요일,경상남도 창원시 마산회원구 내서읍,중상사고,0,1,0,0,차대사람 - 횡단중,안전운전불이행,건조,맑음,단일로 - 기타,화물,남,52세,상해없음,보행자,여,41세,중상
2012062900100429,2012년 6월 29일 16시,금요일,경상남도 거제시 장평동,중상사고,0,2,0,0,차대차 - 기타,안전운전불이행,건조,맑음,교차로 - 교차로안,승용,여,41세,중상,승용,남,26세,중상
2012062900100455,2012년 6월 29일 17시,금요일,경상남도 합천군 초계면,경상사고,0,0,1,0,차대차 - 측면직각충돌,안전운전불이행,건조,맑음,단일로 - 기타,원동기,남,17세,경상,화물,남,46세,상해없음
2012062900100456,2012년 6월 29일 17시,금요일,경상남도 거제시 장평동,중상사고,0,1,0,0,차대사람 - 기타,신호위반,습기,흐림,교차로 - 교차로안,승용,여,24세,상해없음,보행자,여,12세,중상
2012062900100457,2012년 6월 29일 17시,금요일,경상남도 함안군 칠원면,경상사고,0,0,1,0,차대차 - 측면직각충돌,안전운전불이행,건조,맑음,단일로 - 기타,승용,여,31세,상해없음,이륜,남,77세,경상
2012062900100458,2012년 6월 29일 17시,금요일,경상남도 창원시 성산구 신촌동,중상사고,0,1,0,0,차대차 - 기타,안전운전불이행,건조,맑음,단일로 - 기타,특수,남,30세,상해없음,원동기,남,47세,중상
2012062900100502,2012년 6월 29일 18시,금요일,경상남도 창원시 마산합포구 중앙동3가,중상사고,0,1,0,0,차대차 - 측면직각충돌,신호위반,건조,맑음,교차로 - 교차로부근,승용,여,52세,상해없음,승용,남,54세,중상
2012062900100503,2012년 6월 29일 18시,금요일,경상남도 밀양시 삼문동,경상사고,0,0,1,0,차대차 - 측면직각충돌,중앙선침범,건조,맑음,단일로 - 기타,승용,남,39세,상해없음,승용,남,47세,경상
2012062900100504,2012년 6월 29일 18시,금요일,경상남도 거제시 고현동,중상사고,0,1,0,0,차대차 - 기타,안전운전불이행,건조,맑음,교차로 - 교차로부근,승용,여,33세,상해없음,자전거,남,50세,중상
2012062900100505,2012년 6월 29일 18시,금요일,경상남도 창원시 의창구 명서동,중상사고,0,1,0,0,차대차 - 기타,신호위반,습기,흐림,단일로 - 횡단보도상,승용,여,54세,상해없음,원동기,남,44세,중상
2012062900100543,2012년 6월 29일 19시,금요일,경상남도 창원시 마산합포구 해운동,경상사고,0,0,2,0,차대차 - 측면직각충돌,교차로운행방법위반,건조,맑음,교차로 - 교차로안,승용,여,25세,경상,승용,남,29세,경상
2012062900100544,2012년 6월 29일 19시,금요일,경상남도 창원시 진해구 이동,경상사고,0,0,1,0,차대차 - 기타,안전운전불이행,건조,맑음,교차로 - 교차로안,승용,남,56세,상해없음,자전거,남,8세,경상
2012062900100545,2012년 6월 29일 19시,금요일,경상남도 거제시 장승포동,중상사고,0,1,0,0,차대차 - 기타,중앙선침범,건조,맑음,단일로 - 기타,이륜,남,53세,중상,승용,남,35세,상해없음
2012062900100583,2012년 6월 29일 20시,금요일,경상남도 함양군 서상면,경상사고,0,0,3,0,차대차 - 추돌 - 진행중,안전운전불이행,습기,비,단일로 - 기타,승합,남,51세,상해없음,승용,남,39세,경상
2012062900100591,2012년 6월 29일 20시,금요일,경상남도 거제시 동부면,경상사고,0,0,1,0,차대차 - 기타,안전운전불이행,건조,맑음,단일로 - 기타,승용,남,65세,상해없음,승합,남,28세,경상
2012062900100592,2012년 6월 29일 20시,금요일,경상남도 창원시 성산구 웅남동,중상사고,0,1,0,0,차대차 - 기타,안전운전불이행,건조,맑음,교차로 - 교차로안,승용,남,47세,상해없음,자전거,남,46세,중상
2012062900100593,2012년 6월 29일 20시,금요일,경상남도 창원시 성산구 신촌동,중상사고,0,1,0,0,차대사람 - 기타,보행자보호의무위반,건조,맑음,단일로 - 기타,승합,남,46세,상해없음,보행자,여,10세,중상