사고번호,사고일시,요일,시군구,사고내용,사망자수,중상자수,경상자수,부상신고자수,사고유형,법규위반,노면상태,기상상태,도로형태,가해운전자 차종,가해운전자 성별,가해운전자 연령,가해운전자 상해정도,피해운전자 차종,피해운전자 성별,피해운전자 연령,피해운전자 상해정도
2012070200100262,2012년 7월 2일 13시,월요일,경상남도 고성군 삼산면,중상사고,0,2,3,0,차량단독 - 공작물충돌,안전운전불이행,건조,맑음,단일로 - 기타,승합,남,63세,상해없음,,,,
2012070200100294,2012년 7월 2일 14시,월요일,경상남도 창원시 마산합포구 추산동,중상사고,0,1,0,0,차대사람 - 횡단중,안전운전불이행,건조,맑음,교차로 - 교차로안,승용,남,53세,상해없음,보행자,여,74세,중상
2012070200100295,2012년 7월 2일 14시,월요일,경상남도 통영시 동호동,경상사고,0,0,1,0,차대차 - 추돌 - 진행중,안전운전불이행,건조,맑음,단일로 - 기타,승용,남,27세,경상,화물,남,47세,상해없음
2012070200100331,2012년 7월 2일 15시,월요일,경상남도 김해시 내동,경상사고,0,0,1,0,차대차 - 측면직각충돌,교차로운행방법위반,건조,맑음,단일로 - 횡단보도상,승용,남,54세,상해없음,자전거,남,11세,경상
2012070200100367,2012년 7월 2일 16시,월요일,경상남도 거창군 남하면,중상사고,0,1,3,0,차량단독 - 기타,안전운전불이행,건조,맑음,교차로 - 교차로안,승합,남,60세,상해없음,,,,
2012070200100368,2012년 7월 2일 16시,월요일,경상남도 양산시 중부동,사망사고,1,0,0,0,차대사람 - 기타,안전운전불이행,건조,맑음,단일로 - 기타,건설기계,남,47세,상해없음,보행자,남,12세,사망
2012070200100369,2012년 7월 2일 16시,월요일,경상남도 양산시 물금읍,중상사고,0,1,0,0,차대차 - 추돌 - 주정차중,안전운전불이행,건조,맑음,단일로 - 기타,승합,남,15세,상해없음,승용,남,43세,중상
2012070200100370,2012년 7월 2일 16시,월요일,경상남도 김해시 한림면,중상사고,0,1,3,0,차대차 - 추돌 - 주정차중,안전운전불이행,건조,맑음,단일로 - 기타,화물,남,31세,상해없음,화물,남,54세,경상
2012070200100371,2012년 7월 2일 16시,월요일,경상남도 김해시 주촌면,경상사고,0,0,1,0,차대차 - 추돌 - 진행중,중앙선침범,건조,맑음,단일로 - 기타,승합,남,63세,상해없음,화물,남,47세,경상
2012070200100408,2012년 7월 2일 17시,월요일,경상남도 김해시 삼정동,중상사고,0,1,0,0,차대차 - 측면직각충돌,교차로운행방법위반,건조,맑음,교차로 - 교차로안,승용,남,30세,상해없음,자전거,남,77세,중상
2012070200100409,2012년 7월 2일 17시,월요일,경상남도 고성군 하일면,중상사고,0,1,0,0,차량단독 - 공작물충돌,안전운전불이행,건조,맑음,단일로 - 기타,승합,여,33세,상해없음,,,,
2012070200100410,2012년 7월 2일 17시,월요일,경상남도 창원시 의창구 동읍,중상사고,0,1,0,0,차대사람 - 기타,안전운전불이행,건조,맑음,단일로 - 기타,승합,남,48세,상해없음,보행자,남,6세,중상
2012070200100446,2012년 7월 2일 18시,월요일,경상남도 진주시 신안동,경상사고,0,0,1,0,차대사람 - 기타,안전운전불이행,건조,맑음,교차로 - 교차로안,승용,기타불명,기타불명,기타불명,보행자,여,15세,경상
2012070200100447,2012년 7월 2일 18시,월요일,경상남도 양산시 원동면,중상사고,0,2,0,0,차대차 - 추돌 - 진행중,안전거리미확보,건조,맑음,단일로 - 기타,승용,남,31세,상해없음,화물,남,43세,중상
2012070200100479,2012년 7월 2일 19시,월요일,경상남도 창원시 진해구 여좌동,경상사고,0,0,1,0,차대사람 - 차도통행중,안전운전불이행,건조,맑음,단일로 - 기타,원동기,남,16세,상해없음,보행자,여,53세,경상
2012070200100480,2012년 7월 2일 19시,월요일,경상남도 창원시 진해구 태백동,사망사고,1,0,0,0,차대사람 - 기타,안전운전불이행,습기,흐림,단일로 - 교량,화물,남,21세,상해없음,보행자,여,89세,사망
2012070200100514,2012년 7월 2일 20시,월요일,경상남도 창원시 마산회원구 구암동,경상사고,0,0,2,0,차대차 - 측면직각충돌,안전운전불이행,건조,맑음,단일로 - 기타,승용,여,39세,상해없음,승용,남,25세,경상
2012070200100515,2012년 7월 2일 20시,월요일,경상남도 창원시 의창구 팔용동,경상사고,0,0,1,0,차대사람 - 기타,안전운전불이행,건조,맑음,교차로 - 교차로부근,화물,기타불명,기타불명,기타불명,보행자,남,31세,경상
2012070200100556,2012년 7월 2일 21시,월요일,경상남도 창원시 마산합포구 산호동,중상사고,0,1,0,0,차대사람 - 기타,보행자보호의무위반,건조,맑음,교차로 - 교차로부근,승용,여,38세,상해없음,보행자,남,37세,중상
2012070200100587,2012년 7월 2일 22시,월요일,경상남도 창원시 진해구 경화동,중상사고,0,1,0,0,차대차 - 측면직각충돌,신호위반,건조,맑음,교차로 - 교차로안,원동기,남,15세,상해없음,승용,여,44세,중상
2012070200100588,2012년 7월 2일 22시,월요일,경상남도 사천시 정동면,경상사고,0,0,1,0,차대사람 - 기타,안전운전불이행,습기,비,교차로 - 교차로안,승용,남,29세,기타불명,보행자,남,19세,경상
2012070200100612,2012년 7월 2일 23시,월요일,경상남도 거제시 양정동,경상사고,0,0,1,0,차대차 - 측면직각충돌,안전운전불이행,건조,맑음,단일로 - 기타,승용,남,54세,상해없음,자전거,남,41세,경상
2012070200100613,2012년 7월 2일 23시,월요일,경상남도 거제시 두모동,부상신고사고,0,0,0,1,차대사람 - 횡단중,안전운전불이행,건조,맑음,단일로 - 기타,승용,남,56세,상해없음,보행자,여,49세,부상신고
2012070200100614,2012년 7월 2일 23시,월요일,경상남도 창원시 성산구 성산동,중상사고,0,1,0,0,차대차 - 측면직각충돌,신호위반,건조,맑음,교차로 - 교차로안,승용,남,22세,상해없음,승용,남,44세,중상
2012070200100615,2012년 7월 2일 23시,월요일,경상남도 창원시 의창구 동읍,중상사고,0,1,0,0,차대사람 - 기타,안전운전불이행,건조,흐림,단일로 - 기타,특수,남,32세,상해없음,보행자,여,47세,중상
2012070300100010,2012년 7월 3일 00시,화요일,경상남도 사천시 사천읍,중상사고,0,1,0,0,차대차 - 기타,교차로운행방법위반,건조,흐림,교차로 - 교차로안,승용,남,32세,상해없음,원동기,남,43세,중상
2012070300100027,2012년 7월 3일 01시,화요일,경상남도 거제시 장평동,경상사고,0,0,2,1,차대차 - 측면직각충돌,신호위반,습기,비,교차로 - 교차로안,승용,남,27세,상해없음,승용,남,50세,부상신고
2012070300100076,2012년 7월 3일 06시,화요일,경상남도 창원시 진해구 두동,중상사고,0,1,0,0,차량단독 - 공작물충돌,안전운전불이행,건조,흐림,단일로 - 기타,승용,남,30세,중상,,,,
2012070300100091,2012년 7월 3일 07시,화요일,경상남도 창원시 성산구 남양동,중상사고,0,1,0,0,차량단독 - 기타,기타,건조,맑음,단일로 - 기타,승합,남,38세,상해없음,,,,
2012070300100130,2012년 7월 3일 08시,화요일,경상남도 창원시 마산합포구 동성동,중상사고,0,1,0,0,차대차 - 측면직각충돌,교차로운행방법위반,건조,흐림,교차로 - 교차로안,승용,남,48세,상해없음,이륜,남,55세,중상
2012070300100162,2012년 7월 3일 09시,화요일,경상남도 합천군 합천읍,사망사고,1,0,0,0,차대차 - 기타,차로위반,건조,맑음,단일로 - 기타,이륜,남,71세,사망,승용,남,49세,상해없음
2012070300100163,2012년 7월 3일 09시,화요일,경상남도 창원시 성산구 상남동,중상사고,0,1,0,0,차대차 - 기타,안전거리미확보,기타,맑음,단일로 - 기타,승용,남,22세,상해없음,화물,남,19세,중상
2012070300100191,2012년 7월 3일 10시,화요일,경상남도 사천시 궁지동,중상사고,0,1,0,0,차대차 - 추돌 - 진행중,안전운전불이행,건조,맑음,단일로 - 기타,화물,남,48세,상해없음,기타불명,남,81세,중상
2012070300100192,2012년 7월 3일 10시,화요일,경상남도 함안군 칠원면,경상사고,0,0,1,0,차대차 - 측면직각충돌,안전거리미확보,건조,맑음,교차로 - 교차로부근,화물,남,31세,상해없음,승용,여,57세,경상
2012070300100216,2012년 7월 3일 11시,화요일,경상남도 사천시 서포면,경상사고,0,0,1,0,차대차 - 정면충돌,안전운전불이행,건조,맑음,단일로 - 기타,승용,여,46세,상해없음,승용,남,47세,경상
2012070300100247,2012년 7월 3일 12시,화요일,경상남도 김해시 부원동,중상사고,0,1,0,0,차대차 - 측면직각충돌,안전거리미확보,건조,맑음,단일로 - 기타,승용,남,41세,상해없음,승용,남,65세,중상
2012070300100310,2012년 7월 3일 14시,화요일,경상남도 통영시 광도면,경상사고,0,0,1,0,차대차 - 추돌 - 진행중,안전운전불이행,건조,맑음,교차로 - 교차로부근,승합,남,34세,상해없음,승용,여,33세,경상
2012070300100343,2012년 7월 3일 15시,화요일,경상남도 밀양시 산내면,경상사고,0,0,1,0,차대차 - 측면직각충돌,안전운전불이행,건조,맑음,교차로 - 교차로안,승용,남,41세,상해없음,화물,남,61세,경상
2012070300100344,2012년 7월 3일 15시,화요일,경상남도 창원시 의창구 봉곡동,중상사고,0,1,0,0,차대차 - 측면직각충돌,안전운전불이행,건조,맑음,단일로 - 기타,승용,남,49세,상해없음,이륜,남,20세,중상
2012070300100345,2012년 7월 3일 15시,화요일,경상남도 창원시 의창구 팔용동,경상사고,0,0,1,0,차대차 - 기타,안전운전불이행,건조,맑음,단일로 - 기타,승용,남,58세,상해없음,승합,남,52세,상해없음
2012070300100363,2012년 7월 3일 16시,화요일,경상남도 김해시 대동면,사망사고,1,0,0,0,차대차 - 측면직각충돌,안전운전불이행,건조,맑음,단일로 - 기타,승용,남,56세,사망,승용,여,29세,상해없음
2012070300100386,2012년 7월 3일 16시,화요일,경상남도 밀양시 상남면,경상사고,0,0,2,0,차대차 - 정면충돌,안전운전불이행,건조,맑음,단일로 - 기타,승용,여,36세,상해없음,승용,남,60세,경상
2012070300100387,2012년 7월 3일 16시,화요일,경상남도 의령군 궁류면,경상사고,0,0,3,0,차량단독 - 공작물충돌,안전운전불이행,건조,맑음,단일로 - 기타,승용,남,18세,상해없음,,,,
2012070300100388,2012년 7월 3일 16시,화요일,경상남도 창원시 의창구 봉곡동,경상사고,0,0,1,0,차대차 - 측면직각충돌,교차로운행방법위반,건조,맑음,교차로 - 교차로안,승용,여,43세,상해없음,이륜,남,49세,경상
2012070300100430,2012년 7월 3일 17시,화요일,경상남도 통영시 동호동,경상사고,0,0,1,0,차대사람 - 횡단중,안전운전불이행,건조,맑음,단일로 - 기타,화물,남,53세,상해없음,보행자,남,6세,경상
2012070300100461,2012년 7월 3일 18시,화요일,경상남도 창원시 진해구 용원동,경상사고,0,0,2,0,차대차 - 측면직각충돌,교차로운행방법위반,건조,맑음,교차로 - 교차로안,승용,남,23세,상해없음,승용,여,41세,경상
2012070300100462,2012년 7월 3일 18시,화요일,경상남도 사천시 벌리동,중상사고,0,1,0,0,차대차 - 정면충돌,교차로운행방법위반,건조,맑음,교차로 - 교차로안,승용,남,63세,상해없음,승용,여,54세,상해없음
2012070300100495,2012년 7월 3일 19시,화요일,경상남도 함안군 칠서면,경상사고,0,0,1,0,차량단독 - 공작물충돌,안전운전불이행,건조,맑음,단일로 - 기타,승용,남,44세,경상,,,,
2012070300100496,2012년 7월 3일 19시,화요일,경상남도 창원시 마산회원구 내서읍,경상사고,0,0,1,0,차대차 - 기타,안전운전불이행,건조,맑음,교차로 - 교차로부근,이륜,남,68세,경상,특수,남,52세,상해없음
2012070300100522,2012년 7월 3일 20시,화요일,경상남도 거창군 거창읍,경상사고,0,0,1,0,차대차 - 측면직각충돌,교차로운행방법위반,건조,맑음,교차로 - 교차로안,자전거,여,69세,경상,이륜,남,21세,상해없음
2012070300100523,2012년 7월 3일 20시,화요일,경상남도 남해군 창선면,경상사고,0,0,1,0,차량단독 - 도로외이탈 - 추락,안전운전불이행,기타,맑음,교차로 - 교차로부근,승용,남,45세,경상,,,,
2012070300100524,2012년 7월 3일 20시,화요일,경상남도 김해시 장유면,중상사고,0,2,0,0,차대차 - 측면직각충돌,교차로운행방법위반,건조,맑음,교차로 - 교차로안,원동기,남,51세,중상,이륜,남,25세,중상
2012070300100567,2012년 7월 3일 21시,화요일,경상남도 진주시 금곡면,사망사고,1,0,0,0,차대차 - 기타,안전운전불이행,건조,맑음,단일로 - 기타,화물,남,48세,사망,화물,남,44세,기타불명
2012070300100568,2012년 7월 3일 21시,화요일,경상남도 통영시 무전동,경상사고,0,0,1,0,차대차 - 정면충돌,중앙선침범,건조,맑음,단일로 - 기타,승용,남,31세,상해없음,원동기,남,17세,경상
2012070300100569,2012년 7월 3일 21시,화요일,경상남도 창원시 의창구 대원동,경상사고,0,0,1,0,차량단독 - 기타,안전운전불이행,기타,맑음,교차로 - 교차로안,승용,남,50세,상해없음,,,,
2012070300100601,2012년 7월 3일 22시,화요일,경상남도 함양군 함양읍,중상사고,0,1,0,0,차대차 - 정면충돌,중앙선침범,건조,맑음,단일로 - 기타,화물,남,39세,상해없음,승용,여,43세,상해없음
2012070300100602,2012년 7월 3일 22시,화요일,경상남도 김해시 진영읍,중상사고,0,1,1,0,차대차 - 측면직각충돌,신호위반,건조,맑음,교차로 - 교차로안,승용,남,53세,상해없음,화물,남,40세,경상
2012070300100603,2012년 7월 3일 22시,화요일,경상남도 김해시 진례면,중상사고,0,1,0,0,차대차 - 기타,중앙선침범,건조,맑음,단일로 - 기타,승용,남,53세,상해없음,승용,남,39세,중상
2012070400100050,2012년 7월 4일 03시,수요일,경상남도 창원시 의창구 동읍,중상사고,0,3,2,0,차대차 - 추돌 - 진행중,안전운전불이행,건조,맑음,단일로 - 기타,화물,남,51세,상해없음,화물,남,60세,경상
2012070400100059,2012년 7월 4일 04시,수요일,경상남도 창원시 진해구 여좌동,중상사고,0,1,0,0,차대사람 - 기타,안전운전불이행,건조,맑음,교차로 - 교차로안,승용,남,61세,상해없음,보행자,여,46세,중상
2012070400100071,2012년 7월 4일 06시,수요일,경상남도 창원시 의창구 동읍,사망사고,1,0,0,0,차량단독 - 전도전복,안전운전불이행,건조,맑음,단일로 - 기타,원동기,남,51세,사망,,,,
2012070400100087,2012년 7월 4일 07시,수요일,경상남도 사천시 서동,중상사고,0,1,0,0,차대사람 - 기타,안전운전불이행,건조,맑음,단일로 - 기타,승용,여,51세,상해없음,보행자,여,81세,중상
2012070400100088,2012년 7월 4일 07시,수요일,경상남도 김해시 어방동,중상사고,0,1,0,0,차대차 - 측면직각충돌,교차로운행방법위반,건조,맑음,단일로 - 기타,승용,남,33세,상해없음,화물,남,31세,중상
2012070400100116,2012년 7월 4일 08시,수요일,경상남도 거창군 거창읍,경상사고,0,0,1,0,차대차 - 기타,안전운전불이행,건조,맑음,교차로 - 교차로안,기타불명,기타불명,기타불명,기타불명,자전거,여,34세,경상
2012070400100117,2012년 7월 4일 08시,수요일,경상남도 창원시 성산구 중앙동,경상사고,0,0,1,0,차대차 - 추돌 - 주정차중,안전운전불이행,건조,맑음,교차로 - 교차로부근,승용,남,57세,상해없음,승용,남,52세,경상
2012070400100144,2012년 7월 4일 09시,수요일,경상남도 김해시 동상동,중상사고,0,1,0,0,차대사람 - 횡단중,신호위반,건조,맑음,단일로 - 횡단보도상,승합,남,52세,상해없음,보행자,남,6세,중상
2012070400100184,2012년 7월 4일 11시,수요일,경상남도 밀양시 부북면,사망사고,1,0,0,0,차대차 - 측면직각충돌,중앙선침범,건조,맑음,단일로 - 기타,이륜,남,72세,사망,승합,남,57세,상해없음
2012070400100185,2012년 7월 4일 11시,수요일,경상남도 함안군 칠북면,경상사고,0,0,4,0,차대차 - 측면직각충돌,직진우회전진행방해,건조,맑음,교차로 - 교차로안,화물,남,40세,상해없음,승용,남,55세,경상
2012070400100212,2012년 7월 4일 12시,수요일,경상남도 사천시 동금동,중상사고,0,2,3,0,차대차 - 기타,교차로운행방법위반,건조,맑음,교차로 - 교차로안,승용,남,51세,상해없음,승용,여,61세,경상
2012070400100213,2012년 7월 4일 12시,수요일,경상남도 사천시 서동,중상사고,0,1,0,0,차대차 - 기타,직진우회전진행방해,건조,맑음,교차로 - 교차로안,원동기,남,40세,중상,승용,남,48세,상해없음
2012070400100214,2012년 7월 4일 12시,수요일,경상남도 창원시 마산회원구 내서읍,중상사고,0,1,0,0,차대사람 - 횡단중,안전운전불이행,건조,맑음,교차로 - 교차로부근,승용,남,48세,상해없음,보행자,남,17세,중상
2012070400100234,2012년 7월 4일 13시,수요일,경상남도 창원시 마산합포구 진동면,경상사고,0,0,1,0,차대차 - 추돌 - 주정차중,안전운전불이행,건조,맑음,단일로 - 기타,승용,남,21세,상해없음,승용,남,49세,상해없음
2012070400100235,2012년 7월 4일 13시,수요일,경상남도 밀양시 삼문동,중상사고,0,1,0,0,차대차 - 추돌 - 진행중,안전운전불이행,건조,맑음,단일로 - 기타,승합,여,56세,상해없음,승용,남,64세,중상
2012070400100270,2012년 7월 4일 14시,수요일,경상남도 양산시 삼호동,경상사고,0,0,1,0,차대사람 - 기타,안전운전불이행,건조,맑음,단일로 - 기타,승용,남,28세,상해없음,보행자,남,29세,경상
2012070400100271,2012년 7월 4일 14시,수요일,경상남도 거제시 동부면,중상사고,0,1,0,0,차대사람 - 차도통행중,안전운전불이행,건조,맑음,단일로 - 기타,화물,남,53세,상해없음,보행자,남,7세,중상
2012070400100298,2012년 7월 4일 15시,수요일,경상남도 진주시 일반성면,중상사고,0,1,0,0,차대차 - 측면직각충돌,교차로운행방법위반,건조,맑음,교차로 - 교차로안,승용,남,45세,상해없음,이륜,남,73세,중상
2012070400100299,2012년 7월 4일 15시,수요일,경상남도 김해시 봉황동,중상사고,0,1,0,0,차대차 - 기타,교차로운행방법위반,건조,맑음,교차로 - 교차로안,승용,남,43세,상해없음,원동기,남,16세,중상
2012070400100300,2012년 7월 4일 15시,수요일,경상남도 합천군 합천읍,부상신고사고,0,0,0,1,차대차 - 측면직각충돌,안전거리미확보,건조,맑음,교차로 - 교차로부근,자전거,여,68세,부상신고,화물,남,35세,상해없음
2012070400100326,2012년 7월 4일 16시,수요일,경상남도 합천군 대병면,중상사고,0,1,0,0,차대사람 - 기타,안전운전불이행,건조,맑음,기타 - 기타,승용,여,33세,상해없음,보행자,여,85세,중상
2012070400100327,2012년 7월 4일 16시,수요일,경상남도 창원시 의창구 신월동,중상사고,0,1,0,0,차대차 - 추돌 - 주정차중,안전운전불이행,건조,맑음,교차로 - 교차로부근,승용,남,51세,상해없음,승용,여,36세,중상
2012070400100360,2012년 7월 4일 17시,수요일,경상남도 거제시 고현동,중상사고,0,1,0,0,차대차 - 측면직각충돌,안전운전불이행,건조,맑음,단일로 - 기타,승용,남,30세,상해없음,자전거,남,12세,중상
2012070400100361,2012년 7월 4일 17시,수요일,경상남도 남해군 고현면,사망사고,1,0,0,0,차대사람 - 기타,안전운전불이행,건조,맑음,단일로 - 기타,화물,남,61세,상해없음,보행자,여,84세,사망
2012070400100362,2012년 7월 4일 17시,수요일,경상남도 창원시 의창구 소계동,경상사고,0,0,1,0,차대차 - 추돌 - 주정차중,안전거리미확보,건조,흐림,교차로 - 교차로부근,승용,남,50세,상해없음,승용,남,54세,경상
2012070400100363,2012년 7월 4일 17시,수요일,경상남도 김해시 진영읍,중상사고,0,1,0,0,차대차 - 기타,교차로운행방법위반,습기,맑음,교차로 - 교차로안,승용,여,35세,중상,화물,남,55세,상해없음
2012070400100398,2012년 7월 4일 18시,수요일,경상남도 창원시 마산합포구 진동면,경상사고,0,0,1,0,차대차 - 기타,기타,건조,맑음,단일로 - 기타,화물,기타불명,기타불명,기타불명,승합,남,53세,경상
2012070400100399,2012년 7월 4일 18시,수요일,경상남도 진주시 가좌동,중상사고,0,1,0,0,차대사람 - 기타,신호위반,건조,맑음,교차로 - 교차로안,승용,남,71세,상해없음,보행자,남,21세,중상
2012070400100400,2012년 7월 4일 18시,수요일,경상남도 김해시 동상동,중상사고,0,1,0,0,차대차 - 추돌 - 주정차중,안전운전불이행,건조,맑음,교차로 - 교차로부근,승용,남,19세,상해없음,승용,남,50세,중상
2012070400100401,2012년 7월 4일 18시,수요일,경상남도 양산시 삼호동,중상사고,0,1,0,0,차대사람 - 기타,안전운전불이행,습기,비,단일로 - 기타,승용,남,53세,상해없음,보행자,남,53세,중상
2012070400100433,2012년 7월 4일 19시,수요일,경상남도 고성군 회화면,중상사고,0,1,1,0,차대차 - 추돌 - 진행중,안전거리미확보,건조,맑음,단일로 - 기타,승용,남,61세,상해없음,화물,남,35세,경상
2012070400100465,2012년 7월 4일 20시,수요일,경상남도 양산시 어곡동,경상사고,0,0,1,0,차대차 - 측면직각충돌,차로위반,건조,맑음,단일로 - 기타,승용,남,56세,상해없음,승용,남,31세,경상
2012070400100495,2012년 7월 4일 21시,수요일,경상남도 창원시 진해구 중평동,중상사고,0,1,2,0,차대차 - 측면직각충돌,중앙선침범,건조,맑음,교차로 - 교차로부근,승용,남,65세,경상,승용,남,52세,경상
2012070400100496,2012년 7월 4일 21시,수요일,경상남도 양산시 남부동,중상사고,0,1,0,0,차대차 - 기타,안전운전불이행,건조,맑음,교차로 - 교차로부근,승용,남,28세,상해없음,승용,남,46세,중상
2012070400100497,2012년 7월 4일 21시,수요일,경상남도 김해시 주촌면,경상사고,0,0,1,0,차량단독 - 기타,안전운전불이행,건조,흐림,단일로 - 기타,이륜,남,40세,경상,,,,
2012070400100526,2012년 7월 4일 22시,수요일,경상남도 창원시 진해구 경화동,중상사고,0,1,0,0,차대차 - 추돌 - 주정차중,안전운전불이행,건조,맑음,교차로 - 교차로안,승용,남,32세,상해없음,원동기,남,50세,중상
2012070400100527,2012년 7월 4일 22시,수요일,경상남도 김해시 삼정동,중상사고,0,1,1,0,차대차 - 추돌 - 주정차중,안전운전불이행,건조,맑음,교차로 - 교차로부근,승용,남,43세,상해없음,승용,남,45세,중상
2012070400100528,2012년 7월 4일 22시,수요일,경상남도 창원시 마산회원구 석전동,경상사고,0,0,2,0,차대차 - 정면충돌,중앙선침범,건조,흐림,교차로 - 교차로부근,승용,남,32세,상해없음,승합,남,49세,경상
2012070400100555,2012년 7월 4일 23시,수요일,경상남도 사천시 용현면,경상사고,0,0,1,0,차대차 - 기타,안전운전불이행,습기,비,단일로 - 횡단보도부근,승용,남,38세,상해없음,승용,남,33세,상해없음
2012070400100556,2012년 7월 4일 23시,수요일,경상남도 김해시 대동면,경상사고,0,0,1,0,차대차 - 측면직각충돌,안전운전불이행,건조,맑음,단일로 - 기타,화물,남,53세,상해없음,화물,남,58세,경상
2012070500100014,2012년 7월 5일 00시,목요일,경상남도 창원시 진해구 경화동,경상사고,0,0,1,0,차대차 - 측면직각충돌,교차로운행방법위반,습기,흐림,교차로 - 교차로안,승용,여,28세,상해없음,원동기,남,17세,상해없음
2012070500100015,2012년 7월 5일 00시,목요일,경상남도 통영시 동호동,경상사고,0,0,1,0,차대사람 - 횡단중,안전운전불이행,습기,비,단일로 - 기타,승용,남,25세,상해없음,보행자,남,48세,경상
2012070500100016,2012년 7월 5일 00시,목요일,경상남도 창원시 의창구 명서동,중상사고,0,3,0,0,차대차 - 정면충돌,신호위반,건조,맑음,단일로 - 교량,승용,남,33세,상해없음,승용,남,41세,중상
2012070500100039,2012년 7월 5일 01시,목요일,경상남도 창원시 마산합포구 해운동,경상사고,0,0,2,0,차대차 - 측면직각충돌,교차로운행방법위반,습기,비,교차로 - 교차로안,승용,남,38세,상해없음,승용,남,46세,상해없음
2012070500100056,2012년 7월 5일 02시,목요일,경상남도 거제시 장평동,경상사고,0,0,3,0,차대차 - 측면직각충돌,차로위반,습기,비,단일로 - 기타,승용,남,40세,상해없음,승용,남,27세,경상
2012070500100057,2012년 7월 5일 02시,목요일,경상남도 거제시 장평동,경상사고,0,0,2,0,차대차 - 추돌 - 진행중,신호위반,습기,비,교차로 - 교차로부근,승용,남,51세,상해없음,승용,남,39세,상해없음
2012070500100067,2012년 7월 5일 03시,목요일,경상남도 김해시 진영읍,중상사고,0,1,0,0,차대차 - 추돌 - 주정차중,안전운전불이행,습기,비,교차로 - 교차로부근,화물,남,40세,상해없음,승용,여,56세,상해없음
2012070500100076,2012년 7월 5일 04시,목요일,경상남도 김해시 장유면,경상사고,0,0,1,0,차대차 - 기타,신호위반,습기,흐림,교차로 - 교차로안,승용,남,57세,상해없음,자전거,남,30세,경상
2012070500100077,2012년 7월 5일 04시,목요일,경상남도 진주시 진성면,중상사고,0,1,0,0,차대차 - 추돌 - 진행중,안전운전불이행,습기,비,단일로 - 기타,승용,남,34세,상해없음,승용,남,35세,중상
2012070500100099,2012년 7월 5일 06시,목요일,경상남도 김해시 동상동,경상사고,0,0,1,0,차대차 - 기타,안전운전불이행,건조,맑음,단일로 - 기타,승용,여,49세,상해없음,승용,남,55세,상해없음
2012070500100100,2012년 7월 5일 06시,목요일,경상남도 창원시 성산구 성주동,경상사고,0,0,1,0,차대차 - 추돌 - 진행중,안전운전불이행,건조,맑음,단일로 - 기타,화물,남,43세,상해없음,승합,남,48세,경상
2012070500100121,2012년 7월 5일 07시,목요일,경상남도 창원시 진해구 경화동,중상사고,0,1,0,0,차대차 - 측면직각충돌,안전운전불이행,습기,비,교차로 - 교차로안,승용,남,40세,상해없음,승용,남,33세,중상
2012070500100122,2012년 7월 5일 07시,목요일,경상남도 김해시 대동면,경상사고,0,0,2,0,차대차 - 측면직각충돌,중앙선침범,건조,맑음,교차로 - 교차로안,승합,남,62세,상해없음,승용,남,59세,경상
2012070500100123,2012년 7월 5일 07시,목요일,경상남도 진주시 문산읍,사망사고,1,0,0,0,차대차 - 추돌 - 진행중,안전운전불이행,습기,비,단일로 - 터널,화물,남,47세,사망,승합,남,39세,상해없음
2012070500100154,2012년 7월 5일 08시,목요일,경상남도 김해시 생림면,중상사고,0,1,0,0,차대사람 - 횡단중,안전운전불이행,습기,비,단일로 - 기타,화물,남,46세,상해없음,보행자,여,73세,중상
2012070500100155,2012년 7월 5일 08시,목요일,경상남도 창녕군 창녕읍,중상사고,0,1,0,0,차대사람 - 기타,안전운전불이행,건조,맑음,교차로 - 교차로부근,승합,남,52세,상해없음,보행자,여,84세,중상
2012070500100156,2012년 7월 5일 08시,목요일,경상남도 창원시 성산구 상남동,중상사고,0,1,0,0,차대차 - 추돌 - 주정차중,안전운전불이행,습기,비,교차로 - 교차로부근,승용,남,29세,상해없음,승용,남,34세,중상
2012070500100192,2012년 7월 5일 09시,목요일,경상남도 양산시 물금읍,사망사고,1,0,0,0,차대차 - 측면직각충돌,안전운전불이행,습기,비,교차로 - 교차로부근,승용,남,63세,기타불명,승용,남,58세,상해없음
2012070500100221,2012년 7월 5일 10시,목요일,경상남도 사천시 향촌동,경상사고,0,0,1,0,차대차 - 추돌 - 진행중,안전운전불이행,습기,비,교차로 - 교차로부근,화물,남,38세,상해없음,승용,남,56세,경상
2012070500100222,2012년 7월 5일 10시,목요일,경상남도 김해시 이동,중상사고,0,2,0,0,차대차 - 추돌 - 주정차중,안전운전불이행,습기,비,교차로 - 교차로부근,화물,남,46세,상해없음,승용,남,50세,중상
2012070500100246,2012년 7월 5일 11시,목요일,경상남도 김해시 장유면,중상사고,0,1,0,0,차대차 - 측면직각충돌,중앙선침범,습기,비,단일로 - 기타,화물,남,50세,상해없음,화물,남,32세,중상
2012070500100247,2012년 7월 5일 11시,목요일,경상남도 김해시 주촌면,중상사고,0,2,0,0,차대차 - 측면직각충돌,교차로운행방법위반,습기,비,교차로 - 교차로안,화물,남,54세,상해없음,화물,남,58세,중상
2012070500100306,2012년 7월 5일 13시,목요일,경상남도 밀양시 상남면,중상사고,0,1,0,0,차대차 - 추돌 - 주정차중,안전운전불이행,습기,비,교차로 - 교차로부근,화물,남,64세,상해없음,승용,여,25세,중상
2012070500100307,2012년 7월 5일 13시,목요일,경상남도 양산시 상북면,부상신고사고,0,0,0,1,차대차 - 측면직각충돌,안전운전불이행,습기,비,교차로 - 교차로부근,승용,남,32세,상해없음,승용,남,52세,부상신고