사고번호,사고일시,요일,시군구,사고내용,사망자수,중상자수,경상자수,부상신고자수,사고유형,법규위반,노면상태,기상상태,도로형태,가해운전자 차종,가해운전자 성별,가해운전자 연령,가해운전자 상해정도,피해운전자 차종,피해운전자 성별,피해운전자 연령,피해운전자 상해정도
2012070700100623,2012년 7월 7일 20시,토요일,경상남도 고성군 고성읍,중상사고,0,1,0,0,차대차 - 측면직각충돌,교차로운행방법위반,건조,맑음,교차로 - 교차로안,승용,남,52세,상해없음,이륜,남,38세,중상
2012070700100624,2012년 7월 7일 20시,토요일,경상남도 거제시 옥포동,중상사고,0,2,0,0,차대차 - 기타,중앙선침범,건조,맑음,기타 - 기타,승용,남,26세,상해없음,원동기,남,27세,중상
2012070700100659,2012년 7월 7일 21시,토요일,경상남도 진주시 하대동,경상사고,0,0,1,0,차대차 - 측면직각충돌,직진우회전진행방해,건조,맑음,교차로 - 교차로안,승용,남,39세,상해없음,승용,남,47세,경상
2012070700100660,2012년 7월 7일 21시,토요일,경상남도 김해시 외동,중상사고,0,4,0,0,차대차 - 추돌 - 주정차중,안전운전불이행,건조,맑음,단일로 - 기타,화물,여,54세,상해없음,승용,남,44세,중상
2012070700100691,2012년 7월 7일 22시,토요일,경상남도 창원시 마산합포구 월영동,중상사고,0,1,0,0,차대차 - 측면직각충돌,안전운전불이행,건조,맑음,단일로 - 기타,승용,여,43세,상해없음,승용,여,52세,중상
2012070700100713,2012년 7월 7일 23시,토요일,경상남도 합천군 가야면,사망사고,1,0,0,0,차량단독 - 공작물충돌,안전운전불이행,건조,맑음,단일로 - 기타,화물,남,55세,사망,,,,
2012070800100012,2012년 7월 8일 00시,일요일,경상남도 통영시 광도면,경상사고,0,0,1,0,차대사람 - 길가장자리구역통행중,안전운전불이행,건조,맑음,단일로 - 기타,원동기,남,34세,상해없음,보행자,남,20세,경상
2012070800100046,2012년 7월 8일 01시,일요일,경상남도 창원시 마산합포구 진동면,중상사고,0,1,0,0,차대차 - 측면직각충돌,안전운전불이행,건조,맑음,교차로 - 교차로안,승용,남,56세,상해없음,원동기,남,24세,중상
2012070800100047,2012년 7월 8일 01시,일요일,경상남도 양산시 삼호동,경상사고,0,0,1,0,차대사람 - 기타,기타,건조,맑음,단일로 - 기타,승용,남,51세,상해없음,보행자,남,23세,경상
2012070800100048,2012년 7월 8일 01시,일요일,경상남도 양산시 동면,경상사고,0,0,1,0,차량단독 - 기타,안전운전불이행,건조,맑음,단일로 - 기타,승용,남,25세,기타불명,,,,
2012070800100049,2012년 7월 8일 01시,일요일,경상남도 창원시 마산회원구 구암동,중상사고,0,2,1,0,차대차 - 측면직각충돌,안전운전불이행,건조,맑음,교차로 - 교차로부근,승용,여,56세,중상,승용,남,59세,상해없음
2012070800100050,2012년 7월 8일 01시,일요일,경상남도 창원시 마산회원구 내서읍,부상신고사고,0,0,0,1,차대차 - 추돌 - 진행중,안전운전불이행,건조,맑음,단일로 - 기타,승용,남,40세,상해없음,승용,남,40세,부상신고
2012070800100051,2012년 7월 8일 01시,일요일,경상남도 진주시 정촌면,중상사고,0,2,0,0,차량단독 - 공작물충돌,안전운전불이행,건조,맑음,단일로 - 기타,승용,여,51세,상해없음,,,,
2012070800100083,2012년 7월 8일 03시,일요일,경상남도 양산시 물금읍,경상사고,0,0,1,0,차량단독 - 전도전복,안전운전불이행,건조,맑음,교차로 - 교차로부근,이륜,남,21세,상해없음,,,,
2012070800100084,2012년 7월 8일 03시,일요일,경상남도 거제시 옥포동,경상사고,0,0,6,0,차대사람 - 기타,신호위반,건조,맑음,교차로 - 교차로안,승용,남,30세,상해없음,보행자,남,17세,경상
2012070800100116,2012년 7월 8일 05시,일요일,경상남도 진주시 칠암동,중상사고,0,1,0,0,차대차 - 측면직각충돌,안전운전불이행,건조,맑음,단일로 - 기타,승용,남,23세,상해없음,승용,남,52세,중상
2012070800100139,2012년 7월 8일 07시,일요일,경상남도 김해시 삼방동,중상사고,0,1,0,0,차대차 - 정면충돌,교차로운행방법위반,건조,맑음,교차로 - 교차로안,화물,남,48세,상해없음,승용,남,59세,중상
2012070800100140,2012년 7월 8일 07시,일요일,경상남도 산청군 단성면,중상사고,0,1,0,0,차대차 - 추돌 - 진행중,안전운전불이행,건조,맑음,단일로 - 기타,승용,남,33세,상해없음,승용,남,43세,중상
2012070800100185,2012년 7월 8일 10시,일요일,경상남도 창원시 의창구 팔용동,중상사고,0,2,1,0,차대차 - 측면직각충돌,신호위반,건조,맑음,교차로 - 교차로안,승합,남,44세,상해없음,승용,남,39세,중상
2012070800100208,2012년 7월 8일 11시,일요일,경상남도 창원시 마산합포구 진동면,중상사고,0,1,0,0,차량단독 - 기타,안전운전불이행,건조,맑음,단일로 - 터널,원동기,남,67세,중상,,,,
2012070800100209,2012년 7월 8일 11시,일요일,경상남도 양산시 명동,부상신고사고,0,0,0,1,차대차 - 기타,안전운전불이행,건조,맑음,교차로 - 교차로부근,승용,여,57세,부상신고,승용,여,64세,상해없음
2012070800100234,2012년 7월 8일 12시,일요일,경상남도 산청군 생초면,중상사고,0,1,0,0,차대차 - 정면충돌,교차로운행방법위반,건조,맑음,교차로 - 교차로안,화물,남,51세,상해없음,화물,남,67세,중상
2012070800100235,2012년 7월 8일 12시,일요일,경상남도 김해시 진영읍,경상사고,0,0,3,0,차대차 - 추돌 - 주정차중,안전운전불이행,건조,맑음,교차로 - 교차로부근,승용,남,82세,상해없음,승용,남,30세,경상
2012070800100266,2012년 7월 8일 13시,일요일,경상남도 거제시 삼거동,경상사고,0,0,1,0,차대사람 - 횡단중,안전운전불이행,건조,맑음,단일로 - 기타,이륜,남,39세,상해없음,보행자,남,54세,경상
2012070800100267,2012년 7월 8일 13시,일요일,경상남도 남해군 이동면,경상사고,0,0,1,0,차량단독 - 도로외이탈 - 기타,안전운전불이행,기타,맑음,단일로 - 기타,승용,남,69세,상해없음,,,,
2012070800100268,2012년 7월 8일 13시,일요일,경상남도 김해시 장유면,중상사고,0,2,0,0,차대차 - 추돌 - 주정차중,안전운전불이행,건조,맑음,단일로 - 기타,승용,남,52세,상해없음,승용,남,66세,상해없음
2012070800100296,2012년 7월 8일 14시,일요일,경상남도 밀양시 청도면,경상사고,0,0,2,0,차대차 - 추돌 - 진행중,안전운전불이행,건조,맑음,단일로 - 기타,이륜,남,30세,경상,이륜,남,24세,경상
2012070800100297,2012년 7월 8일 14시,일요일,경상남도 함양군 안의면,중상사고,0,1,2,0,차대차 - 정면충돌,중앙선침범,건조,맑음,교차로 - 교차로부근,승용,남,42세,상해없음,승용,여,29세,경상
2012070800100298,2012년 7월 8일 14시,일요일,경상남도 거제시 사등면,경상사고,0,0,7,1,차대차 - 추돌 - 진행중,안전운전불이행,건조,맑음,단일로 - 기타,승합,남,56세,상해없음,승용,남,52세,경상
2012070800100321,2012년 7월 8일 15시,일요일,경상남도 거제시 동부면,중상사고,0,1,0,0,차대사람 - 횡단중,안전운전불이행,건조,맑음,단일로 - 횡단보도부근,승용,남,50세,상해없음,보행자,여,7세,중상
2012070800100352,2012년 7월 8일 16시,일요일,경상남도 거제시 동부면,경상사고,0,0,2,0,차대차 - 측면직각충돌,안전운전불이행,건조,맑음,교차로 - 교차로안,승용,여,21세,상해없음,승용,남,22세,경상
2012070800100353,2012년 7월 8일 16시,일요일,경상남도 창원시 의창구 용호동,중상사고,0,1,0,0,차대차 - 기타,교차로운행방법위반,건조,맑음,교차로 - 교차로안,승용,남,30세,상해없음,승용,남,30세,중상
2012070800100412,2012년 7월 8일 18시,일요일,경상남도 창원시 마산합포구 진동면,경상사고,0,0,1,0,차대사람 - 횡단중,안전운전불이행,건조,맑음,단일로 - 기타,승합,남,36세,상해없음,보행자,여,5세,경상
2012070800100413,2012년 7월 8일 18시,일요일,경상남도 창원시 진해구 여좌동,경상사고,0,0,4,0,차대차 - 추돌 - 진행중,안전거리미확보,건조,맑음,교차로 - 교차로부근,승용,여,19세,경상,승용,여,46세,상해없음
2012070800100414,2012년 7월 8일 18시,일요일,경상남도 양산시 용당동,경상사고,0,0,1,0,차대차 - 기타,안전거리미확보,건조,맑음,교차로 - 교차로부근,원동기,남,30세,상해없음,승용,남,64세,경상
2012070800100443,2012년 7월 8일 19시,일요일,경상남도 통영시 광도면,중상사고,0,2,0,0,차대차 - 추돌 - 주정차중,안전운전불이행,건조,맑음,교차로 - 교차로안,화물,남,38세,상해없음,승용,여,26세,중상
2012070800100444,2012년 7월 8일 19시,일요일,경상남도 거제시 상동동,중상사고,0,1,0,0,차대차 - 측면직각충돌,차로위반,건조,맑음,단일로 - 기타,승용,남,41세,상해없음,이륜,남,45세,중상
2012070800100445,2012년 7월 8일 19시,일요일,경상남도 창원시 성산구 사파동,중상사고,0,1,1,0,차대차 - 기타,신호위반,건조,맑음,교차로 - 교차로안,승용,남,55세,상해없음,승용,여,30세,중상
2012070800100480,2012년 7월 8일 20시,일요일,경상남도 진주시 금산면,중상사고,0,1,0,0,차대차 - 추돌 - 주정차중,안전운전불이행,건조,맑음,단일로 - 기타,이륜,남,63세,중상,승용,여,48세,기타불명
2012070800100481,2012년 7월 8일 20시,일요일,경상남도 창원시 의창구 도계동,경상사고,0,0,1,0,차대차 - 기타,차로위반,건조,맑음,단일로 - 기타,승용,남,62세,상해없음,승용,남,28세,경상
2012070800100511,2012년 7월 8일 21시,일요일,경상남도 진주시 이현동,중상사고,0,1,0,0,차대사람 - 횡단중,안전운전불이행,건조,맑음,단일로 - 기타,승용,남,54세,상해없음,보행자,여,38세,중상
2012070800100512,2012년 7월 8일 21시,일요일,경상남도 양산시 북정동,중상사고,0,1,0,0,차대차 - 기타,신호위반,건조,맑음,교차로 - 교차로안,원동기,남,18세,중상,승용,미분류,기타불명,기타불명
2012070800100537,2012년 7월 8일 22시,일요일,경상남도 진주시 문산읍,사망사고,1,2,2,0,차대차 - 추돌 - 주정차중,안전운전불이행,건조,맑음,단일로 - 기타,화물,남,58세,사망,화물,남,37세,상해없음
2012070800100557,2012년 7월 8일 23시,일요일,경상남도 김해시 어방동,중상사고,0,1,0,0,차대차 - 측면직각충돌,안전운전불이행,건조,맑음,교차로 - 교차로안,승합,남,47세,상해없음,승용,남,48세,상해없음
2012070900100017,2012년 7월 9일 01시,월요일,경상남도 진주시 가좌동,경상사고,0,0,1,0,차대차 - 측면직각충돌,신호위반,건조,맑음,교차로 - 교차로안,승용,남,56세,상해없음,승용,남,49세,경상
2012070900100018,2012년 7월 9일 01시,월요일,경상남도 사천시 축동면,경상사고,0,0,4,0,차대차 - 추돌 - 주정차중,안전운전불이행,건조,맑음,교차로 - 교차로부근,승용,남,30세,상해없음,승용,남,41세,경상
2012070900100056,2012년 7월 9일 06시,월요일,경상남도 창원시 성산구 성산동,경상사고,0,0,2,0,차대차 - 기타,안전운전불이행,건조,맑음,단일로 - 기타,승용,남,45세,상해없음,승용,여,35세,경상
2012070900100057,2012년 7월 9일 06시,월요일,경상남도 창원시 의창구 봉곡동,경상사고,0,0,1,0,차대사람 - 차도통행중,안전운전불이행,건조,맑음,교차로 - 교차로안,승용,남,53세,상해없음,보행자,남,45세,경상
2012070900100074,2012년 7월 9일 07시,월요일,경상남도 창원시 마산합포구 진북면,중상사고,0,1,1,0,차대차 - 기타,중앙선침범,건조,맑음,교차로 - 교차로부근,승용,남,29세,상해없음,화물,남,37세,경상
2012070900100075,2012년 7월 9일 07시,월요일,경상남도 양산시 용당동,경상사고,0,0,1,0,차대사람 - 기타,신호위반,건조,맑음,교차로 - 교차로안,승용,남,46세,상해없음,보행자,남,41세,경상
2012070900100076,2012년 7월 9일 07시,월요일,경상남도 창원시 의창구 팔용동,중상사고,0,1,4,0,차대차 - 추돌 - 주정차중,안전운전불이행,건조,맑음,단일로 - 기타,특수,남,44세,상해없음,승합,남,60세,상해없음
2012070900100107,2012년 7월 9일 08시,월요일,경상남도 창원시 진해구 여좌동,경상사고,0,0,1,0,차대차 - 측면직각충돌,교차로운행방법위반,건조,맑음,단일로 - 기타,승용,남,37세,상해없음,이륜,남,48세,경상
2012070900100108,2012년 7월 9일 08시,월요일,경상남도 김해시 삼방동,경상사고,0,0,1,0,차대차 - 측면직각충돌,교차로운행방법위반,건조,맑음,교차로 - 교차로안,승합,남,59세,상해없음,승용,여,51세,경상
2012070900100109,2012년 7월 9일 08시,월요일,경상남도 거창군 거창읍,중상사고,0,1,0,0,차대사람 - 횡단중,보행자보호의무위반,건조,맑음,교차로 - 교차로안,건설기계,남,39세,상해없음,보행자,여,7세,중상
2012070900100110,2012년 7월 9일 08시,월요일,경상남도 거제시 장평동,경상사고,0,0,1,0,차대차 - 추돌 - 진행중,안전운전불이행,건조,맑음,단일로 - 기타,기타불명,기타불명,기타불명,기타불명,자전거,남,14세,경상
2012070900100166,2012년 7월 9일 10시,월요일,경상남도 밀양시 초동면,중상사고,0,1,0,0,차대사람 - 횡단중,안전운전불이행,건조,맑음,단일로 - 기타,승합,남,53세,상해없음,보행자,여,69세,중상
2012070900100167,2012년 7월 9일 10시,월요일,경상남도 양산시 북부동,중상사고,0,1,0,0,차대사람 - 횡단중,보행자보호의무위반,건조,맑음,교차로 - 교차로부근,화물,남,52세,상해없음,보행자,여,66세,중상
2012070900100207,2012년 7월 9일 12시,월요일,경상남도 양산시 하북면,경상사고,0,0,1,0,차대차 - 측면직각충돌,직진우회전진행방해,건조,맑음,교차로 - 교차로안,승용,여,53세,상해없음,화물,남,53세,경상
2012070900100208,2012년 7월 9일 12시,월요일,경상남도 하동군 횡천면,경상사고,0,0,1,0,차대차 - 측면직각충돌,안전운전불이행,건조,맑음,단일로 - 기타,승용,남,33세,상해없음,화물,남,69세,경상
2012070900100228,2012년 7월 9일 13시,월요일,경상남도 창원시 진해구 덕산동,경상사고,0,0,2,0,차대차 - 기타,중앙선침범,건조,맑음,교차로 - 교차로부근,승용,남,54세,상해없음,승용,남,66세,경상
2012070900100229,2012년 7월 9일 13시,월요일,경상남도 거창군 거창읍,중상사고,0,1,3,0,차대차 - 측면직각충돌,신호위반,건조,맑음,교차로 - 교차로안,화물,남,68세,중상,승용,여,41세,경상
2012070900100230,2012년 7월 9일 13시,월요일,경상남도 거제시 아주동,중상사고,0,1,0,0,차대차 - 추돌 - 진행중,안전운전불이행,건조,맑음,단일로 - 기타,승용,여,50세,기타불명,승용,여,26세,중상
2012070900100262,2012년 7월 9일 14시,월요일,경상남도 창원시 마산합포구 남성동,경상사고,0,0,2,0,차대차 - 기타,안전운전불이행,건조,맑음,교차로 - 교차로부근,승용,남,59세,상해없음,승용,여,50세,경상
2012070900100263,2012년 7월 9일 14시,월요일,경상남도 김해시 부원동,중상사고,0,1,0,0,차대사람 - 보도통행중,안전운전불이행,건조,맑음,기타 - 기타,승용,여,49세,상해없음,보행자,여,44세,중상
2012070900100264,2012년 7월 9일 14시,월요일,경상남도 김해시 지내동,경상사고,0,0,1,0,차대사람 - 길가장자리구역통행중,안전운전불이행,건조,맑음,단일로 - 기타,기타불명,기타불명,기타불명,기타불명,보행자,여,9세,경상
2012070900100265,2012년 7월 9일 14시,월요일,경상남도 창녕군 대합면,경상사고,0,0,1,0,차량단독 - 기타,안전운전불이행,건조,맑음,교차로 - 교차로안,농기계,남,67세,경상,,,,
2012070900100309,2012년 7월 9일 15시,월요일,경상남도 창원시 진해구 여좌동,경상사고,0,0,4,0,차대차 - 기타,직진우회전진행방해,건조,맑음,교차로 - 교차로안,승용,여,36세,상해없음,승합,남,24세,경상
2012070900100310,2012년 7월 9일 15시,월요일,경상남도 밀양시 삼문동,중상사고,0,1,1,0,차대차 - 추돌 - 진행중,안전거리미확보,건조,맑음,교차로 - 교차로부근,승용,여,52세,상해없음,화물,남,36세,중상
2012070900100311,2012년 7월 9일 15시,월요일,경상남도 합천군 적중면,경상사고,0,0,1,0,차대차 - 측면직각충돌,교차로운행방법위반,건조,맑음,교차로 - 교차로안,승용,남,50세,상해없음,화물,남,69세,경상
2012070900100312,2012년 7월 9일 15시,월요일,경상남도 함안군 칠서면,중상사고,0,1,1,0,차대차 - 측면직각충돌,직진우회전진행방해,건조,맑음,교차로 - 교차로안,승용,여,61세,상해없음,화물,남,38세,중상
2012070900100356,2012년 7월 9일 16시,월요일,경상남도 통영시 북신동,경상사고,0,0,1,0,차대차 - 추돌 - 주정차중,안전운전불이행,건조,맑음,단일로 - 기타,승용,여,34세,상해없음,승용,남,44세,경상
2012070900100391,2012년 7월 9일 17시,월요일,경상남도 창원시 진해구 자은동,경상사고,0,0,1,0,차대차 - 기타,교차로운행방법위반,건조,맑음,교차로 - 교차로안,승용,여,32세,상해없음,승용,여,51세,경상
2012070900100392,2012년 7월 9일 17시,월요일,경상남도 창원시 진해구 용원동,경상사고,0,0,1,0,차대차 - 측면직각충돌,직진우회전진행방해,건조,맑음,교차로 - 교차로안,승용,여,41세,상해없음,승용,여,44세,경상
2012070900100393,2012년 7월 9일 17시,월요일,경상남도 양산시 하북면,경상사고,0,0,1,1,차대차 - 측면직각충돌,직진우회전진행방해,건조,맑음,교차로 - 교차로안,승용,남,73세,상해없음,승합,남,47세,상해없음
2012070900100435,2012년 7월 9일 18시,월요일,경상남도 김해시 봉황동,경상사고,0,0,1,0,차대차 - 측면직각충돌,안전운전불이행,건조,맑음,단일로 - 기타,이륜,남,51세,경상,승용,남,25세,상해없음
2012070900100504,2012년 7월 9일 20시,월요일,경상남도 김해시 생림면,중상사고,0,1,1,0,차대차 - 추돌 - 주정차중,안전운전불이행,건조,맑음,기타 - 기타,승용,남,62세,상해없음,화물,남,37세,경상
2012070900100533,2012년 7월 9일 21시,월요일,경상남도 김해시 장유면,중상사고,0,1,0,0,차대사람 - 횡단중,안전운전불이행,건조,맑음,교차로 - 교차로부근,승용,여,27세,상해없음,보행자,남,60세,중상
2012071000100024,2012년 7월 10일 01시,화요일,경상남도 거창군 거창읍,사망사고,1,0,1,0,차량단독 - 공작물충돌,안전운전불이행,건조,맑음,교차로 - 교차로부근,승용,남,33세,경상,,,,
2012071000100045,2012년 7월 10일 03시,화요일,경상남도 김해시 장유면,중상사고,0,2,0,0,차대차 - 측면직각충돌,신호위반,건조,맑음,교차로 - 교차로안,승용,남,32세,상해없음,승용,여,56세,중상
2012071000100068,2012년 7월 10일 06시,화요일,경상남도 창원시 성산구 남산동,중상사고,0,1,0,0,차대차 - 추돌 - 주정차중,안전운전불이행,건조,맑음,단일로 - 기타,화물,남,51세,상해없음,승용,여,39세,중상
2012071000100069,2012년 7월 10일 06시,화요일,경상남도 창원시 의창구 명서동,중상사고,0,1,1,0,차대차 - 측면직각충돌,신호위반,건조,맑음,교차로 - 교차로안,승용,남,58세,상해없음,승용,남,33세,경상
2012071000100097,2012년 7월 10일 07시,화요일,경상남도 함안군 칠서면,중상사고,0,1,0,0,차대차 - 측면직각충돌,차로위반,건조,맑음,교차로 - 교차로부근,승용,여,40세,중상,건설기계,남,44세,상해없음
2012071000100126,2012년 7월 10일 08시,화요일,경상남도 진주시 칠암동,경상사고,0,0,1,0,차대차 - 측면직각충돌,교차로운행방법위반,건조,맑음,교차로 - 교차로안,승용,남,49세,상해없음,승합,남,50세,상해없음
2012071000100127,2012년 7월 10일 08시,화요일,경상남도 창원시 성산구 불모산동,경상사고,0,0,1,0,차대차 - 측면직각충돌,안전거리미확보,건조,맑음,단일로 - 터널,승용,여,44세,상해없음,승용,남,31세,경상
2012071000100128,2012년 7월 10일 08시,화요일,경상남도 창원시 의창구 봉곡동,경상사고,0,0,1,0,차대사람 - 기타,안전운전불이행,건조,맑음,교차로 - 교차로부근,승용,여,38세,상해없음,보행자,여,15세,경상
2012071000100150,2012년 7월 10일 09시,화요일,경상남도 김해시 풍유동,중상사고,0,1,0,0,차대차 - 측면직각충돌,교차로운행방법위반,건조,맑음,교차로 - 교차로안,화물,남,55세,상해없음,승용,여,53세,중상
2012071000100210,2012년 7월 10일 11시,화요일,경상남도 통영시 인평동,중상사고,0,1,1,0,차대차 - 기타,안전거리미확보,건조,맑음,단일로 - 기타,이륜,남,44세,경상,이륜,남,44세,중상
2012071000100211,2012년 7월 10일 11시,화요일,경상남도 함양군 지곡면,중상사고,0,1,0,0,차대차 - 측면직각충돌,교차로운행방법위반,건조,맑음,교차로 - 교차로안,승용,남,53세,상해없음,승용,여,50세,중상
2012071000100212,2012년 7월 10일 11시,화요일,경상남도 김해시 전하동,경상사고,0,0,1,0,차대차 - 측면직각충돌,교차로운행방법위반,건조,맑음,교차로 - 교차로안,승용,남,71세,상해없음,승용,남,47세,경상
2012071000100230,2012년 7월 10일 12시,화요일,경상남도 고성군 마암면,중상사고,0,2,0,0,차대차 - 추돌 - 진행중,안전운전불이행,건조,맑음,단일로 - 기타,승용,남,51세,상해없음,승용,남,67세,중상
2012071000100252,2012년 7월 10일 13시,화요일,경상남도 합천군 합천읍,사망사고,1,0,0,0,차량단독 - 전도전복,안전운전불이행,건조,맑음,단일로 - 기타,이륜,남,69세,사망,,,,
2012071000100278,2012년 7월 10일 14시,화요일,경상남도 김해시 내동,중상사고,0,1,0,0,차대사람 - 기타,안전운전불이행,건조,맑음,단일로 - 기타,승용,여,28세,상해없음,보행자,여,7세,중상
2012071000100279,2012년 7월 10일 14시,화요일,경상남도 양산시 물금읍,부상신고사고,0,0,0,1,차량단독 - 공작물충돌,안전운전불이행,건조,흐림,교차로 - 교차로안,화물,남,57세,부상신고,,,,
2012071000100280,2012년 7월 10일 14시,화요일,경상남도 김해시 진영읍,중상사고,0,1,0,0,차대차 - 측면직각충돌,신호위반,건조,맑음,교차로 - 교차로안,화물,남,76세,상해없음,승용,여,28세,중상
2012071000100311,2012년 7월 10일 15시,화요일,경상남도 창원시 성산구 신촌동,경상사고,0,0,1,0,차대사람 - 횡단중,기타,건조,맑음,단일로 - 횡단보도상,승용,남,22세,상해없음,보행자,남,8세,경상
2012071000100347,2012년 7월 10일 16시,화요일,경상남도 창원시 마산합포구 월남동1가,경상사고,0,0,1,0,차량단독 - 기타,안전운전불이행,건조,맑음,단일로 - 기타,승합,남,51세,상해없음,,,,
2012071000100348,2012년 7월 10일 16시,화요일,경상남도 통영시 무전동,경상사고,0,0,1,0,차대차 - 측면직각충돌,안전운전불이행,습기,비,교차로 - 교차로안,승용,여,33세,경상,화물,남,37세,상해없음
2012071000100349,2012년 7월 10일 16시,화요일,경상남도 하동군 진교면,중상사고,0,1,0,0,차대사람 - 횡단중,안전운전불이행,건조,맑음,단일로 - 기타,화물,남,58세,상해없음,보행자,남,8세,중상
2012071000100379,2012년 7월 10일 17시,화요일,경상남도 창원시 마산합포구 월남동1가,경상사고,0,0,1,0,차대차 - 측면직각충돌,직진우회전진행방해,건조,맑음,교차로 - 교차로안,승용,여,52세,상해없음,승용,남,26세,경상
2012071000100380,2012년 7월 10일 17시,화요일,경상남도 하동군 진교면,중상사고,0,1,0,0,차대차 - 측면직각충돌,교차로운행방법위반,건조,맑음,교차로 - 교차로안,승용,남,51세,상해없음,화물,남,70세,중상
2012071000100381,2012년 7월 10일 17시,화요일,경상남도 창원시 의창구 봉곡동,경상사고,0,0,1,0,차대사람 - 길가장자리구역통행중,안전운전불이행,건조,맑음,교차로 - 교차로안,화물,남,51세,상해없음,보행자,여,48세,경상
2012071000100382,2012년 7월 10일 17시,화요일,경상남도 창원시 의창구 봉곡동,경상사고,0,0,1,0,차대차 - 추돌 - 진행중,안전운전불이행,건조,맑음,교차로 - 교차로부근,승용,남,48세,상해없음,자전거,남,14세,경상
2012071000100383,2012년 7월 10일 17시,화요일,경상남도 김해시 진례면,경상사고,0,0,1,0,차대차 - 추돌 - 진행중,안전운전불이행,건조,맑음,교차로 - 교차로부근,승용,여,42세,상해없음,승용,남,48세,경상
2012071000100384,2012년 7월 10일 17시,화요일,경상남도 김해시 진영읍,경상사고,0,0,2,0,차대차 - 측면직각충돌,중앙선침범,건조,맑음,단일로 - 기타,승용,남,22세,상해없음,승합,남,54세,경상
2012071000100385,2012년 7월 10일 17시,화요일,경상남도 함안군 가야읍,중상사고,0,1,0,0,차대차 - 측면직각충돌,차로위반,건조,맑음,단일로 - 기타,승용,기타불명,기타불명,기타불명,승용,여,30세,중상
2012071000100429,2012년 7월 10일 18시,화요일,경상남도 창원시 마산합포구 월남동5가,중상사고,0,1,0,0,차대사람 - 횡단중,안전운전불이행,습기,비,단일로 - 기타,화물,남,56세,상해없음,보행자,여,57세,중상
2012071000100430,2012년 7월 10일 18시,화요일,경상남도 창원시 마산합포구 부림동,경상사고,0,0,2,0,차대차 - 추돌 - 진행중,안전거리미확보,습기,비,단일로 - 기타,승용,남,53세,상해없음,승용,남,48세,경상
2012071000100431,2012년 7월 10일 18시,화요일,경상남도 남해군 창선면,중상사고,0,1,0,0,차대사람 - 횡단중,안전운전불이행,건조,맑음,기타 - 기타,승용,남,49세,상해없음,보행자,여,57세,중상
2012071000100472,2012년 7월 10일 19시,화요일,경상남도 통영시 무전동,경상사고,0,0,1,0,차대차 - 기타,안전운전불이행,습기,비,교차로 - 교차로부근,승용,남,54세,상해없음,자전거,남,60세,경상
2012071000100473,2012년 7월 10일 19시,화요일,경상남도 창원시 마산회원구 구암동,경상사고,0,0,1,0,차대차 - 측면직각충돌,안전운전불이행,건조,맑음,교차로 - 교차로부근,화물,남,59세,상해없음,승용,남,43세,경상
2012071000100503,2012년 7월 10일 20시,화요일,경상남도 창원시 진해구 석동,경상사고,0,0,1,0,차대사람 - 횡단중,보행자보호의무위반,습기,비,단일로 - 횡단보도상,승용,여,44세,상해없음,보행자,남,72세,경상
2012071000100504,2012년 7월 10일 20시,화요일,경상남도 김해시 외동,경상사고,0,0,1,0,차대차 - 기타,안전거리미확보,습기,비,교차로 - 교차로부근,승용,남,46세,상해없음,이륜,남,21세,경상
2012071000100505,2012년 7월 10일 20시,화요일,경상남도 김해시 서상동,중상사고,0,1,0,0,차대차 - 측면직각충돌,직진우회전진행방해,습기,비,교차로 - 교차로안,승용,여,49세,상해없음,이륜,남,68세,중상
2012071000100506,2012년 7월 10일 20시,화요일,경상남도 김해시 외동,중상사고,0,1,0,0,차대사람 - 횡단중,보행자보호의무위반,습기,비,교차로 - 교차로부근,이륜,남,20세,상해없음,보행자,남,27세,중상
2012071000100507,2012년 7월 10일 20시,화요일,경상남도 창녕군 도천면,경상사고,0,0,1,0,차대차 - 측면직각충돌,기타,습기,비,교차로 - 교차로안,승용,남,41세,경상,승합,남,50세,상해없음
2012071000100508,2012년 7월 10일 20시,화요일,경상남도 거제시 옥포동,중상사고,0,1,0,0,차대차 - 추돌 - 진행중,안전거리미확보,습기,비,단일로 - 기타,승합,남,63세,상해없음,승용,남,27세,상해없음
2012071000100553,2012년 7월 10일 21시,화요일,경상남도 진주시 인사동,중상사고,0,1,0,0,차대사람 - 횡단중,보행자보호의무위반,습기,비,단일로 - 기타,승용,여,27세,상해없음,보행자,여,71세,중상
2012071000100554,2012년 7월 10일 21시,화요일,경상남도 양산시 북정동,경상사고,0,0,1,0,차대차 - 정면충돌,신호위반,습기,비,교차로 - 교차로부근,건설기계,남,43세,상해없음,승용,여,27세,경상
2012071000100555,2012년 7월 10일 21시,화요일,경상남도 창원시 마산회원구 양덕동,중상사고,0,1,0,0,차대차 - 기타,안전운전불이행,습기,비,교차로 - 교차로안,승용,남,57세,상해없음,자전거,남,13세,중상
2012071000100601,2012년 7월 10일 22시,화요일,경상남도 진주시 상대동,경상사고,0,0,2,0,차대차 - 측면직각충돌,직진우회전진행방해,건조,맑음,교차로 - 교차로부근,승용,여,49세,상해없음,승용,여,41세,경상
2012071000100602,2012년 7월 10일 22시,화요일,경상남도 양산시 명동,경상사고,0,0,3,0,차대차 - 추돌 - 주정차중,안전운전불이행,습기,비,교차로 - 교차로부근,승용,남,49세,상해없음,승용,남,45세,경상