사고번호,사고일시,요일,시군구,사고내용,사망자수,중상자수,경상자수,부상신고자수,사고유형,법규위반,노면상태,기상상태,도로형태,가해운전자 차종,가해운전자 성별,가해운전자 연령,가해운전자 상해정도,피해운전자 차종,피해운전자 성별,피해운전자 연령,피해운전자 상해정도
2012071000100648,2012년 7월 10일 23시,화요일,경상남도 창원시 마산합포구 진전면,중상사고,0,2,0,0,차대차 - 추돌 - 진행중,안전운전불이행,습기,비,단일로 - 기타,승용,남,37세,기타불명,승합,여,58세,중상
2012071000100649,2012년 7월 10일 23시,화요일,경상남도 김해시 어방동,중상사고,0,2,0,0,차대차 - 측면직각충돌,안전거리미확보,건조,흐림,단일로 - 기타,승용,남,37세,기타불명,원동기,남,19세,중상
2012071000100650,2012년 7월 10일 23시,화요일,경상남도 김해시 삼정동,중상사고,0,2,2,0,차대차 - 추돌 - 진행중,안전운전불이행,습기,비,교차로 - 교차로부근,승용,남,37세,상해없음,승용,여,44세,중상
2012071000100651,2012년 7월 10일 23시,화요일,경상남도 창원시 마산회원구 합성동,중상사고,0,1,0,0,차대사람 - 기타,안전운전불이행,습기,비,단일로 - 기타,승용,남,23세,상해없음,보행자,남,28세,중상
2012071100100034,2012년 7월 11일 00시,수요일,경상남도 창원시 마산회원구 회성동,경상사고,0,0,1,0,차대차 - 추돌 - 진행중,안전운전불이행,습기,비,교차로 - 교차로부근,승용,남,28세,상해없음,승용,남,63세,경상
2012071100100060,2012년 7월 11일 01시,수요일,경상남도 창원시 마산회원구 양덕동,경상사고,0,0,1,0,차대사람 - 기타,안전운전불이행,습기,비,단일로 - 횡단보도부근,승용,남,48세,상해없음,보행자,남,24세,경상
2012071100100130,2012년 7월 11일 05시,수요일,경상남도 김해시 삼방동,경상사고,0,0,1,0,차대사람 - 횡단중,안전운전불이행,습기,비,교차로 - 교차로부근,승용,여,55세,상해없음,보행자,남,52세,경상
2012071100100131,2012년 7월 11일 05시,수요일,경상남도 창원시 성산구 상남동,경상사고,0,0,1,0,차대차 - 측면직각충돌,교차로운행방법위반,습기,비,교차로 - 교차로안,승용,남,24세,상해없음,화물,남,43세,경상
2012071100100132,2012년 7월 11일 05시,수요일,경상남도 창원시 마산회원구 석전동,경상사고,0,0,1,0,차대차 - 기타,안전운전불이행,건조,맑음,단일로 - 기타,승용,남,33세,상해없음,승용,남,21세,경상
2012071100100144,2012년 7월 11일 06시,수요일,경상남도 창원시 마산합포구 중앙동1가,경상사고,0,0,1,0,차대차 - 측면직각충돌,안전운전불이행,습기,비,교차로 - 교차로안,승용,남,55세,상해없음,승합,남,50세,경상
2012071100100145,2012년 7월 11일 06시,수요일,경상남도 거제시 옥포동,부상신고사고,0,0,0,1,차대사람 - 기타,안전운전불이행,습기,비,교차로 - 교차로부근,기타불명,기타불명,기타불명,기타불명,보행자,남,30세,부상신고
2012071100100168,2012년 7월 11일 07시,수요일,경상남도 양산시 명곡동,경상사고,0,0,1,0,차대차 - 기타,안전운전불이행,습기,비,단일로 - 기타,승용,남,41세,상해없음,승용,남,37세,경상
2012071100100169,2012년 7월 11일 07시,수요일,경상남도 양산시 동면,중상사고,0,1,0,0,차대차 - 기타,불법유턴,습기,비,교차로 - 교차로부근,승용,남,26세,상해없음,승용,남,33세,중상
2012071100100170,2012년 7월 11일 07시,수요일,경상남도 창원시 의창구 소계동,경상사고,0,0,2,0,차대차 - 추돌 - 진행중,안전거리미확보,습기,비,단일로 - 기타,승용,여,45세,상해없음,승용,남,34세,경상
2012071100100171,2012년 7월 11일 07시,수요일,경상남도 김해시 풍유동,중상사고,0,3,2,0,차대차 - 측면직각충돌,안전운전불이행,습기,비,교차로 - 교차로안,화물,남,34세,상해없음,승용,여,23세,중상
2012071100100199,2012년 7월 11일 08시,수요일,경상남도 진주시 정촌면,경상사고,0,0,1,0,차량단독 - 전도전복,안전운전불이행,습기,비,단일로 - 기타,승용,남,51세,상해없음,,,,
2012071100100200,2012년 7월 11일 08시,수요일,경상남도 통영시 용남면,경상사고,0,0,2,0,차대차 - 측면직각충돌,안전운전불이행,습기,비,교차로 - 교차로안,승용,여,40세,상해없음,승용,남,67세,경상
2012071100100201,2012년 7월 11일 08시,수요일,경상남도 함안군 가야읍,경상사고,0,0,1,0,차대차 - 추돌 - 진행중,안전운전불이행,습기,비,교차로 - 교차로부근,승용,여,38세,상해없음,승용,여,30세,경상
2012071100100202,2012년 7월 11일 08시,수요일,경상남도 창원시 마산회원구 회원동,중상사고,0,1,0,0,차대차 - 기타,신호위반,건조,맑음,교차로 - 교차로안,승용,여,44세,상해없음,승용,남,33세,중상
2012071100100203,2012년 7월 11일 08시,수요일,경상남도 창원시 마산회원구 회원동,경상사고,0,0,1,0,차대차 - 측면직각충돌,안전운전불이행,습기,비,단일로 - 기타,승합,남,21세,상해없음,승용,남,48세,경상
2012071100100229,2012년 7월 11일 09시,수요일,경상남도 창원시 마산합포구 진전면,중상사고,0,1,0,0,차대사람 - 기타,안전운전불이행,습기,비,단일로 - 기타,화물,남,51세,상해없음,보행자,남,64세,중상
2012071100100230,2012년 7월 11일 09시,수요일,경상남도 창녕군 대합면,중상사고,0,1,0,0,차대차 - 추돌 - 진행중,안전운전불이행,습기,비,단일로 - 기타,화물,남,68세,상해없음,승용,남,42세,중상
2012071100100244,2012년 7월 11일 10시,수요일,경상남도 통영시 용남면,중상사고,0,1,6,0,차대차 - 추돌 - 주정차중,안전운전불이행,습기,비,단일로 - 기타,승합,여,35세,상해없음,승용,남,36세,기타불명
2012071100100245,2012년 7월 11일 10시,수요일,경상남도 김해시 장유면,중상사고,0,1,0,0,차대사람 - 횡단중,보행자보호의무위반,습기,비,단일로 - 횡단보도상,승용,여,22세,상해없음,보행자,남,65세,중상
2012071100100270,2012년 7월 11일 11시,수요일,경상남도 김해시 삼방동,중상사고,0,2,0,0,차대차 - 측면직각충돌,교차로운행방법위반,습기,비,교차로 - 교차로안,승용,남,63세,상해없음,승용,남,47세,중상
2012071100100271,2012년 7월 11일 11시,수요일,경상남도 창원시 성산구 성산동,경상사고,0,0,1,0,차대차 - 추돌 - 주정차중,안전운전불이행,건조,맑음,교차로 - 교차로부근,화물,남,57세,상해없음,승용,여,32세,경상
2012071100100302,2012년 7월 11일 12시,수요일,경상남도 진주시 하대동,사망사고,1,0,0,0,차대사람 - 횡단중,안전운전불이행,습기,비,교차로 - 교차로안,승용,여,47세,상해없음,보행자,남,7세,사망
2012071100100303,2012년 7월 11일 12시,수요일,경상남도 진주시 집현면,중상사고,0,2,0,0,차대차 - 기타,안전운전불이행,건조,맑음,단일로 - 기타,승용,여,51세,상해없음,원동기,남,75세,중상
2012071100100304,2012년 7월 11일 12시,수요일,경상남도 진주시 상평동,중상사고,0,1,0,0,차대차 - 기타,안전운전불이행,건조,맑음,교차로 - 교차로안,승용,남,40세,상해없음,승용,여,45세,상해없음
2012071100100305,2012년 7월 11일 12시,수요일,경상남도 거제시 장평동,경상사고,0,0,1,0,차대차 - 추돌 - 진행중,안전운전불이행,습기,비,교차로 - 교차로안,승용,남,55세,상해없음,이륜,남,32세,경상
2012071100100333,2012년 7월 11일 14시,수요일,경상남도 김해시 상동면,중상사고,0,4,0,0,차량단독 - 공작물충돌,안전운전불이행,습기,비,단일로 - 기타,승용,남,18세,기타불명,,,,
2012071100100348,2012년 7월 11일 14시,수요일,경상남도 함양군 서하면,중상사고,0,1,1,0,차량단독 - 공작물충돌,안전운전불이행,습기,비,단일로 - 교량,승용,남,60세,상해없음,,,,
2012071100100352,2012년 7월 11일 14시,수요일,경상남도 거제시 고현동,경상사고,0,0,1,0,차대사람 - 횡단중,기타,습기,비,단일로 - 횡단보도부근,승용,남,22세,상해없음,보행자,여,10세,경상
2012071100100378,2012년 7월 11일 15시,수요일,경상남도 함양군 안의면,경상사고,0,0,1,0,차대차 - 기타,불법유턴,습기,비,단일로 - 기타,승합,남,57세,상해없음,승용,남,26세,경상
2012071100100379,2012년 7월 11일 15시,수요일,경상남도 의령군 의령읍,경상사고,0,0,1,0,차대차 - 측면직각충돌,교차로운행방법위반,습기,흐림,교차로 - 교차로안,승용,남,66세,상해없음,화물,여,55세,상해없음
2012071100100399,2012년 7월 11일 16시,수요일,경상남도 합천군 합천읍,경상사고,0,0,1,0,차량단독 - 공작물충돌,안전운전불이행,습기,비,단일로 - 기타,승용,여,35세,경상,,,,
2012071100100437,2012년 7월 11일 17시,수요일,경상남도 고성군 고성읍,경상사고,0,0,2,0,차대차 - 측면직각충돌,신호위반,건조,맑음,교차로 - 교차로안,화물,남,51세,상해없음,승용,남,73세,경상
2012071100100438,2012년 7월 11일 17시,수요일,경상남도 창원시 성산구 사파동,중상사고,0,1,0,0,차대사람 - 횡단중,안전운전불이행,습기,흐림,단일로 - 기타,승용,남,47세,상해없음,보행자,여,32세,중상
2012071100100439,2012년 7월 11일 17시,수요일,경상남도 창원시 마산회원구 양덕동,경상사고,0,0,1,0,차대차 - 측면직각충돌,신호위반,건조,맑음,교차로 - 교차로안,이륜,남,18세,경상,승용,남,29세,상해없음
2012071100100477,2012년 7월 11일 18시,수요일,경상남도 진주시 장대동,중상사고,0,2,3,0,차대차 - 추돌 - 진행중,안전운전불이행,건조,맑음,교차로 - 교차로안,승합,남,44세,상해없음,승용,남,50세,상해없음
2012071100100512,2012년 7월 11일 19시,수요일,경상남도 진주시 평거동,중상사고,0,1,0,0,차대차 - 기타,안전운전불이행,건조,맑음,교차로 - 교차로부근,승용,남,53세,상해없음,자전거,여,59세,중상
2012071100100545,2012년 7월 11일 20시,수요일,경상남도 창원시 마산회원구 석전동,경상사고,0,0,1,0,차대차 - 측면직각충돌,신호위반,건조,맑음,교차로 - 교차로안,승용,남,62세,상해없음,승용,남,33세,경상
2012071100100546,2012년 7월 11일 20시,수요일,경상남도 창원시 의창구 서상동,중상사고,0,1,1,0,차대차 - 추돌 - 진행중,안전거리미확보,습기,비,교차로 - 교차로부근,승용,남,53세,상해없음,승용,남,55세,중상
2012071100100572,2012년 7월 11일 21시,수요일,경상남도 김해시 구산동,중상사고,0,1,0,0,차대차 - 정면충돌,신호위반,습기,비,교차로 - 교차로안,승용,여,32세,상해없음,이륜,남,18세,중상
2012071100100614,2012년 7월 11일 22시,수요일,경상남도 사천시 사천읍,중상사고,0,1,0,0,차대차 - 정면충돌,신호위반,습기,흐림,교차로 - 교차로안,승용,여,25세,상해없음,승용,여,34세,중상
2012071100100647,2012년 7월 11일 23시,수요일,경상남도 밀양시 내일동,경상사고,0,0,2,0,차대차 - 정면충돌,중앙선침범,습기,흐림,단일로 - 기타,승용,남,38세,상해없음,승용,남,57세,경상
2012071100100648,2012년 7월 11일 23시,수요일,경상남도 창원시 마산회원구 내서읍,경상사고,0,0,2,0,차대차 - 측면직각충돌,안전운전불이행,습기,흐림,단일로 - 기타,승용,남,19세,경상,승용,남,57세,경상
2012071200100019,2012년 7월 12일 00시,목요일,경상남도 창원시 진해구 풍호동,경상사고,0,0,1,0,차대차 - 추돌 - 진행중,안전거리미확보,습기,흐림,미분류 - 미분류,승용,남,31세,상해없음,승용,남,29세,경상
2012071200100038,2012년 7월 12일 01시,목요일,경상남도 거제시 장평동,중상사고,0,1,0,0,차대차 - 추돌 - 진행중,안전운전불이행,건조,흐림,교차로 - 교차로부근,승용,남,33세,상해없음,승용,남,57세,중상
2012071200100083,2012년 7월 12일 05시,목요일,경상남도 사천시 사천읍,중상사고,0,1,0,0,차대차 - 기타,신호위반,습기,흐림,교차로 - 교차로안,화물,남,41세,상해없음,승용,남,63세,중상
2012071200100084,2012년 7월 12일 05시,목요일,경상남도 김해시 어방동,중상사고,0,1,0,0,차대차 - 측면직각충돌,신호위반,건조,흐림,교차로 - 교차로안,승용,남,38세,상해없음,승용,남,57세,중상
2012071200100149,2012년 7월 12일 08시,목요일,경상남도 창원시 마산합포구 덕동동,중상사고,0,2,0,0,차량단독 - 도로외이탈 - 추락,안전운전불이행,습기,흐림,단일로 - 기타,화물,남,53세,상해없음,,,,
2012071200100150,2012년 7월 12일 08시,목요일,경상남도 창원시 마산합포구 교방동,중상사고,0,1,0,0,차대차 - 측면직각충돌,안전운전불이행,건조,맑음,교차로 - 교차로부근,승용,남,55세,상해없음,승용,남,31세,중상
2012071200100151,2012년 7월 12일 08시,목요일,경상남도 사천시 좌룡동,중상사고,0,1,1,0,차대차 - 정면충돌,교차로운행방법위반,건조,맑음,교차로 - 교차로안,승용,남,60세,상해없음,이륜,남,26세,중상
2012071200100152,2012년 7월 12일 08시,목요일,경상남도 밀양시 삼문동,중상사고,0,1,0,0,차대차 - 추돌 - 주정차중,안전운전불이행,건조,맑음,단일로 - 기타,화물,여,47세,상해없음,화물,남,50세,기타불명
2012071200100153,2012년 7월 12일 08시,목요일,경상남도 양산시 중부동,경상사고,0,0,2,0,차대차 - 기타,교차로운행방법위반,건조,맑음,교차로 - 교차로안,승합,남,37세,상해없음,승용,남,18세,경상
2012071200100154,2012년 7월 12일 08시,목요일,경상남도 거제시 사등면,중상사고,0,1,1,0,차대차 - 추돌 - 진행중,안전운전불이행,건조,맑음,단일로 - 기타,화물,남,45세,상해없음,승용,남,48세,중상
2012071200100155,2012년 7월 12일 08시,목요일,경상남도 창원시 의창구 봉곡동,중상사고,0,1,0,0,차대차 - 기타,교차로운행방법위반,건조,맑음,교차로 - 교차로안,화물,남,53세,상해없음,자전거,남,29세,중상
2012071200100188,2012년 7월 12일 09시,목요일,경상남도 함안군 군북면,중상사고,0,1,0,0,차대차 - 기타,안전운전불이행,건조,흐림,단일로 - 기타,승용,여,43세,상해없음,이륜,여,52세,중상
2012071200100242,2012년 7월 12일 12시,목요일,경상남도 통영시 중앙동,중상사고,0,1,0,0,차대차 - 측면직각충돌,안전운전불이행,건조,맑음,단일로 - 기타,이륜,여,50세,중상,승합,남,40세,상해없음
2012071200100243,2012년 7월 12일 12시,목요일,경상남도 김해시 한림면,중상사고,0,4,1,0,차대차 - 추돌 - 주정차중,안전운전불이행,건조,맑음,교차로 - 교차로부근,승용,남,65세,상해없음,승합,남,43세,중상
2012071200100264,2012년 7월 12일 13시,목요일,경상남도 거창군 신원면,중상사고,0,1,0,0,차량단독 - 도로외이탈 - 기타,안전운전불이행,건조,맑음,기타 - 기타,승합,남,22세,상해없음,,,,
2012071200100265,2012년 7월 12일 13시,목요일,경상남도 창원시 성산구 남양동,중상사고,0,1,0,0,차대차 - 측면직각충돌,교차로운행방법위반,건조,맑음,교차로 - 교차로안,승용,남,72세,상해없음,원동기,남,32세,중상
2012071200100266,2012년 7월 12일 13시,목요일,경상남도 창원시 성산구 반지동,경상사고,0,0,1,0,차대차 - 측면직각충돌,안전운전불이행,건조,맑음,단일로 - 기타,승용,남,40세,상해없음,승용,남,47세,경상
2012071200100300,2012년 7월 12일 14시,목요일,경상남도 창원시 마산합포구 해운동,중상사고,0,1,0,0,차대차 - 기타,교차로운행방법위반,건조,맑음,교차로 - 교차로안,승용,남,51세,상해없음,자전거,남,26세,중상
2012071200100301,2012년 7월 12일 14시,목요일,경상남도 창원시 진해구 경화동,경상사고,0,0,1,0,차대사람 - 횡단중,보행자보호의무위반,건조,맑음,교차로 - 교차로부근,기타불명,기타불명,기타불명,기타불명,보행자,여,11세,경상
2012071200100302,2012년 7월 12일 14시,목요일,경상남도 양산시 덕계동,경상사고,0,0,1,0,차량단독 - 기타,안전운전불이행,습기,비,기타 - 기타,승용,여,53세,상해없음,,,,
2012071200100326,2012년 7월 12일 15시,목요일,경상남도 진주시 망경동,경상사고,0,0,1,0,차대사람 - 횡단중,보행자보호의무위반,건조,맑음,교차로 - 교차로부근,화물,남,59세,상해없음,보행자,여,65세,경상
2012071200100327,2012년 7월 12일 15시,목요일,경상남도 김해시 삼계동,중상사고,0,1,0,0,차대차 - 측면직각충돌,안전운전불이행,건조,맑음,단일로 - 기타,승용,여,49세,상해없음,승용,여,45세,중상
2012071200100328,2012년 7월 12일 15시,목요일,경상남도 창원시 성산구 상남동,중상사고,0,1,0,0,차대사람 - 횡단중,안전운전불이행,건조,맑음,단일로 - 횡단보도상,승용,남,37세,상해없음,보행자,여,8세,중상
2012071200100329,2012년 7월 12일 15시,목요일,경상남도 창원시 마산회원구 회원동,중상사고,0,1,0,0,차대차 - 추돌 - 주정차중,안전운전불이행,건조,맑음,교차로 - 교차로부근,승용,여,44세,상해없음,승용,여,56세,중상
2012071200100366,2012년 7월 12일 16시,목요일,경상남도 사천시 정동면,경상사고,0,0,1,0,차대차 - 기타,중앙선침범,건조,맑음,단일로 - 기타,원동기,여,67세,경상,승용,여,38세,상해없음
2012071200100367,2012년 7월 12일 16시,목요일,경상남도 창원시 마산합포구 산호동,중상사고,0,2,3,0,차대차 - 추돌 - 주정차중,안전운전불이행,건조,맑음,단일로 - 기타,화물,남,32세,상해없음,승용,남,40세,경상
2012071200100401,2012년 7월 12일 17시,목요일,경상남도 하동군 금남면,중상사고,0,1,2,0,차대차 - 기타,안전운전불이행,건조,맑음,단일로 - 기타,화물,남,70세,상해없음,승용,남,36세,중상
2012071200100402,2012년 7월 12일 17시,목요일,경상남도 거제시 장평동,중상사고,0,1,0,0,차대차 - 추돌 - 진행중,직진우회전진행방해,건조,맑음,교차로 - 교차로안,승용,여,25세,상해없음,승용,여,32세,중상
2012071200100403,2012년 7월 12일 17시,목요일,경상남도 거제시 옥포동,중상사고,0,1,0,0,차대사람 - 횡단중,보행자보호의무위반,건조,맑음,단일로 - 기타,승용,남,58세,상해없음,보행자,남,13세,중상
2012071200100430,2012년 7월 12일 18시,목요일,경상남도 김해시 동상동,경상사고,0,0,1,0,차대차 - 측면직각충돌,교차로운행방법위반,건조,맑음,교차로 - 교차로안,승용,여,40세,상해없음,승용,여,39세,경상
2012071200100431,2012년 7월 12일 18시,목요일,경상남도 거제시 장승포동,경상사고,0,0,1,0,차대사람 - 보도통행중,보행자보호의무위반,건조,맑음,교차로 - 교차로안,승용,남,25세,상해없음,보행자,남,9세,경상
2012071200100432,2012년 7월 12일 18시,목요일,경상남도 김해시 장유면,경상사고,0,0,1,0,차대사람 - 기타,안전운전불이행,건조,맑음,단일로 - 기타,자전거,여,22세,상해없음,보행자,남,8세,경상
2012071200100462,2012년 7월 12일 19시,목요일,경상남도 김해시 서상동,경상사고,0,0,1,0,차대차 - 추돌 - 주정차중,안전운전불이행,건조,맑음,단일로 - 기타,승용,남,58세,상해없음,자전거,여,27세,경상
2012071200100505,2012년 7월 12일 20시,목요일,경상남도 창원시 마산합포구 자산동,중상사고,0,1,1,0,차대차 - 측면직각충돌,안전운전불이행,건조,맑음,교차로 - 교차로부근,승용,남,15세,상해없음,승용,남,58세,경상
2012071200100506,2012년 7월 12일 20시,목요일,경상남도 양산시 동면,사망사고,1,1,0,0,차대차 - 기타,안전운전불이행,건조,맑음,교차로 - 교차로부근,화물,남,23세,사망,화물,남,20세,중상
2012071200100507,2012년 7월 12일 20시,목요일,경상남도 양산시 삼호동,중상사고,0,1,0,0,차량단독 - 공작물충돌,안전운전불이행,건조,맑음,단일로 - 기타,승용,여,51세,상해없음,,,,
2012071200100508,2012년 7월 12일 20시,목요일,경상남도 거제시 장승포동,경상사고,0,0,1,0,차대차 - 기타,안전운전불이행,건조,맑음,교차로 - 교차로안,이륜,남,43세,상해없음,승용,남,28세,경상
2012071200100539,2012년 7월 12일 21시,목요일,경상남도 고성군 고성읍,경상사고,0,0,1,0,차대차 - 측면직각충돌,교차로운행방법위반,건조,맑음,교차로 - 교차로안,승용,남,63세,상해없음,원동기,남,16세,경상
2012071200100540,2012년 7월 12일 21시,목요일,경상남도 창원시 의창구 사림동,중상사고,0,1,0,0,차대차 - 측면직각충돌,직진우회전진행방해,건조,맑음,교차로 - 교차로안,승용,남,32세,상해없음,자전거,남,25세,중상
2012071200100541,2012년 7월 12일 21시,목요일,경상남도 창원시 의창구 도계동,중상사고,0,1,3,0,차대차 - 기타,안전거리미확보,습기,맑음,단일로 - 기타,승용,남,45세,상해없음,승용,남,57세,경상
2012071200100574,2012년 7월 12일 22시,목요일,경상남도 창원시 마산합포구 신포동1가,경상사고,0,0,1,0,차대차 - 기타,안전거리미확보,건조,맑음,단일로 - 기타,승합,여,51세,상해없음,승용,남,57세,상해없음
2012071200100575,2012년 7월 12일 22시,목요일,경상남도 거제시 상동동,경상사고,0,0,1,0,차대차 - 기타,안전거리미확보,건조,맑음,단일로 - 기타,승용,여,25세,상해없음,승용,남,47세,경상
2012071200100576,2012년 7월 12일 22시,목요일,경상남도 창원시 마산회원구 석전동,중상사고,0,1,0,0,차대차 - 추돌 - 주정차중,안전운전불이행,건조,맑음,교차로 - 교차로부근,승용,남,53세,상해없음,화물,여,50세,중상
2012071200100608,2012년 7월 12일 23시,목요일,경상남도 창원시 의창구 팔용동,경상사고,0,0,1,0,차대사람 - 기타,안전운전불이행,건조,맑음,단일로 - 기타,승용,여,46세,기타불명,보행자,남,37세,경상
2012071300100014,2012년 7월 13일 00시,금요일,경상남도 창원시 의창구 동읍,경상사고,0,0,1,0,차대사람 - 차도통행중,안전운전불이행,건조,맑음,단일로 - 기타,승용,남,22세,상해없음,보행자,남,42세,경상
2012071300100021,2012년 7월 13일 01시,금요일,경상남도 창원시 성산구 상남동,중상사고,0,1,0,0,차대사람 - 기타,교차로운행방법위반,건조,맑음,교차로 - 교차로안,승용,남,63세,상해없음,보행자,남,39세,중상
2012071300100044,2012년 7월 13일 02시,금요일,경상남도 창원시 마산합포구 오동동,경상사고,0,0,1,0,차대차 - 측면직각충돌,안전운전불이행,습기,비,단일로 - 기타,승용,남,25세,경상,승용,남,39세,상해없음
2012071300100074,2012년 7월 13일 03시,금요일,경상남도 사천시 동동,중상사고,0,1,0,0,차량단독 - 기타,안전운전불이행,건조,흐림,단일로 - 기타,승용,남,59세,상해없음,,,,
2012071300100172,2012년 7월 13일 08시,금요일,경상남도 양산시 삼호동,경상사고,0,0,1,0,차대차 - 측면직각충돌,안전운전불이행,건조,맑음,교차로 - 교차로부근,승용,남,45세,상해없음,승용,남,30세,경상
2012071300100220,2012년 7월 13일 10시,금요일,경상남도 창원시 마산합포구 신포동2가,중상사고,0,1,0,0,차대차 - 측면직각충돌,신호위반,건조,흐림,교차로 - 교차로안,승용,여,44세,상해없음,승용,여,44세,중상
2012071300100221,2012년 7월 13일 10시,금요일,경상남도 김해시 동상동,경상사고,0,0,2,0,차대차 - 측면직각충돌,신호위반,건조,맑음,교차로 - 교차로안,승용,남,46세,상해없음,승용,여,30세,경상
2012071300100283,2012년 7월 13일 13시,금요일,경상남도 김해시 어방동,중상사고,0,1,0,0,차대차 - 측면직각충돌,안전운전불이행,건조,맑음,단일로 - 기타,승용,남,27세,상해없음,원동기,남,28세,중상
2012071300100332,2012년 7월 13일 15시,금요일,경상남도 창원시 진해구 행암동,중상사고,0,1,0,0,차대차 - 정면충돌,중앙선침범,건조,맑음,기타 - 기타,승용,남,38세,기타불명,승용,여,50세,중상
2012071300100369,2012년 7월 13일 16시,금요일,경상남도 김해시 삼계동,중상사고,0,1,0,0,차대사람 - 횡단중,안전운전불이행,건조,맑음,단일로 - 기타,승용,남,42세,상해없음,보행자,남,75세,중상
2012071300100405,2012년 7월 13일 17시,금요일,경상남도 창원시 진해구 이동,경상사고,0,0,2,0,차대차 - 추돌 - 진행중,안전거리미확보,건조,맑음,단일로 - 기타,승용,남,55세,상해없음,승용,남,34세,상해없음
2012071300100406,2012년 7월 13일 17시,금요일,경상남도 고성군 거류면,중상사고,0,1,0,0,차대사람 - 횡단중,안전운전불이행,건조,맑음,단일로 - 기타,승용,남,37세,상해없음,보행자,남,6세,중상
2012071300100449,2012년 7월 13일 18시,금요일,경상남도 창원시 마산합포구 신포동2가,경상사고,0,0,1,0,차대차 - 기타,신호위반,건조,맑음,교차로 - 교차로안,승용,남,52세,상해없음,원동기,남,18세,경상
2012071300100450,2012년 7월 13일 18시,금요일,경상남도 사천시 사천읍,경상사고,0,0,2,0,차대차 - 기타,안전운전불이행,건조,맑음,단일로 - 기타,승용,남,47세,상해없음,승용,남,31세,상해없음
2012071300100451,2012년 7월 13일 18시,금요일,경상남도 창원시 마산회원구 양덕동,경상사고,0,0,1,0,차대차 - 측면직각충돌,안전운전불이행,건조,맑음,교차로 - 교차로안,승용,남,59세,상해없음,화물,남,33세,경상
2012071300100452,2012년 7월 13일 18시,금요일,경상남도 김해시 장유면,중상사고,0,1,1,0,차대차 - 측면직각충돌,안전운전불이행,건조,맑음,교차로 - 교차로부근,승용,남,42세,상해없음,승용,여,34세,상해없음
2012071300100483,2012년 7월 13일 19시,금요일,경상남도 통영시 동호동,경상사고,0,0,1,0,차대사람 - 횡단중,보행자보호의무위반,습기,흐림,단일로 - 횡단보도상,승용,남,54세,상해없음,보행자,여,40세,경상
2012071300100484,2012년 7월 13일 19시,금요일,경상남도 김해시 구산동,경상사고,0,0,1,0,차량단독 - 공작물충돌,안전운전불이행,건조,맑음,단일로 - 기타,승용,여,52세,상해없음,,,,
2012071300100485,2012년 7월 13일 19시,금요일,경상남도 김해시 삼계동,중상사고,0,1,0,0,차대사람 - 횡단중,안전운전불이행,건조,맑음,교차로 - 교차로부근,승용,여,37세,상해없음,보행자,남,15세,중상
2012071300100486,2012년 7월 13일 19시,금요일,경상남도 거제시 옥포동,경상사고,0,0,1,0,차대차 - 측면직각충돌,안전운전불이행,습기,비,교차로 - 교차로부근,승용,남,57세,상해없음,화물,남,29세,기타불명
2012071300100526,2012년 7월 13일 20시,금요일,경상남도 통영시 무전동,경상사고,0,0,1,0,차대차 - 측면직각충돌,교차로운행방법위반,습기,비,교차로 - 교차로안,승용,남,51세,상해없음,승용,남,54세,상해없음
2012071300100527,2012년 7월 13일 20시,금요일,경상남도 양산시 명동,중상사고,0,1,0,0,차대차 - 측면직각충돌,안전운전불이행,습기,비,단일로 - 기타,승용,여,43세,기타불명,승용,여,43세,중상
2012071300100528,2012년 7월 13일 20시,금요일,경상남도 양산시 동면,경상사고,0,0,4,0,차대차 - 기타,안전운전불이행,습기,비,단일로 - 기타,승용,남,65세,상해없음,승용,남,38세,경상
2012071300100529,2012년 7월 13일 20시,금요일,경상남도 창원시 의창구 팔용동,경상사고,0,0,1,0,차대사람 - 기타,안전운전불이행,습기,비,단일로 - 기타,승합,남,54세,상해없음,보행자,남,26세,경상
2012071300100530,2012년 7월 13일 20시,금요일,경상남도 창원시 의창구 소답동,경상사고,0,0,1,0,차대차 - 측면직각충돌,신호위반,습기,비,교차로 - 교차로안,승용,남,30세,상해없음,원동기,남,51세,경상
2012071300100577,2012년 7월 13일 21시,금요일,경상남도 김해시 삼방동,중상사고,0,1,0,0,차대사람 - 횡단중,보행자보호의무위반,습기,비,교차로 - 교차로안,승합,남,53세,상해없음,보행자,여,35세,중상
2012071300100578,2012년 7월 13일 21시,금요일,경상남도 양산시 평산동,부상신고사고,0,0,0,1,차대차 - 측면직각충돌,안전운전불이행,습기,비,단일로 - 기타,승용,남,38세,상해없음,승용,남,30세,부상신고
2012071300100579,2012년 7월 13일 21시,금요일,경상남도 양산시 물금읍,경상사고,0,0,1,0,차대차 - 측면직각충돌,안전운전불이행,습기,비,교차로 - 교차로안,승용,여,48세,상해없음,원동기,남,51세,경상
2012071300100618,2012년 7월 13일 22시,금요일,경상남도 진주시 상평동,중상사고,0,1,0,0,차대사람 - 기타,안전운전불이행,건조,맑음,단일로 - 기타,승용,남,55세,상해없음,보행자,남,57세,중상
2012071300100619,2012년 7월 13일 22시,금요일,경상남도 창원시 진해구 용원동,경상사고,0,0,1,0,차대차 - 측면직각충돌,중앙선침범,습기,비,단일로 - 기타,승용,남,30세,상해없음,승용,남,40세,경상