사고번호,사고일시,요일,시군구,사고내용,사망자수,중상자수,경상자수,부상신고자수,사고유형,법규위반,노면상태,기상상태,도로형태,가해운전자 차종,가해운전자 성별,가해운전자 연령,가해운전자 상해정도,피해운전자 차종,피해운전자 성별,피해운전자 연령,피해운전자 상해정도
2012071900100414,2012년 7월 19일 17시,목요일,경상남도 통영시 광도면,중상사고,0,1,0,0,차대차 - 측면직각충돌,직진우회전진행방해,건조,맑음,교차로 - 교차로안,승용,여,40세,상해없음,승용,남,41세,중상
2012071900100415,2012년 7월 19일 17시,목요일,경상남도 양산시 물금읍,중상사고,0,1,0,0,차대차 - 추돌 - 주정차중,안전운전불이행,건조,맑음,기타 - 기타,자전거,남,5세,중상,화물,남,40세,기타불명
2012071900100416,2012년 7월 19일 17시,목요일,경상남도 창원시 마산회원구 석전동,경상사고,0,0,1,0,차대차 - 측면직각충돌,안전운전불이행,건조,맑음,교차로 - 교차로안,승용,남,75세,상해없음,승용,남,40세,경상
2012071900100449,2012년 7월 19일 18시,목요일,경상남도 양산시 물금읍,경상사고,0,0,2,0,차대차 - 측면직각충돌,안전운전불이행,건조,맑음,교차로 - 교차로부근,승용,남,39세,경상,승용,여,41세,경상
2012071900100450,2012년 7월 19일 18시,목요일,경상남도 창원시 마산합포구 산호동,경상사고,0,0,1,0,차대사람 - 횡단중,신호위반,건조,맑음,단일로 - 횡단보도상,승용,남,32세,상해없음,보행자,남,7세,경상
2012071900100451,2012년 7월 19일 18시,목요일,경상남도 창원시 의창구 동읍,중상사고,0,1,0,0,차대차 - 기타,안전운전불이행,건조,맑음,교차로 - 교차로안,승용,남,51세,상해없음,농기계,남,69세,중상
2012071900100478,2012년 7월 19일 19시,목요일,경상남도 사천시 사천읍,경상사고,0,0,1,0,차대차 - 추돌 - 주정차중,안전운전불이행,습기,비,단일로 - 기타,승용,남,33세,상해없음,승용,남,58세,경상
2012071900100479,2012년 7월 19일 19시,목요일,경상남도 김해시 내동,중상사고,0,2,0,1,차대차 - 측면직각충돌,안전거리미확보,건조,맑음,단일로 - 기타,승용,남,49세,상해없음,승용,남,37세,부상신고
2012071900100480,2012년 7월 19일 19시,목요일,경상남도 창원시 마산회원구 양덕동,경상사고,0,0,1,0,차대사람 - 횡단중,안전운전불이행,건조,맑음,교차로 - 교차로부근,승용,남,34세,상해없음,보행자,남,14세,경상
2012071900100481,2012년 7월 19일 19시,목요일,경상남도 합천군 가야면,경상사고,0,0,3,0,차대차 - 정면충돌,중앙선침범,건조,흐림,단일로 - 교량,승용,남,29세,상해없음,승합,남,38세,경상
2012071900100482,2012년 7월 19일 19시,목요일,경상남도 진주시 호탄동,중상사고,0,1,0,0,차대차 - 추돌 - 진행중,안전운전불이행,습기,비,단일로 - 기타,승용,남,61세,상해없음,승합,남,28세,상해없음
2012071900100535,2012년 7월 19일 21시,목요일,경상남도 김해시 구산동,경상사고,0,0,1,0,차대사람 - 차도통행중,안전운전불이행,건조,맑음,단일로 - 기타,화물,남,35세,상해없음,보행자,남,16세,경상
2012071900100536,2012년 7월 19일 21시,목요일,경상남도 거제시 두모동,중상사고,0,1,0,0,차대차 - 추돌 - 진행중,안전운전불이행,건조,맑음,단일로 - 기타,승용,남,30세,상해없음,승용,남,37세,중상
2012071900100537,2012년 7월 19일 21시,목요일,경상남도 창원시 의창구 소계동,부상신고사고,0,0,0,1,차대사람 - 기타,안전운전불이행,건조,맑음,단일로 - 기타,승용,남,18세,상해없음,보행자,남,16세,부상신고
2012072000100074,2012년 7월 20일 02시,금요일,경상남도 거제시 고현동,경상사고,0,0,1,2,차대차 - 측면직각충돌,안전운전불이행,건조,맑음,교차로 - 교차로안,승용,여,28세,상해없음,승용,남,41세,상해없음
2012072000100075,2012년 7월 20일 02시,금요일,경상남도 창원시 마산회원구 합성동,중상사고,0,2,0,0,차대차 - 추돌 - 주정차중,안전운전불이행,건조,맑음,단일로 - 기타,승용,남,26세,상해없음,승용,남,51세,중상
2012072000100098,2012년 7월 20일 04시,금요일,경상남도 창원시 마산회원구 양덕동,중상사고,0,2,1,0,차대차 - 측면직각충돌,신호위반,건조,맑음,교차로 - 교차로안,이륜,남,22세,경상,승용,남,55세,상해없음
2012072000100141,2012년 7월 20일 07시,금요일,경상남도 통영시 서호동,경상사고,0,0,4,0,차대차 - 측면직각충돌,안전운전불이행,건조,맑음,교차로 - 교차로안,화물,남,50세,상해없음,승용,남,44세,경상
2012072000100142,2012년 7월 20일 07시,금요일,경상남도 김해시 내동,경상사고,0,0,1,0,차대차 - 추돌 - 진행중,안전거리미확보,건조,맑음,교차로 - 교차로안,승합,남,29세,상해없음,승용,남,43세,경상
2012072000100143,2012년 7월 20일 07시,금요일,경상남도 창원시 의창구 팔용동,중상사고,0,1,0,0,차대차 - 측면직각충돌,신호위반,건조,맑음,단일로 - 횡단보도상,승용,남,38세,상해없음,자전거,남,29세,중상
2012072000100169,2012년 7월 20일 08시,금요일,경상남도 통영시 무전동,경상사고,0,0,1,0,차대차 - 측면직각충돌,안전운전불이행,건조,맑음,교차로 - 교차로부근,승용,남,72세,상해없음,승용,남,45세,경상
2012072000100170,2012년 7월 20일 08시,금요일,경상남도 밀양시 내이동,중상사고,0,1,0,0,차대차 - 측면직각충돌,안전운전불이행,건조,맑음,교차로 - 교차로안,승용,남,66세,상해없음,승용,여,30세,중상
2012072000100201,2012년 7월 20일 09시,금요일,경상남도 고성군 마암면,경상사고,0,0,1,0,차대사람 - 보도통행중,보행자보호의무위반,건조,맑음,단일로 - 횡단보도상,승용,여,62세,상해없음,보행자,여,54세,경상
2012072000100202,2012년 7월 20일 09시,금요일,경상남도 거제시 장목면,중상사고,0,1,0,0,차대차 - 추돌 - 진행중,안전운전불이행,건조,맑음,단일로 - 기타,화물,남,38세,상해없음,이륜,남,73세,중상
2012072000100203,2012년 7월 20일 09시,금요일,경상남도 창원시 성산구 사파동,중상사고,0,1,3,0,차대차 - 추돌 - 주정차중,안전운전불이행,건조,맑음,단일로 - 기타,승용,여,32세,상해없음,승용,남,28세,중상
2012072000100204,2012년 7월 20일 09시,금요일,경상남도 창원시 성산구 상남동,경상사고,0,0,1,0,차대사람 - 횡단중,보행자보호의무위반,건조,맑음,교차로 - 교차로안,승용,여,20세,상해없음,보행자,여,45세,경상
2012072000100205,2012년 7월 20일 09시,금요일,경상남도 창원시 성산구 반지동,중상사고,0,2,2,0,차대차 - 측면직각충돌,신호위반,건조,맑음,교차로 - 교차로안,승합,남,30세,상해없음,승용,여,34세,경상
2012072000100225,2012년 7월 20일 10시,금요일,경상남도 김해시 구산동,중상사고,0,1,2,0,차대차 - 측면직각충돌,교차로운행방법위반,건조,맑음,교차로 - 교차로안,승용,남,39세,경상,승용,남,52세,중상
2012072000100226,2012년 7월 20일 10시,금요일,경상남도 양산시 북부동,경상사고,0,0,1,0,차대차 - 기타,안전운전불이행,건조,맑음,단일로 - 기타,승용,남,39세,상해없음,승용,여,50세,경상
2012072000100261,2012년 7월 20일 11시,금요일,경상남도 함안군 칠서면,경상사고,0,0,1,0,차대차 - 측면직각충돌,안전운전불이행,건조,맑음,단일로 - 기타,승용,여,47세,상해없음,화물,남,61세,경상
2012072000100289,2012년 7월 20일 12시,금요일,경상남도 밀양시 삼문동,중상사고,0,1,0,0,차대차 - 측면직각충돌,교차로운행방법위반,건조,맑음,교차로 - 교차로안,승용,남,43세,상해없음,승용,여,44세,중상
2012072000100290,2012년 7월 20일 12시,금요일,경상남도 거제시 남부면,중상사고,0,1,0,0,차대차 - 추돌 - 진행중,중앙선침범,건조,맑음,기타 - 기타,승용,남,27세,상해없음,승용,여,49세,중상
2012072000100316,2012년 7월 20일 13시,금요일,경상남도 창원시 마산합포구 오동동,경상사고,0,0,1,0,차대사람 - 기타,안전운전불이행,건조,맑음,단일로 - 기타,승합,남,38세,상해없음,보행자,여,28세,경상
2012072000100317,2012년 7월 20일 13시,금요일,경상남도 함안군 산인면,중상사고,0,1,0,0,차대차 - 측면직각충돌,안전거리미확보,건조,맑음,단일로 - 기타,화물,남,74세,상해없음,승용,남,61세,중상
2012072000100350,2012년 7월 20일 14시,금요일,경상남도 창원시 마산합포구 월영동,경상사고,0,0,2,0,차대차 - 측면직각충돌,안전거리미확보,건조,맑음,단일로 - 기타,승용,남,25세,상해없음,승용,여,38세,경상
2012072000100351,2012년 7월 20일 14시,금요일,경상남도 합천군 삼가면,중상사고,0,1,0,0,차대차 - 기타,교차로운행방법위반,건조,맑음,교차로 - 교차로안,승합,남,50세,상해없음,원동기,남,41세,중상
2012072000100352,2012년 7월 20일 14시,금요일,경상남도 거제시 연초면,경상사고,0,0,1,0,차대차 - 추돌 - 진행중,안전운전불이행,건조,맑음,교차로 - 교차로부근,화물,남,28세,상해없음,승용,여,40세,경상
2012072000100353,2012년 7월 20일 14시,금요일,경상남도 김해시 한림면,중상사고,0,2,1,0,차대차 - 기타,안전거리미확보,건조,맑음,단일로 - 기타,건설기계,남,58세,상해없음,승용,남,53세,경상
2012072000100387,2012년 7월 20일 15시,금요일,경상남도 창원시 진해구 용원동,경상사고,0,0,1,0,차대차 - 측면직각충돌,교차로운행방법위반,건조,맑음,교차로 - 교차로안,승용,남,36세,상해없음,승용,남,52세,경상
2012072000100388,2012년 7월 20일 15시,금요일,경상남도 창원시 의창구 대원동,중상사고,0,1,0,0,차대사람 - 횡단중,안전운전불이행,건조,맑음,단일로 - 기타,승용,남,32세,상해없음,보행자,여,11세,중상
2012072000100389,2012년 7월 20일 15시,금요일,경상남도 김해시 장유면,중상사고,0,1,0,0,차대사람 - 횡단중,보행자보호의무위반,건조,맑음,단일로 - 기타,승용,여,49세,상해없음,보행자,여,6세,중상
2012072000100437,2012년 7월 20일 16시,금요일,경상남도 통영시 무전동,중상사고,0,1,8,0,차대차 - 측면직각충돌,안전거리미확보,건조,맑음,단일로 - 기타,승용,남,60세,상해없음,승합,남,45세,경상
2012072000100476,2012년 7월 20일 17시,금요일,경상남도 창녕군 이방면,중상사고,0,1,0,0,차대차 - 측면직각충돌,안전운전불이행,건조,맑음,교차로 - 교차로안,승용,여,34세,상해없음,승용,남,26세,중상
2012072000100518,2012년 7월 20일 18시,금요일,경상남도 사천시 죽림동,중상사고,0,2,0,0,차대차 - 추돌 - 주정차중,안전운전불이행,건조,맑음,단일로 - 기타,승용,남,31세,상해없음,승용,여,43세,중상
2012072000100519,2012년 7월 20일 18시,금요일,경상남도 거창군 거창읍,중상사고,0,1,0,0,차대차 - 추돌 - 주정차중,안전운전불이행,건조,맑음,단일로 - 기타,원동기,남,53세,중상,이륜,남,43세,기타불명
2012072000100520,2012년 7월 20일 18시,금요일,경상남도 양산시 북정동,부상신고사고,0,0,0,5,차대차 - 기타,중앙선침범,습기,비,단일로 - 기타,승합,남,62세,상해없음,승용,남,46세,상해없음
2012072000100521,2012년 7월 20일 18시,금요일,경상남도 양산시 매곡동,중상사고,0,1,0,0,차대차 - 기타,교차로운행방법위반,건조,맑음,교차로 - 교차로안,승용,남,52세,상해없음,자전거,남,64세,중상
2012072000100522,2012년 7월 20일 18시,금요일,경상남도 양산시 평산동,경상사고,0,0,1,0,차대차 - 기타,차로위반,건조,맑음,교차로 - 교차로부근,승용,여,57세,상해없음,원동기,남,45세,경상
2012072000100523,2012년 7월 20일 18시,금요일,경상남도 창원시 마산회원구 회원동,중상사고,0,1,0,0,차대차 - 기타,안전운전불이행,건조,맑음,교차로 - 교차로안,승용,여,43세,상해없음,자전거,남,13세,중상
2012072000100551,2012년 7월 20일 19시,금요일,경상남도 밀양시 활성동,경상사고,0,0,1,1,차대차 - 측면직각충돌,교차로운행방법위반,건조,맑음,교차로 - 교차로안,승용,남,47세,상해없음,승용,남,65세,경상
2012072000100552,2012년 7월 20일 19시,금요일,경상남도 거제시 고현동,경상사고,0,0,1,0,차대사람 - 기타,보행자보호의무위반,건조,맑음,교차로 - 교차로부근,승용,남,54세,상해없음,보행자,남,14세,경상
2012072000100589,2012년 7월 20일 20시,금요일,경상남도 김해시 삼정동,중상사고,0,1,0,0,차대사람 - 길가장자리구역통행중,교차로운행방법위반,건조,맑음,교차로 - 교차로안,승용,남,55세,상해없음,보행자,여,33세,중상
2012072000100590,2012년 7월 20일 20시,금요일,경상남도 거제시 아주동,중상사고,0,1,0,0,차대차 - 기타,신호위반,건조,맑음,교차로 - 교차로안,승용,남,27세,상해없음,승용,남,38세,중상
2012072000100591,2012년 7월 20일 20시,금요일,경상남도 창원시 의창구 중동,경상사고,0,0,1,0,차대차 - 기타,안전운전불이행,건조,맑음,단일로 - 기타,승용,남,48세,상해없음,승용,여,25세,경상
2012072000100592,2012년 7월 20일 20시,금요일,경상남도 김해시 진영읍,경상사고,0,0,2,0,차대차 - 추돌 - 주정차중,안전운전불이행,건조,맑음,교차로 - 교차로부근,화물,남,63세,상해없음,승용,남,40세,경상
2012072000100629,2012년 7월 20일 21시,금요일,경상남도 통영시 광도면,중상사고,0,2,0,0,차대차 - 추돌 - 진행중,안전거리미확보,건조,맑음,단일로 - 기타,화물,남,47세,상해없음,승용,여,55세,중상
2012072000100697,2012년 7월 20일 23시,금요일,경상남도 진주시 하대동,중상사고,0,1,1,0,차대차 - 기타,안전운전불이행,건조,맑음,교차로 - 교차로부근,승용,남,45세,상해없음,화물,여,36세,중상
2012072000100698,2012년 7월 20일 23시,금요일,경상남도 양산시 주진동,중상사고,0,2,1,0,차대차 - 기타,신호위반,건조,맑음,교차로 - 교차로안,승용,남,49세,상해없음,승합,남,45세,경상
2012072000100699,2012년 7월 20일 23시,금요일,경상남도 양산시 삼호동,중상사고,0,1,1,0,차대차 - 기타,안전거리미확보,건조,맑음,단일로 - 기타,승용,남,28세,상해없음,승용,남,30세,경상
2012072000100700,2012년 7월 20일 23시,금요일,경상남도 거제시 일운면,중상사고,0,2,1,0,차대차 - 정면충돌,중앙선침범,습기,비,단일로 - 기타,승용,남,66세,상해없음,승용,남,27세,중상
2012072100100023,2012년 7월 21일 00시,토요일,경상남도 거제시 고현동,중상사고,0,1,0,0,차대사람 - 기타,안전운전불이행,건조,맑음,단일로 - 기타,화물,남,33세,기타불명,보행자,남,39세,중상
2012072100100044,2012년 7월 21일 01시,토요일,경상남도 창원시 마산합포구 해운동,부상신고사고,0,0,0,2,차대차 - 추돌 - 주정차중,안전운전불이행,건조,맑음,단일로 - 기타,승용,남,39세,상해없음,승용,남,33세,부상신고
2012072100100069,2012년 7월 21일 02시,토요일,경상남도 창원시 의창구 용호동,중상사고,0,1,0,0,차대차 - 추돌 - 진행중,안전운전불이행,건조,맑음,단일로 - 기타,승용,남,28세,상해없음,원동기,남,17세,중상
2012072100100156,2012년 7월 21일 07시,토요일,경상남도 통영시 서호동,중상사고,0,1,0,0,차대차 - 추돌 - 주정차중,신호위반,건조,맑음,단일로 - 기타,원동기,남,59세,상해없음,승용,남,45세,상해없음
2012072100100199,2012년 7월 21일 09시,토요일,경상남도 진주시 상대동,경상사고,0,0,1,0,차대차 - 측면직각충돌,신호위반,건조,맑음,교차로 - 교차로안,승용,여,46세,상해없음,승용,남,46세,경상
2012072100100209,2012년 7월 21일 10시,토요일,경상남도 양산시 동면,경상사고,0,0,2,0,차대차 - 추돌 - 진행중,안전거리미확보,건조,맑음,단일로 - 기타,화물,남,61세,상해없음,승용,여,49세,경상
2012072100100244,2012년 7월 21일 11시,토요일,경상남도 진주시 하대동,중상사고,0,1,0,0,차대사람 - 횡단중,안전운전불이행,건조,맑음,단일로 - 기타,승용,남,34세,상해없음,보행자,여,30세,중상
2012072100100281,2012년 7월 21일 12시,토요일,경상남도 창원시 마산합포구 월포동,중상사고,0,1,0,0,차대차 - 측면직각충돌,안전거리미확보,건조,맑음,단일로 - 기타,승용,남,36세,상해없음,원동기,남,62세,중상
2012072100100282,2012년 7월 21일 12시,토요일,경상남도 진주시 상평동,중상사고,0,1,0,0,차대차 - 측면직각충돌,교차로운행방법위반,건조,맑음,교차로 - 교차로안,승용,남,29세,상해없음,승용,남,59세,상해없음
2012072100100283,2012년 7월 21일 12시,토요일,경상남도 사천시 동동,경상사고,0,0,4,0,차대차 - 추돌 - 진행중,안전운전불이행,건조,맑음,단일로 - 기타,화물,남,54세,상해없음,승용,여,30세,경상
2012072100100284,2012년 7월 21일 12시,토요일,경상남도 김해시 지내동,경상사고,0,0,1,0,차대차 - 측면직각충돌,안전거리미확보,건조,맑음,교차로 - 교차로안,승용,여,55세,상해없음,화물,남,55세,상해없음
2012072100100285,2012년 7월 21일 12시,토요일,경상남도 양산시 북부동,중상사고,0,1,0,0,차대차 - 측면직각충돌,안전운전불이행,건조,맑음,교차로 - 교차로안,승합,여,56세,상해없음,자전거,남,13세,중상
2012072100100286,2012년 7월 21일 12시,토요일,경상남도 거제시 옥포동,중상사고,0,1,0,0,차대차 - 기타,중앙선침범,건조,맑음,단일로 - 기타,승용,남,65세,상해없음,원동기,남,18세,중상
2012072100100287,2012년 7월 21일 12시,토요일,경상남도 거제시 고현동,경상사고,0,0,2,0,차대차 - 기타,안전운전불이행,건조,맑음,단일로 - 기타,승용,남,27세,상해없음,승용,남,29세,경상
2012072100100325,2012년 7월 21일 13시,토요일,경상남도 김해시 서상동,중상사고,0,1,0,0,차대차 - 정면충돌,안전운전불이행,건조,맑음,단일로 - 기타,승용,남,46세,상해없음,이륜,남,49세,중상
2012072100100326,2012년 7월 21일 13시,토요일,경상남도 함안군 군북면,경상사고,0,0,2,1,차량단독 - 도로외이탈 - 추락,안전운전불이행,건조,맑음,단일로 - 기타,승용,남,62세,상해없음,,,,
2012072100100327,2012년 7월 21일 13시,토요일,경상남도 창원시 의창구 소답동,경상사고,0,0,1,0,차대차 - 측면직각충돌,중앙선침범,건조,맑음,단일로 - 기타,승용,남,59세,상해없음,승용,남,33세,경상
2012072100100357,2012년 7월 21일 14시,토요일,경상남도 창원시 마산합포구 교방동,경상사고,0,0,1,0,차대차 - 정면충돌,안전운전불이행,건조,맑음,단일로 - 기타,원동기,남,52세,상해없음,원동기,남,63세,경상
2012072100100358,2012년 7월 21일 14시,토요일,경상남도 진주시 봉곡동,중상사고,0,1,2,0,차대차 - 측면직각충돌,중앙선침범,건조,맑음,단일로 - 기타,승용,남,62세,상해없음,승용,남,45세,경상
2012072100100359,2012년 7월 21일 14시,토요일,경상남도 통영시 북신동,중상사고,0,1,0,0,차량단독 - 기타,안전운전불이행,건조,맑음,단일로 - 기타,승합,남,46세,기타불명,,,,
2012072100100360,2012년 7월 21일 14시,토요일,경상남도 김해시 대성동,중상사고,0,1,0,0,차대사람 - 길가장자리구역통행중,안전운전불이행,건조,맑음,단일로 - 기타,승합,남,47세,상해없음,보행자,여,10세,중상
2012072100100390,2012년 7월 21일 15시,토요일,경상남도 창원시 진해구 이동,경상사고,0,0,2,0,차대차 - 추돌 - 주정차중,안전운전불이행,건조,맑음,교차로 - 교차로부근,승용,여,37세,상해없음,승용,남,76세,경상
2012072100100391,2012년 7월 21일 15시,토요일,경상남도 김해시 동상동,중상사고,0,1,0,0,차대차 - 측면직각충돌,안전운전불이행,건조,맑음,단일로 - 기타,승용,남,37세,상해없음,이륜,여,43세,중상
2012072100100392,2012년 7월 21일 15시,토요일,경상남도 김해시 부원동,경상사고,0,0,1,0,차대사람 - 길가장자리구역통행중,안전운전불이행,건조,맑음,단일로 - 기타,승용,남,41세,상해없음,보행자,남,44세,경상
2012072100100393,2012년 7월 21일 15시,토요일,경상남도 합천군 대병면,경상사고,0,0,3,0,차대차 - 측면직각충돌,불법유턴,건조,맑음,기타 - 기타,승용,남,48세,상해없음,승용,남,46세,경상
2012072100100463,2012년 7월 21일 17시,토요일,경상남도 통영시 용남면,부상신고사고,0,0,0,1,차대차 - 측면직각충돌,안전운전불이행,건조,흐림,교차로 - 교차로안,승용,여,43세,상해없음,승용,여,30세,부상신고
2012072100100464,2012년 7월 21일 17시,토요일,경상남도 거제시 장평동,경상사고,0,0,1,0,차대차 - 기타,안전운전불이행,건조,맑음,교차로 - 교차로안,원동기,남,19세,상해없음,원동기,남,19세,경상
2012072100100500,2012년 7월 21일 18시,토요일,경상남도 김해시 삼방동,중상사고,0,1,0,0,차대사람 - 횡단중,안전운전불이행,건조,맑음,교차로 - 교차로부근,승용,여,50세,상해없음,보행자,남,5세,중상
2012072100100501,2012년 7월 21일 18시,토요일,경상남도 창원시 성산구 반지동,경상사고,0,0,1,0,차대사람 - 횡단중,안전운전불이행,건조,맑음,교차로 - 교차로부근,승용,남,58세,상해없음,보행자,여,11세,경상
2012072100100527,2012년 7월 21일 19시,토요일,경상남도 창녕군 창녕읍,중상사고,0,1,1,0,차대차 - 측면직각충돌,불법유턴,건조,맑음,단일로 - 기타,화물,여,51세,상해없음,원동기,남,57세,경상
2012072100100561,2012년 7월 21일 20시,토요일,경상남도 합천군 합천읍,중상사고,0,1,0,0,차량단독 - 공작물충돌,안전운전불이행,건조,맑음,교차로 - 교차로부근,승용,남,37세,중상,,,,
2012072100100603,2012년 7월 21일 21시,토요일,경상남도 김해시 지내동,중상사고,0,1,0,0,차대차 - 추돌 - 진행중,안전운전불이행,건조,기타,단일로 - 기타,승용,남,54세,상해없음,승용,남,21세,중상
2012072100100604,2012년 7월 21일 21시,토요일,경상남도 함양군 안의면,사망사고,1,0,0,0,차량단독 - 기타,안전운전불이행,건조,흐림,단일로 - 기타,원동기,남,60세,사망,,,,
2012072100100605,2012년 7월 21일 21시,토요일,경상남도 창원시 성산구 상남동,경상사고,0,0,1,0,차대사람 - 보도통행중,보행자보호의무위반,건조,맑음,단일로 - 횡단보도상,승합,남,23세,상해없음,보행자,여,29세,경상
2012072100100642,2012년 7월 21일 22시,토요일,경상남도 통영시 태평동,중상사고,0,2,0,0,차대차 - 측면직각충돌,안전운전불이행,건조,맑음,단일로 - 기타,승용,남,40세,상해없음,이륜,남,16세,중상
2012072100100643,2012년 7월 21일 22시,토요일,경상남도 거제시 고현동,경상사고,0,0,1,0,차대차 - 기타,안전운전불이행,건조,맑음,단일로 - 기타,승용,여,48세,상해없음,승용,남,29세,경상
2012072100100644,2012년 7월 21일 22시,토요일,경상남도 거제시 옥포동,경상사고,0,0,1,0,차대사람 - 기타,안전운전불이행,건조,맑음,단일로 - 기타,승용,남,33세,상해없음,보행자,남,28세,경상
2012072100100676,2012년 7월 21일 23시,토요일,경상남도 함양군 지곡면,중상사고,0,1,0,0,차대차 - 기타,중앙선침범,건조,맑음,단일로 - 기타,화물,남,43세,상해없음,승용,남,46세,중상
2012072200100018,2012년 7월 22일 00시,일요일,경상남도 진주시 칠암동,중상사고,0,3,0,0,차대차 - 측면직각충돌,차로위반,건조,맑음,단일로 - 기타,승용,남,43세,상해없음,승용,남,25세,중상
2012072200100019,2012년 7월 22일 00시,일요일,경상남도 창원시 성산구 웅남동,경상사고,0,0,1,0,차대차 - 측면직각충돌,신호위반,건조,맑음,교차로 - 교차로안,승용,남,31세,상해없음,승용,남,53세,경상
2012072200100020,2012년 7월 22일 00시,일요일,경상남도 함안군 칠서면,중상사고,0,1,1,0,차대차 - 추돌 - 주정차중,안전운전불이행,건조,맑음,단일로 - 기타,승용,남,35세,상해없음,승용,남,57세,중상
2012072200100075,2012년 7월 22일 03시,일요일,경상남도 창원시 진해구 장천동,중상사고,0,1,1,0,차대차 - 정면충돌,직진우회전진행방해,건조,맑음,교차로 - 교차로안,건설기계,남,34세,상해없음,원동기,남,21세,중상
2012072200100093,2012년 7월 22일 04시,일요일,경상남도 통영시 도천동,경상사고,0,0,1,0,차대차 - 측면직각충돌,신호위반,건조,맑음,교차로 - 교차로안,승용,여,31세,상해없음,승합,여,47세,경상
2012072200100117,2012년 7월 22일 06시,일요일,경상남도 남해군 이동면,중상사고,0,20,16,7,차량단독 - 도로외이탈 - 추락,안전운전불이행,건조,맑음,단일로 - 기타,승합,남,60세,상해없음,,,,
2012072200100118,2012년 7월 22일 06시,일요일,경상남도 김해시 진영읍,사망사고,1,2,2,0,차량단독 - 공작물충돌,안전운전불이행,건조,맑음,교차로 - 교차로안,승용,남,24세,상해없음,,,,
2012072200100141,2012년 7월 22일 08시,일요일,경상남도 창원시 의창구 사림동,경상사고,0,0,2,0,차대차 - 측면직각충돌,신호위반,건조,맑음,교차로 - 교차로안,승용,여,43세,상해없음,승용,남,40세,경상
2012072200100156,2012년 7월 22일 09시,일요일,경상남도 창원시 마산합포구 덕동동,경상사고,0,0,1,0,차대차 - 측면직각충돌,안전운전불이행,건조,맑음,교차로 - 교차로안,자전거,남,47세,경상,승용,남,58세,상해없음
2012072200100157,2012년 7월 22일 09시,일요일,경상남도 양산시 북정동,중상사고,0,1,1,0,차대차 - 측면직각충돌,직진우회전진행방해,건조,맑음,교차로 - 교차로안,승용,남,31세,상해없음,승용,여,43세,중상
2012072200100184,2012년 7월 22일 10시,일요일,경상남도 진주시 내동면,경상사고,0,0,4,0,차대차 - 추돌 - 주정차중,안전운전불이행,건조,맑음,단일로 - 기타,화물,남,47세,상해없음,승용,여,34세,경상
2012072200100208,2012년 7월 22일 11시,일요일,경상남도 김해시 진영읍,경상사고,0,0,1,0,차대차 - 측면직각충돌,안전운전불이행,건조,맑음,단일로 - 기타,승용,남,27세,상해없음,승용,남,35세,경상
2012072200100228,2012년 7월 22일 12시,일요일,경상남도 창원시 진해구 이동,경상사고,0,0,2,0,차대차 - 기타,안전운전불이행,건조,맑음,교차로 - 교차로부근,승용,남,36세,상해없음,승용,남,25세,경상
2012072200100229,2012년 7월 22일 12시,일요일,경상남도 김해시 내동,중상사고,0,1,3,0,차대차 - 추돌 - 진행중,안전운전불이행,건조,맑음,단일로 - 기타,화물,남,63세,상해없음,승용,남,40세,중상
2012072200100230,2012년 7월 22일 12시,일요일,경상남도 함양군 함양읍,중상사고,0,1,0,0,차대사람 - 기타,보행자보호의무위반,건조,맑음,교차로 - 교차로안,승용,여,52세,상해없음,보행자,여,78세,중상
2012072200100232,2012년 7월 22일 12시,일요일,경상남도 창원시 의창구 명서동,경상사고,0,0,4,0,차대차 - 추돌 - 주정차중,안전운전불이행,건조,맑음,단일로 - 기타,승용,여,55세,상해없음,승용,남,28세,경상
2012072200100259,2012년 7월 22일 13시,일요일,경상남도 사천시 용현면,경상사고,0,0,1,0,차대차 - 측면직각충돌,안전운전불이행,건조,맑음,교차로 - 교차로안,승용,남,40세,상해없음,승용,여,48세,경상
2012072200100289,2012년 7월 22일 14시,일요일,경상남도 거제시 고현동,중상사고,0,1,0,0,차대차 - 측면직각충돌,안전운전불이행,건조,맑음,교차로 - 교차로안,승용,남,32세,상해없음,이륜,남,41세,중상
2012072200100320,2012년 7월 22일 15시,일요일,경상남도 창원시 마산합포구 진동면,경상사고,0,0,4,0,차대차 - 정면충돌,중앙선침범,건조,맑음,단일로 - 기타,승용,남,65세,상해없음,승용,남,55세,경상
2012072200100321,2012년 7월 22일 15시,일요일,경상남도 창원시 마산합포구 진북면,경상사고,0,0,1,0,차대차 - 추돌 - 진행중,교차로운행방법위반,건조,맑음,교차로 - 교차로안,승용,남,44세,상해없음,승용,남,34세,상해없음
2012072200100322,2012년 7월 22일 15시,일요일,경상남도 거제시 거제면,중상사고,0,1,0,0,차대차 - 측면직각충돌,안전운전불이행,건조,맑음,교차로 - 교차로안,승용,남,37세,상해없음,승합,여,50세,중상
2012072200100353,2012년 7월 22일 16시,일요일,경상남도 김해시 삼방동,중상사고,0,2,1,0,차량단독 - 공작물충돌,안전운전불이행,건조,맑음,단일로 - 기타,승용,남,50세,경상,,,,
2012072200100392,2012년 7월 22일 17시,일요일,경상남도 창원시 마산합포구 남성동,중상사고,0,3,0,0,차대사람 - 횡단중,보행자보호의무위반,건조,맑음,교차로 - 교차로안,승용,남,66세,상해없음,보행자,남,17세,중상