사고번호,사고일시,요일,시군구,사고내용,사망자수,중상자수,경상자수,부상신고자수,사고유형,법규위반,노면상태,기상상태,도로형태,가해운전자 차종,가해운전자 성별,가해운전자 연령,가해운전자 상해정도,피해운전자 차종,피해운전자 성별,피해운전자 연령,피해운전자 상해정도
2012072200100393,2012년 7월 22일 17시,일요일,경상남도 창원시 진해구 두동,경상사고,0,0,1,0,차대차 - 기타,안전운전불이행,건조,맑음,단일로 - 기타,승용,남,54세,상해없음,원동기,남,18세,경상
2012072200100426,2012년 7월 22일 18시,일요일,경상남도 거창군 거창읍,중상사고,0,1,0,0,차대사람 - 차도통행중,안전운전불이행,건조,맑음,단일로 - 기타,승용,남,39세,상해없음,보행자,남,4세,중상
2012072200100427,2012년 7월 22일 18시,일요일,경상남도 양산시 북부동,경상사고,0,0,1,0,차대차 - 추돌 - 진행중,안전거리미확보,건조,맑음,교차로 - 교차로부근,승용,남,23세,상해없음,승용,남,47세,경상
2012072200100428,2012년 7월 22일 18시,일요일,경상남도 의령군 의령읍,중상사고,0,1,0,0,차대차 - 측면직각충돌,교차로운행방법위반,건조,맑음,교차로 - 교차로안,화물,남,47세,상해없음,이륜,남,69세,중상
2012072200100429,2012년 7월 22일 18시,일요일,경상남도 창원시 의창구 팔용동,경상사고,0,0,1,0,차대차 - 기타,안전거리미확보,건조,맑음,단일로 - 기타,승용,남,45세,상해없음,승용,남,46세,상해없음
2012072200100455,2012년 7월 22일 19시,일요일,경상남도 창원시 마산회원구 회원동,중상사고,0,1,0,0,차대차 - 기타,중앙선침범,건조,맑음,단일로 - 기타,원동기,남,71세,기타불명,자전거,남,59세,중상
2012072200100477,2012년 7월 22일 20시,일요일,경상남도 창원시 진해구 자은동,부상신고사고,0,0,0,1,차대사람 - 차도통행중,안전운전불이행,건조,맑음,단일로 - 기타,승용,남,51세,상해없음,보행자,여,71세,부상신고
2012072200100478,2012년 7월 22일 20시,일요일,경상남도 김해시 지내동,중상사고,0,1,0,0,차대차 - 측면직각충돌,교차로운행방법위반,건조,맑음,교차로 - 교차로안,승용,여,27세,상해없음,이륜,남,31세,중상
2012072200100479,2012년 7월 22일 20시,일요일,경상남도 양산시 물금읍,경상사고,0,0,1,0,차대차 - 측면직각충돌,안전운전불이행,건조,맑음,교차로 - 교차로안,원동기,남,17세,경상,승용,여,36세,상해없음
2012072200100480,2012년 7월 22일 20시,일요일,경상남도 거제시 고현동,경상사고,0,0,1,0,차대사람 - 기타,안전운전불이행,건조,맑음,교차로 - 교차로부근,승용,여,20세,상해없음,보행자,남,24세,경상
2012072200100504,2012년 7월 22일 21시,일요일,경상남도 진주시 명석면,중상사고,0,1,0,0,차대차 - 정면충돌,중앙선침범,건조,맑음,단일로 - 기타,자전거,남,75세,중상,승용,남,58세,상해없음
2012072200100505,2012년 7월 22일 21시,일요일,경상남도 김해시 진영읍,중상사고,0,1,0,0,차대차 - 측면직각충돌,신호위반,건조,맑음,교차로 - 교차로안,승용,남,26세,상해없음,승용,남,28세,중상
2012072200100519,2012년 7월 22일 22시,일요일,경상남도 창원시 진해구 경화동,중상사고,0,1,0,0,차대사람 - 기타,안전운전불이행,건조,맑음,교차로 - 교차로부근,승용,남,45세,상해없음,보행자,여,47세,중상
2012072300100009,2012년 7월 23일 00시,월요일,경상남도 창원시 진해구 제황산동,중상사고,0,1,0,0,차대사람 - 기타,안전운전불이행,건조,맑음,기타 - 기타,화물,남,47세,상해없음,보행자,남,55세,중상
2012072300100010,2012년 7월 23일 00시,월요일,경상남도 창원시 의창구 사림동,경상사고,0,0,1,0,차대차 - 추돌 - 주정차중,안전운전불이행,건조,맑음,교차로 - 교차로부근,승용,남,49세,상해없음,승용,남,26세,경상
2012072300100048,2012년 7월 23일 05시,월요일,경상남도 사천시 벌리동,경상사고,0,0,2,0,차대차 - 측면직각충돌,교차로운행방법위반,건조,맑음,교차로 - 교차로안,승용,남,56세,상해없음,승용,남,44세,경상
2012072300100060,2012년 7월 23일 06시,월요일,경상남도 양산시 주진동,경상사고,0,0,2,0,차대차 - 측면직각충돌,신호위반,건조,맑음,교차로 - 교차로안,승용,남,54세,경상,승용,여,58세,경상
2012072300100061,2012년 7월 23일 06시,월요일,경상남도 양산시 덕계동,부상신고사고,0,0,0,1,차대사람 - 기타,안전운전불이행,건조,맑음,단일로 - 기타,기타불명,기타불명,기타불명,기타불명,보행자,여,62세,부상신고
2012072300100075,2012년 7월 23일 07시,월요일,경상남도 통영시 무전동,중상사고,0,1,0,0,차대사람 - 횡단중,안전운전불이행,건조,맑음,단일로 - 기타,화물,남,52세,상해없음,보행자,남,72세,중상
2012072300100076,2012년 7월 23일 07시,월요일,경상남도 창녕군 대합면,중상사고,0,2,0,0,차대차 - 정면충돌,중앙선침범,건조,맑음,단일로 - 기타,화물,남,61세,중상,승용,여,54세,중상
2012072300100077,2012년 7월 23일 07시,월요일,경상남도 창원시 의창구 신월동,중상사고,0,1,0,0,차대차 - 측면직각충돌,안전운전불이행,건조,맑음,단일로 - 기타,승용,남,41세,상해없음,자전거,남,21세,중상
2012072300100109,2012년 7월 23일 08시,월요일,경상남도 진주시 상대동,중상사고,0,1,0,0,차대차 - 기타,직진우회전진행방해,건조,맑음,교차로 - 교차로안,승용,여,52세,상해없음,원동기,여,50세,중상
2012072300100110,2012년 7월 23일 08시,월요일,경상남도 밀양시 상남면,중상사고,0,1,0,0,차대사람 - 횡단중,보행자보호의무위반,건조,맑음,단일로 - 기타,화물,남,50세,상해없음,보행자,여,88세,중상
2012072300100111,2012년 7월 23일 08시,월요일,경상남도 함양군 서하면,중상사고,0,1,0,0,차대차 - 기타,중앙선침범,건조,맑음,단일로 - 기타,승용,여,41세,상해없음,농기계,남,73세,중상
2012072300100112,2012년 7월 23일 08시,월요일,경상남도 산청군 신안면,경상사고,0,0,1,0,차대차 - 기타,안전운전불이행,건조,맑음,단일로 - 기타,승합,남,32세,상해없음,승용,여,45세,경상
2012072300100113,2012년 7월 23일 08시,월요일,경상남도 김해시 진영읍,경상사고,0,0,2,0,차대차 - 추돌 - 진행중,안전운전불이행,건조,맑음,단일로 - 기타,화물,남,39세,경상,승용,남,21세,경상
2012072300100140,2012년 7월 23일 09시,월요일,경상남도 합천군 적중면,부상신고사고,0,0,0,1,차대차 - 기타,교차로운행방법위반,건조,맑음,교차로 - 교차로안,원동기,남,83세,부상신고,승용,남,54세,상해없음
2012072300100141,2012년 7월 23일 09시,월요일,경상남도 창원시 의창구 동읍,중상사고,0,1,1,0,차대차 - 추돌 - 주정차중,안전거리미확보,건조,맑음,단일로 - 기타,승용,남,29세,상해없음,승용,남,49세,중상
2012072300100171,2012년 7월 23일 10시,월요일,경상남도 창원시 마산합포구 월영동,경상사고,0,0,1,0,차대사람 - 횡단중,안전운전불이행,건조,맑음,단일로 - 횡단보도상,승용,남,41세,상해없음,보행자,여,60세,경상
2012072300100172,2012년 7월 23일 10시,월요일,경상남도 창원시 진해구 여좌동,경상사고,0,0,1,0,차대차 - 기타,안전운전불이행,건조,맑음,교차로 - 교차로부근,승용,여,36세,기타불명,승용,여,57세,경상
2012072300100173,2012년 7월 23일 10시,월요일,경상남도 거제시 옥포동,중상사고,0,1,0,0,차대차 - 기타,교차로운행방법위반,건조,맑음,교차로 - 교차로안,승용,남,65세,상해없음,승용,여,48세,중상
2012072300100174,2012년 7월 23일 10시,월요일,경상남도 창원시 의창구 대산면,중상사고,0,1,0,0,차대차 - 추돌 - 진행중,안전거리미확보,건조,맑음,교차로 - 교차로부근,특수,남,61세,상해없음,승합,남,49세,상해없음
2012072300100188,2012년 7월 23일 11시,월요일,경상남도 양산시 하북면,중상사고,0,1,0,0,차대차 - 추돌 - 진행중,안전거리미확보,건조,맑음,단일로 - 기타,화물,남,44세,상해없음,화물,남,32세,중상
2012072300100208,2012년 7월 23일 11시,월요일,경상남도 창원시 마산합포구 서성동,중상사고,0,1,0,0,차대사람 - 보도통행중,안전운전불이행,건조,맑음,단일로 - 기타,승용,기타불명,기타불명,기타불명,보행자,남,76세,중상
2012072300100209,2012년 7월 23일 11시,월요일,경상남도 김해시 삼계동,중상사고,0,1,0,0,차대차 - 측면직각충돌,신호위반,건조,맑음,교차로 - 교차로안,이륜,남,22세,중상,승용,남,54세,상해없음
2012072300100210,2012년 7월 23일 11시,월요일,경상남도 고성군 고성읍,중상사고,0,1,0,0,차대차 - 측면직각충돌,직진우회전진행방해,건조,맑음,교차로 - 교차로안,승용,여,40세,상해없음,이륜,남,46세,중상
2012072300100211,2012년 7월 23일 11시,월요일,경상남도 산청군 산청읍,중상사고,0,1,0,0,차량단독 - 공작물충돌,안전운전불이행,건조,맑음,단일로 - 기타,승용,남,52세,중상,,,,
2012072300100212,2012년 7월 23일 11시,월요일,경상남도 창원시 마산회원구 내서읍,경상사고,0,0,1,0,차대차 - 추돌 - 진행중,안전운전불이행,건조,흐림,교차로 - 교차로안,승용,남,49세,상해없음,승용,남,34세,경상
2012072300100247,2012년 7월 23일 12시,월요일,경상남도 밀양시 단장면,경상사고,0,0,5,0,차대차 - 기타,중앙선침범,건조,맑음,단일로 - 기타,승용,남,58세,상해없음,승용,남,31세,경상
2012072300100248,2012년 7월 23일 12시,월요일,경상남도 밀양시 내이동,중상사고,0,1,0,0,차대차 - 측면직각충돌,교차로운행방법위반,건조,맑음,교차로 - 교차로안,승용,남,52세,상해없음,원동기,여,57세,중상
2012072300100276,2012년 7월 23일 13시,월요일,경상남도 사천시 사천읍,경상사고,0,0,1,0,차대사람 - 횡단중,안전운전불이행,건조,맑음,단일로 - 기타,승용,남,69세,상해없음,보행자,남,6세,경상
2012072300100277,2012년 7월 23일 13시,월요일,경상남도 김해시 대동면,경상사고,0,0,1,0,차대차 - 추돌 - 진행중,안전거리미확보,건조,맑음,단일로 - 기타,승용,남,57세,상해없음,화물,남,44세,경상
2012072300100313,2012년 7월 23일 14시,월요일,경상남도 거제시 동부면,경상사고,0,0,3,0,차대차 - 기타,중앙선침범,건조,맑음,단일로 - 기타,승용,남,33세,상해없음,승용,남,59세,경상
2012072300100349,2012년 7월 23일 15시,월요일,경상남도 창원시 진해구 경화동,중상사고,0,1,0,0,차대사람 - 기타,안전운전불이행,건조,맑음,단일로 - 기타,승합,남,37세,상해없음,보행자,여,82세,중상
2012072300100350,2012년 7월 23일 15시,월요일,경상남도 합천군 합천읍,중상사고,0,2,1,0,차대차 - 추돌 - 진행중,안전운전불이행,건조,맑음,단일로 - 기타,승합,남,63세,상해없음,승용,여,24세,경상
2012072300100351,2012년 7월 23일 15시,월요일,경상남도 김해시 주촌면,부상신고사고,0,0,0,1,차대차 - 측면직각충돌,직진우회전진행방해,건조,맑음,교차로 - 교차로안,화물,남,52세,부상신고,건설기계,남,35세,상해없음
2012072300100376,2012년 7월 23일 16시,월요일,경상남도 김해시 진례면,경상사고,0,0,1,0,차대차 - 측면직각충돌,신호위반,건조,맑음,교차로 - 교차로안,승용,남,51세,상해없음,화물,남,46세,경상
2012072300100408,2012년 7월 23일 17시,월요일,경상남도 진주시 진성면,중상사고,0,1,0,0,차대차 - 측면직각충돌,교차로운행방법위반,건조,맑음,교차로 - 교차로안,이륜,남,74세,중상,승용,남,33세,상해없음
2012072300100409,2012년 7월 23일 17시,월요일,경상남도 사천시 사천읍,중상사고,0,1,0,0,차대차 - 측면직각충돌,직진우회전진행방해,건조,맑음,교차로 - 교차로안,화물,남,32세,상해없음,이륜,남,17세,중상
2012072300100410,2012년 7월 23일 17시,월요일,경상남도 김해시 구산동,중상사고,0,1,0,0,차대사람 - 횡단중,신호위반,건조,맑음,단일로 - 횡단보도상,화물,남,50세,상해없음,보행자,여,56세,중상
2012072300100482,2012년 7월 23일 19시,월요일,경상남도 고성군 고성읍,경상사고,0,0,1,0,차대차 - 측면직각충돌,안전운전불이행,건조,맑음,교차로 - 교차로안,승용,남,55세,상해없음,승용,남,34세,경상
2012072300100483,2012년 7월 23일 19시,월요일,경상남도 거제시 아주동,중상사고,0,1,0,0,차대차 - 추돌 - 진행중,신호위반,건조,맑음,교차로 - 교차로안,승용,남,33세,상해없음,승용,여,32세,중상
2012072300100484,2012년 7월 23일 19시,월요일,경상남도 창원시 마산회원구 봉암동,경상사고,0,0,2,0,차대차 - 측면직각충돌,신호위반,건조,흐림,교차로 - 교차로안,승용,남,36세,경상,승용,남,50세,경상
2012072300100511,2012년 7월 23일 20시,월요일,경상남도 양산시 소주동,중상사고,0,1,0,0,차대차 - 기타,교차로운행방법위반,건조,맑음,교차로 - 교차로안,원동기,남,46세,상해없음,자전거,남,16세,중상
2012072300100512,2012년 7월 23일 20시,월요일,경상남도 거제시 동부면,경상사고,0,0,1,0,차대사람 - 횡단중,안전운전불이행,건조,맑음,단일로 - 기타,승용,남,54세,상해없음,보행자,여,72세,경상
2012072300100513,2012년 7월 23일 20시,월요일,경상남도 함안군 가야읍,경상사고,0,0,2,0,차대차 - 추돌 - 진행중,안전운전불이행,건조,맑음,단일로 - 기타,승용,남,35세,경상,건설기계,남,37세,경상
2012072300100514,2012년 7월 23일 20시,월요일,경상남도 김해시 진영읍,경상사고,0,0,1,0,차대차 - 추돌 - 진행중,안전운전불이행,건조,맑음,단일로 - 기타,승용,남,32세,상해없음,자전거,남,25세,경상
2012072300100552,2012년 7월 23일 21시,월요일,경상남도 거제시 연초면,중상사고,0,1,0,0,차대차 - 정면충돌,중앙선침범,건조,맑음,단일로 - 기타,승용,남,40세,상해없음,승용,여,41세,중상
2012072300100576,2012년 7월 23일 22시,월요일,경상남도 거창군 거창읍,경상사고,0,0,1,0,차대차 - 측면직각충돌,안전운전불이행,건조,맑음,교차로 - 교차로안,승용,남,19세,상해없음,승용,여,56세,경상
2012072300100577,2012년 7월 23일 22시,월요일,경상남도 김해시 전하동,중상사고,0,1,0,0,차대사람 - 기타,안전운전불이행,건조,맑음,단일로 - 기타,승용,남,57세,상해없음,보행자,남,49세,중상
2012072400100061,2012년 7월 24일 04시,화요일,경상남도 창원시 마산회원구 합성동,경상사고,0,0,1,0,차대사람 - 횡단중,안전운전불이행,건조,맑음,단일로 - 기타,승용,남,27세,상해없음,보행자,남,28세,경상
2012072400100070,2012년 7월 24일 05시,화요일,경상남도 진주시 하대동,경상사고,0,0,1,0,차대차 - 측면직각충돌,안전운전불이행,건조,맑음,단일로 - 기타,자전거,남,54세,경상,화물,남,56세,상해없음
2012072400100107,2012년 7월 24일 07시,화요일,경상남도 밀양시 단장면,중상사고,0,2,0,0,차대차 - 추돌 - 진행중,안전운전불이행,건조,맑음,단일로 - 기타,화물,남,44세,상해없음,승용,남,35세,상해없음
2012072400100108,2012년 7월 24일 07시,화요일,경상남도 양산시 북부동,중상사고,0,1,0,0,차대사람 - 횡단중,보행자보호의무위반,건조,맑음,교차로 - 교차로부근,승용,남,44세,기타불명,보행자,남,36세,중상
2012072400100109,2012년 7월 24일 07시,화요일,경상남도 양산시 남부동,경상사고,0,0,1,0,차대차 - 기타,신호위반,건조,맑음,교차로 - 교차로안,화물,여,60세,기타불명,승용,여,38세,경상
2012072400100110,2012년 7월 24일 07시,화요일,경상남도 고성군 고성읍,중상사고,0,1,0,0,차대차 - 기타,안전거리미확보,건조,맑음,단일로 - 기타,승용,남,28세,상해없음,승용,남,32세,중상
2012072400100143,2012년 7월 24일 08시,화요일,경상남도 창원시 마산합포구 진동면,경상사고,0,0,2,0,차대차 - 추돌 - 진행중,안전운전불이행,건조,맑음,단일로 - 기타,화물,남,43세,상해없음,이륜,남,59세,경상
2012072400100144,2012년 7월 24일 08시,화요일,경상남도 밀양시 교동,중상사고,0,1,0,0,차대차 - 측면직각충돌,교차로운행방법위반,건조,맑음,교차로 - 교차로안,화물,남,56세,상해없음,원동기,여,71세,중상
2012072400100145,2012년 7월 24일 08시,화요일,경상남도 창원시 의창구 대산면,중상사고,0,1,1,0,차대차 - 추돌 - 주정차중,안전거리미확보,건조,맑음,단일로 - 횡단보도부근,승용,남,35세,상해없음,승용,남,43세,기타불명
2012072400100179,2012년 7월 24일 09시,화요일,경상남도 남해군 미조면,중상사고,0,1,0,0,차량단독 - 공작물충돌,안전운전불이행,건조,맑음,단일로 - 기타,화물,남,47세,기타불명,,,,
2012072400100180,2012년 7월 24일 09시,화요일,경상남도 김해시 진영읍,경상사고,0,0,1,0,차대사람 - 기타,안전운전불이행,건조,맑음,단일로 - 기타,승용,여,34세,상해없음,보행자,남,6세,경상
2012072400100209,2012년 7월 24일 10시,화요일,경상남도 사천시 곤양면,경상사고,0,0,1,0,차대사람 - 기타,안전운전불이행,건조,맑음,단일로 - 기타,화물,남,67세,상해없음,보행자,여,82세,경상
2012072400100210,2012년 7월 24일 10시,화요일,경상남도 거제시 고현동,중상사고,0,2,0,0,차대차 - 추돌 - 진행중,중앙선침범,건조,맑음,단일로 - 기타,승용,여,40세,상해없음,승용,남,58세,중상
2012072400100234,2012년 7월 24일 11시,화요일,경상남도 고성군 영현면,중상사고,0,1,0,0,차대차 - 측면직각충돌,교차로운행방법위반,건조,맑음,교차로 - 교차로안,승합,남,34세,상해없음,원동기,남,78세,중상
2012072400100261,2012년 7월 24일 12시,화요일,경상남도 합천군 대양면,중상사고,0,1,0,0,차량단독 - 공작물충돌,안전운전불이행,건조,맑음,교차로 - 교차로안,특수,남,55세,중상,,,,
2012072400100262,2012년 7월 24일 12시,화요일,경상남도 하동군 악양면,경상사고,0,0,1,0,차대차 - 측면직각충돌,안전운전불이행,건조,맑음,단일로 - 기타,승용,남,50세,상해없음,이륜,남,17세,경상
2012072400100263,2012년 7월 24일 12시,화요일,경상남도 창원시 의창구 명서동,중상사고,0,2,1,0,차대차 - 기타,중앙선침범,건조,맑음,단일로 - 기타,승용,여,49세,상해없음,승용,남,51세,중상
2012072400100329,2012년 7월 24일 14시,화요일,경상남도 창원시 진해구 죽곡동,중상사고,0,1,1,0,차대차 - 기타,안전운전불이행,건조,맑음,단일로 - 기타,화물,남,38세,기타불명,승합,여,46세,상해없음
2012072400100331,2012년 7월 24일 14시,화요일,경상남도 사천시 서포면,중상사고,0,1,0,0,차대사람 - 기타,안전운전불이행,건조,맑음,단일로 - 기타,화물,남,67세,상해없음,보행자,여,56세,중상
2012072400100332,2012년 7월 24일 14시,화요일,경상남도 거창군 가조면,중상사고,0,1,1,0,차대차 - 측면직각충돌,신호위반,건조,맑음,교차로 - 교차로안,승용,남,27세,중상,화물,남,47세,경상
2012072400100333,2012년 7월 24일 14시,화요일,경상남도 양산시 북부동,중상사고,0,3,1,0,차대차 - 기타,안전운전불이행,건조,맑음,단일로 - 기타,화물,남,44세,상해없음,승용,남,21세,경상
2012072400100334,2012년 7월 24일 14시,화요일,경상남도 거제시 상동동,경상사고,0,0,2,0,차대차 - 추돌 - 진행중,안전운전불이행,건조,맑음,단일로 - 기타,승용,남,49세,상해없음,승용,남,24세,경상
2012072400100368,2012년 7월 24일 15시,화요일,경상남도 김해시 진영읍,중상사고,0,1,0,0,차대사람 - 횡단중,안전운전불이행,건조,맑음,단일로 - 기타,승용,남,37세,상해없음,보행자,여,5세,중상
2012072400100406,2012년 7월 24일 16시,화요일,경상남도 창녕군 창녕읍,중상사고,0,1,0,0,차량단독 - 기타,안전운전불이행,건조,맑음,단일로 - 기타,승용,남,68세,중상,,,,
2012072400100407,2012년 7월 24일 16시,화요일,경상남도 양산시 상북면,경상사고,0,0,1,0,차대차 - 기타,교차로운행방법위반,건조,맑음,교차로 - 교차로안,승용,남,45세,상해없음,이륜,남,42세,경상
2012072400100426,2012년 7월 24일 17시,화요일,경상남도 양산시 동면,경상사고,0,0,2,2,차대차 - 추돌 - 진행중,안전거리미확보,건조,맑음,단일로 - 기타,승용,남,32세,부상신고,승용,여,27세,경상
2012072400100453,2012년 7월 24일 17시,화요일,경상남도 창원시 진해구 북부동,경상사고,0,0,2,0,차대차 - 추돌 - 진행중,안전운전불이행,건조,맑음,교차로 - 교차로안,승용,남,31세,상해없음,원동기,남,19세,경상
2012072400100454,2012년 7월 24일 17시,화요일,경상남도 김해시 지내동,경상사고,0,0,1,0,차대사람 - 횡단중,안전운전불이행,건조,맑음,단일로 - 기타,승용,남,56세,상해없음,보행자,남,7세,경상
2012072400100455,2012년 7월 24일 17시,화요일,경상남도 김해시 어방동,중상사고,0,1,0,0,차대사람 - 차도통행중,안전운전불이행,건조,맑음,단일로 - 기타,승용,여,44세,상해없음,보행자,남,46세,중상
2012072400100501,2012년 7월 24일 18시,화요일,경상남도 통영시 광도면,부상신고사고,0,0,0,1,차대차 - 측면직각충돌,안전운전불이행,건조,맑음,교차로 - 교차로부근,이륜,남,76세,부상신고,화물,남,54세,상해없음
2012072400100502,2012년 7월 24일 18시,화요일,경상남도 거제시 장평동,중상사고,0,1,0,0,차대차 - 추돌 - 진행중,안전운전불이행,건조,맑음,단일로 - 기타,승합,남,52세,기타불명,승용,여,43세,중상
2012072400100534,2012년 7월 24일 19시,화요일,경상남도 진주시 상평동,중상사고,0,1,0,0,차대사람 - 차도통행중,안전운전불이행,건조,맑음,단일로 - 횡단보도부근,승용,여,44세,상해없음,보행자,남,8세,중상
2012072400100535,2012년 7월 24일 19시,화요일,경상남도 김해시 봉황동,중상사고,0,2,0,0,차대차 - 정면충돌,교차로운행방법위반,건조,맑음,교차로 - 교차로안,승용,남,72세,상해없음,승용,남,54세,중상
2012072400100536,2012년 7월 24일 19시,화요일,경상남도 거제시 장승포동,경상사고,0,0,1,0,차대차 - 기타,신호위반,건조,맑음,교차로 - 교차로안,승용,남,27세,상해없음,승용,남,51세,경상
2012072400100574,2012년 7월 24일 20시,화요일,경상남도 진주시 하대동,경상사고,0,0,1,0,차대사람 - 횡단중,보행자보호의무위반,건조,맑음,단일로 - 횡단보도상,승합,남,32세,상해없음,보행자,여,10세,경상
2012072400100575,2012년 7월 24일 20시,화요일,경상남도 창원시 성산구 웅남동,중상사고,0,1,0,0,차대차 - 측면직각충돌,안전거리미확보,건조,맑음,단일로 - 기타,승용,남,30세,상해없음,원동기,남,29세,중상
2012072400100610,2012년 7월 24일 21시,화요일,경상남도 밀양시 하남읍,부상신고사고,0,0,0,2,차대차 - 정면충돌,안전운전불이행,건조,맑음,단일로 - 기타,승용,남,40세,상해없음,승용,남,44세,부상신고
2012072400100611,2012년 7월 24일 21시,화요일,경상남도 거창군 거창읍,중상사고,0,2,0,0,차대차 - 정면충돌,중앙선침범,건조,맑음,교차로 - 교차로부근,화물,남,64세,상해없음,승용,남,51세,중상
2012072400100612,2012년 7월 24일 21시,화요일,경상남도 양산시 소주동,부상신고사고,0,0,0,1,차대사람 - 보도통행중,안전운전불이행,건조,맑음,교차로 - 교차로부근,기타불명,기타불명,기타불명,기타불명,보행자,남,27세,부상신고
2012072400100613,2012년 7월 24일 21시,화요일,경상남도 양산시 중부동,중상사고,0,1,0,1,차대차 - 기타,신호위반,건조,맑음,교차로 - 교차로안,승용,남,48세,상해없음,승용,남,48세,중상
2012072400100668,2012년 7월 24일 23시,화요일,경상남도 진주시 명석면,중상사고,0,1,0,0,차대사람 - 기타,안전운전불이행,건조,맑음,단일로 - 기타,승용,남,53세,상해없음,보행자,남,68세,중상
2012072400100669,2012년 7월 24일 23시,화요일,경상남도 김해시 삼계동,중상사고,0,1,0,0,차대사람 - 기타,중앙선침범,건조,맑음,단일로 - 기타,화물,남,33세,상해없음,보행자,남,19세,중상
2012072400100670,2012년 7월 24일 23시,화요일,경상남도 김해시 외동,중상사고,0,1,0,0,차대차 - 측면직각충돌,신호위반,건조,맑음,교차로 - 교차로안,승용,남,25세,상해없음,원동기,남,18세,중상
2012072400100671,2012년 7월 24일 23시,화요일,경상남도 거창군 거창읍,사망사고,1,0,0,0,차대사람 - 기타,안전운전불이행,건조,맑음,단일로 - 기타,승용,남,20세,상해없음,보행자,남,41세,사망
2012072400100672,2012년 7월 24일 23시,화요일,경상남도 거제시 아주동,중상사고,0,1,0,0,차대차 - 기타,신호위반,건조,맑음,교차로 - 교차로안,승용,남,49세,상해없음,승용,남,46세,중상
2012072500100069,2012년 7월 25일 04시,수요일,경상남도 창원시 마산합포구 월영동,중상사고,0,1,0,0,차대사람 - 기타,안전운전불이행,건조,맑음,기타 - 기타,승용,남,25세,상해없음,보행자,여,46세,중상
2012072500100070,2012년 7월 25일 04시,수요일,경상남도 창원시 진해구 장천동,경상사고,0,0,1,0,차량단독 - 전도전복,안전운전불이행,건조,맑음,단일로 - 기타,승용,남,25세,상해없음,,,,
2012072500100107,2012년 7월 25일 07시,수요일,경상남도 거창군 거창읍,중상사고,0,5,0,0,차대차 - 측면직각충돌,안전운전불이행,건조,맑음,단일로 - 기타,화물,남,46세,상해없음,승합,남,58세,중상
2012072500100108,2012년 7월 25일 07시,수요일,경상남도 함안군 군북면,경상사고,0,0,2,0,차대차 - 기타,안전운전불이행,건조,맑음,교차로 - 교차로부근,화물,남,64세,상해없음,이륜,남,69세,경상
2012072500100148,2012년 7월 25일 08시,수요일,경상남도 사천시 벌리동,경상사고,0,0,1,0,차대사람 - 차도통행중,안전운전불이행,건조,맑음,단일로 - 기타,승용,여,53세,상해없음,보행자,여,14세,경상
2012072500100149,2012년 7월 25일 08시,수요일,경상남도 김해시 대동면,경상사고,0,0,1,0,차대차 - 추돌 - 진행중,안전운전불이행,건조,맑음,단일로 - 기타,특수,남,44세,기타불명,특수,남,46세,경상
2012072500100179,2012년 7월 25일 09시,수요일,경상남도 함양군 함양읍,경상사고,0,0,1,0,차대사람 - 횡단중,안전운전불이행,건조,맑음,교차로 - 교차로안,건설기계,남,37세,상해없음,보행자,여,73세,경상
2012072500100211,2012년 7월 25일 10시,수요일,경상남도 김해시 부원동,경상사고,0,0,1,0,차대차 - 측면직각충돌,교차로운행방법위반,건조,맑음,교차로 - 교차로안,승용,남,63세,상해없음,화물,남,69세,상해없음
2012072500100212,2012년 7월 25일 10시,수요일,경상남도 거제시 문동동,경상사고,0,0,1,0,차대차 - 추돌 - 진행중,신호위반,건조,맑음,교차로 - 교차로안,승용,남,37세,상해없음,승용,여,32세,경상
2012072500100245,2012년 7월 25일 11시,수요일,경상남도 김해시 삼방동,중상사고,0,1,1,0,차대차 - 측면직각충돌,안전운전불이행,건조,맑음,교차로 - 교차로부근,이륜,남,17세,중상,승용,남,64세,경상
2012072500100273,2012년 7월 25일 12시,수요일,경상남도 통영시 산양읍,중상사고,0,1,0,0,차대차 - 측면직각충돌,안전운전불이행,건조,맑음,교차로 - 교차로안,원동기,남,85세,중상,승용,남,38세,상해없음
2012072500100274,2012년 7월 25일 12시,수요일,경상남도 사천시 사천읍,경상사고,0,0,3,0,차대차 - 측면직각충돌,교차로운행방법위반,건조,맑음,교차로 - 교차로안,승합,남,46세,경상,승용,여,21세,경상
2012072500100275,2012년 7월 25일 12시,수요일,경상남도 거제시 고현동,경상사고,0,0,1,0,차대차 - 추돌 - 진행중,안전운전불이행,건조,맑음,단일로 - 기타,승용,남,53세,상해없음,화물,남,21세,상해없음
2012072500100276,2012년 7월 25일 12시,수요일,경상남도 창원시 의창구 동읍,경상사고,0,0,2,0,차대차 - 추돌 - 진행중,안전거리미확보,건조,맑음,교차로 - 교차로부근,화물,남,40세,상해없음,승용,여,39세,경상
2012072500100307,2012년 7월 25일 13시,수요일,경상남도 진주시 강남동,경상사고,0,0,1,0,차대차 - 추돌 - 진행중,안전거리미확보,건조,맑음,단일로 - 교량,화물,남,39세,상해없음,화물,남,27세,경상
2012072500100347,2012년 7월 25일 14시,수요일,경상남도 밀양시 내이동,중상사고,0,1,0,1,차대사람 - 기타,안전운전불이행,건조,맑음,교차로 - 교차로부근,승용,남,65세,상해없음,보행자,남,30세,중상