사고번호,사고일시,요일,시군구,사고내용,사망자수,중상자수,경상자수,부상신고자수,사고유형,법규위반,노면상태,기상상태,도로형태,가해운전자 차종,가해운전자 성별,가해운전자 연령,가해운전자 상해정도,피해운전자 차종,피해운전자 성별,피해운전자 연령,피해운전자 상해정도
2012072500100348,2012년 7월 25일 14시,수요일,경상남도 김해시 풍유동,중상사고,0,1,0,0,차대차 - 측면직각충돌,안전거리미확보,건조,맑음,단일로 - 기타,건설기계,남,39세,상해없음,승용,여,23세,중상
2012072500100377,2012년 7월 25일 15시,수요일,경상남도 김해시 대동면,중상사고,0,1,0,0,차대사람 - 길가장자리구역통행중,안전운전불이행,건조,맑음,단일로 - 기타,화물,남,39세,상해없음,보행자,남,63세,중상
2012072500100378,2012년 7월 25일 15시,수요일,경상남도 거제시 장평동,경상사고,0,0,1,0,차대차 - 기타,안전운전불이행,건조,맑음,교차로 - 교차로부근,승용,여,44세,상해없음,승용,남,34세,상해없음
2012072500100406,2012년 7월 25일 16시,수요일,경상남도 거제시 사등면,중상사고,0,1,0,0,차대차 - 추돌 - 진행중,중앙선침범,건조,맑음,단일로 - 기타,화물,남,31세,상해없음,화물,남,28세,중상
2012072500100433,2012년 7월 25일 17시,수요일,경상남도 통영시 당동,중상사고,0,1,0,0,차대차 - 측면직각충돌,안전운전불이행,건조,맑음,단일로 - 기타,승합,남,36세,상해없음,원동기,남,68세,중상
2012072500100434,2012년 7월 25일 17시,수요일,경상남도 합천군 청덕면,중상사고,0,1,0,0,차대차 - 측면직각충돌,안전거리미확보,건조,맑음,교차로 - 교차로부근,승용,여,48세,상해없음,승용,남,67세,중상
2012072500100435,2012년 7월 25일 17시,수요일,경상남도 양산시 물금읍,경상사고,0,0,1,0,차대사람 - 기타,안전운전불이행,건조,맑음,단일로 - 기타,승용,여,56세,상해없음,보행자,남,7세,경상
2012072500100483,2012년 7월 25일 18시,수요일,경상남도 창원시 진해구 자은동,중상사고,0,1,0,0,차대사람 - 차도통행중,안전운전불이행,건조,맑음,교차로 - 교차로부근,승용,남,44세,상해없음,보행자,여,7세,중상
2012072500100484,2012년 7월 25일 18시,수요일,경상남도 창원시 진해구 용원동,경상사고,0,0,1,0,차대차 - 측면직각충돌,안전운전불이행,건조,맑음,기타 - 기타,승용,남,31세,상해없음,승용,여,39세,경상
2012072500100485,2012년 7월 25일 18시,수요일,경상남도 거창군 거창읍,중상사고,0,1,0,0,차대차 - 측면직각충돌,교차로운행방법위반,습기,비,교차로 - 교차로안,화물,남,31세,상해없음,이륜,남,74세,중상
2012072500100522,2012년 7월 25일 19시,수요일,경상남도 창원시 의창구 동읍,경상사고,0,0,1,0,차대사람 - 보도통행중,안전운전불이행,건조,맑음,단일로 - 기타,승용,남,62세,상해없음,보행자,남,30세,경상
2012072500100566,2012년 7월 25일 20시,수요일,경상남도 통영시 봉평동,경상사고,0,0,1,0,차대차 - 측면직각충돌,중앙선침범,건조,맑음,교차로 - 교차로부근,승합,남,50세,상해없음,이륜,남,18세,경상
2012072500100599,2012년 7월 25일 21시,수요일,경상남도 사천시 정동면,경상사고,0,0,1,0,차대차 - 측면직각충돌,교차로운행방법위반,건조,맑음,교차로 - 교차로안,화물,남,52세,상해없음,자전거,여,26세,경상
2012072500100653,2012년 7월 25일 23시,수요일,경상남도 진주시 가좌동,중상사고,0,1,0,0,차대차 - 측면직각충돌,신호위반,건조,맑음,교차로 - 교차로부근,화물,남,44세,상해없음,승용,여,45세,중상
2012072500100654,2012년 7월 25일 23시,수요일,경상남도 진주시 내동면,중상사고,0,1,3,0,차대차 - 기타,안전운전불이행,건조,맑음,단일로 - 기타,승용,남,29세,상해없음,특수,남,44세,상해없음
2012072600100011,2012년 7월 26일 00시,목요일,경상남도 김해시 외동,중상사고,0,1,1,0,차대차 - 측면직각충돌,신호위반,건조,맑음,교차로 - 교차로안,승용,남,46세,상해없음,승용,여,51세,경상
2012072600100012,2012년 7월 26일 00시,목요일,경상남도 거창군 거창읍,경상사고,0,0,1,0,차대차 - 측면직각충돌,신호위반,건조,맑음,교차로 - 교차로안,승용,여,38세,상해없음,승용,남,47세,경상
2012072600100013,2012년 7월 26일 00시,목요일,경상남도 양산시 상북면,경상사고,0,0,1,0,차대차 - 측면직각충돌,중앙선침범,건조,맑음,단일로 - 기타,승용,여,41세,상해없음,승용,남,25세,경상
2012072600100014,2012년 7월 26일 00시,목요일,경상남도 창원시 성산구 상남동,중상사고,0,1,0,0,차대차 - 기타,신호위반,건조,맑음,교차로 - 교차로부근,승용,남,57세,상해없음,자전거,남,28세,중상
2012072600100046,2012년 7월 26일 02시,목요일,경상남도 함양군 함양읍,중상사고,0,1,0,0,차대차 - 추돌 - 진행중,안전거리미확보,건조,맑음,단일로 - 기타,화물,남,38세,상해없음,화물,남,62세,중상
2012072600100047,2012년 7월 26일 02시,목요일,경상남도 양산시 삼호동,중상사고,0,1,0,0,차대사람 - 기타,안전운전불이행,건조,맑음,교차로 - 교차로안,승용,남,43세,상해없음,보행자,남,24세,중상
2012072600100048,2012년 7월 26일 02시,목요일,경상남도 창원시 의창구 동읍,사망사고,1,0,1,0,차대차 - 추돌 - 주정차중,안전운전불이행,건조,맑음,단일로 - 기타,화물,남,28세,사망,화물,남,57세,경상
2012072600100071,2012년 7월 26일 04시,목요일,경상남도 창원시 의창구 팔용동,중상사고,0,2,1,0,차대차 - 추돌 - 주정차중,안전운전불이행,건조,맑음,교차로 - 교차로부근,승용,남,47세,중상,화물,남,41세,경상
2012072600100085,2012년 7월 26일 05시,목요일,경상남도 창원시 마산합포구 중앙동1가,경상사고,0,0,1,0,차대차 - 추돌 - 주정차중,안전운전불이행,건조,맑음,단일로 - 기타,승용,남,32세,상해없음,승합,남,65세,경상
2012072600100086,2012년 7월 26일 05시,목요일,경상남도 김해시 안동,경상사고,0,0,1,0,차대차 - 측면직각충돌,신호위반,건조,맑음,교차로 - 교차로안,화물,남,56세,상해없음,승용,남,39세,경상
2012072600100087,2012년 7월 26일 05시,목요일,경상남도 진주시 정촌면,중상사고,0,2,0,0,차대차 - 기타,안전운전불이행,건조,맑음,단일로 - 기타,특수,남,37세,상해없음,특수,남,39세,중상
2012072600100118,2012년 7월 26일 07시,목요일,경상남도 거제시 고현동,중상사고,0,1,0,0,차대사람 - 기타,보행자보호의무위반,건조,맑음,교차로 - 교차로안,화물,남,38세,상해없음,보행자,여,10세,중상
2012072600100119,2012년 7월 26일 07시,목요일,경상남도 김해시 진영읍,중상사고,0,1,0,0,차량단독 - 기타,안전운전불이행,건조,맑음,단일로 - 기타,원동기,남,55세,중상,,,,
2012072600100120,2012년 7월 26일 07시,목요일,경상남도 김해시 진영읍,경상사고,0,0,1,0,차대사람 - 기타,안전운전불이행,건조,맑음,단일로 - 기타,승용,여,27세,상해없음,보행자,남,39세,경상
2012072600100158,2012년 7월 26일 08시,목요일,경상남도 김해시 진영읍,경상사고,0,0,1,0,차대사람 - 기타,중앙선침범,건조,맑음,단일로 - 기타,승용,남,34세,상해없음,보행자,여,46세,경상
2012072600100194,2012년 7월 26일 09시,목요일,경상남도 창원시 마산합포구 월영동,경상사고,0,0,1,0,차대사람 - 길가장자리구역통행중,안전운전불이행,건조,맑음,단일로 - 기타,승용,여,52세,상해없음,보행자,남,15세,경상
2012072600100195,2012년 7월 26일 09시,목요일,경상남도 거창군 거창읍,중상사고,0,1,0,0,차대차 - 측면직각충돌,교차로운행방법위반,건조,맑음,교차로 - 교차로안,승용,남,46세,상해없음,승용,남,45세,상해없음
2012072600100222,2012년 7월 26일 10시,목요일,경상남도 진주시 상대동,중상사고,0,1,0,0,차대차 - 측면직각충돌,안전운전불이행,건조,맑음,교차로 - 교차로안,승용,남,54세,기타불명,원동기,남,28세,중상
2012072600100223,2012년 7월 26일 10시,목요일,경상남도 밀양시 삼랑진읍,중상사고,0,1,0,0,차대차 - 정면충돌,중앙선침범,건조,맑음,단일로 - 기타,승용,기타불명,기타불명,기타불명,승용,남,45세,중상
2012072600100225,2012년 7월 26일 10시,목요일,경상남도 함안군 칠서면,중상사고,0,1,0,0,차량단독 - 기타,안전운전불이행,건조,맑음,단일로 - 기타,이륜,남,78세,중상,,,,
2012072600100262,2012년 7월 26일 11시,목요일,경상남도 창원시 마산합포구 오동동,경상사고,0,0,1,0,차대차 - 기타,안전운전불이행,건조,맑음,단일로 - 기타,승용,남,59세,상해없음,자전거,여,50세,경상
2012072600100263,2012년 7월 26일 11시,목요일,경상남도 창원시 진해구 자은동,중상사고,0,2,1,0,차대차 - 측면직각충돌,직진우회전진행방해,건조,맑음,교차로 - 교차로안,화물,남,34세,경상,승용,여,34세,중상
2012072600100264,2012년 7월 26일 11시,목요일,경상남도 거제시 고현동,중상사고,0,1,0,0,차대차 - 추돌 - 진행중,안전운전불이행,건조,맑음,단일로 - 기타,화물,남,49세,상해없음,이륜,남,63세,중상
2012072600100293,2012년 7월 26일 12시,목요일,경상남도 합천군 합천읍,중상사고,0,1,0,0,차대차 - 측면직각충돌,교차로운행방법위반,건조,맑음,교차로 - 교차로안,화물,남,51세,상해없음,이륜,여,57세,중상
2012072600100294,2012년 7월 26일 12시,목요일,경상남도 남해군 삼동면,경상사고,0,0,1,0,차대차 - 측면직각충돌,안전운전불이행,건조,맑음,기타 - 기타,이륜,여,71세,경상,화물,남,37세,상해없음
2012072600100295,2012년 7월 26일 12시,목요일,경상남도 창원시 마산회원구 석전동,경상사고,0,0,1,0,차대차 - 추돌 - 주정차중,안전운전불이행,건조,맑음,단일로 - 기타,기타불명,기타불명,기타불명,기타불명,승용,여,25세,경상
2012072600100335,2012년 7월 26일 13시,목요일,경상남도 김해시 대동면,중상사고,0,1,1,0,차대차 - 추돌 - 진행중,안전거리미확보,건조,맑음,단일로 - 기타,승용,남,50세,상해없음,승용,남,53세,중상
2012072600100336,2012년 7월 26일 13시,목요일,경상남도 창녕군 고암면,부상신고사고,0,0,0,1,차대차 - 기타,안전운전불이행,건조,맑음,단일로 - 기타,승용,남,70세,상해없음,승합,남,25세,상해없음
2012072600100366,2012년 7월 26일 14시,목요일,경상남도 진주시 칠암동,경상사고,0,0,1,0,차대사람 - 차도통행중,안전운전불이행,건조,맑음,단일로 - 기타,승용,남,57세,상해없음,보행자,여,28세,경상
2012072600100388,2012년 7월 26일 15시,목요일,경상남도 김해시 대동면,경상사고,0,0,5,0,차대차 - 추돌 - 진행중,안전거리미확보,건조,맑음,단일로 - 기타,화물,남,46세,상해없음,승용,남,46세,경상
2012072600100410,2012년 7월 26일 15시,목요일,경상남도 창원시 의창구 신월동,중상사고,0,1,0,0,차대차 - 측면직각충돌,직진우회전진행방해,건조,맑음,교차로 - 교차로안,승용,남,39세,상해없음,이륜,남,38세,중상
2012072600100441,2012년 7월 26일 16시,목요일,경상남도 의령군 정곡면,경상사고,0,0,1,0,차대차 - 측면직각충돌,교차로운행방법위반,건조,맑음,교차로 - 교차로안,승용,남,49세,상해없음,건설기계,남,44세,상해없음
2012072600100473,2012년 7월 26일 17시,목요일,경상남도 창원시 마산합포구 교방동,사망사고,1,3,0,0,차대차 - 측면직각충돌,안전운전불이행,건조,맑음,단일로 - 기타,승용,여,58세,사망,승용,남,61세,상해없음
2012072600100474,2012년 7월 26일 17시,목요일,경상남도 하동군 하동읍,경상사고,0,0,1,0,차대차 - 측면직각충돌,신호위반,건조,맑음,교차로 - 교차로안,승용,남,49세,상해없음,화물,남,53세,경상
2012072600100475,2012년 7월 26일 17시,목요일,경상남도 산청군 산청읍,경상사고,0,0,1,0,차대사람 - 횡단중,안전운전불이행,건조,맑음,단일로 - 기타,승용,남,51세,상해없음,보행자,남,2세,경상
2012072600100516,2012년 7월 26일 18시,목요일,경상남도 통영시 무전동,경상사고,0,0,2,0,차대차 - 측면직각충돌,안전운전불이행,건조,맑음,교차로 - 교차로안,승용,남,54세,상해없음,승용,남,48세,경상
2012072600100549,2012년 7월 26일 19시,목요일,경상남도 진주시 칠암동,중상사고,0,1,0,0,차대사람 - 길가장자리구역통행중,안전운전불이행,건조,맑음,단일로 - 기타,자전거,여,50세,상해없음,보행자,여,41세,중상
2012072600100550,2012년 7월 26일 19시,목요일,경상남도 양산시 삼호동,중상사고,0,1,0,0,차대사람 - 기타,안전운전불이행,건조,맑음,단일로 - 기타,승용,여,59세,상해없음,보행자,남,28세,중상
2012072600100580,2012년 7월 26일 20시,목요일,경상남도 사천시 사천읍,경상사고,0,0,1,0,차대차 - 측면직각충돌,신호위반,건조,맑음,교차로 - 교차로안,승용,남,20세,상해없음,승용,여,36세,경상
2012072600100581,2012년 7월 26일 20시,목요일,경상남도 김해시 외동,중상사고,0,1,0,0,차대차 - 정면충돌,중앙선침범,건조,맑음,교차로 - 교차로부근,원동기,남,52세,중상,승용,남,39세,상해없음
2012072600100582,2012년 7월 26일 20시,목요일,경상남도 김해시 외동,경상사고,0,0,1,0,차대사람 - 횡단중,보행자보호의무위반,건조,맑음,교차로 - 교차로안,이륜,남,18세,상해없음,보행자,여,8세,경상
2012072600100611,2012년 7월 26일 21시,목요일,경상남도 진주시 봉곡동,경상사고,0,0,1,0,차대차 - 추돌 - 주정차중,안전운전불이행,건조,맑음,단일로 - 기타,승용,남,50세,상해없음,승용,남,27세,경상
2012072600100612,2012년 7월 26일 21시,목요일,경상남도 김해시 장유면,중상사고,0,1,0,0,차대사람 - 기타,안전운전불이행,건조,맑음,교차로 - 교차로부근,승용,여,43세,상해없음,보행자,여,18세,중상
2012072600100642,2012년 7월 26일 22시,목요일,경상남도 창원시 의창구 대산면,중상사고,0,1,0,0,차대사람 - 기타,안전운전불이행,건조,맑음,단일로 - 기타,승용,여,60세,상해없음,보행자,남,52세,중상
2012072600100664,2012년 7월 26일 23시,목요일,경상남도 창원시 진해구 풍호동,경상사고,0,0,1,0,차대사람 - 횡단중,보행자보호의무위반,건조,맑음,교차로 - 교차로부근,승용,여,50세,상해없음,보행자,남,16세,경상
2012072700100013,2012년 7월 27일 00시,금요일,경상남도 함안군 칠원면,중상사고,0,1,1,0,차대차 - 추돌 - 주정차중,기타,건조,맑음,단일로 - 기타,승용,여,52세,상해없음,승용,남,19세,경상
2012072700100035,2012년 7월 27일 01시,금요일,경상남도 창녕군 영산면,부상신고사고,0,0,0,1,차량단독 - 공작물충돌,안전운전불이행,건조,맑음,교차로 - 교차로부근,승용,여,53세,부상신고,,,,
2012072700100036,2012년 7월 27일 01시,금요일,경상남도 창원시 성산구 남양동,경상사고,0,0,1,0,차대차 - 추돌 - 주정차중,안전운전불이행,건조,맑음,교차로 - 교차로부근,승용,남,36세,상해없음,승용,남,43세,경상
2012072700100046,2012년 7월 27일 02시,금요일,경상남도 창원시 성산구 중앙동,중상사고,0,1,0,0,차량단독 - 공작물충돌,안전운전불이행,건조,맑음,단일로 - 기타,원동기,남,27세,상해없음,,,,
2012072700100086,2012년 7월 27일 05시,금요일,경상남도 진주시 신안동,사망사고,1,0,1,0,차량단독 - 기타,안전운전불이행,건조,맑음,단일로 - 기타,이륜,남,75세,경상,,,,
2012072700100116,2012년 7월 27일 07시,금요일,경상남도 사천시 사천읍,중상사고,0,1,0,0,차대차 - 기타,신호위반,건조,맑음,교차로 - 교차로안,승용,남,25세,상해없음,화물,남,62세,중상
2012072700100143,2012년 7월 27일 08시,금요일,경상남도 창원시 성산구 반지동,중상사고,0,1,0,0,차대사람 - 기타,안전운전불이행,건조,맑음,단일로 - 기타,승용,여,44세,상해없음,보행자,여,30세,중상
2012072700100177,2012년 7월 27일 09시,금요일,경상남도 창원시 마산합포구 중앙동1가,부상신고사고,0,0,0,1,차대사람 - 횡단중,안전운전불이행,건조,맑음,교차로 - 교차로부근,승용,여,38세,상해없음,보행자,여,27세,부상신고
2012072700100178,2012년 7월 27일 09시,금요일,경상남도 밀양시 삼랑진읍,경상사고,0,0,1,0,차대사람 - 기타,안전운전불이행,건조,맑음,단일로 - 기타,승용,남,52세,상해없음,보행자,남,58세,경상
2012072700100179,2012년 7월 27일 09시,금요일,경상남도 거창군 거창읍,경상사고,0,0,3,0,차대차 - 측면직각충돌,교차로운행방법위반,건조,맑음,교차로 - 교차로안,승용,남,32세,상해없음,승용,남,26세,경상
2012072700100180,2012년 7월 27일 09시,금요일,경상남도 거제시 둔덕면,중상사고,0,1,0,0,차대사람 - 횡단중,기타,건조,맑음,교차로 - 교차로안,승용,여,35세,상해없음,보행자,남,52세,중상
2012072700100181,2012년 7월 27일 09시,금요일,경상남도 함안군 칠원면,사망사고,1,0,0,0,차대차 - 측면직각충돌,안전운전불이행,건조,맑음,교차로 - 교차로안,화물,남,50세,상해없음,자전거,남,84세,사망
2012072700100182,2012년 7월 27일 09시,금요일,경상남도 창원시 의창구 팔용동,중상사고,0,1,0,0,차대차 - 측면직각충돌,안전운전불이행,건조,맑음,단일로 - 기타,건설기계,남,45세,상해없음,화물,남,56세,중상
2012072700100219,2012년 7월 27일 10시,금요일,경상남도 진주시 칠암동,경상사고,0,0,1,0,차대차 - 추돌 - 주정차중,안전운전불이행,건조,맑음,교차로 - 교차로부근,승용,남,41세,상해없음,승용,여,47세,경상
2012072700100220,2012년 7월 27일 10시,금요일,경상남도 함양군 수동면,사망사고,1,0,0,0,차대차 - 측면직각충돌,신호위반,건조,맑음,교차로 - 교차로안,특수,남,48세,상해없음,원동기,남,73세,사망
2012072700100221,2012년 7월 27일 10시,금요일,경상남도 거제시 아주동,부상신고사고,0,0,0,2,차대차 - 측면직각충돌,신호위반,건조,맑음,교차로 - 교차로안,이륜,남,58세,상해없음,승용,남,39세,부상신고
2012072700100222,2012년 7월 27일 10시,금요일,경상남도 김해시 장유면,중상사고,0,2,0,0,차대사람 - 보도통행중,신호위반,건조,맑음,교차로 - 교차로안,승용,여,41세,상해없음,보행자,남,9세,중상
2012072700100266,2012년 7월 27일 11시,금요일,경상남도 사천시 동금동,중상사고,0,1,0,0,차대사람 - 기타,안전운전불이행,건조,맑음,단일로 - 기타,승용,남,53세,상해없음,보행자,여,47세,중상
2012072700100267,2012년 7월 27일 11시,금요일,경상남도 김해시 외동,경상사고,0,0,1,0,차대차 - 추돌 - 주정차중,안전운전불이행,건조,맑음,단일로 - 기타,화물,남,64세,기타불명,승합,남,53세,경상
2012072700100268,2012년 7월 27일 11시,금요일,경상남도 양산시 용당동,중상사고,0,1,0,0,차대차 - 기타,중앙선침범,건조,맑음,교차로 - 교차로부근,승용,여,47세,기타불명,승용,여,26세,중상
2012072700100269,2012년 7월 27일 11시,금요일,경상남도 창원시 의창구 팔용동,중상사고,0,1,0,0,차대차 - 측면직각충돌,안전운전불이행,건조,맑음,교차로 - 교차로부근,화물,남,46세,상해없음,승용,여,60세,중상
2012072700100294,2012년 7월 27일 12시,금요일,경상남도 진주시 주약동,중상사고,0,1,0,0,차대사람 - 횡단중,안전운전불이행,건조,맑음,교차로 - 교차로부근,승용,남,59세,상해없음,보행자,남,9세,중상
2012072700100295,2012년 7월 27일 12시,금요일,경상남도 통영시 무전동,중상사고,0,1,1,0,차대차 - 측면직각충돌,교차로운행방법위반,건조,맑음,교차로 - 교차로안,승용,여,39세,경상,승용,남,50세,중상
2012072700100350,2012년 7월 27일 14시,금요일,경상남도 김해시 상동면,경상사고,0,0,1,0,차대차 - 측면직각충돌,교차로운행방법위반,건조,맑음,교차로 - 교차로부근,화물,남,36세,상해없음,승용,여,59세,경상
2012072700100351,2012년 7월 27일 14시,금요일,경상남도 양산시 명동,경상사고,0,0,2,0,차대차 - 기타,안전운전불이행,건조,맑음,단일로 - 기타,승용,남,38세,기타불명,원동기,남,37세,경상
2012072700100352,2012년 7월 27일 14시,금요일,경상남도 창원시 의창구 북면,중상사고,0,1,0,0,차량단독 - 공작물충돌,안전운전불이행,건조,맑음,단일로 - 교량,승용,남,59세,상해없음,,,,
2012072700100383,2012년 7월 27일 15시,금요일,경상남도 진주시 장대동,경상사고,0,0,1,0,차대차 - 기타,안전운전불이행,건조,맑음,단일로 - 기타,승용,남,41세,경상,승용,여,42세,상해없음
2012072700100384,2012년 7월 27일 15시,금요일,경상남도 창원시 진해구 경화동,경상사고,0,0,1,0,차대차 - 추돌 - 진행중,차로위반,건조,맑음,단일로 - 기타,원동기,남,56세,경상,승용,여,45세,상해없음
2012072700100385,2012년 7월 27일 15시,금요일,경상남도 창녕군 성산면,중상사고,0,3,0,0,차대차 - 측면직각충돌,중앙선침범,건조,맑음,단일로 - 기타,승용,남,33세,중상,승합,남,52세,중상
2012072700100421,2012년 7월 27일 16시,금요일,경상남도 창원시 진해구 용원동,경상사고,0,0,1,0,차대차 - 측면직각충돌,안전운전불이행,건조,맑음,단일로 - 기타,승용,남,38세,상해없음,승용,남,54세,경상
2012072700100422,2012년 7월 27일 16시,금요일,경상남도 창원시 마산회원구 양덕동,중상사고,0,1,0,0,차대차 - 측면직각충돌,신호위반,건조,맑음,교차로 - 교차로안,승용,남,48세,상해없음,승용,여,68세,중상
2012072700100466,2012년 7월 27일 17시,금요일,경상남도 창원시 진해구 화천동,중상사고,0,1,0,0,차대차 - 측면직각충돌,중앙선침범,건조,맑음,단일로 - 횡단보도상,원동기,남,36세,기타불명,원동기,남,36세,중상
2012072700100467,2012년 7월 27일 17시,금요일,경상남도 김해시 생림면,사망사고,1,0,0,0,차대사람 - 기타,안전운전불이행,건조,맑음,단일로 - 기타,승합,남,53세,상해없음,보행자,남,63세,사망
2012072700100468,2012년 7월 27일 17시,금요일,경상남도 창원시 의창구 동읍,경상사고,0,0,1,0,차대차 - 기타,기타,건조,맑음,단일로 - 기타,특수,남,38세,상해없음,승용,남,49세,경상
2012072700100510,2012년 7월 27일 18시,금요일,경상남도 진주시 가좌동,경상사고,0,0,1,1,차대차 - 측면직각충돌,교차로운행방법위반,건조,맑음,교차로 - 교차로안,승용,남,27세,상해없음,승용,남,55세,경상
2012072700100511,2012년 7월 27일 18시,금요일,경상남도 사천시 동림동,경상사고,0,0,3,0,차대차 - 측면직각충돌,안전운전불이행,건조,맑음,교차로 - 교차로안,화물,남,56세,상해없음,승용,남,30세,경상
2012072700100512,2012년 7월 27일 18시,금요일,경상남도 거제시 사등면,경상사고,0,0,2,0,차대차 - 추돌 - 진행중,안전운전불이행,건조,맑음,교차로 - 교차로부근,화물,남,62세,상해없음,승용,남,37세,경상
2012072700100539,2012년 7월 27일 19시,금요일,경상남도 밀양시 삼문동,경상사고,0,0,1,0,차대사람 - 횡단중,보행자보호의무위반,건조,맑음,단일로 - 횡단보도상,이륜,남,17세,상해없음,보행자,여,13세,경상
2012072700100578,2012년 7월 27일 20시,금요일,경상남도 사천시 동금동,경상사고,0,0,2,0,차대차 - 측면직각충돌,안전운전불이행,건조,맑음,교차로 - 교차로안,승용,남,46세,상해없음,승용,남,42세,상해없음
2012072700100580,2012년 7월 27일 20시,금요일,경상남도 산청군 신안면,경상사고,0,0,3,0,차대차 - 측면직각충돌,중앙선침범,건조,맑음,단일로 - 기타,화물,남,48세,상해없음,승용,남,57세,경상
2012072700100581,2012년 7월 27일 20시,금요일,경상남도 의령군 유곡면,중상사고,0,1,1,0,차량단독 - 기타,안전운전불이행,건조,맑음,단일로 - 기타,승용,남,19세,경상,,,,
2012072700100662,2012년 7월 27일 22시,금요일,경상남도 의령군 정곡면,사망사고,1,0,0,0,차량단독 - 도로외이탈 - 추락,안전운전불이행,건조,맑음,단일로 - 기타,화물,남,57세,사망,,,,
2012072700100698,2012년 7월 27일 23시,금요일,경상남도 창원시 마산합포구 중앙동1가,경상사고,0,0,1,0,차대차 - 측면직각충돌,안전운전불이행,건조,맑음,단일로 - 기타,승용,남,59세,상해없음,승용,남,51세,상해없음
2012072700100699,2012년 7월 27일 23시,금요일,경상남도 거제시 장평동,경상사고,0,0,1,0,차대사람 - 길가장자리구역통행중,안전운전불이행,건조,맑음,교차로 - 교차로안,승용,남,27세,기타불명,보행자,남,42세,경상
2012072800100104,2012년 7월 28일 05시,토요일,경상남도 사천시 동금동,사망사고,1,0,0,0,차대사람 - 횡단중,안전운전불이행,건조,맑음,교차로 - 교차로안,승용,남,43세,상해없음,보행자,여,75세,사망
2012072800100105,2012년 7월 28일 05시,토요일,경상남도 양산시 중부동,중상사고,0,1,0,0,차대차 - 기타,안전운전불이행,건조,맑음,교차로 - 교차로부근,승용,남,34세,상해없음,승용,남,48세,상해없음
2012072800100115,2012년 7월 28일 06시,토요일,경상남도 양산시 하북면,중상사고,0,1,0,0,차대차 - 추돌 - 진행중,안전거리미확보,건조,맑음,단일로 - 기타,승용,남,28세,상해없음,화물,남,49세,중상
2012072800100120,2012년 7월 28일 06시,토요일,경상남도 진주시 주약동,중상사고,0,1,0,0,차대차 - 추돌 - 주정차중,안전운전불이행,건조,맑음,교차로 - 교차로부근,승합,여,46세,상해없음,승용,여,54세,중상
2012072800100121,2012년 7월 28일 06시,토요일,경상남도 함양군 함양읍,중상사고,0,1,0,0,차대차 - 측면직각충돌,교차로운행방법위반,건조,맑음,교차로 - 교차로안,화물,남,72세,상해없음,원동기,남,66세,중상
2012072800100122,2012년 7월 28일 06시,토요일,경상남도 거제시 하청면,중상사고,0,1,2,0,차량단독 - 도로외이탈 - 추락,안전운전불이행,건조,맑음,단일로 - 기타,이륜,남,14세,경상,,,,
2012072800100138,2012년 7월 28일 07시,토요일,경상남도 창원시 의창구 대산면,중상사고,0,1,0,0,차대차 - 측면직각충돌,신호위반,건조,맑음,교차로 - 교차로부근,화물,남,51세,상해없음,자전거,남,65세,중상
2012072800100139,2012년 7월 28일 07시,토요일,경상남도 창원시 의창구 동정동,중상사고,0,1,0,0,차대차 - 기타,안전운전불이행,건조,맑음,단일로 - 기타,화물,남,59세,상해없음,자전거,남,75세,중상
2012072800100158,2012년 7월 28일 08시,토요일,경상남도 창원시 마산합포구 두월동1가,중상사고,0,2,0,0,차대차 - 측면직각충돌,안전운전불이행,건조,맑음,교차로 - 교차로안,승용,남,37세,상해없음,승용,여,47세,중상
2012072800100159,2012년 7월 28일 08시,토요일,경상남도 창원시 성산구 불모산동,중상사고,0,1,2,0,차대차 - 추돌 - 주정차중,안전운전불이행,건조,맑음,단일로 - 기타,승용,남,57세,상해없음,승용,남,54세,중상
2012072800100185,2012년 7월 28일 09시,토요일,경상남도 사천시 동동,경상사고,0,0,1,0,차대차 - 기타,안전운전불이행,건조,맑음,단일로 - 기타,기타불명,남,55세,상해없음,이륜,남,57세,경상
2012072800100186,2012년 7월 28일 09시,토요일,경상남도 창녕군 남지읍,사망사고,1,1,2,1,차대차 - 측면직각충돌,교차로운행방법위반,건조,맑음,교차로 - 교차로안,승용,남,71세,사망,건설기계,남,42세,경상
2012072800100235,2012년 7월 28일 11시,토요일,경상남도 합천군 대양면,중상사고,0,1,0,0,차대차 - 추돌 - 진행중,안전거리미확보,건조,맑음,단일로 - 기타,승용,여,33세,상해없음,원동기,남,32세,중상
2012072800100268,2012년 7월 28일 12시,토요일,경상남도 거제시 동부면,부상신고사고,0,0,0,1,차대차 - 측면직각충돌,중앙선침범,건조,맑음,단일로 - 기타,승합,남,44세,상해없음,승용,남,39세,상해없음
2012072800100306,2012년 7월 28일 13시,토요일,경상남도 고성군 고성읍,경상사고,0,0,1,0,차대차 - 측면직각충돌,안전운전불이행,건조,맑음,단일로 - 기타,승용,남,43세,상해없음,승용,남,66세,경상
2012072800100334,2012년 7월 28일 14시,토요일,경상남도 거제시 고현동,경상사고,0,0,1,0,차대차 - 측면직각충돌,안전운전불이행,건조,맑음,교차로 - 교차로부근,승용,남,50세,기타불명,승용,남,55세,경상
2012072800100335,2012년 7월 28일 14시,토요일,경상남도 창원시 의창구 서상동,부상신고사고,0,0,0,1,차대차 - 추돌 - 진행중,안전운전불이행,건조,맑음,단일로 - 기타,승용,남,63세,상해없음,승용,여,43세,부상신고