사고번호,사고일시,요일,시군구,사고내용,사망자수,중상자수,경상자수,부상신고자수,사고유형,법규위반,노면상태,기상상태,도로형태,가해운전자 차종,가해운전자 성별,가해운전자 연령,가해운전자 상해정도,피해운전자 차종,피해운전자 성별,피해운전자 연령,피해운전자 상해정도
2012072800100349,2012년 7월 28일 15시,토요일,경상남도 김해시 대동면,중상사고,0,4,7,0,차대차 - 추돌 - 진행중,안전거리미확보,건조,맑음,단일로 - 기타,승합,남,46세,상해없음,승용,여,45세,중상
2012072800100369,2012년 7월 28일 15시,토요일,경상남도 통영시 용남면,중상사고,0,2,0,0,차량단독 - 공작물충돌,안전운전불이행,건조,맑음,단일로 - 기타,승용,남,36세,상해없음,,,,
2012072800100370,2012년 7월 28일 15시,토요일,경상남도 거제시 동부면,중상사고,0,2,2,0,차대차 - 추돌 - 주정차중,안전운전불이행,건조,맑음,단일로 - 기타,승용,남,51세,상해없음,승용,남,33세,중상
2012072800100399,2012년 7월 28일 16시,토요일,경상남도 고성군 고성읍,경상사고,0,0,3,0,차대차 - 추돌 - 주정차중,안전거리미확보,건조,맑음,단일로 - 기타,승용,남,30세,상해없음,승용,남,32세,경상
2012072800100400,2012년 7월 28일 16시,토요일,경상남도 거제시 동부면,중상사고,0,1,1,0,차대차 - 정면충돌,중앙선침범,건조,맑음,단일로 - 기타,승용,여,52세,상해없음,승용,남,52세,경상
2012072800100401,2012년 7월 28일 16시,토요일,경상남도 남해군 창선면,중상사고,0,2,0,0,차대차 - 기타,중앙선침범,건조,맑음,단일로 - 횡단보도부근,승용,남,33세,상해없음,승용,남,30세,중상
2012072800100440,2012년 7월 28일 17시,토요일,경상남도 사천시 죽림동,경상사고,0,0,6,0,차대차 - 추돌 - 주정차중,안전운전불이행,건조,맑음,교차로 - 교차로부근,승용,남,58세,상해없음,승용,남,32세,경상
2012072800100441,2012년 7월 28일 17시,토요일,경상남도 함안군 가야읍,경상사고,0,0,2,0,차대차 - 측면직각충돌,신호위반,건조,맑음,교차로 - 교차로안,이륜,남,72세,경상,승용,여,34세,경상
2012072800100474,2012년 7월 28일 18시,토요일,경상남도 고성군 고성읍,경상사고,0,0,1,0,차대차 - 측면직각충돌,교차로운행방법위반,건조,맑음,교차로 - 교차로안,승용,남,66세,상해없음,승용,남,57세,경상
2012072800100547,2012년 7월 28일 20시,토요일,경상남도 함안군 칠원면,사망사고,1,0,0,0,차량단독 - 도로외이탈 - 추락,안전운전불이행,건조,맑음,단일로 - 기타,화물,남,62세,사망,,,,
2012072800100548,2012년 7월 28일 20시,토요일,경상남도 창원시 의창구 팔용동,경상사고,0,0,1,0,차대차 - 측면직각충돌,교차로운행방법위반,건조,맑음,교차로 - 교차로안,승용,남,42세,상해없음,승용,여,57세,상해없음
2012072800100592,2012년 7월 28일 21시,토요일,경상남도 밀양시 내이동,중상사고,0,1,0,0,차대차 - 추돌 - 진행중,안전거리미확보,건조,맑음,단일로 - 기타,승용,여,37세,상해없음,승용,여,47세,중상
2012072800100594,2012년 7월 28일 21시,토요일,경상남도 창원시 의창구 북면,중상사고,0,1,0,1,차대차 - 측면직각충돌,안전운전불이행,건조,맑음,단일로 - 기타,화물,남,52세,상해없음,승용,여,60세,부상신고
2012072800100595,2012년 7월 28일 21시,토요일,경상남도 창원시 의창구 팔용동,중상사고,0,1,0,0,차대차 - 측면직각충돌,신호위반,건조,맑음,교차로 - 교차로안,승용,남,27세,상해없음,원동기,남,50세,중상
2012072800100596,2012년 7월 28일 21시,토요일,경상남도 창원시 의창구 서상동,경상사고,0,0,2,0,차대차 - 추돌 - 주정차중,안전운전불이행,건조,맑음,교차로 - 교차로부근,승용,남,19세,기타불명,승용,남,38세,경상
2012072800100653,2012년 7월 28일 23시,토요일,경상남도 사천시 벌리동,경상사고,0,0,1,0,차대차 - 측면직각충돌,안전운전불이행,건조,맑음,교차로 - 교차로안,승용,남,24세,상해없음,승용,남,48세,경상
2012072800100654,2012년 7월 28일 23시,토요일,경상남도 함안군 칠북면,중상사고,0,2,0,0,차량단독 - 전도전복,안전운전불이행,건조,맑음,단일로 - 기타,이륜,남,43세,중상,,,,
2012072900100015,2012년 7월 29일 00시,일요일,경상남도 거제시 일운면,중상사고,0,1,0,0,차대차 - 정면충돌,중앙선침범,건조,맑음,단일로 - 기타,승용,남,26세,상해없음,승용,남,19세,중상
2012072900100035,2012년 7월 29일 01시,일요일,경상남도 창원시 성산구 상남동,중상사고,0,1,0,0,차대차 - 측면직각충돌,불법유턴,건조,맑음,교차로 - 교차로안,승용,남,25세,상해없음,승용,남,57세,중상
2012072900100051,2012년 7월 29일 02시,일요일,경상남도 거제시 아주동,사망사고,1,0,0,0,차량단독 - 공작물충돌,안전운전불이행,건조,맑음,단일로 - 기타,승합,남,55세,사망,,,,
2012072900100065,2012년 7월 29일 03시,일요일,경상남도 창원시 마산합포구 산호동,경상사고,0,0,1,0,차대차 - 측면직각충돌,신호위반,건조,맑음,교차로 - 교차로안,승용,남,66세,상해없음,승용,남,55세,경상
2012072900100081,2012년 7월 29일 04시,일요일,경상남도 창원시 마산합포구 월포동,중상사고,0,1,1,0,차대차 - 추돌 - 진행중,안전운전불이행,건조,맑음,단일로 - 기타,승용,남,27세,경상,화물,남,53세,중상
2012072900100092,2012년 7월 29일 05시,일요일,경상남도 창원시 마산합포구 남성동,경상사고,0,0,1,0,차대차 - 측면직각충돌,교차로운행방법위반,건조,맑음,교차로 - 교차로안,승용,남,24세,상해없음,화물,남,46세,경상
2012072900100132,2012년 7월 29일 08시,일요일,경상남도 진주시 이현동,중상사고,0,1,1,0,차대차 - 기타,안전운전불이행,건조,맑음,단일로 - 기타,승용,여,29세,경상,승용,여,42세,중상
2012072900100147,2012년 7월 29일 09시,일요일,경상남도 사천시 백천동,중상사고,0,1,1,0,차대차 - 정면충돌,안전운전불이행,건조,맑음,단일로 - 기타,승용,남,24세,상해없음,이륜,남,61세,경상
2012072900100148,2012년 7월 29일 09시,일요일,경상남도 합천군 청덕면,경상사고,0,0,3,0,차량단독 - 공작물충돌,안전운전불이행,건조,맑음,단일로 - 기타,화물,남,25세,경상,,,,
2012072900100169,2012년 7월 29일 10시,일요일,경상남도 창원시 의창구 대산면,경상사고,0,0,1,0,차대차 - 추돌 - 진행중,안전운전불이행,건조,맑음,단일로 - 기타,승용,남,28세,상해없음,승용,남,37세,경상
2012072900100190,2012년 7월 29일 11시,일요일,경상남도 밀양시 청도면,중상사고,0,1,0,0,차대차 - 정면충돌,안전운전불이행,건조,맑음,단일로 - 기타,승용,여,55세,상해없음,승용,여,46세,중상
2012072900100191,2012년 7월 29일 11시,일요일,경상남도 합천군 용주면,경상사고,0,0,1,0,차대차 - 기타,안전운전불이행,건조,맑음,단일로 - 기타,승용,여,50세,상해없음,승용,남,62세,경상
2012072900100192,2012년 7월 29일 11시,일요일,경상남도 남해군 삼동면,경상사고,0,0,2,0,차대차 - 측면직각충돌,안전운전불이행,건조,맑음,교차로 - 교차로안,승용,여,37세,상해없음,승용,남,23세,경상
2012072900100218,2012년 7월 29일 12시,일요일,경상남도 거제시 장목면,중상사고,0,1,0,0,차대차 - 측면직각충돌,안전운전불이행,건조,맑음,단일로 - 기타,승용,남,29세,상해없음,승용,남,67세,중상
2012072900100219,2012년 7월 29일 12시,일요일,경상남도 창원시 의창구 소답동,중상사고,0,1,0,0,차대사람 - 기타,보행자보호의무위반,건조,맑음,단일로 - 횡단보도상,승용,남,70세,상해없음,보행자,여,81세,중상
2012072900100239,2012년 7월 29일 13시,일요일,경상남도 통영시 광도면,중상사고,0,1,4,0,차대차 - 추돌 - 주정차중,안전운전불이행,건조,맑음,단일로 - 기타,화물,여,62세,상해없음,승용,남,60세,경상
2012072900100240,2012년 7월 29일 13시,일요일,경상남도 창원시 마산회원구 양덕동,중상사고,0,1,0,0,차대사람 - 기타,안전운전불이행,기타,맑음,기타 - 기타,승용,남,37세,상해없음,보행자,남,46세,중상
2012072900100266,2012년 7월 29일 14시,일요일,경상남도 통영시 북신동,중상사고,0,1,0,0,차대사람 - 횡단중,안전운전불이행,건조,맑음,교차로 - 교차로안,승용,여,26세,상해없음,보행자,여,78세,중상
2012072900100267,2012년 7월 29일 14시,일요일,경상남도 함안군 군북면,경상사고,0,0,2,0,차대차 - 정면충돌,중앙선침범,건조,맑음,단일로 - 기타,승용,여,68세,상해없음,승용,남,62세,경상
2012072900100296,2012년 7월 29일 15시,일요일,경상남도 창녕군 이방면,사망사고,1,1,0,0,차대차 - 측면직각충돌,안전운전불이행,건조,맑음,단일로 - 기타,농기계,남,35세,중상,원동기,남,76세,사망
2012072900100297,2012년 7월 29일 15시,일요일,경상남도 남해군 창선면,경상사고,0,0,1,0,차대차 - 측면직각충돌,안전운전불이행,건조,맑음,기타 - 기타,승용,여,43세,상해없음,승용,남,57세,경상
2012072900100333,2012년 7월 29일 16시,일요일,경상남도 창원시 마산합포구 진동면,경상사고,0,0,1,0,차대차 - 기타,안전운전불이행,건조,맑음,단일로 - 기타,승용,여,57세,상해없음,자전거,남,54세,경상
2012072900100334,2012년 7월 29일 16시,일요일,경상남도 통영시 광도면,중상사고,0,1,0,0,차대차 - 추돌 - 주정차중,안전거리미확보,건조,맑음,단일로 - 기타,승용,여,42세,상해없음,승용,여,49세,중상
2012072900100335,2012년 7월 29일 16시,일요일,경상남도 사천시 서포면,경상사고,0,0,1,0,차대사람 - 횡단중,안전운전불이행,건조,맑음,단일로 - 기타,승용,남,43세,상해없음,보행자,여,15세,경상
2012072900100336,2012년 7월 29일 16시,일요일,경상남도 함안군 산인면,경상사고,0,0,1,0,차대차 - 추돌 - 주정차중,안전거리미확보,건조,맑음,단일로 - 터널,승용,여,24세,상해없음,승용,남,34세,상해없음
2012072900100376,2012년 7월 29일 17시,일요일,경상남도 진주시 상평동,경상사고,0,0,2,0,차대차 - 기타,안전운전불이행,건조,맑음,교차로 - 교차로안,승용,남,51세,상해없음,승용,남,31세,경상
2012072900100377,2012년 7월 29일 17시,일요일,경상남도 진주시 가좌동,중상사고,0,2,0,0,차대차 - 기타,안전운전불이행,건조,맑음,단일로 - 기타,승용,여,21세,상해없음,이륜,남,79세,중상
2012072900100378,2012년 7월 29일 17시,일요일,경상남도 창원시 진해구 충무동,경상사고,0,0,1,0,차대차 - 측면직각충돌,차로위반,건조,맑음,단일로 - 기타,승용,남,58세,상해없음,원동기,남,40세,경상
2012072900100407,2012년 7월 29일 18시,일요일,경상남도 거제시 상동동,중상사고,0,1,0,0,차대차 - 기타,교차로운행방법위반,건조,맑음,교차로 - 교차로안,승용,남,44세,상해없음,이륜,남,37세,중상
2012072900100408,2012년 7월 29일 18시,일요일,경상남도 김해시 주촌면,중상사고,0,2,0,0,차대차 - 정면충돌,신호위반,건조,맑음,교차로 - 교차로안,승용,남,54세,상해없음,승용,남,34세,중상
2012072900100433,2012년 7월 29일 19시,일요일,경상남도 사천시 사천읍,중상사고,0,1,1,0,차대차 - 추돌 - 진행중,안전운전불이행,건조,맑음,단일로 - 기타,승용,여,44세,경상,승용,남,31세,중상
2012072900100469,2012년 7월 29일 20시,일요일,경상남도 진주시 평거동,경상사고,0,0,3,0,차대차 - 측면직각충돌,안전운전불이행,건조,맑음,교차로 - 교차로안,승용,남,44세,상해없음,승용,남,34세,경상
2012072900100470,2012년 7월 29일 20시,일요일,경상남도 사천시 사남면,중상사고,0,1,0,0,차대차 - 추돌 - 진행중,과속,건조,맑음,단일로 - 기타,승용,남,34세,상해없음,농기계,남,59세,중상
2012072900100471,2012년 7월 29일 20시,일요일,경상남도 함안군 산인면,경상사고,0,0,2,0,차대차 - 측면직각충돌,신호위반,건조,맑음,교차로 - 교차로안,승용,남,71세,경상,승용,남,47세,경상
2012072900100472,2012년 7월 29일 20시,일요일,경상남도 창원시 마산회원구 합성동,경상사고,0,0,1,0,차대사람 - 횡단중,보행자보호의무위반,건조,맑음,교차로 - 교차로부근,승용,여,41세,상해없음,보행자,여,45세,경상
2012072900100494,2012년 7월 29일 21시,일요일,경상남도 의령군 대의면,경상사고,0,0,1,0,차대차 - 정면충돌,중앙선침범,건조,맑음,단일로 - 기타,승용,남,61세,상해없음,화물,남,37세,경상
2012073000100016,2012년 7월 30일 00시,월요일,경상남도 창원시 마산회원구 합성동,경상사고,0,0,1,0,차대차 - 기타,안전운전불이행,건조,맑음,교차로 - 교차로부근,승용,여,23세,상해없음,승용,남,46세,경상
2012073000100062,2012년 7월 30일 06시,월요일,경상남도 거제시 연초면,경상사고,0,0,1,0,차대차 - 추돌 - 진행중,신호위반,건조,맑음,교차로 - 교차로안,승합,남,62세,상해없음,승합,남,56세,경상
2012073000100082,2012년 7월 30일 07시,월요일,경상남도 창원시 진해구 여좌동,경상사고,0,0,1,0,차대사람 - 차도통행중,안전운전불이행,건조,맑음,기타 - 기타,승용,남,59세,상해없음,보행자,여,63세,경상
2012073000100083,2012년 7월 30일 07시,월요일,경상남도 창원시 진해구 용원동,중상사고,0,1,0,0,차대차 - 측면직각충돌,직진우회전진행방해,건조,맑음,교차로 - 교차로안,승용,남,31세,상해없음,승용,남,58세,중상
2012073000100084,2012년 7월 30일 07시,월요일,경상남도 사천시 축동면,경상사고,0,0,1,0,차대차 - 기타,안전운전불이행,건조,맑음,단일로 - 기타,승용,남,74세,상해없음,승용,여,42세,경상
2012073000100115,2012년 7월 30일 08시,월요일,경상남도 함양군 함양읍,중상사고,0,1,0,0,차대차 - 측면직각충돌,중앙선침범,건조,맑음,단일로 - 기타,화물,남,45세,상해없음,원동기,남,70세,중상
2012073000100153,2012년 7월 30일 09시,월요일,경상남도 거제시 아주동,중상사고,0,2,4,0,차대차 - 추돌 - 진행중,안전운전불이행,건조,맑음,단일로 - 기타,승용,남,35세,상해없음,화물,남,44세,상해없음
2012073000100185,2012년 7월 30일 10시,월요일,경상남도 양산시 물금읍,경상사고,0,0,1,0,차대차 - 측면직각충돌,안전운전불이행,건조,맑음,단일로 - 기타,건설기계,남,57세,상해없음,승용,여,53세,경상
2012073000100186,2012년 7월 30일 10시,월요일,경상남도 고성군 고성읍,경상사고,0,0,1,0,차대차 - 추돌 - 진행중,안전거리미확보,건조,맑음,교차로 - 교차로안,화물,남,45세,상해없음,화물,남,30세,경상
2012073000100187,2012년 7월 30일 10시,월요일,경상남도 거제시 능포동,중상사고,0,1,0,0,차대사람 - 기타,안전운전불이행,건조,맑음,단일로 - 기타,화물,남,48세,상해없음,보행자,남,54세,중상
2012073000100188,2012년 7월 30일 10시,월요일,경상남도 김해시 진영읍,중상사고,0,1,0,0,차대사람 - 기타,보행자보호의무위반,건조,맑음,교차로 - 교차로부근,기타불명,기타불명,기타불명,기타불명,보행자,남,10세,중상
2012073000100215,2012년 7월 30일 11시,월요일,경상남도 산청군 신안면,중상사고,0,1,0,0,차량단독 - 도로외이탈 - 추락,안전운전불이행,건조,맑음,단일로 - 기타,화물,여,53세,중상,,,,
2012073000100216,2012년 7월 30일 11시,월요일,경상남도 창원시 성산구 남산동,경상사고,0,0,2,1,차대차 - 추돌 - 주정차중,안전운전불이행,건조,맑음,교차로 - 교차로부근,화물,남,25세,상해없음,화물,남,51세,상해없음
2012073000100246,2012년 7월 30일 12시,월요일,경상남도 창원시 마산합포구 중앙동1가,경상사고,0,0,1,0,차대차 - 추돌 - 진행중,교차로운행방법위반,건조,맑음,교차로 - 교차로부근,승용,남,53세,상해없음,원동기,남,18세,경상
2012073000100247,2012년 7월 30일 12시,월요일,경상남도 진주시 신안동,중상사고,0,1,0,0,차대차 - 측면직각충돌,신호위반,건조,맑음,단일로 - 기타,승용,여,44세,상해없음,원동기,남,35세,중상
2012073000100248,2012년 7월 30일 12시,월요일,경상남도 김해시 부원동,중상사고,0,1,0,0,차대차 - 측면직각충돌,교차로운행방법위반,건조,맑음,교차로 - 교차로안,승용,남,21세,상해없음,이륜,남,55세,중상
2012073000100249,2012년 7월 30일 12시,월요일,경상남도 고성군 고성읍,경상사고,0,0,1,0,차대차 - 추돌 - 진행중,안전운전불이행,건조,맑음,단일로 - 기타,승용,남,30세,상해없음,승용,남,29세,경상
2012073000100286,2012년 7월 30일 13시,월요일,경상남도 창원시 마산합포구 해운동,경상사고,0,0,2,0,차대차 - 추돌 - 진행중,안전거리미확보,건조,맑음,교차로 - 교차로부근,승용,남,50세,상해없음,승용,여,54세,경상
2012073000100287,2012년 7월 30일 13시,월요일,경상남도 고성군 상리면,경상사고,0,0,3,0,차대차 - 추돌 - 진행중,안전운전불이행,건조,맑음,단일로 - 기타,특수,여,65세,상해없음,승용,남,50세,경상
2012073000100288,2012년 7월 30일 13시,월요일,경상남도 남해군 삼동면,경상사고,0,0,1,0,차대차 - 정면충돌,중앙선침범,건조,맑음,기타 - 기타,승용,남,23세,상해없음,승용,남,59세,경상
2012073000100331,2012년 7월 30일 14시,월요일,경상남도 창원시 마산합포구 자산동,부상신고사고,0,0,0,1,차대사람 - 기타,안전운전불이행,건조,맑음,단일로 - 기타,승용,남,67세,상해없음,보행자,남,65세,부상신고
2012073000100332,2012년 7월 30일 14시,월요일,경상남도 통영시 무전동,중상사고,0,1,0,0,차대차 - 측면직각충돌,직진우회전진행방해,건조,맑음,교차로 - 교차로안,승용,여,36세,상해없음,이륜,남,30세,중상
2012073000100365,2012년 7월 30일 15시,월요일,경상남도 진주시 상대동,사망사고,1,0,0,0,차대사람 - 횡단중,안전운전불이행,건조,맑음,단일로 - 기타,화물,남,72세,기타불명,보행자,여,85세,사망
2012073000100366,2012년 7월 30일 15시,월요일,경상남도 진주시 하대동,중상사고,0,1,0,0,차대사람 - 길가장자리구역통행중,안전운전불이행,건조,맑음,단일로 - 기타,화물,남,69세,상해없음,보행자,여,81세,중상
2012073000100367,2012년 7월 30일 15시,월요일,경상남도 창원시 진해구 청안동,경상사고,0,0,1,0,차대차 - 추돌 - 주정차중,안전운전불이행,건조,맑음,교차로 - 교차로부근,화물,남,59세,상해없음,승합,남,39세,상해없음
2012073000100368,2012년 7월 30일 15시,월요일,경상남도 통영시 당동,중상사고,0,2,1,0,차대차 - 추돌 - 주정차중,안전거리미확보,건조,맑음,교차로 - 교차로부근,승용,남,49세,상해없음,승용,여,41세,중상
2012073000100369,2012년 7월 30일 15시,월요일,경상남도 통영시 광도면,경상사고,0,0,1,0,차대차 - 추돌 - 진행중,안전거리미확보,건조,맑음,교차로 - 교차로안,승용,남,51세,상해없음,승용,여,28세,경상
2012073000100370,2012년 7월 30일 15시,월요일,경상남도 거창군 가조면,중상사고,0,1,1,0,차대차 - 추돌 - 진행중,안전운전불이행,건조,맑음,단일로 - 기타,화물,남,58세,상해없음,이륜,남,76세,경상
2012073000100371,2012년 7월 30일 15시,월요일,경상남도 양산시 주진동,부상신고사고,0,0,0,1,차대차 - 측면직각충돌,안전운전불이행,건조,맑음,단일로 - 기타,화물,남,27세,상해없음,승용,남,55세,기타불명
2012073000100372,2012년 7월 30일 15시,월요일,경상남도 창원시 성산구 반지동,중상사고,0,1,0,0,차대차 - 측면직각충돌,교차로운행방법위반,건조,맑음,교차로 - 교차로안,승용,남,55세,상해없음,화물,남,47세,중상
2012073000100405,2012년 7월 30일 16시,월요일,경상남도 고성군 고성읍,중상사고,0,1,0,0,차대사람 - 횡단중,보행자보호의무위반,건조,맑음,단일로 - 횡단보도상,승용,여,39세,상해없음,보행자,여,49세,중상
2012073000100439,2012년 7월 30일 17시,월요일,경상남도 거제시 문동동,중상사고,0,1,0,0,차대차 - 기타,중앙선침범,건조,맑음,단일로 - 기타,승용,남,52세,상해없음,승용,남,33세,중상
2012073000100440,2012년 7월 30일 17시,월요일,경상남도 함안군 군북면,중상사고,0,1,0,0,차대차 - 정면충돌,중앙선침범,건조,맑음,단일로 - 기타,화물,남,51세,상해없음,승용,남,28세,중상
2012073000100441,2012년 7월 30일 17시,월요일,경상남도 창원시 마산합포구 산호동,경상사고,0,0,1,0,차대차 - 측면직각충돌,안전운전불이행,건조,맑음,단일로 - 기타,화물,남,57세,상해없음,승용,남,70세,경상
2012073000100442,2012년 7월 30일 17시,월요일,경상남도 김해시 진영읍,중상사고,0,2,0,0,차대차 - 추돌 - 주정차중,안전거리미확보,건조,맑음,단일로 - 기타,화물,남,46세,상해없음,승용,남,37세,중상
2012073000100486,2012년 7월 30일 18시,월요일,경상남도 밀양시 초동면,경상사고,0,0,2,0,차대차 - 추돌 - 주정차중,안전운전불이행,건조,맑음,단일로 - 기타,승용,여,39세,상해없음,승용,여,48세,경상
2012073000100487,2012년 7월 30일 18시,월요일,경상남도 김해시 봉황동,경상사고,0,0,1,0,차대차 - 기타,안전운전불이행,건조,맑음,단일로 - 기타,승용,남,34세,상해없음,자전거,남,8세,경상
2012073000100488,2012년 7월 30일 18시,월요일,경상남도 창녕군 성산면,경상사고,0,0,1,0,차대차 - 정면충돌,중앙선침범,건조,맑음,단일로 - 기타,승용,남,33세,상해없음,화물,남,49세,상해없음
2012073000100489,2012년 7월 30일 18시,월요일,경상남도 거제시 고현동,경상사고,0,0,2,0,차대차 - 기타,안전운전불이행,건조,흐림,교차로 - 교차로안,승용,여,38세,상해없음,승용,여,46세,경상
2012073000100553,2012년 7월 30일 20시,월요일,경상남도 창녕군 영산면,경상사고,0,0,1,0,차대차 - 측면직각충돌,중앙선침범,건조,맑음,단일로 - 기타,승용,남,68세,상해없음,이륜,남,23세,경상
2012073000100579,2012년 7월 30일 21시,월요일,경상남도 진주시 신안동,중상사고,0,1,0,0,차대사람 - 횡단중,안전운전불이행,건조,맑음,단일로 - 기타,승용,남,26세,상해없음,보행자,남,30세,중상
2012073000100580,2012년 7월 30일 21시,월요일,경상남도 창원시 진해구 여좌동,중상사고,0,1,0,0,차대차 - 기타,신호위반,건조,맑음,교차로 - 교차로안,승용,여,41세,상해없음,자전거,남,38세,중상
2012073000100602,2012년 7월 30일 22시,월요일,경상남도 진주시 상대동,경상사고,0,0,1,0,차대차 - 기타,안전운전불이행,건조,맑음,단일로 - 기타,화물,남,43세,상해없음,승용,남,53세,경상
2012073000100603,2012년 7월 30일 22시,월요일,경상남도 창녕군 창녕읍,사망사고,1,1,0,0,차대차 - 측면직각충돌,안전운전불이행,건조,맑음,교차로 - 교차로안,승합,남,41세,상해없음,승용,여,57세,중상
2012073000100604,2012년 7월 30일 22시,월요일,경상남도 양산시 평산동,경상사고,0,0,1,0,차대사람 - 횡단중,안전운전불이행,건조,맑음,단일로 - 기타,승용,여,26세,상해없음,보행자,여,5세,경상
2012073000100605,2012년 7월 30일 22시,월요일,경상남도 김해시 진영읍,경상사고,0,0,3,0,차대차 - 정면충돌,중앙선침범,건조,맑음,교차로 - 교차로안,승용,남,49세,상해없음,승용,여,45세,경상
2012073000100631,2012년 7월 30일 23시,월요일,경상남도 창원시 의창구 명서동,중상사고,0,1,0,0,차대차 - 측면직각충돌,안전운전불이행,건조,맑음,단일로 - 기타,승용,남,52세,상해없음,이륜,남,22세,중상
2012073100100049,2012년 7월 31일 03시,화요일,경상남도 거제시 아주동,경상사고,0,0,2,0,차대차 - 기타,안전운전불이행,건조,맑음,교차로 - 교차로부근,승용,남,29세,상해없음,화물,남,56세,경상
2012073100100057,2012년 7월 31일 04시,화요일,경상남도 양산시 물금읍,경상사고,0,0,1,0,차량단독 - 공작물충돌,안전운전불이행,건조,맑음,교차로 - 교차로부근,승용,여,35세,경상,,,,
2012073100100059,2012년 7월 31일 05시,화요일,경상남도 창원시 진해구 석동,경상사고,0,0,3,0,차대차 - 추돌 - 진행중,안전운전불이행,건조,맑음,교차로 - 교차로안,원동기,남,22세,상해없음,승용,남,24세,경상
2012073100100070,2012년 7월 31일 06시,화요일,경상남도 창원시 마산합포구 산호동,중상사고,0,1,0,0,차량단독 - 기타,안전운전불이행,건조,맑음,단일로 - 기타,원동기,남,32세,상해없음,,,,
2012073100100085,2012년 7월 31일 07시,화요일,경상남도 진주시 인사동,중상사고,0,1,0,0,차대사람 - 횡단중,보행자보호의무위반,건조,맑음,교차로 - 교차로안,승용,남,45세,상해없음,보행자,여,75세,중상
2012073100100086,2012년 7월 31일 07시,화요일,경상남도 창원시 진해구 경화동,경상사고,0,0,1,0,차대차 - 측면직각충돌,교차로운행방법위반,건조,맑음,단일로 - 기타,승용,남,63세,상해없음,승용,남,41세,경상
2012073100100087,2012년 7월 31일 07시,화요일,경상남도 거제시 일운면,중상사고,0,1,0,0,차대사람 - 횡단중,안전운전불이행,건조,맑음,교차로 - 교차로부근,승용,남,57세,상해없음,보행자,남,37세,중상
2012073100100120,2012년 7월 31일 08시,화요일,경상남도 함양군 안의면,중상사고,0,1,0,0,차대차 - 측면직각충돌,교차로운행방법위반,건조,맑음,교차로 - 교차로안,이륜,남,27세,상해없음,이륜,남,48세,중상
2012073100100121,2012년 7월 31일 08시,화요일,경상남도 양산시 평산동,부상신고사고,0,0,0,2,차대차 - 측면직각충돌,교차로운행방법위반,건조,맑음,교차로 - 교차로안,승용,남,50세,부상신고,승용,여,60세,부상신고
2012073100100170,2012년 7월 31일 10시,화요일,경상남도 합천군 대양면,경상사고,0,0,1,0,차대차 - 정면충돌,중앙선침범,건조,맑음,단일로 - 기타,화물,남,30세,상해없음,화물,여,67세,경상
2012073100100196,2012년 7월 31일 11시,화요일,경상남도 사천시 동금동,경상사고,0,0,1,0,차대차 - 측면직각충돌,교차로운행방법위반,건조,맑음,교차로 - 교차로안,승용,남,58세,상해없음,이륜,남,76세,경상
2012073100100197,2012년 7월 31일 11시,화요일,경상남도 창녕군 이방면,경상사고,0,0,1,0,차대차 - 측면직각충돌,안전운전불이행,건조,맑음,단일로 - 기타,건설기계,남,49세,상해없음,승용,여,31세,경상
2012073100100198,2012년 7월 31일 11시,화요일,경상남도 함양군 안의면,중상사고,0,1,0,0,차대차 - 측면직각충돌,교차로운행방법위반,건조,맑음,교차로 - 교차로안,승용,남,52세,상해없음,이륜,남,61세,중상
2012073100100199,2012년 7월 31일 11시,화요일,경상남도 고성군 회화면,사망사고,1,1,0,0,차대사람 - 기타,안전운전불이행,건조,맑음,단일로 - 기타,승용,남,52세,상해없음,보행자,여,72세,사망
2012073100100200,2012년 7월 31일 11시,화요일,경상남도 남해군 창선면,경상사고,0,0,5,0,차대차 - 추돌 - 진행중,안전운전불이행,건조,맑음,단일로 - 기타,승용,남,49세,기타불명,승용,남,55세,경상
2012073100100201,2012년 7월 31일 11시,화요일,경상남도 함안군 대산면,중상사고,0,1,0,0,차대차 - 측면직각충돌,안전운전불이행,건조,맑음,단일로 - 교량,승용,남,63세,상해없음,이륜,남,82세,중상
2012073100100263,2012년 7월 31일 13시,화요일,경상남도 사천시 사천읍,경상사고,0,0,2,0,차대차 - 측면직각충돌,교차로운행방법위반,건조,맑음,교차로 - 교차로안,화물,남,44세,상해없음,승용,남,35세,경상
2012073100100290,2012년 7월 31일 14시,화요일,경상남도 창원시 진해구 용원동,경상사고,0,0,1,0,차대차 - 측면직각충돌,안전운전불이행,건조,맑음,교차로 - 교차로부근,승용,여,33세,상해없음,승용,남,50세,경상
2012073100100291,2012년 7월 31일 14시,화요일,경상남도 사천시 벌리동,경상사고,0,0,1,0,차대사람 - 기타,안전운전불이행,건조,맑음,단일로 - 횡단보도상,승용,남,28세,상해없음,보행자,남,36세,경상
2012073100100292,2012년 7월 31일 14시,화요일,경상남도 창원시 마산회원구 내서읍,중상사고,0,1,0,0,차량단독 - 기타,안전운전불이행,건조,맑음,단일로 - 기타,승합,남,51세,상해없음,,,,
2012073100100325,2012년 7월 31일 15시,화요일,경상남도 양산시 용당동,경상사고,0,0,1,0,차대차 - 기타,안전운전불이행,건조,맑음,기타 - 기타,승합,남,44세,상해없음,승용,여,51세,경상