사고번호,사고일시,요일,시군구,사고내용,사망자수,중상자수,경상자수,부상신고자수,사고유형,법규위반,노면상태,기상상태,도로형태,가해운전자 차종,가해운전자 성별,가해운전자 연령,가해운전자 상해정도,피해운전자 차종,피해운전자 성별,피해운전자 연령,피해운전자 상해정도
2012073100100353,2012년 7월 31일 16시,화요일,경상남도 고성군 동해면,중상사고,0,1,1,0,차대차 - 측면직각충돌,직진우회전진행방해,건조,맑음,교차로 - 교차로안,승용,남,33세,상해없음,화물,남,54세,중상
2012073100100389,2012년 7월 31일 17시,화요일,경상남도 창원시 의창구 신월동,경상사고,0,0,5,0,차대차 - 추돌 - 주정차중,안전운전불이행,기타,맑음,단일로 - 기타,승용,여,47세,상해없음,승용,남,32세,경상
2012073100100423,2012년 7월 31일 18시,화요일,경상남도 통영시 북신동,경상사고,0,0,1,0,차대사람 - 기타,안전운전불이행,건조,맑음,단일로 - 기타,승용,여,41세,상해없음,보행자,여,33세,경상
2012073100100453,2012년 7월 31일 19시,화요일,경상남도 밀양시 가곡동,중상사고,0,1,0,0,차대사람 - 차도통행중,안전운전불이행,건조,맑음,단일로 - 기타,승용,여,46세,상해없음,보행자,남,73세,중상
2012073100100454,2012년 7월 31일 19시,화요일,경상남도 밀양시 내이동,중상사고,0,3,0,0,차대차 - 추돌 - 주정차중,안전운전불이행,건조,맑음,교차로 - 교차로부근,이륜,남,67세,상해없음,승용,남,46세,상해없음
2012073100100455,2012년 7월 31일 19시,화요일,경상남도 남해군 이동면,경상사고,0,0,2,0,차대차 - 측면직각충돌,직진우회전진행방해,건조,맑음,교차로 - 교차로안,화물,남,43세,상해없음,승용,남,49세,경상
2012073100100484,2012년 7월 31일 20시,화요일,경상남도 사천시 곤명면,중상사고,0,1,0,0,차대사람 - 횡단중,안전운전불이행,건조,맑음,단일로 - 기타,승합,남,51세,상해없음,보행자,남,75세,중상
2012073100100485,2012년 7월 31일 20시,화요일,경상남도 밀양시 삼랑진읍,중상사고,0,1,0,0,차대차 - 측면직각충돌,안전운전불이행,건조,맑음,교차로 - 교차로부근,승용,남,32세,상해없음,화물,남,52세,중상
2012073100100486,2012년 7월 31일 20시,화요일,경상남도 김해시 삼계동,중상사고,0,1,0,0,차대차 - 기타,안전운전불이행,건조,맑음,교차로 - 교차로부근,화물,남,47세,상해없음,화물,남,28세,중상
2012073100100487,2012년 7월 31일 20시,화요일,경상남도 김해시 구산동,중상사고,0,1,0,0,차대사람 - 횡단중,안전운전불이행,건조,맑음,교차로 - 교차로부근,승합,남,49세,상해없음,보행자,남,25세,중상
2012073100100563,2012년 7월 31일 22시,화요일,경상남도 창원시 마산합포구 신포동1가,중상사고,0,1,0,0,차대차 - 추돌 - 진행중,안전운전불이행,건조,맑음,교차로 - 교차로부근,화물,남,28세,상해없음,승용,남,43세,중상
2012073100100564,2012년 7월 31일 22시,화요일,경상남도 창원시 진해구 석동,중상사고,0,1,0,0,차대사람 - 기타,안전운전불이행,건조,맑음,기타 - 기타,승용,남,63세,상해없음,보행자,남,66세,중상
2012073100100565,2012년 7월 31일 22시,화요일,경상남도 창원시 의창구 용호동,중상사고,0,1,0,0,차대사람 - 기타,안전운전불이행,기타,맑음,교차로 - 교차로안,이륜,남,24세,상해없음,보행자,남,56세,중상
2012080100100008,2012년 8월 1일 00시,수요일,경상남도 창원시 성산구 내동,경상사고,0,0,1,0,차대사람 - 기타,안전운전불이행,기타,맑음,단일로 - 기타,승합,남,43세,상해없음,보행자,남,41세,경상
2012080100100009,2012년 8월 1일 00시,수요일,경상남도 창원시 의창구 도계동,경상사고,0,0,1,0,차대사람 - 횡단중,중앙선침범,건조,맑음,단일로 - 기타,승용,남,49세,상해없음,보행자,남,44세,경상
2012080100100020,2012년 8월 1일 01시,수요일,경상남도 밀양시 내이동,경상사고,0,0,1,0,차대사람 - 길가장자리구역통행중,안전운전불이행,건조,맑음,단일로 - 기타,승용,남,45세,상해없음,보행자,여,43세,경상
2012080100100021,2012년 8월 1일 01시,수요일,경상남도 김해시 동상동,경상사고,0,0,2,0,차대차 - 측면직각충돌,신호위반,건조,맑음,교차로 - 교차로안,승용,남,56세,경상,승용,남,50세,경상
2012080100100022,2012년 8월 1일 01시,수요일,경상남도 거제시 사등면,경상사고,0,0,1,0,차대차 - 측면직각충돌,안전운전불이행,건조,맑음,단일로 - 교량,승용,남,33세,기타불명,승합,여,41세,경상
2012080100100066,2012년 8월 1일 05시,수요일,경상남도 함안군 군북면,경상사고,0,0,2,0,차대차 - 측면직각충돌,안전운전불이행,건조,맑음,교차로 - 교차로안,승용,여,61세,경상,화물,남,54세,경상
2012080100100120,2012년 8월 1일 08시,수요일,경상남도 밀양시 무안면,경상사고,0,0,1,0,차대차 - 측면직각충돌,안전운전불이행,건조,맑음,교차로 - 교차로안,승용,남,58세,상해없음,이륜,남,60세,경상
2012080100100139,2012년 8월 1일 09시,수요일,경상남도 창원시 마산합포구 진북면,중상사고,0,1,0,0,차대차 - 기타,안전운전불이행,건조,맑음,교차로 - 교차로안,승용,남,66세,상해없음,승용,남,34세,중상
2012080100100140,2012년 8월 1일 09시,수요일,경상남도 창녕군 창녕읍,중상사고,0,1,0,0,차대차 - 기타,교차로운행방법위반,건조,맑음,교차로 - 교차로안,승용,남,60세,상해없음,승용,남,37세,상해없음
2012080100100169,2012년 8월 1일 10시,수요일,경상남도 창원시 성산구 상남동,경상사고,0,0,1,0,차대차 - 측면직각충돌,교차로운행방법위반,건조,맑음,교차로 - 교차로안,승용,남,58세,상해없음,승용,남,46세,경상
2012080100100205,2012년 8월 1일 11시,수요일,경상남도 진주시 평거동,중상사고,0,1,0,0,차대차 - 측면직각충돌,직진우회전진행방해,건조,맑음,교차로 - 교차로안,승용,여,51세,상해없음,원동기,남,38세,중상
2012080100100206,2012년 8월 1일 11시,수요일,경상남도 거제시 장목면,중상사고,0,1,0,0,차대차 - 추돌 - 진행중,안전운전불이행,건조,기타,단일로 - 기타,승용,남,29세,상해없음,승합,남,57세,상해없음
2012080100100229,2012년 8월 1일 12시,수요일,경상남도 밀양시 삼랑진읍,중상사고,0,1,0,0,차대차 - 정면충돌,안전운전불이행,건조,맑음,단일로 - 기타,승용,여,43세,상해없음,자전거,남,19세,중상
2012080100100261,2012년 8월 1일 13시,수요일,경상남도 김해시 상동면,경상사고,0,0,1,0,차대차 - 측면직각충돌,안전운전불이행,건조,맑음,교차로 - 교차로안,승용,남,57세,상해없음,화물,남,25세,경상
2012080100100262,2012년 8월 1일 13시,수요일,경상남도 산청군 시천면,중상사고,0,1,0,0,차대사람 - 차도통행중,안전운전불이행,건조,맑음,기타 - 기타,승용,남,81세,상해없음,보행자,여,39세,중상
2012080100100263,2012년 8월 1일 13시,수요일,경상남도 산청군 단성면,중상사고,0,2,11,3,차대차 - 추돌 - 주정차중,안전운전불이행,건조,맑음,단일로 - 기타,승합,남,71세,상해없음,승용,남,45세,상해없음
2012080100100328,2012년 8월 1일 15시,수요일,경상남도 창원시 진해구 경화동,중상사고,0,2,0,0,차량단독 - 공작물충돌,안전운전불이행,건조,맑음,단일로 - 기타,승합,여,54세,상해없음,,,,
2012080100100329,2012년 8월 1일 15시,수요일,경상남도 창원시 의창구 봉곡동,중상사고,0,1,1,0,차대차 - 기타,신호위반,건조,맑음,교차로 - 교차로안,승용,남,62세,상해없음,승용,여,48세,경상
2012080100100353,2012년 8월 1일 16시,수요일,경상남도 양산시 상북면,경상사고,0,0,1,0,차대차 - 측면직각충돌,안전운전불이행,건조,맑음,교차로 - 교차로부근,화물,여,47세,상해없음,승용,여,36세,경상
2012080100100354,2012년 8월 1일 16시,수요일,경상남도 고성군 상리면,중상사고,0,2,0,0,차대차 - 측면직각충돌,안전운전불이행,건조,맑음,단일로 - 기타,화물,남,57세,상해없음,승용,여,32세,중상
2012080100100386,2012년 8월 1일 17시,수요일,경상남도 함양군 함양읍,중상사고,0,1,0,0,차량단독 - 공작물충돌,안전운전불이행,건조,맑음,교차로 - 교차로안,승용,남,70세,상해없음,,,,
2012080100100426,2012년 8월 1일 18시,수요일,경상남도 사천시 사남면,경상사고,0,0,1,0,차대차 - 기타,교차로운행방법위반,건조,맑음,교차로 - 교차로안,승용,여,42세,상해없음,승용,여,38세,경상
2012080100100427,2012년 8월 1일 18시,수요일,경상남도 양산시 덕계동,경상사고,0,0,1,0,차대차 - 기타,안전운전불이행,건조,맑음,교차로 - 교차로부근,승용,남,59세,상해없음,자전거,여,36세,경상
2012080100100462,2012년 8월 1일 19시,수요일,경상남도 통영시 북신동,경상사고,0,0,1,0,차대차 - 측면직각충돌,중앙선침범,건조,맑음,단일로 - 기타,승용,여,58세,상해없음,이륜,남,34세,경상
2012080100100463,2012년 8월 1일 19시,수요일,경상남도 양산시 물금읍,중상사고,0,1,0,0,차대차 - 기타,교차로운행방법위반,건조,맑음,교차로 - 교차로안,승용,여,59세,상해없음,화물,남,47세,중상
2012080100100486,2012년 8월 1일 20시,수요일,경상남도 김해시 삼방동,경상사고,0,0,1,0,차대차 - 추돌 - 진행중,안전운전불이행,건조,맑음,기타 - 기타,승용,남,53세,상해없음,승용,남,52세,경상
2012080100100487,2012년 8월 1일 20시,수요일,경상남도 양산시 남부동,중상사고,0,1,0,0,차대사람 - 차도통행중,안전운전불이행,건조,맑음,교차로 - 교차로부근,승용,남,64세,상해없음,보행자,남,54세,중상
2012080100100488,2012년 8월 1일 20시,수요일,경상남도 창원시 의창구 대산면,중상사고,0,1,0,0,차대사람 - 기타,안전운전불이행,건조,맑음,교차로 - 교차로부근,승용,여,50세,상해없음,보행자,남,29세,중상
2012080100100523,2012년 8월 1일 21시,수요일,경상남도 진주시 평거동,중상사고,0,1,2,0,차대사람 - 횡단중,안전운전불이행,건조,맑음,교차로 - 교차로부근,승용,여,26세,상해없음,보행자,남,46세,경상
2012080100100524,2012년 8월 1일 21시,수요일,경상남도 창원시 성산구 상남동,중상사고,0,4,1,0,차대차 - 측면직각충돌,신호위반,건조,맑음,교차로 - 교차로안,화물,남,62세,상해없음,승용,남,34세,경상
2012080100100548,2012년 8월 1일 22시,수요일,경상남도 창원시 의창구 동읍,중상사고,0,5,0,1,차대차 - 추돌 - 진행중,차로위반,건조,맑음,단일로 - 기타,승용,남,54세,부상신고,승용,남,30세,중상
2012080100100572,2012년 8월 1일 23시,수요일,경상남도 창원시 진해구 태평동,중상사고,0,2,2,0,차대차 - 측면직각충돌,기타,건조,맑음,교차로 - 교차로안,승용,남,52세,상해없음,승용,남,40세,중상
2012080100100573,2012년 8월 1일 23시,수요일,경상남도 거제시 장평동,경상사고,0,0,1,0,차대차 - 측면직각충돌,신호위반,건조,기타,교차로 - 교차로안,승용,여,26세,상해없음,승용,남,45세,경상
2012080200100012,2012년 8월 2일 00시,목요일,경상남도 창원시 진해구 통신동,중상사고,0,2,0,0,차대차 - 측면직각충돌,직진우회전진행방해,건조,맑음,교차로 - 교차로안,승용,남,60세,중상,승용,남,54세,중상
2012080200100022,2012년 8월 2일 01시,목요일,경상남도 김해시 삼정동,중상사고,0,1,0,0,차량단독 - 전도전복,안전운전불이행,건조,맑음,기타 - 기타,이륜,남,16세,중상,,,,
2012080200100023,2012년 8월 2일 01시,목요일,경상남도 창원시 마산회원구 양덕동,중상사고,0,1,0,0,차대사람 - 기타,안전운전불이행,건조,맑음,단일로 - 기타,승용,남,33세,기타불명,보행자,남,25세,중상
2012080200100050,2012년 8월 2일 04시,목요일,경상남도 김해시 외동,중상사고,0,1,0,0,차대사람 - 기타,안전운전불이행,건조,맑음,교차로 - 교차로안,승용,남,25세,상해없음,보행자,남,62세,중상
2012080200100051,2012년 8월 2일 04시,목요일,경상남도 고성군 거류면,경상사고,0,0,2,0,차대차 - 기타,안전운전불이행,건조,맑음,단일로 - 기타,승용,남,32세,상해없음,농기계,남,63세,기타불명
2012080200100052,2012년 8월 2일 04시,목요일,경상남도 창원시 성산구 중앙동,중상사고,0,1,0,0,차대사람 - 기타,안전운전불이행,건조,맑음,단일로 - 기타,승용,남,69세,상해없음,보행자,남,46세,중상
2012080200100135,2012년 8월 2일 09시,목요일,경상남도 합천군 삼가면,중상사고,0,1,3,0,차대차 - 측면직각충돌,중앙선침범,건조,맑음,단일로 - 기타,화물,남,62세,상해없음,승용,남,43세,상해없음
2012080200100161,2012년 8월 2일 10시,목요일,경상남도 창원시 마산합포구 진동면,경상사고,0,0,1,0,차대차 - 측면직각충돌,중앙선침범,건조,맑음,단일로 - 기타,특수,남,34세,상해없음,화물,남,37세,상해없음
2012080200100162,2012년 8월 2일 10시,목요일,경상남도 산청군 생비량면,경상사고,0,0,1,0,차대차 - 측면직각충돌,교차로운행방법위반,건조,맑음,교차로 - 교차로부근,건설기계,남,33세,상해없음,승용,남,44세,상해없음
2012080200100195,2012년 8월 2일 11시,목요일,경상남도 양산시 신기동,중상사고,0,1,0,0,차대차 - 측면직각충돌,안전운전불이행,건조,맑음,단일로 - 기타,건설기계,남,42세,상해없음,자전거,남,56세,중상
2012080200100222,2012년 8월 2일 12시,목요일,경상남도 거제시 문동동,중상사고,0,1,3,0,차대차 - 추돌 - 진행중,안전운전불이행,건조,맑음,기타 - 기타,승용,여,44세,중상,승용,남,35세,경상
2012080200100282,2012년 8월 2일 14시,목요일,경상남도 남해군 창선면,경상사고,0,0,2,2,차대차 - 정면충돌,중앙선침범,건조,맑음,단일로 - 기타,승용,여,32세,상해없음,승용,남,50세,부상신고
2012080200100283,2012년 8월 2일 14시,목요일,경상남도 창원시 마산회원구 회원동,부상신고사고,0,0,0,1,차대사람 - 기타,안전운전불이행,건조,맑음,단일로 - 기타,승용,남,34세,상해없음,보행자,여,27세,부상신고
2012080200100309,2012년 8월 2일 15시,목요일,경상남도 진주시 수곡면,중상사고,0,1,0,0,차대차 - 정면충돌,중앙선침범,건조,맑음,단일로 - 기타,화물,남,35세,상해없음,화물,남,54세,중상
2012080200100353,2012년 8월 2일 16시,목요일,경상남도 창녕군 장마면,중상사고,0,1,0,0,차대차 - 측면직각충돌,안전운전불이행,건조,맑음,교차로 - 교차로안,원동기,남,72세,중상,승용,남,20세,상해없음
2012080200100354,2012년 8월 2일 16시,목요일,경상남도 거제시 일운면,중상사고,0,1,1,0,차대차 - 기타,신호위반,건조,맑음,교차로 - 교차로안,농기계,남,69세,상해없음,승용,여,41세,경상
2012080200100383,2012년 8월 2일 17시,목요일,경상남도 김해시 외동,경상사고,0,0,2,0,차대차 - 측면직각충돌,교차로운행방법위반,건조,맑음,교차로 - 교차로부근,원동기,남,21세,경상,승용,남,64세,상해없음
2012080200100384,2012년 8월 2일 17시,목요일,경상남도 창원시 의창구 두대동,경상사고,0,0,2,0,차대차 - 측면직각충돌,안전운전불이행,건조,맑음,교차로 - 교차로부근,원동기,남,35세,상해없음,승용,남,39세,경상
2012080200100385,2012년 8월 2일 17시,목요일,경상남도 진주시 진성면,중상사고,0,1,1,0,차대차 - 기타,안전운전불이행,건조,맑음,단일로 - 기타,화물,여,51세,상해없음,화물,남,45세,경상
2012080200100420,2012년 8월 2일 18시,목요일,경상남도 창원시 진해구 석동,경상사고,0,0,1,0,차대차 - 측면직각충돌,안전운전불이행,건조,맑음,단일로 - 기타,승용,여,25세,상해없음,원동기,남,17세,경상
2012080200100421,2012년 8월 2일 18시,목요일,경상남도 양산시 물금읍,경상사고,0,0,3,0,차대차 - 측면직각충돌,신호위반,건조,맑음,교차로 - 교차로안,승용,남,70세,상해없음,화물,남,38세,경상
2012080200100457,2012년 8월 2일 19시,목요일,경상남도 창원시 마산합포구 진동면,경상사고,0,0,4,0,차대차 - 추돌 - 진행중,안전거리미확보,건조,맑음,단일로 - 기타,승용,여,37세,상해없음,승용,여,44세,경상
2012080200100458,2012년 8월 2일 19시,목요일,경상남도 밀양시 내이동,경상사고,0,0,2,0,차대사람 - 횡단중,보행자보호의무위반,건조,맑음,단일로 - 횡단보도상,승용,여,51세,상해없음,보행자,여,14세,경상
2012080200100459,2012년 8월 2일 19시,목요일,경상남도 창원시 마산회원구 구암동,경상사고,0,0,1,0,차대차 - 측면직각충돌,안전운전불이행,건조,맑음,교차로 - 교차로안,승용,남,57세,상해없음,원동기,남,19세,경상
2012080200100460,2012년 8월 2일 19시,목요일,경상남도 김해시 장유면,경상사고,0,0,2,0,차량단독 - 공작물충돌,안전운전불이행,건조,맑음,단일로 - 기타,승용,남,42세,경상,,,,
2012080200100498,2012년 8월 2일 20시,목요일,경상남도 김해시 동상동,경상사고,0,0,3,0,차대차 - 측면직각충돌,안전운전불이행,건조,맑음,단일로 - 기타,승용,여,20세,상해없음,승용,남,32세,경상
2012080200100499,2012년 8월 2일 20시,목요일,경상남도 김해시 장유면,경상사고,0,0,2,0,차대차 - 기타,안전운전불이행,건조,맑음,단일로 - 기타,승용,남,46세,상해없음,승용,남,32세,경상
2012080200100553,2012년 8월 2일 22시,목요일,경상남도 창원시 마산합포구 진전면,중상사고,0,1,0,0,차대사람 - 횡단중,신호위반,건조,맑음,단일로 - 기타,승용,남,26세,상해없음,보행자,여,10세,중상
2012080200100554,2012년 8월 2일 22시,목요일,경상남도 김해시 구산동,중상사고,0,7,1,0,차대차 - 정면충돌,신호위반,건조,맑음,교차로 - 교차로안,승합,여,52세,중상,승용,남,46세,중상
2012080200100555,2012년 8월 2일 22시,목요일,경상남도 김해시 외동,중상사고,0,1,0,0,차대차 - 측면직각충돌,신호위반,건조,맑음,교차로 - 교차로안,승용,남,56세,상해없음,이륜,남,16세,중상
2012080200100556,2012년 8월 2일 22시,목요일,경상남도 창원시 의창구 명서동,경상사고,0,0,1,0,차대차 - 기타,안전운전불이행,건조,맑음,교차로 - 교차로안,승용,남,57세,상해없음,자전거,여,36세,경상
2012080200100587,2012년 8월 2일 23시,목요일,경상남도 창원시 진해구 두동,중상사고,0,1,0,0,차대차 - 정면충돌,중앙선침범,건조,맑음,단일로 - 기타,승용,남,23세,상해없음,승용,남,38세,중상
2012080200100588,2012년 8월 2일 23시,목요일,경상남도 창원시 성산구 남양동,경상사고,0,0,1,0,차대차 - 측면직각충돌,신호위반,건조,맑음,교차로 - 교차로안,승용,남,43세,상해없음,승용,남,56세,경상
2012080300100015,2012년 8월 3일 00시,금요일,경상남도 거창군 가조면,경상사고,0,0,3,0,차대차 - 측면직각충돌,중앙선침범,건조,맑음,단일로 - 기타,승용,남,46세,상해없음,승용,남,56세,경상
2012080300100044,2012년 8월 3일 02시,금요일,경상남도 밀양시 상동면,중상사고,0,1,0,0,차대사람 - 기타,안전운전불이행,건조,맑음,단일로 - 기타,승용,남,27세,상해없음,보행자,여,58세,중상
2012080300100058,2012년 8월 3일 04시,금요일,경상남도 양산시 중부동,경상사고,0,0,2,0,차대차 - 측면직각충돌,안전운전불이행,건조,맑음,단일로 - 기타,화물,남,29세,상해없음,승용,남,30세,경상
2012080300100080,2012년 8월 3일 06시,금요일,경상남도 통영시 중앙동,경상사고,0,0,3,0,차대차 - 정면충돌,안전운전불이행,건조,맑음,단일로 - 기타,화물,남,51세,상해없음,승합,남,48세,경상
2012080300100081,2012년 8월 3일 06시,금요일,경상남도 의령군 정곡면,중상사고,0,1,0,0,차대차 - 측면직각충돌,교차로운행방법위반,건조,맑음,교차로 - 교차로안,승용,여,40세,상해없음,자전거,여,71세,중상
2012080300100106,2012년 8월 3일 07시,금요일,경상남도 김해시 지내동,중상사고,0,1,0,0,차대사람 - 횡단중,안전운전불이행,건조,맑음,단일로 - 기타,화물,남,30세,상해없음,보행자,남,51세,중상
2012080300100126,2012년 8월 3일 08시,금요일,경상남도 창녕군 대지면,경상사고,0,0,1,1,차대차 - 측면직각충돌,직진우회전진행방해,건조,맑음,교차로 - 교차로안,승용,여,54세,부상신고,승용,남,61세,경상
2012080300100127,2012년 8월 3일 08시,금요일,경상남도 창원시 의창구 용호동,중상사고,0,3,1,0,차대차 - 측면직각충돌,안전운전불이행,건조,맑음,교차로 - 교차로안,승용,남,46세,상해없음,승합,남,36세,경상
2012080300100147,2012년 8월 3일 09시,금요일,경상남도 하동군 적량면,중상사고,0,1,0,0,차대차 - 기타,안전운전불이행,건조,맑음,단일로 - 기타,화물,남,67세,상해없음,원동기,남,37세,중상
2012080300100148,2012년 8월 3일 09시,금요일,경상남도 거제시 고현동,중상사고,0,1,0,0,차대사람 - 기타,안전운전불이행,건조,맑음,교차로 - 교차로안,승용,남,33세,상해없음,보행자,여,74세,중상
2012080300100180,2012년 8월 3일 10시,금요일,경상남도 진주시 망경동,중상사고,0,1,0,0,차대사람 - 기타,안전운전불이행,건조,맑음,단일로 - 기타,승용,남,52세,상해없음,보행자,남,8세,중상
2012080300100181,2012년 8월 3일 10시,금요일,경상남도 거창군 거창읍,경상사고,0,0,1,0,차대차 - 측면직각충돌,중앙선침범,건조,맑음,교차로 - 교차로부근,이륜,남,56세,경상,승합,남,43세,상해없음
2012080300100213,2012년 8월 3일 11시,금요일,경상남도 사천시 축동면,경상사고,0,0,1,0,차대차 - 추돌 - 진행중,안전운전불이행,건조,맑음,단일로 - 기타,승용,남,52세,상해없음,화물,남,32세,경상
2012080300100241,2012년 8월 3일 12시,금요일,경상남도 거창군 거창읍,중상사고,0,1,1,0,차대차 - 측면직각충돌,교차로운행방법위반,건조,맑음,교차로 - 교차로안,승용,여,24세,경상,승용,여,34세,상해없음
2012080300100266,2012년 8월 3일 13시,금요일,경상남도 김해시 어방동,경상사고,0,0,1,0,차대사람 - 보도통행중,신호위반,건조,맑음,교차로 - 교차로안,이륜,남,18세,상해없음,보행자,남,16세,경상
2012080300100292,2012년 8월 3일 14시,금요일,경상남도 밀양시 하남읍,중상사고,0,1,0,0,차대차 - 기타,중앙선침범,건조,맑음,단일로 - 기타,기타불명,기타불명,기타불명,기타불명,이륜,여,55세,중상
2012080300100293,2012년 8월 3일 14시,금요일,경상남도 산청군 산청읍,경상사고,0,0,1,0,차대차 - 정면충돌,교차로운행방법위반,건조,맑음,교차로 - 교차로안,원동기,남,56세,경상,승용,남,29세,상해없음
2012080300100321,2012년 8월 3일 15시,금요일,경상남도 사천시 동금동,경상사고,0,0,1,0,차대차 - 기타,교차로운행방법위반,건조,맑음,교차로 - 교차로안,승용,남,56세,상해없음,화물,남,37세,상해없음
2012080300100396,2012년 8월 3일 17시,금요일,경상남도 창원시 진해구 경화동,중상사고,0,1,0,0,차대차 - 추돌 - 주정차중,안전운전불이행,건조,맑음,교차로 - 교차로부근,승용,남,30세,상해없음,승용,남,52세,중상
2012080300100397,2012년 8월 3일 17시,금요일,경상남도 양산시 북정동,중상사고,0,1,0,0,차대차 - 측면직각충돌,신호위반,건조,맑음,단일로 - 기타,승용,여,37세,상해없음,자전거,여,51세,중상
2012080300100398,2012년 8월 3일 17시,금요일,경상남도 하동군 화개면,경상사고,0,0,1,0,차대차 - 추돌 - 진행중,안전운전불이행,건조,맑음,단일로 - 기타,승용,남,57세,상해없음,화물,남,25세,경상
2012080300100443,2012년 8월 3일 18시,금요일,경상남도 양산시 물금읍,경상사고,0,0,3,0,차대차 - 측면직각충돌,안전거리미확보,건조,맑음,단일로 - 기타,승합,남,52세,상해없음,승용,남,31세,경상
2012080300100444,2012년 8월 3일 18시,금요일,경상남도 양산시 북정동,경상사고,0,0,1,0,차대차 - 기타,교차로운행방법위반,건조,맑음,교차로 - 교차로안,화물,남,49세,기타불명,승용,남,34세,경상
2012080300100445,2012년 8월 3일 18시,금요일,경상남도 고성군 고성읍,중상사고,0,3,0,0,차대차 - 추돌 - 진행중,안전거리미확보,건조,맑음,교차로 - 교차로안,승합,남,53세,상해없음,승용,여,31세,중상
2012080300100485,2012년 8월 3일 19시,금요일,경상남도 통영시 북신동,경상사고,0,0,1,0,차대차 - 측면직각충돌,차로위반,건조,맑음,단일로 - 기타,자전거,남,51세,경상,승용,여,29세,상해없음
2012080300100486,2012년 8월 3일 19시,금요일,경상남도 김해시 서상동,중상사고,0,1,1,0,차대사람 - 횡단중,안전운전불이행,건조,맑음,단일로 - 기타,원동기,남,18세,경상,보행자,여,58세,중상
2012080300100521,2012년 8월 3일 20시,금요일,경상남도 거제시 장목면,부상신고사고,0,0,0,1,차대사람 - 횡단중,안전운전불이행,건조,맑음,교차로 - 교차로안,승용,남,31세,상해없음,보행자,여,19세,부상신고
2012080300100559,2012년 8월 3일 21시,금요일,경상남도 창원시 진해구 신흥동,경상사고,0,0,1,0,차대차 - 측면직각충돌,신호위반,건조,맑음,교차로 - 교차로안,승용,여,43세,상해없음,자전거,남,51세,경상
2012080300100560,2012년 8월 3일 21시,금요일,경상남도 창원시 마산합포구 산호동,중상사고,0,1,0,0,차대사람 - 기타,안전운전불이행,건조,맑음,교차로 - 교차로안,이륜,남,33세,상해없음,보행자,남,56세,중상
2012080300100590,2012년 8월 3일 22시,금요일,경상남도 창원시 마산합포구 창포동2가,중상사고,0,1,0,0,차대사람 - 길가장자리구역통행중,안전운전불이행,건조,맑음,단일로 - 기타,이륜,남,38세,상해없음,보행자,여,51세,중상
2012080300100591,2012년 8월 3일 22시,금요일,경상남도 거창군 거창읍,중상사고,0,1,0,0,차대차 - 측면직각충돌,교차로운행방법위반,건조,맑음,교차로 - 교차로안,승용,남,62세,상해없음,원동기,남,44세,중상
2012080300100592,2012년 8월 3일 22시,금요일,경상남도 양산시 어곡동,중상사고,0,2,0,0,차대차 - 정면충돌,중앙선침범,건조,맑음,단일로 - 기타,승용,남,40세,중상,승용,남,37세,중상
2012080300100593,2012년 8월 3일 22시,금요일,경상남도 거제시 고현동,부상신고사고,0,0,0,1,차대사람 - 기타,안전운전불이행,건조,맑음,교차로 - 교차로안,승용,남,31세,상해없음,보행자,남,40세,부상신고
2012080300100618,2012년 8월 3일 23시,금요일,경상남도 통영시 광도면,경상사고,0,0,3,0,차대차 - 측면직각충돌,안전운전불이행,건조,맑음,단일로 - 기타,건설기계,남,43세,상해없음,승용,여,27세,경상
2012080400100006,2012년 8월 4일 00시,토요일,경상남도 밀양시 상남면,중상사고,0,3,0,0,차대차 - 측면직각충돌,안전거리미확보,건조,맑음,단일로 - 기타,승용,남,33세,상해없음,승용,남,38세,중상
2012080400100011,2012년 8월 4일 00시,토요일,경상남도 양산시 북부동,경상사고,0,0,1,0,차대사람 - 길가장자리구역통행중,안전운전불이행,건조,맑음,단일로 - 기타,승용,남,51세,상해없음,보행자,남,40세,경상
2012080400100012,2012년 8월 4일 00시,토요일,경상남도 거제시 옥포동,경상사고,0,0,2,1,차대차 - 기타,교차로운행방법위반,건조,맑음,교차로 - 교차로안,화물,남,22세,상해없음,승용,남,55세,경상
2012080400100056,2012년 8월 4일 03시,토요일,경상남도 통영시 서호동,중상사고,0,1,0,1,차량단독 - 전도전복,안전운전불이행,건조,맑음,단일로 - 기타,원동기,남,16세,부상신고,,,,
2012080400100066,2012년 8월 4일 04시,토요일,경상남도 거제시 고현동,중상사고,0,1,0,0,차대사람 - 기타,안전운전불이행,건조,맑음,단일로 - 기타,기타불명,기타불명,기타불명,기타불명,보행자,남,17세,중상
2012080400100080,2012년 8월 4일 05시,토요일,경상남도 산청군 단성면,중상사고,0,1,0,0,차대차 - 기타,안전운전불이행,건조,맑음,기타 - 기타,승합,남,50세,상해없음,승용,남,69세,중상
2012080400100088,2012년 8월 4일 06시,토요일,경상남도 창원시 진해구 경화동,경상사고,0,0,2,0,차대차 - 추돌 - 주정차중,안전운전불이행,건조,맑음,단일로 - 기타,승용,남,20세,상해없음,승용,남,61세,경상
2012080400100101,2012년 8월 4일 07시,토요일,경상남도 양산시 중부동,부상신고사고,0,0,0,1,차량단독 - 기타,기타,건조,맑음,단일로 - 기타,승합,남,42세,기타불명,,,,
2012080400100112,2012년 8월 4일 08시,토요일,경상남도 진주시 평거동,중상사고,0,1,0,0,차대차 - 측면직각충돌,직진우회전진행방해,건조,맑음,교차로 - 교차로안,승용,여,31세,상해없음,승용,여,46세,중상