사고번호,사고일시,요일,시군구,사고내용,사망자수,중상자수,경상자수,부상신고자수,사고유형,법규위반,노면상태,기상상태,도로형태,가해운전자 차종,가해운전자 성별,가해운전자 연령,가해운전자 상해정도,피해운전자 차종,피해운전자 성별,피해운전자 연령,피해운전자 상해정도
2012080400100113,2012년 8월 4일 08시,토요일,경상남도 거제시 장목면,중상사고,0,1,0,0,차대차 - 추돌 - 진행중,교차로운행방법위반,건조,맑음,교차로 - 교차로안,화물,남,41세,상해없음,이륜,남,64세,중상
2012080400100134,2012년 8월 4일 09시,토요일,경상남도 거제시 옥포동,중상사고,0,1,0,0,차대사람 - 기타,안전운전불이행,건조,맑음,교차로 - 교차로부근,화물,남,32세,상해없음,보행자,여,33세,중상
2012080400100162,2012년 8월 4일 10시,토요일,경상남도 진주시 호탄동,중상사고,0,3,2,0,차대차 - 추돌 - 주정차중,안전거리미확보,건조,맑음,교차로 - 교차로부근,승용,남,40세,상해없음,승용,남,55세,중상
2012080400100163,2012년 8월 4일 10시,토요일,경상남도 김해시 진영읍,경상사고,0,0,1,0,차대차 - 측면직각충돌,교차로운행방법위반,건조,맑음,교차로 - 교차로안,승용,남,33세,상해없음,이륜,남,71세,경상
2012080400100192,2012년 8월 4일 11시,토요일,경상남도 창원시 진해구 풍호동,경상사고,0,0,2,0,차대사람 - 횡단중,안전운전불이행,건조,맑음,단일로 - 기타,승용,남,68세,상해없음,보행자,여,44세,경상
2012080400100193,2012년 8월 4일 11시,토요일,경상남도 김해시 어방동,중상사고,0,1,2,0,차대차 - 추돌 - 주정차중,안전운전불이행,건조,맑음,단일로 - 기타,승용,여,48세,상해없음,승용,남,45세,상해없음
2012080400100194,2012년 8월 4일 11시,토요일,경상남도 김해시 한림면,중상사고,0,2,1,0,차대차 - 추돌 - 주정차중,안전거리미확보,건조,맑음,단일로 - 기타,승용,남,41세,상해없음,승용,남,41세,중상
2012080400100222,2012년 8월 4일 12시,토요일,경상남도 양산시 북정동,경상사고,0,0,3,1,차대차 - 측면직각충돌,안전거리미확보,건조,맑음,단일로 - 기타,승용,남,35세,상해없음,승합,남,37세,상해없음
2012080400100223,2012년 8월 4일 12시,토요일,경상남도 양산시 하북면,경상사고,0,0,1,0,차대차 - 측면직각충돌,안전거리미확보,건조,맑음,교차로 - 교차로부근,원동기,남,78세,경상,화물,남,49세,상해없음
2012080400100256,2012년 8월 4일 13시,토요일,경상남도 창원시 의창구 명서동,중상사고,0,1,0,0,차대차 - 측면직각충돌,안전운전불이행,건조,맑음,교차로 - 교차로안,승용,여,36세,상해없음,승합,남,41세,상해없음
2012080400100321,2012년 8월 4일 15시,토요일,경상남도 창원시 마산합포구 해운동,중상사고,0,1,3,0,차대차 - 추돌 - 진행중,안전운전불이행,건조,맑음,단일로 - 기타,승용,남,37세,상해없음,승용,남,38세,경상
2012080400100322,2012년 8월 4일 15시,토요일,경상남도 통영시 미수동,경상사고,0,0,1,0,차대차 - 기타,안전거리미확보,건조,맑음,단일로 - 기타,승용,여,26세,상해없음,승용,남,40세,상해없음
2012080400100323,2012년 8월 4일 15시,토요일,경상남도 합천군 대병면,중상사고,0,1,0,0,차대차 - 기타,교차로운행방법위반,건조,맑음,교차로 - 교차로안,승용,남,36세,상해없음,승용,남,40세,중상
2012080400100324,2012년 8월 4일 15시,토요일,경상남도 양산시 삼호동,중상사고,0,1,0,0,차대차 - 측면직각충돌,교차로운행방법위반,건조,맑음,교차로 - 교차로안,승용,남,39세,상해없음,승용,남,58세,중상
2012080400100325,2012년 8월 4일 15시,토요일,경상남도 창원시 마산회원구 합성동,중상사고,0,1,0,0,차대차 - 측면직각충돌,안전운전불이행,건조,맑음,단일로 - 기타,승용,남,41세,상해없음,이륜,남,64세,중상
2012080400100353,2012년 8월 4일 16시,토요일,경상남도 거창군 마리면,중상사고,0,2,0,0,차대차 - 측면직각충돌,중앙선침범,건조,맑음,단일로 - 기타,화물,남,54세,상해없음,승용,여,44세,중상
2012080400100354,2012년 8월 4일 16시,토요일,경상남도 창원시 마산회원구 합성동,중상사고,0,1,0,0,차량단독 - 기타,안전운전불이행,건조,맑음,단일로 - 기타,승합,남,52세,상해없음,,,,
2012080400100384,2012년 8월 4일 17시,토요일,경상남도 사천시 죽림동,경상사고,0,0,2,0,차대차 - 추돌 - 진행중,안전운전불이행,건조,맑음,교차로 - 교차로부근,승용,남,56세,상해없음,승용,남,29세,경상
2012080400100385,2012년 8월 4일 17시,토요일,경상남도 밀양시 가곡동,경상사고,0,0,1,0,차대차 - 추돌 - 진행중,안전운전불이행,건조,맑음,교차로 - 교차로안,승용,여,60세,상해없음,승용,남,55세,경상
2012080400100386,2012년 8월 4일 17시,토요일,경상남도 김해시 내동,중상사고,0,1,0,0,차대사람 - 횡단중,안전운전불이행,건조,맑음,단일로 - 기타,승용,기타불명,기타불명,기타불명,보행자,여,71세,중상
2012080400100419,2012년 8월 4일 18시,토요일,경상남도 진주시 평거동,중상사고,0,1,0,0,차대차 - 측면직각충돌,직진우회전진행방해,건조,맑음,교차로 - 교차로안,승용,남,61세,상해없음,승용,남,60세,중상
2012080400100420,2012년 8월 4일 18시,토요일,경상남도 거창군 가조면,경상사고,0,0,1,0,차대차 - 측면직각충돌,안전운전불이행,건조,맑음,단일로 - 기타,승용,여,37세,경상,화물,남,63세,기타불명
2012080400100444,2012년 8월 4일 19시,토요일,경상남도 김해시 진영읍,중상사고,0,1,1,0,차대차 - 측면직각충돌,안전운전불이행,건조,맑음,단일로 - 기타,승용,남,29세,상해없음,원동기,남,17세,경상
2012080400100445,2012년 8월 4일 19시,토요일,경상남도 김해시 풍유동,중상사고,0,2,0,0,차대차 - 추돌 - 주정차중,안전거리미확보,건조,맑음,단일로 - 기타,승용,남,59세,상해없음,승용,여,27세,중상
2012080400100446,2012년 8월 4일 19시,토요일,경상남도 합천군 야로면,경상사고,0,0,3,0,차대차 - 추돌 - 주정차중,안전운전불이행,건조,맑음,단일로 - 기타,화물,남,67세,상해없음,승용,여,46세,경상
2012080400100475,2012년 8월 4일 20시,토요일,경상남도 김해시 상동면,경상사고,0,0,2,0,차대차 - 측면직각충돌,안전운전불이행,건조,맑음,단일로 - 기타,승용,남,52세,상해없음,화물,남,53세,상해없음
2012080400100496,2012년 8월 4일 21시,토요일,경상남도 양산시 평산동,중상사고,0,1,0,0,차대사람 - 기타,안전운전불이행,건조,맑음,교차로 - 교차로부근,승용,여,40세,상해없음,보행자,여,4세,중상
2012080400100497,2012년 8월 4일 21시,토요일,경상남도 거제시 고현동,경상사고,0,0,1,0,차대사람 - 기타,안전운전불이행,건조,맑음,단일로 - 기타,승용,남,27세,기타불명,보행자,남,26세,경상
2012080400100522,2012년 8월 4일 22시,토요일,경상남도 통영시 광도면,경상사고,0,0,1,0,차량단독 - 공작물충돌,안전운전불이행,건조,맑음,단일로 - 기타,승용,여,56세,경상,,,,
2012080400100523,2012년 8월 4일 22시,토요일,경상남도 밀양시 단장면,중상사고,0,3,0,0,차대사람 - 길가장자리구역통행중,안전운전불이행,건조,맑음,단일로 - 기타,화물,남,55세,상해없음,보행자,남,48세,중상
2012080400100546,2012년 8월 4일 23시,토요일,경상남도 창원시 의창구 명서동,경상사고,0,0,3,0,차대차 - 측면직각충돌,신호위반,건조,맑음,교차로 - 교차로안,승용,남,39세,상해없음,승용,여,31세,경상
2012080500100017,2012년 8월 5일 00시,일요일,경상남도 산청군 산청읍,중상사고,0,1,0,1,차대차 - 기타,교차로운행방법위반,건조,맑음,교차로 - 교차로안,승용,남,57세,부상신고,승용,남,45세,상해없음
2012080500100041,2012년 8월 5일 02시,일요일,경상남도 창원시 마산회원구 봉암동,중상사고,0,2,1,0,차대차 - 정면충돌,안전운전불이행,건조,맑음,교차로 - 교차로부근,승용,여,24세,중상,승용,남,45세,경상
2012080500100075,2012년 8월 5일 05시,일요일,경상남도 밀양시 가곡동,중상사고,0,1,1,0,차대차 - 측면직각충돌,안전운전불이행,건조,맑음,단일로 - 교량,승용,남,56세,기타불명,승용,남,26세,경상
2012080500100088,2012년 8월 5일 06시,일요일,경상남도 김해시 불암동,사망사고,1,2,3,0,차대차 - 측면직각충돌,신호위반,건조,맑음,교차로 - 교차로안,승합,남,41세,상해없음,승용,여,51세,사망
2012080500100121,2012년 8월 5일 09시,일요일,경상남도 창원시 마산합포구 상남동,중상사고,0,1,0,0,차대차 - 측면직각충돌,신호위반,건조,맑음,교차로 - 교차로부근,자전거,남,78세,중상,승용,여,54세,상해없음
2012080500100122,2012년 8월 5일 09시,일요일,경상남도 창원시 진해구 풍호동,중상사고,0,1,0,0,차대차 - 기타,안전운전불이행,건조,맑음,단일로 - 기타,원동기,남,37세,중상,승용,남,34세,상해없음
2012080500100123,2012년 8월 5일 09시,일요일,경상남도 밀양시 삼랑진읍,경상사고,0,0,1,0,차대차 - 측면직각충돌,기타,건조,맑음,단일로 - 기타,기타불명,기타불명,기타불명,기타불명,자전거,남,63세,경상
2012080500100124,2012년 8월 5일 09시,일요일,경상남도 양산시 하북면,경상사고,0,0,2,0,차대차 - 기타,직진우회전진행방해,건조,맑음,교차로 - 교차로안,승용,여,25세,경상,승합,남,61세,상해없음
2012080500100141,2012년 8월 5일 10시,일요일,경상남도 거제시 연초면,경상사고,0,0,4,0,차대차 - 추돌 - 주정차중,안전운전불이행,건조,맑음,교차로 - 교차로부근,승용,남,19세,상해없음,승용,남,41세,경상
2012080500100142,2012년 8월 5일 10시,일요일,경상남도 의령군 의령읍,중상사고,0,2,1,0,차대차 - 측면직각충돌,안전거리미확보,건조,맑음,단일로 - 기타,승용,남,56세,상해없음,승용,남,51세,경상
2012080500100170,2012년 8월 5일 11시,일요일,경상남도 통영시 서호동,중상사고,0,1,0,0,차대사람 - 횡단중,보행자보호의무위반,건조,맑음,단일로 - 기타,화물,남,31세,상해없음,보행자,여,64세,중상
2012080500100220,2012년 8월 5일 13시,일요일,경상남도 거제시 장평동,중상사고,0,2,1,0,차대차 - 기타,안전운전불이행,건조,맑음,단일로 - 기타,승용,남,35세,상해없음,승용,남,32세,중상
2012080500100248,2012년 8월 5일 14시,일요일,경상남도 통영시 용남면,경상사고,0,0,1,0,차대차 - 추돌 - 진행중,안전거리미확보,건조,맑음,단일로 - 기타,승용,남,56세,상해없음,승용,남,57세,경상
2012080500100249,2012년 8월 5일 14시,일요일,경상남도 거제시 능포동,중상사고,0,1,0,0,차대차 - 기타,안전운전불이행,건조,맑음,단일로 - 기타,화물,남,39세,상해없음,이륜,남,46세,중상
2012080500100250,2012년 8월 5일 14시,일요일,경상남도 하동군 진교면,경상사고,0,0,1,0,차대차 - 추돌 - 진행중,안전거리미확보,건조,맑음,단일로 - 터널,승용,남,30세,상해없음,승용,남,55세,상해없음
2012080500100281,2012년 8월 5일 15시,일요일,경상남도 사천시 용현면,중상사고,0,1,1,0,차대차 - 추돌 - 주정차중,안전운전불이행,건조,맑음,단일로 - 기타,승용,남,40세,경상,승용,남,37세,중상
2012080500100282,2012년 8월 5일 15시,일요일,경상남도 남해군 삼동면,중상사고,0,5,0,0,차대차 - 정면충돌,중앙선침범,건조,맑음,단일로 - 기타,승용,남,26세,상해없음,승용,여,30세,중상
2012080500100314,2012년 8월 5일 16시,일요일,경상남도 사천시 용현면,중상사고,0,2,3,0,차대차 - 추돌 - 주정차중,안전운전불이행,건조,맑음,교차로 - 교차로부근,승용,남,71세,상해없음,승용,남,34세,경상
2012080500100325,2012년 8월 5일 17시,일요일,경상남도 김해시 대동면,중상사고,0,1,0,0,차량단독 - 공작물충돌,안전운전불이행,건조,맑음,단일로 - 기타,승용,남,45세,중상,,,,
2012080500100350,2012년 8월 5일 17시,일요일,경상남도 창녕군 부곡면,경상사고,0,0,1,0,차대사람 - 기타,안전운전불이행,건조,맑음,교차로 - 교차로안,승용,남,18세,상해없음,보행자,여,18세,경상
2012080500100351,2012년 8월 5일 17시,일요일,경상남도 거제시 상동동,사망사고,1,0,0,0,차량단독 - 기타,안전운전불이행,건조,맑음,단일로 - 기타,이륜,남,59세,사망,,,,
2012080500100392,2012년 8월 5일 18시,일요일,경상남도 창원시 마산합포구 월남동1가,경상사고,0,0,1,0,차대차 - 측면직각충돌,신호위반,건조,맑음,교차로 - 교차로안,승용,여,28세,상해없음,승용,남,24세,경상
2012080500100393,2012년 8월 5일 18시,일요일,경상남도 고성군 고성읍,경상사고,0,0,2,0,차대차 - 측면직각충돌,안전운전불이행,건조,맑음,단일로 - 기타,승용,여,56세,상해없음,승용,남,40세,경상
2012080500100394,2012년 8월 5일 18시,일요일,경상남도 거제시 장승포동,중상사고,0,1,0,0,차대사람 - 기타,안전운전불이행,건조,맑음,단일로 - 기타,승용,여,51세,상해없음,보행자,남,40세,중상
2012080500100428,2012년 8월 5일 19시,일요일,경상남도 창원시 마산회원구 두척동,중상사고,0,2,0,0,차대차 - 추돌 - 주정차중,안전운전불이행,건조,맑음,단일로 - 기타,승용,남,52세,상해없음,승용,남,59세,중상
2012080500100456,2012년 8월 5일 20시,일요일,경상남도 진주시 망경동,중상사고,0,1,0,0,차대사람 - 횡단중,보행자보호의무위반,건조,맑음,단일로 - 횡단보도상,승용,남,36세,상해없음,보행자,여,55세,중상
2012080500100457,2012년 8월 5일 20시,일요일,경상남도 진주시 상대동,중상사고,0,1,0,0,차대차 - 측면직각충돌,신호위반,건조,맑음,교차로 - 교차로안,승용,남,34세,상해없음,승용,여,41세,중상
2012080500100494,2012년 8월 5일 21시,일요일,경상남도 창원시 마산합포구 신포동1가,경상사고,0,0,1,0,차대차 - 추돌 - 주정차중,안전운전불이행,건조,맑음,교차로 - 교차로부근,승용,남,62세,상해없음,승용,여,59세,상해없음
2012080500100495,2012년 8월 5일 21시,일요일,경상남도 통영시 무전동,부상신고사고,0,0,0,1,차대차 - 측면직각충돌,직진우회전진행방해,건조,맑음,교차로 - 교차로안,이륜,남,41세,부상신고,승용,남,33세,상해없음
2012080500100496,2012년 8월 5일 21시,일요일,경상남도 거제시 옥포동,중상사고,0,1,0,0,차대사람 - 횡단중,안전운전불이행,건조,맑음,단일로 - 기타,이륜,남,18세,상해없음,보행자,여,35세,중상
2012080500100512,2012년 8월 5일 22시,일요일,경상남도 김해시 진영읍,경상사고,0,0,2,0,차대차 - 측면직각충돌,신호위반,건조,맑음,교차로 - 교차로안,승용,남,52세,상해없음,승용,남,38세,경상
2012080500100529,2012년 8월 5일 23시,일요일,경상남도 거제시 옥포동,경상사고,0,0,1,0,차대차 - 기타,안전운전불이행,건조,맑음,교차로 - 교차로부근,승용,남,41세,상해없음,이륜,여,38세,경상
2012080600100040,2012년 8월 6일 05시,월요일,경상남도 사천시 정동면,경상사고,0,0,1,0,차대차 - 측면직각충돌,안전운전불이행,건조,맑음,교차로 - 교차로안,승용,남,47세,상해없음,승용,여,63세,상해없음
2012080600100041,2012년 8월 6일 05시,월요일,경상남도 창원시 마산회원구 양덕동,경상사고,0,0,1,0,차대차 - 측면직각충돌,안전운전불이행,건조,맑음,단일로 - 기타,화물,남,52세,상해없음,승용,남,33세,경상
2012080600100105,2012년 8월 6일 08시,월요일,경상남도 창원시 성산구 신촌동,경상사고,0,0,1,0,차대차 - 추돌 - 주정차중,안전운전불이행,건조,맑음,단일로 - 기타,승용,남,64세,상해없음,승용,남,35세,경상
2012080600100138,2012년 8월 6일 09시,월요일,경상남도 김해시 삼방동,중상사고,0,1,0,0,차대차 - 기타,교차로운행방법위반,건조,맑음,교차로 - 교차로안,승용,여,39세,상해없음,승용,여,41세,중상
2012080600100139,2012년 8월 6일 09시,월요일,경상남도 김해시 장유면,중상사고,0,2,3,0,차대차 - 측면직각충돌,교차로운행방법위반,건조,맑음,교차로 - 교차로안,승용,여,51세,상해없음,승용,남,39세,중상
2012080600100164,2012년 8월 6일 10시,월요일,경상남도 창녕군 대지면,중상사고,0,2,0,0,차대차 - 측면직각충돌,직진우회전진행방해,건조,맑음,교차로 - 교차로안,승용,남,30세,중상,승용,남,37세,중상
2012080600100202,2012년 8월 6일 11시,월요일,경상남도 창원시 진해구 이동,경상사고,0,0,3,0,차대차 - 측면직각충돌,교차로운행방법위반,건조,맑음,교차로 - 교차로안,승용,여,42세,경상,승용,남,51세,경상
2012080600100203,2012년 8월 6일 11시,월요일,경상남도 함안군 법수면,중상사고,0,1,0,0,차량단독 - 전도전복,안전운전불이행,건조,맑음,단일로 - 기타,이륜,여,74세,중상,,,,
2012080600100225,2012년 8월 6일 12시,월요일,경상남도 거제시 상동동,경상사고,0,0,2,0,차대차 - 추돌 - 주정차중,안전운전불이행,건조,맑음,교차로 - 교차로부근,승용,여,57세,상해없음,이륜,남,41세,경상
2012080600100250,2012년 8월 6일 13시,월요일,경상남도 하동군 진교면,경상사고,0,0,4,0,차대차 - 추돌 - 주정차중,안전운전불이행,건조,맑음,단일로 - 기타,승용,남,57세,상해없음,승용,남,43세,상해없음
2012080600100251,2012년 8월 6일 13시,월요일,경상남도 남해군 남면,중상사고,0,4,1,1,차대차 - 정면충돌,안전운전불이행,건조,맑음,단일로 - 기타,승용,남,38세,기타불명,승용,여,48세,중상
2012080600100252,2012년 8월 6일 13시,월요일,경상남도 함안군 가야읍,중상사고,0,1,0,0,차대차 - 기타,중앙선침범,건조,맑음,단일로 - 기타,승용,남,47세,상해없음,이륜,남,36세,중상
2012080600100253,2012년 8월 6일 13시,월요일,경상남도 김해시 진영읍,경상사고,0,0,1,0,차대차 - 측면직각충돌,안전운전불이행,건조,맑음,교차로 - 교차로안,승용,남,45세,상해없음,승용,남,31세,경상
2012080600100285,2012년 8월 6일 14시,월요일,경상남도 남해군 고현면,중상사고,0,2,0,0,차대차 - 측면직각충돌,신호위반,건조,맑음,교차로 - 교차로안,특수,남,47세,기타불명,승용,남,56세,중상
2012080600100313,2012년 8월 6일 15시,월요일,경상남도 창원시 진해구 석동,경상사고,0,0,1,0,차대사람 - 횡단중,보행자보호의무위반,건조,맑음,단일로 - 횡단보도상,승용,여,46세,상해없음,보행자,여,14세,경상
2012080600100314,2012년 8월 6일 15시,월요일,경상남도 거창군 거창읍,중상사고,0,1,0,0,차대차 - 측면직각충돌,교차로운행방법위반,건조,맑음,교차로 - 교차로안,원동기,남,43세,중상,원동기,남,27세,상해없음
2012080600100352,2012년 8월 6일 16시,월요일,경상남도 의령군 지정면,사망사고,1,0,0,0,차대차 - 측면직각충돌,안전운전불이행,건조,맑음,교차로 - 교차로부근,건설기계,남,38세,상해없음,원동기,남,81세,사망
2012080600100353,2012년 8월 6일 16시,월요일,경상남도 창원시 성산구 웅남동,경상사고,0,0,1,0,차대차 - 측면직각충돌,신호위반,건조,맑음,교차로 - 교차로안,승용,남,55세,상해없음,승용,남,53세,경상
2012080600100354,2012년 8월 6일 16시,월요일,경상남도 창원시 의창구 명서동,사망사고,1,0,0,0,차대사람 - 횡단중,안전운전불이행,건조,맑음,단일로 - 기타,승용,남,50세,상해없음,보행자,여,74세,사망
2012080600100374,2012년 8월 6일 17시,월요일,경상남도 김해시 부원동,중상사고,0,2,3,1,차대차 - 추돌 - 진행중,안전거리미확보,건조,맑음,단일로 - 기타,승용,남,51세,상해없음,승합,남,53세,경상
2012080600100389,2012년 8월 6일 17시,월요일,경상남도 창원시 진해구 이동,경상사고,0,0,1,0,차대차 - 측면직각충돌,교차로운행방법위반,건조,맑음,교차로 - 교차로안,특수,남,22세,상해없음,승용,남,39세,경상
2012080600100390,2012년 8월 6일 17시,월요일,경상남도 밀양시 하남읍,중상사고,0,1,0,0,차대차 - 추돌 - 주정차중,안전운전불이행,건조,맑음,교차로 - 교차로부근,승용,남,63세,상해없음,승용,남,36세,중상
2012080600100391,2012년 8월 6일 17시,월요일,경상남도 창원시 마산합포구 산호동,중상사고,0,1,0,0,차대사람 - 횡단중,안전운전불이행,건조,맑음,단일로 - 기타,화물,남,30세,상해없음,보행자,남,58세,중상
2012080600100465,2012년 8월 6일 19시,월요일,경상남도 통영시 미수동,사망사고,1,1,1,0,차대사람 - 보도통행중,안전운전불이행,건조,맑음,단일로 - 기타,승용,남,16세,상해없음,보행자,남,62세,중상
2012080600100527,2012년 8월 6일 21시,월요일,경상남도 통영시 산양읍,경상사고,0,0,3,0,차대차 - 측면직각충돌,중앙선침범,건조,맑음,단일로 - 기타,승용,남,51세,상해없음,승용,남,49세,경상
2012080600100528,2012년 8월 6일 21시,월요일,경상남도 거제시 고현동,경상사고,0,0,1,0,차대차 - 추돌 - 진행중,안전운전불이행,건조,맑음,단일로 - 기타,승용,남,41세,기타불명,승용,남,48세,경상
2012080600100555,2012년 8월 6일 22시,월요일,경상남도 김해시 외동,중상사고,0,1,0,0,차대사람 - 횡단중,안전운전불이행,건조,맑음,교차로 - 교차로부근,승용,남,43세,상해없음,보행자,남,47세,중상
2012080600100556,2012년 8월 6일 22시,월요일,경상남도 함양군 백전면,경상사고,0,0,1,0,차량단독 - 도로외이탈 - 추락,안전운전불이행,건조,흐림,단일로 - 기타,승용,여,52세,상해없음,,,,
2012080600100557,2012년 8월 6일 22시,월요일,경상남도 양산시 물금읍,경상사고,0,0,1,0,차대사람 - 기타,안전운전불이행,건조,맑음,단일로 - 기타,승용,여,38세,상해없음,보행자,남,33세,경상
2012080600100585,2012년 8월 6일 23시,월요일,경상남도 진주시 상대동,중상사고,0,1,0,0,차대차 - 추돌 - 주정차중,안전운전불이행,건조,맑음,단일로 - 기타,이륜,남,44세,중상,승용,남,54세,기타불명
2012080600100586,2012년 8월 6일 23시,월요일,경상남도 김해시 어방동,경상사고,0,0,2,0,차대차 - 측면직각충돌,안전운전불이행,건조,맑음,교차로 - 교차로안,승용,남,34세,상해없음,승용,남,23세,경상
2012080600100587,2012년 8월 6일 23시,월요일,경상남도 산청군 신등면,중상사고,0,1,0,0,차량단독 - 공작물충돌,안전운전불이행,건조,맑음,단일로 - 기타,화물,남,45세,중상,,,,
2012080600100588,2012년 8월 6일 23시,월요일,경상남도 창원시 마산회원구 회성동,중상사고,0,1,0,0,차대차 - 정면충돌,신호위반,건조,맑음,교차로 - 교차로안,승용,남,23세,상해없음,원동기,남,65세,중상
2012080700100035,2012년 8월 7일 01시,화요일,경상남도 김해시 어방동,중상사고,0,2,0,0,차대차 - 측면직각충돌,신호위반,건조,맑음,교차로 - 교차로안,승용,남,49세,상해없음,이륜,남,27세,중상
2012080700100046,2012년 8월 7일 02시,화요일,경상남도 진주시 상대동,경상사고,0,0,1,0,차대차 - 추돌 - 진행중,안전운전불이행,건조,맑음,교차로 - 교차로부근,승용,남,28세,기타불명,승용,남,52세,경상
2012080700100047,2012년 8월 7일 02시,화요일,경상남도 창원시 마산회원구 합성동,경상사고,0,0,1,0,차대사람 - 기타,안전운전불이행,건조,맑음,기타 - 기타,승용,남,57세,상해없음,보행자,여,19세,경상
2012080700100066,2012년 8월 7일 04시,화요일,경상남도 김해시 내동,경상사고,0,0,2,0,차대차 - 추돌 - 진행중,안전운전불이행,건조,맑음,단일로 - 기타,승용,남,30세,상해없음,승용,남,64세,경상
2012080700100093,2012년 8월 7일 06시,화요일,경상남도 창원시 진해구 여좌동,경상사고,0,0,4,0,차대차 - 추돌 - 주정차중,안전운전불이행,건조,맑음,교차로 - 교차로부근,승용,남,22세,상해없음,승용,여,38세,경상
2012080700100094,2012년 8월 7일 06시,화요일,경상남도 사천시 축동면,중상사고,0,1,2,0,차대차 - 측면직각충돌,신호위반,건조,맑음,교차로 - 교차로안,승용,남,73세,상해없음,승용,남,26세,중상
2012080700100108,2012년 8월 7일 07시,화요일,경상남도 김해시 내동,중상사고,0,1,0,0,차대차 - 기타,안전운전불이행,건조,맑음,교차로 - 교차로안,화물,남,39세,상해없음,자전거,남,82세,중상
2012080700100109,2012년 8월 7일 07시,화요일,경상남도 함안군 군북면,중상사고,0,7,0,0,차대차 - 추돌 - 진행중,안전운전불이행,건조,맑음,단일로 - 기타,승용,여,20세,중상,승용,남,53세,중상
2012080700100133,2012년 8월 7일 08시,화요일,경상남도 사천시 용현면,경상사고,0,0,1,0,차대차 - 측면직각충돌,교차로운행방법위반,건조,맑음,교차로 - 교차로안,화물,남,57세,상해없음,승용,남,58세,경상
2012080700100134,2012년 8월 7일 08시,화요일,경상남도 거제시 장평동,중상사고,0,1,0,0,차대차 - 기타,교차로운행방법위반,건조,맑음,교차로 - 교차로안,승용,남,50세,상해없음,이륜,남,28세,중상
2012080700100162,2012년 8월 7일 09시,화요일,경상남도 창원시 마산합포구 서성동,경상사고,0,0,1,0,차대차 - 측면직각충돌,안전운전불이행,건조,맑음,교차로 - 교차로안,화물,남,55세,상해없음,승용,여,38세,경상
2012080700100163,2012년 8월 7일 09시,화요일,경상남도 창녕군 창녕읍,경상사고,0,0,3,0,차대차 - 추돌 - 진행중,안전운전불이행,건조,맑음,교차로 - 교차로안,화물,여,59세,경상,승용,남,29세,경상
2012080700100164,2012년 8월 7일 09시,화요일,경상남도 함안군 군북면,중상사고,0,1,0,0,차량단독 - 공작물충돌,안전운전불이행,건조,맑음,교차로 - 교차로안,승합,남,67세,중상,,,,
2012080700100165,2012년 8월 7일 09시,화요일,경상남도 창원시 성산구 사파동,중상사고,0,1,0,0,차대차 - 측면직각충돌,교차로운행방법위반,건조,맑음,교차로 - 교차로안,승용,남,61세,상해없음,승용,남,45세,중상
2012080700100185,2012년 8월 7일 10시,화요일,경상남도 거제시 사등면,경상사고,0,0,4,0,차대차 - 추돌 - 진행중,안전운전불이행,건조,맑음,단일로 - 기타,승용,남,18세,상해없음,승용,남,35세,상해없음
2012080700100186,2012년 8월 7일 10시,화요일,경상남도 남해군 고현면,중상사고,0,2,0,0,차대차 - 측면직각충돌,안전운전불이행,건조,맑음,교차로 - 교차로안,승용,여,38세,상해없음,승용,남,36세,중상
2012080700100244,2012년 8월 7일 12시,화요일,경상남도 거제시 옥포동,경상사고,0,0,1,0,차대차 - 추돌 - 주정차중,안전운전불이행,건조,기타,교차로 - 교차로부근,승용,여,43세,상해없음,승용,여,34세,경상
2012080700100271,2012년 8월 7일 13시,화요일,경상남도 양산시 물금읍,중상사고,0,1,0,0,차대사람 - 횡단중,안전운전불이행,건조,맑음,단일로 - 기타,승용,여,48세,상해없음,보행자,남,12세,중상
2012080700100272,2012년 8월 7일 13시,화요일,경상남도 의령군 의령읍,중상사고,0,1,0,0,차대사람 - 횡단중,보행자보호의무위반,건조,맑음,단일로 - 횡단보도상,승용,남,54세,상해없음,보행자,남,13세,중상
2012080700100273,2012년 8월 7일 13시,화요일,경상남도 창원시 마산회원구 합성동,경상사고,0,0,1,0,차대차 - 측면직각충돌,안전운전불이행,건조,맑음,단일로 - 기타,승용,여,22세,상해없음,승용,여,62세,경상
2012080700100307,2012년 8월 7일 14시,화요일,경상남도 통영시 광도면,경상사고,0,0,1,0,차대차 - 기타,안전운전불이행,건조,맑음,교차로 - 교차로안,이륜,남,29세,경상,화물,남,48세,상해없음
2012080700100308,2012년 8월 7일 14시,화요일,경상남도 김해시 생림면,중상사고,0,1,0,0,차대사람 - 차도통행중,안전운전불이행,건조,맑음,단일로 - 기타,승용,남,26세,상해없음,보행자,여,64세,중상
2012080700100331,2012년 8월 7일 15시,화요일,경상남도 진주시 신안동,중상사고,0,1,0,0,차대사람 - 횡단중,기타,건조,맑음,단일로 - 기타,승용,여,27세,상해없음,보행자,남,8세,중상
2012080700100332,2012년 8월 7일 15시,화요일,경상남도 사천시 동금동,경상사고,0,0,1,0,차대차 - 측면직각충돌,안전운전불이행,건조,맑음,단일로 - 기타,화물,남,55세,상해없음,승용,남,39세,경상
2012080700100334,2012년 8월 7일 15시,화요일,경상남도 합천군 합천읍,사망사고,1,0,0,0,차량단독 - 도로외이탈 - 기타,안전운전불이행,건조,맑음,단일로 - 기타,원동기,남,41세,사망,,,,
2012080700100335,2012년 8월 7일 15시,화요일,경상남도 양산시 북정동,경상사고,0,0,1,0,차대차 - 측면직각충돌,안전거리미확보,건조,맑음,단일로 - 기타,승용,남,62세,상해없음,승합,남,31세,경상