사고번호,사고일시,요일,시군구,사고내용,사망자수,중상자수,경상자수,부상신고자수,사고유형,법규위반,노면상태,기상상태,도로형태,가해운전자 차종,가해운전자 성별,가해운전자 연령,가해운전자 상해정도,피해운전자 차종,피해운전자 성별,피해운전자 연령,피해운전자 상해정도
2012081300100444,2012년 8월 13일 18시,월요일,경상남도 창원시 의창구 소계동,중상사고,0,1,0,0,차대사람 - 기타,안전운전불이행,건조,맑음,단일로 - 기타,승용,남,46세,상해없음,보행자,여,9세,중상
2012081300100490,2012년 8월 13일 19시,월요일,경상남도 남해군 창선면,중상사고,0,1,0,0,차대사람 - 횡단중,안전운전불이행,습기,흐림,단일로 - 기타,특수,남,56세,상해없음,보행자,여,76세,중상
2012081300100491,2012년 8월 13일 19시,월요일,경상남도 김해시 진영읍,경상사고,0,0,1,0,차대차 - 기타,교차로운행방법위반,습기,비,교차로 - 교차로안,승용,여,43세,상해없음,승용,남,28세,경상
2012081300100531,2012년 8월 13일 20시,월요일,경상남도 통영시 도천동,중상사고,0,1,0,0,차대차 - 추돌 - 주정차중,안전운전불이행,습기,비,단일로 - 기타,이륜,남,16세,상해없음,승용,여,29세,상해없음
2012081300100532,2012년 8월 13일 20시,월요일,경상남도 창녕군 남지읍,중상사고,0,1,0,0,차대사람 - 기타,안전운전불이행,건조,맑음,단일로 - 기타,승용,남,53세,상해없음,보행자,여,52세,중상
2012081300100560,2012년 8월 13일 21시,월요일,경상남도 김해시 주촌면,중상사고,0,1,0,0,차대차 - 기타,교차로운행방법위반,건조,맑음,교차로 - 교차로안,승용,남,55세,상해없음,승용,여,49세,중상
2012081300100585,2012년 8월 13일 22시,월요일,경상남도 사천시 사천읍,중상사고,0,1,0,0,차대사람 - 기타,안전운전불이행,건조,흐림,단일로 - 기타,승용,남,36세,상해없음,보행자,남,46세,중상
2012081300100611,2012년 8월 13일 23시,월요일,경상남도 진주시 내동면,중상사고,0,1,1,0,차량단독 - 공작물충돌,안전운전불이행,건조,맑음,단일로 - 기타,승용,남,23세,경상,,,,
2012081300100612,2012년 8월 13일 23시,월요일,경상남도 창원시 진해구 이동,중상사고,0,1,0,0,차대사람 - 횡단중,안전운전불이행,습기,비,기타 - 기타,원동기,남,37세,상해없음,보행자,남,31세,중상
2012081400100011,2012년 8월 14일 00시,화요일,경상남도 창녕군 영산면,경상사고,0,0,1,0,차대차 - 추돌 - 주정차중,안전운전불이행,건조,맑음,교차로 - 교차로안,원동기,남,46세,경상,승합,남,54세,기타불명
2012081400100031,2012년 8월 14일 01시,화요일,경상남도 창원시 진해구 여좌동,경상사고,0,0,1,0,차대차 - 추돌 - 주정차중,안전운전불이행,습기,비,단일로 - 기타,승용,남,32세,상해없음,승용,남,51세,경상
2012081400100032,2012년 8월 14일 01시,화요일,경상남도 사천시 사천읍,경상사고,0,0,3,0,차대차 - 측면직각충돌,교차로운행방법위반,습기,비,교차로 - 교차로안,승용,남,42세,상해없음,승용,남,34세,상해없음
2012081400100047,2012년 8월 14일 02시,화요일,경상남도 통영시 용남면,중상사고,0,1,0,0,차대차 - 측면직각충돌,신호위반,건조,맑음,교차로 - 교차로안,이륜,남,14세,상해없음,승용,남,46세,상해없음
2012081400100062,2012년 8월 14일 04시,화요일,경상남도 창원시 진해구 용원동,사망사고,1,0,0,0,차대사람 - 기타,안전운전불이행,건조,흐림,단일로 - 기타,승용,남,37세,상해없음,보행자,남,32세,사망
2012081400100063,2012년 8월 14일 04시,화요일,경상남도 김해시 장유면,중상사고,0,1,0,0,차대사람 - 기타,안전운전불이행,건조,맑음,기타 - 기타,승용,남,49세,상해없음,보행자,여,70세,중상
2012081400100128,2012년 8월 14일 08시,화요일,경상남도 양산시 동면,중상사고,0,1,0,0,차대사람 - 횡단중,안전운전불이행,건조,맑음,단일로 - 횡단보도상,승용,남,61세,상해없음,보행자,여,56세,중상
2012081400100129,2012년 8월 14일 08시,화요일,경상남도 함안군 칠서면,경상사고,0,0,1,0,차대차 - 측면직각충돌,안전운전불이행,건조,맑음,교차로 - 교차로부근,화물,남,45세,상해없음,승용,남,62세,경상
2012081400100241,2012년 8월 14일 12시,화요일,경상남도 통영시 광도면,중상사고,0,1,3,0,차대차 - 측면직각충돌,안전운전불이행,건조,맑음,단일로 - 기타,승용,여,49세,상해없음,승용,남,41세,경상
2012081400100242,2012년 8월 14일 12시,화요일,경상남도 사천시 사천읍,경상사고,0,0,1,0,차대차 - 측면직각충돌,안전운전불이행,습기,흐림,교차로 - 교차로안,승용,여,36세,상해없음,원동기,남,48세,경상
2012081400100243,2012년 8월 14일 12시,화요일,경상남도 양산시 덕계동,부상신고사고,0,0,0,2,차대차 - 측면직각충돌,직진우회전진행방해,건조,맑음,교차로 - 교차로안,승용,남,57세,상해없음,승용,남,51세,부상신고
2012081400100244,2012년 8월 14일 12시,화요일,경상남도 김해시 풍유동,중상사고,0,3,1,0,차대차 - 측면직각충돌,차로위반,건조,맑음,단일로 - 기타,건설기계,남,30세,경상,승용,여,41세,중상
2012081400100300,2012년 8월 14일 14시,화요일,경상남도 사천시 벌리동,중상사고,0,1,5,0,차대차 - 측면직각충돌,안전운전불이행,건조,맑음,단일로 - 기타,승용,남,65세,상해없음,승합,남,44세,경상
2012081400100301,2012년 8월 14일 14시,화요일,경상남도 밀양시 삼랑진읍,경상사고,0,0,1,0,차대차 - 추돌 - 진행중,안전운전불이행,건조,흐림,단일로 - 기타,화물,남,61세,상해없음,승용,남,56세,경상
2012081400100302,2012년 8월 14일 14시,화요일,경상남도 김해시 외동,경상사고,0,0,1,0,차대차 - 측면직각충돌,안전운전불이행,건조,맑음,단일로 - 기타,승용,남,57세,상해없음,자전거,여,46세,경상
2012081400100325,2012년 8월 14일 15시,화요일,경상남도 통영시 욕지면,중상사고,0,1,0,0,차량단독 - 공작물충돌,안전운전불이행,건조,맑음,단일로 - 기타,원동기,남,46세,상해없음,,,,
2012081400100326,2012년 8월 14일 15시,화요일,경상남도 사천시 사천읍,중상사고,0,4,1,0,차대차 - 추돌 - 주정차중,안전운전불이행,건조,맑음,교차로 - 교차로안,화물,남,57세,상해없음,승용,여,53세,중상
2012081400100327,2012년 8월 14일 15시,화요일,경상남도 김해시 강동,경상사고,0,0,1,0,차량단독 - 전도전복,안전운전불이행,건조,맑음,단일로 - 기타,화물,남,55세,경상,,,,
2012081400100365,2012년 8월 14일 16시,화요일,경상남도 사천시 서금동,경상사고,0,0,2,0,차대차 - 추돌 - 진행중,안전운전불이행,건조,맑음,단일로 - 기타,승용,남,48세,상해없음,승용,남,28세,경상
2012081400100396,2012년 8월 14일 17시,화요일,경상남도 사천시 서동,중상사고,0,1,0,0,차대사람 - 기타,안전운전불이행,건조,맑음,단일로 - 기타,승용,남,57세,상해없음,보행자,여,67세,중상
2012081400100397,2012년 8월 14일 17시,화요일,경상남도 함안군 가야읍,중상사고,0,1,0,0,차대사람 - 횡단중,안전운전불이행,건조,맑음,교차로 - 교차로부근,승용,남,38세,상해없음,보행자,여,21세,중상
2012081400100434,2012년 8월 14일 18시,화요일,경상남도 창원시 마산합포구 중앙동3가,경상사고,0,0,1,0,차대사람 - 차도통행중,안전운전불이행,습기,흐림,단일로 - 기타,승용,남,57세,상해없음,보행자,남,21세,경상
2012081400100435,2012년 8월 14일 18시,화요일,경상남도 김해시 한림면,경상사고,0,0,1,0,차대차 - 측면직각충돌,교차로운행방법위반,건조,맑음,교차로 - 교차로안,화물,남,51세,상해없음,승용,남,20세,경상
2012081400100472,2012년 8월 14일 19시,화요일,경상남도 진주시 문산읍,중상사고,0,2,0,0,차대차 - 정면충돌,중앙선침범,기타,비,교차로 - 교차로안,승용,남,30세,상해없음,승용,남,73세,중상
2012081400100473,2012년 8월 14일 19시,화요일,경상남도 진주시 하대동,중상사고,0,1,0,0,차대차 - 정면충돌,신호위반,습기,비,교차로 - 교차로안,승용,남,53세,상해없음,원동기,남,37세,중상
2012081400100474,2012년 8월 14일 19시,화요일,경상남도 김해시 내동,중상사고,0,1,0,0,차대사람 - 횡단중,보행자보호의무위반,건조,맑음,교차로 - 교차로안,승용,남,34세,상해없음,보행자,남,81세,중상
2012081400100475,2012년 8월 14일 19시,화요일,경상남도 하동군 금남면,경상사고,0,0,5,0,차대차 - 기타,안전운전불이행,습기,비,교차로 - 교차로부근,승용,남,49세,상해없음,화물,여,59세,경상
2012081400100518,2012년 8월 14일 20시,화요일,경상남도 양산시 물금읍,중상사고,0,1,0,0,차대차 - 측면직각충돌,신호위반,건조,맑음,교차로 - 교차로안,승용,여,53세,상해없음,승용,남,49세,중상
2012081400100519,2012년 8월 14일 20시,화요일,경상남도 거제시 상동동,경상사고,0,0,2,0,차대차 - 추돌 - 주정차중,안전운전불이행,건조,맑음,교차로 - 교차로부근,승용,여,35세,상해없음,승용,남,50세,경상
2012081400100520,2012년 8월 14일 20시,화요일,경상남도 김해시 진례면,경상사고,0,0,1,0,차대차 - 기타,신호위반,건조,맑음,교차로 - 교차로안,기타불명,기타불명,기타불명,기타불명,화물,남,31세,경상
2012081400100569,2012년 8월 14일 21시,화요일,경상남도 통영시 미수동,사망사고,1,1,0,0,차대차 - 정면충돌,중앙선침범,건조,흐림,단일로 - 기타,승용,남,60세,사망,승용,남,45세,중상
2012081400100570,2012년 8월 14일 21시,화요일,경상남도 통영시 무전동,중상사고,0,2,2,0,차대차 - 측면직각충돌,직진우회전진행방해,건조,맑음,교차로 - 교차로안,승용,남,21세,상해없음,승용,남,47세,경상
2012081400100571,2012년 8월 14일 21시,화요일,경상남도 양산시 동면,중상사고,0,1,0,0,차대차 - 측면직각충돌,안전운전불이행,습기,비,단일로 - 기타,승합,남,48세,상해없음,특수,남,34세,중상
2012081400100572,2012년 8월 14일 21시,화요일,경상남도 창원시 성산구 외동,경상사고,0,0,1,0,차대차 - 기타,안전거리미확보,습기,맑음,단일로 - 기타,승용,남,57세,상해없음,승용,남,25세,경상
2012081400100620,2012년 8월 14일 22시,화요일,경상남도 창원시 마산합포구 부림동,중상사고,0,1,0,0,차대차 - 측면직각충돌,안전운전불이행,건조,흐림,단일로 - 기타,승용,남,58세,상해없음,원동기,남,19세,중상
2012081400100621,2012년 8월 14일 22시,화요일,경상남도 김해시 진영읍,경상사고,0,0,1,0,차대사람 - 기타,안전운전불이행,건조,맑음,단일로 - 기타,기타불명,기타불명,기타불명,기타불명,보행자,남,27세,경상
2012081500100040,2012년 8월 15일 00시,수요일,경상남도 창원시 마산회원구 내서읍,중상사고,0,1,0,0,차대사람 - 기타,안전운전불이행,건조,맑음,단일로 - 기타,승용,남,55세,상해없음,보행자,남,51세,중상
2012081500100061,2012년 8월 15일 01시,수요일,경상남도 양산시 동면,경상사고,0,0,1,0,차대차 - 추돌 - 주정차중,안전운전불이행,건조,맑음,단일로 - 기타,화물,남,54세,상해없음,화물,남,43세,경상
2012081500100080,2012년 8월 15일 01시,수요일,경상남도 양산시 덕계동,경상사고,0,0,2,0,차대차 - 측면직각충돌,직진우회전진행방해,습기,비,교차로 - 교차로안,승용,남,54세,상해없음,승용,남,57세,경상
2012081500100081,2012년 8월 15일 01시,수요일,경상남도 창원시 의창구 팔용동,경상사고,0,0,1,0,차대차 - 추돌 - 진행중,안전운전불이행,습기,비,단일로 - 기타,승용,남,40세,상해없음,승용,남,29세,경상
2012081500100110,2012년 8월 15일 02시,수요일,경상남도 창녕군 창녕읍,중상사고,0,1,0,0,차대사람 - 기타,안전운전불이행,건조,흐림,단일로 - 기타,승합,남,44세,상해없음,보행자,남,24세,중상
2012081500100111,2012년 8월 15일 02시,수요일,경상남도 김해시 진영읍,경상사고,0,0,2,0,차대차 - 측면직각충돌,신호위반,습기,비,교차로 - 교차로안,승용,남,41세,상해없음,승용,여,44세,경상
2012081500100154,2012년 8월 15일 03시,수요일,경상남도 김해시 삼계동,경상사고,0,0,2,0,차대사람 - 길가장자리구역통행중,안전운전불이행,습기,비,교차로 - 교차로부근,화물,남,30세,상해없음,보행자,여,24세,경상
2012081500100173,2012년 8월 15일 04시,수요일,경상남도 창원시 마산회원구 봉암동,중상사고,0,1,0,0,차대차 - 추돌 - 진행중,안전운전불이행,건조,맑음,단일로 - 기타,승용,남,32세,상해없음,승용,여,52세,중상
2012081500100197,2012년 8월 15일 05시,수요일,경상남도 양산시 덕계동,중상사고,0,1,0,0,차대차 - 측면직각충돌,직진우회전진행방해,습기,비,교차로 - 교차로안,승용,남,29세,상해없음,승용,남,49세,중상
2012081500100207,2012년 8월 15일 06시,수요일,경상남도 양산시 신기동,중상사고,0,1,2,0,차대차 - 측면직각충돌,안전운전불이행,건조,맑음,단일로 - 기타,승용,남,24세,상해없음,승용,남,46세,중상
2012081500100228,2012년 8월 15일 07시,수요일,경상남도 사천시 정동면,사망사고,1,0,1,0,차대차 - 측면직각충돌,중앙선침범,건조,맑음,교차로 - 교차로안,승합,남,35세,경상,승용,남,57세,사망
2012081500100229,2012년 8월 15일 07시,수요일,경상남도 산청군 생초면,중상사고,0,2,0,0,차대차 - 정면충돌,안전운전불이행,건조,맑음,단일로 - 기타,승용,남,63세,중상,승용,남,50세,중상
2012081500100243,2012년 8월 15일 08시,수요일,경상남도 양산시 어곡동,중상사고,0,1,0,0,차대차 - 측면직각충돌,교차로운행방법위반,건조,흐림,교차로 - 교차로안,건설기계,남,41세,상해없음,원동기,남,62세,중상
2012081500100244,2012년 8월 15일 08시,수요일,경상남도 창원시 성산구 내동,중상사고,0,1,0,0,차대차 - 측면직각충돌,교차로운행방법위반,습기,흐림,교차로 - 교차로안,승용,남,41세,상해없음,승용,남,33세,중상
2012081500100260,2012년 8월 15일 09시,수요일,경상남도 창원시 진해구 석동,경상사고,0,0,1,0,차대차 - 기타,교차로운행방법위반,건조,맑음,교차로 - 교차로안,승용,여,36세,상해없음,원동기,남,77세,경상
2012081500100278,2012년 8월 15일 10시,수요일,경상남도 사천시 대방동,경상사고,0,0,1,0,차대차 - 기타,안전운전불이행,습기,비,단일로 - 기타,화물,남,46세,상해없음,화물,남,65세,경상
2012081500100295,2012년 8월 15일 11시,수요일,경상남도 창원시 진해구 석동,경상사고,0,0,2,0,차대차 - 기타,교차로운행방법위반,습기,비,교차로 - 교차로안,승용,남,32세,기타불명,승용,남,49세,경상
2012081500100296,2012년 8월 15일 11시,수요일,경상남도 양산시 남부동,경상사고,0,0,1,0,차대차 - 측면직각충돌,안전운전불이행,건조,흐림,단일로 - 횡단보도상,승용,남,39세,상해없음,자전거,남,52세,경상
2012081500100314,2012년 8월 15일 12시,수요일,경상남도 합천군 삼가면,중상사고,0,1,0,0,차량단독 - 도로외이탈 - 기타,안전운전불이행,건조,맑음,단일로 - 기타,승용,남,24세,상해없음,,,,
2012081500100332,2012년 8월 15일 13시,수요일,경상남도 통영시 도산면,중상사고,0,1,0,0,차대차 - 측면직각충돌,안전운전불이행,건조,맑음,단일로 - 기타,화물,여,55세,상해없음,승용,여,28세,중상
2012081500100353,2012년 8월 15일 14시,수요일,경상남도 거창군 위천면,경상사고,0,0,1,0,차대차 - 측면직각충돌,교차로운행방법위반,건조,맑음,교차로 - 교차로안,승용,여,45세,경상,특수,남,29세,상해없음
2012081500100397,2012년 8월 15일 16시,수요일,경상남도 남해군 이동면,중상사고,0,1,0,0,차대차 - 추돌 - 진행중,안전운전불이행,건조,맑음,기타 - 기타,승용,남,35세,상해없음,승용,남,33세,상해없음
2012081500100409,2012년 8월 15일 17시,수요일,경상남도 창원시 마산합포구 월남동1가,경상사고,0,0,1,0,차대차 - 추돌 - 진행중,안전거리미확보,건조,맑음,교차로 - 교차로안,승용,남,49세,상해없음,승용,여,26세,경상
2012081500100410,2012년 8월 15일 17시,수요일,경상남도 진주시 문산읍,경상사고,0,0,1,0,차대차 - 정면충돌,중앙선침범,건조,맑음,단일로 - 기타,화물,남,54세,상해없음,승용,여,38세,경상
2012081500100411,2012년 8월 15일 17시,수요일,경상남도 창원시 성산구 성산동,경상사고,0,0,4,0,차대차 - 측면직각충돌,교차로운행방법위반,건조,맑음,교차로 - 교차로안,승용,남,34세,상해없음,승용,남,42세,경상
2012081500100429,2012년 8월 15일 18시,수요일,경상남도 창원시 마산합포구 해운동,경상사고,0,0,1,0,차대차 - 측면직각충돌,안전운전불이행,습기,맑음,단일로 - 기타,승용,여,38세,상해없음,승용,남,29세,경상
2012081500100430,2012년 8월 15일 18시,수요일,경상남도 창원시 성산구 반지동,경상사고,0,0,2,2,차대차 - 추돌 - 주정차중,안전운전불이행,건조,맑음,교차로 - 교차로부근,화물,남,49세,상해없음,승용,남,42세,경상
2012081500100463,2012년 8월 15일 19시,수요일,경상남도 양산시 남부동,경상사고,0,0,1,0,차대차 - 측면직각충돌,안전거리미확보,건조,맑음,단일로 - 기타,승용,남,55세,상해없음,원동기,남,54세,경상
2012081500100513,2012년 8월 15일 20시,수요일,경상남도 김해시 대동면,중상사고,0,1,0,0,차대차 - 측면직각충돌,교차로운행방법위반,습기,흐림,교차로 - 교차로안,원동기,남,70세,중상,승용,남,26세,상해없음
2012081500100514,2012년 8월 15일 20시,수요일,경상남도 산청군 삼장면,중상사고,0,1,0,0,차량단독 - 공작물충돌,안전운전불이행,건조,맑음,단일로 - 기타,이륜,남,64세,중상,,,,
2012081500100555,2012년 8월 15일 21시,수요일,경상남도 양산시 중부동,중상사고,0,1,0,0,차대차 - 측면직각충돌,안전운전불이행,건조,흐림,교차로 - 교차로안,승용,남,63세,상해없음,원동기,남,26세,중상
2012081500100588,2012년 8월 15일 22시,수요일,경상남도 양산시 평산동,경상사고,0,0,1,0,차대차 - 측면직각충돌,교차로운행방법위반,건조,맑음,단일로 - 기타,승용,남,43세,상해없음,승합,남,35세,경상
2012081500100603,2012년 8월 15일 23시,수요일,경상남도 창원시 의창구 도계동,중상사고,0,1,0,0,차대사람 - 횡단중,안전운전불이행,습기,비,단일로 - 기타,승용,남,31세,상해없음,보행자,남,16세,중상
2012081600100014,2012년 8월 16일 00시,목요일,경상남도 김해시 어방동,경상사고,0,0,1,0,차대사람 - 보도통행중,기타,습기,흐림,단일로 - 기타,승용,남,45세,상해없음,보행자,남,43세,경상
2012081600100025,2012년 8월 16일 01시,목요일,경상남도 양산시 남부동,경상사고,0,0,1,0,차대사람 - 횡단중,보행자보호의무위반,습기,비,교차로 - 교차로안,승용,여,29세,상해없음,보행자,여,43세,경상
2012081600100041,2012년 8월 16일 02시,목요일,경상남도 창원시 성산구 상남동,경상사고,0,0,3,0,차대차 - 측면직각충돌,교차로운행방법위반,습기,비,교차로 - 교차로안,승용,남,37세,상해없음,승용,남,55세,경상
2012081600100077,2012년 8월 16일 06시,목요일,경상남도 김해시 외동,경상사고,0,0,2,0,차대차 - 측면직각충돌,안전운전불이행,건조,맑음,교차로 - 교차로부근,화물,남,50세,상해없음,승용,남,29세,경상
2012081600100078,2012년 8월 16일 06시,목요일,경상남도 함안군 대산면,중상사고,0,1,0,0,차대사람 - 길가장자리구역통행중,안전운전불이행,건조,맑음,단일로 - 기타,건설기계,남,40세,상해없음,보행자,여,70세,중상
2012081600100097,2012년 8월 16일 07시,목요일,경상남도 진주시 정촌면,중상사고,0,1,0,0,차대사람 - 길가장자리구역통행중,안전운전불이행,건조,맑음,단일로 - 기타,화물,남,39세,상해없음,보행자,남,24세,중상
2012081600100098,2012년 8월 16일 07시,목요일,경상남도 통영시 북신동,중상사고,0,1,0,0,차대차 - 측면직각충돌,차로위반,건조,맑음,단일로 - 기타,승용,남,47세,상해없음,승용,남,40세,중상
2012081600100099,2012년 8월 16일 07시,목요일,경상남도 김해시 동상동,중상사고,0,1,0,0,차대차 - 기타,안전운전불이행,건조,맑음,교차로 - 교차로안,승합,남,55세,상해없음,원동기,남,24세,중상
2012081600100126,2012년 8월 16일 08시,목요일,경상남도 창원시 진해구 두동,중상사고,0,1,2,1,차대차 - 추돌 - 진행중,안전거리미확보,건조,흐림,단일로 - 기타,승용,여,45세,상해없음,승용,남,27세,경상
2012081600100127,2012년 8월 16일 08시,목요일,경상남도 창원시 마산회원구 내서읍,중상사고,0,1,3,0,차대차 - 추돌 - 진행중,안전운전불이행,습기,흐림,단일로 - 기타,화물,남,38세,상해없음,승용,남,45세,경상
2012081600100128,2012년 8월 16일 08시,목요일,경상남도 함안군 군북면,중상사고,0,1,0,0,차대차 - 측면직각충돌,안전거리미확보,건조,맑음,단일로 - 기타,승용,여,45세,기타불명,화물,남,38세,상해없음
2012081600100173,2012년 8월 16일 10시,목요일,경상남도 창원시 마산합포구 중앙동1가,중상사고,0,1,1,0,차대사람 - 길가장자리구역통행중,안전운전불이행,건조,맑음,단일로 - 기타,승용,남,46세,상해없음,보행자,남,67세,중상
2012081600100175,2012년 8월 16일 10시,목요일,경상남도 창원시 마산회원구 양덕동,중상사고,0,1,0,0,차대사람 - 횡단중,안전운전불이행,습기,흐림,단일로 - 기타,승용,남,45세,상해없음,보행자,여,67세,중상
2012081600100176,2012년 8월 16일 10시,목요일,경상남도 창원시 마산회원구 구암동,중상사고,0,1,2,0,차대차 - 측면직각충돌,안전운전불이행,건조,맑음,교차로 - 교차로안,승합,여,41세,경상,승용,남,29세,경상
2012081600100206,2012년 8월 16일 11시,목요일,경상남도 통영시 미수동,경상사고,0,0,4,0,차대차 - 측면직각충돌,안전거리미확보,건조,맑음,교차로 - 교차로부근,승용,남,21세,상해없음,승용,여,46세,경상
2012081600100232,2012년 8월 16일 12시,목요일,경상남도 고성군 거류면,경상사고,0,0,1,0,차대차 - 추돌 - 진행중,안전거리미확보,건조,맑음,단일로 - 기타,화물,남,58세,상해없음,승용,여,43세,경상
2012081600100257,2012년 8월 16일 13시,목요일,경상남도 진주시 평안동,경상사고,0,0,1,0,차대사람 - 길가장자리구역통행중,안전운전불이행,건조,맑음,단일로 - 기타,승용,여,51세,상해없음,보행자,남,60세,경상
2012081600100288,2012년 8월 16일 14시,목요일,경상남도 거제시 고현동,중상사고,0,1,0,0,차대차 - 추돌 - 진행중,안전운전불이행,건조,맑음,교차로 - 교차로안,승용,남,24세,상해없음,자전거,남,17세,중상
2012081600100322,2012년 8월 16일 15시,목요일,경상남도 통영시 도천동,경상사고,0,0,1,0,차대사람 - 길가장자리구역통행중,안전운전불이행,건조,맑음,단일로 - 기타,화물,남,31세,상해없음,보행자,여,10세,경상
2012081600100323,2012년 8월 16일 15시,목요일,경상남도 사천시 벌리동,중상사고,0,1,0,0,차대차 - 기타,교차로운행방법위반,습기,비,교차로 - 교차로안,원동기,여,60세,중상,승용,여,37세,상해없음
2012081600100324,2012년 8월 16일 15시,목요일,경상남도 창원시 마산회원구 합성동,경상사고,0,0,3,0,차대차 - 측면직각충돌,안전운전불이행,습기,흐림,단일로 - 기타,승용,남,58세,상해없음,승용,남,31세,경상
2012081600100383,2012년 8월 16일 17시,목요일,경상남도 창원시 진해구 이동,경상사고,0,0,1,0,차대차 - 측면직각충돌,안전운전불이행,건조,맑음,기타 - 기타,화물,남,43세,상해없음,자전거,남,63세,경상
2012081600100384,2012년 8월 16일 17시,목요일,경상남도 통영시 명정동,중상사고,0,1,0,0,차량단독 - 전도전복,안전운전불이행,건조,맑음,단일로 - 기타,이륜,남,16세,상해없음,,,,
2012081600100385,2012년 8월 16일 17시,목요일,경상남도 창원시 성산구 상남동,중상사고,0,1,0,0,차대차 - 측면직각충돌,안전운전불이행,건조,맑음,교차로 - 교차로안,승용,남,34세,상해없음,승용,남,52세,중상
2012081600100386,2012년 8월 16일 17시,목요일,경상남도 진주시 지수면,경상사고,0,0,1,0,차대차 - 측면직각충돌,안전운전불이행,습기,비,단일로 - 기타,화물,남,55세,상해없음,승용,여,47세,상해없음
2012081600100415,2012년 8월 16일 18시,목요일,경상남도 창원시 마산합포구 진전면,경상사고,0,0,1,0,차대차 - 측면직각충돌,신호위반,건조,맑음,교차로 - 교차로안,승용,여,45세,상해없음,승용,여,28세,경상
2012081600100416,2012년 8월 16일 18시,목요일,경상남도 창원시 진해구 용원동,경상사고,0,0,2,0,차대차 - 측면직각충돌,안전거리미확보,건조,맑음,단일로 - 기타,승용,남,25세,상해없음,승용,남,32세,경상
2012081600100417,2012년 8월 16일 18시,목요일,경상남도 함양군 함양읍,경상사고,0,0,1,0,차대차 - 측면직각충돌,기타,건조,맑음,교차로 - 교차로안,승용,여,43세,상해없음,농기계,남,65세,경상
2012081600100458,2012년 8월 16일 19시,목요일,경상남도 진주시 신안동,중상사고,0,1,1,0,차대차 - 측면직각충돌,신호위반,건조,맑음,교차로 - 교차로안,승용,여,67세,중상,승용,남,80세,경상
2012081600100459,2012년 8월 16일 19시,목요일,경상남도 창녕군 창녕읍,중상사고,0,1,0,0,차대차 - 측면직각충돌,안전운전불이행,건조,맑음,교차로 - 교차로안,승용,여,62세,상해없음,승용,남,33세,중상
2012081600100460,2012년 8월 16일 19시,목요일,경상남도 창원시 마산회원구 구암동,부상신고사고,0,0,0,1,차대사람 - 기타,안전운전불이행,습기,비,단일로 - 기타,승용,여,61세,상해없음,보행자,남,71세,부상신고
2012081600100461,2012년 8월 16일 19시,목요일,경상남도 창원시 의창구 봉곡동,경상사고,0,0,1,0,차대사람 - 횡단중,보행자보호의무위반,건조,맑음,단일로 - 횡단보도상,승용,여,48세,상해없음,보행자,여,39세,경상
2012081600100462,2012년 8월 16일 19시,목요일,경상남도 김해시 진영읍,중상사고,0,1,0,0,차대차 - 측면직각충돌,교차로운행방법위반,건조,맑음,교차로 - 교차로안,이륜,남,37세,중상,승용,남,46세,상해없음
2012081600100493,2012년 8월 16일 20시,목요일,경상남도 김해시 삼계동,경상사고,0,0,1,0,차대차 - 측면직각충돌,교차로운행방법위반,건조,맑음,교차로 - 교차로안,승용,남,30세,상해없음,승용,남,35세,경상
2012081600100547,2012년 8월 16일 22시,목요일,경상남도 양산시 덕계동,경상사고,0,0,2,0,차대차 - 기타,직진우회전진행방해,습기,비,교차로 - 교차로안,승용,여,50세,상해없음,이륜,남,44세,경상
2012081700100043,2012년 8월 17일 03시,금요일,경상남도 창녕군 계성면,사망사고,1,0,0,0,차대차 - 기타,안전운전불이행,습기,흐림,단일로 - 기타,화물,남,46세,사망,화물,남,48세,상해없음
2012081700100057,2012년 8월 17일 04시,금요일,경상남도 창원시 진해구 경화동,경상사고,0,0,1,0,차량단독 - 공작물충돌,안전운전불이행,건조,흐림,단일로 - 기타,승용,남,17세,경상,,,,
2012081700100069,2012년 8월 17일 05시,금요일,경상남도 김해시 동상동,중상사고,0,1,1,0,차대차 - 추돌 - 주정차중,안전운전불이행,습기,맑음,교차로 - 교차로부근,승용,남,41세,상해없음,승용,남,28세,중상
2012081700100094,2012년 8월 17일 07시,금요일,경상남도 김해시 장유면,중상사고,0,2,0,0,차대차 - 측면직각충돌,중앙선침범,건조,맑음,단일로 - 기타,승용,여,26세,상해없음,승용,남,55세,중상
2012081700100119,2012년 8월 17일 08시,금요일,경상남도 함안군 가야읍,경상사고,0,0,1,0,차대차 - 추돌 - 진행중,안전운전불이행,건조,맑음,교차로 - 교차로부근,승용,남,42세,상해없음,원동기,남,71세,경상
2012081700100145,2012년 8월 17일 09시,금요일,경상남도 양산시 하북면,중상사고,0,1,1,0,차대차 - 측면직각충돌,중앙선침범,건조,맑음,단일로 - 기타,화물,남,70세,상해없음,승용,남,21세,경상
2012081700100146,2012년 8월 17일 09시,금요일,경상남도 남해군 남해읍,중상사고,0,1,0,0,차대차 - 추돌 - 진행중,직진우회전진행방해,건조,맑음,교차로 - 교차로부근,승용,남,57세,상해없음,이륜,남,60세,중상
2012081700100163,2012년 8월 17일 10시,금요일,경상남도 진주시 동성동,경상사고,0,0,1,0,차대차 - 추돌 - 주정차중,안전운전불이행,건조,맑음,단일로 - 기타,건설기계,남,42세,상해없음,화물,여,38세,상해없음