사고번호,사고일시,요일,시군구,사고내용,사망자수,중상자수,경상자수,부상신고자수,사고유형,법규위반,노면상태,기상상태,도로형태,가해운전자 차종,가해운전자 성별,가해운전자 연령,가해운전자 상해정도,피해운전자 차종,피해운전자 성별,피해운전자 연령,피해운전자 상해정도
2012082600100370,2012년 8월 26일 17시,일요일,경상남도 창원시 마산합포구 상남동,경상사고,0,0,3,0,차대차 - 측면직각충돌,안전운전불이행,건조,맑음,교차로 - 교차로안,승용,남,50세,상해없음,승용,남,72세,경상
2012082600100371,2012년 8월 26일 17시,일요일,경상남도 창원시 진해구 용원동,중상사고,0,2,0,0,차대차 - 측면직각충돌,직진우회전진행방해,건조,맑음,교차로 - 교차로안,승용,남,44세,상해없음,원동기,여,47세,중상
2012082600100406,2012년 8월 26일 18시,일요일,경상남도 창원시 의창구 대산면,경상사고,0,0,1,0,차대차 - 추돌 - 주정차중,안전운전불이행,건조,맑음,단일로 - 기타,화물,남,54세,상해없음,승용,남,44세,상해없음
2012082600100439,2012년 8월 26일 19시,일요일,경상남도 밀양시 삼문동,중상사고,0,1,0,0,차대차 - 측면직각충돌,안전운전불이행,건조,맑음,교차로 - 교차로안,화물,남,56세,상해없음,이륜,남,73세,중상
2012082600100496,2012년 8월 26일 21시,일요일,경상남도 통영시 광도면,경상사고,0,0,1,0,차량단독 - 전도전복,안전운전불이행,건조,맑음,단일로 - 기타,이륜,남,15세,경상,,,,
2012082600100497,2012년 8월 26일 21시,일요일,경상남도 사천시 좌룡동,경상사고,0,0,1,0,차대차 - 측면직각충돌,교차로운행방법위반,건조,맑음,교차로 - 교차로안,승용,여,47세,상해없음,승용,남,49세,경상
2012082600100522,2012년 8월 26일 22시,일요일,경상남도 창원시 마산합포구 해운동,중상사고,0,1,0,0,차대사람 - 기타,안전운전불이행,건조,맑음,단일로 - 기타,승용,남,33세,상해없음,보행자,여,59세,중상
2012082700100010,2012년 8월 27일 00시,월요일,경상남도 김해시 외동,중상사고,0,1,2,0,차량단독 - 공작물충돌,안전운전불이행,건조,맑음,교차로 - 교차로부근,승용,남,21세,경상,,,,
2012082700100021,2012년 8월 27일 01시,월요일,경상남도 창원시 마산합포구 동성동,중상사고,0,1,2,0,차대차 - 측면직각충돌,신호위반,건조,맑음,교차로 - 교차로안,원동기,남,13세,경상,승용,남,53세,상해없음
2012082700100142,2012년 8월 27일 08시,월요일,경상남도 창녕군 창녕읍,중상사고,0,1,0,0,차대차 - 추돌 - 진행중,안전운전불이행,건조,맑음,단일로 - 기타,승합,남,59세,상해없음,농기계,남,65세,중상
2012082700100143,2012년 8월 27일 08시,월요일,경상남도 거제시 고현동,중상사고,0,1,0,0,차대차 - 추돌 - 진행중,안전거리미확보,건조,맑음,단일로 - 기타,승용,여,24세,상해없음,승용,남,53세,중상
2012082700100144,2012년 8월 27일 08시,월요일,경상남도 산청군 단성면,중상사고,0,1,1,0,차대차 - 측면직각충돌,안전운전불이행,건조,맑음,단일로 - 기타,승용,여,58세,경상,농기계,남,67세,중상
2012082700100145,2012년 8월 27일 08시,월요일,경상남도 함안군 칠원면,경상사고,0,0,1,0,차대차 - 추돌 - 진행중,안전운전불이행,건조,맑음,교차로 - 교차로안,승용,남,38세,상해없음,승용,여,37세,경상
2012082700100212,2012년 8월 27일 10시,월요일,경상남도 창원시 진해구 자은동,중상사고,0,1,0,0,차대사람 - 기타,안전운전불이행,건조,맑음,단일로 - 기타,승용,남,55세,상해없음,보행자,여,73세,중상
2012082700100213,2012년 8월 27일 10시,월요일,경상남도 사천시 용강동,경상사고,0,0,1,0,차대차 - 측면직각충돌,안전운전불이행,건조,맑음,교차로 - 교차로안,승용,여,43세,상해없음,이륜,남,72세,경상
2012082700100214,2012년 8월 27일 10시,월요일,경상남도 사천시 동금동,경상사고,0,0,1,0,차대차 - 측면직각충돌,안전운전불이행,건조,맑음,단일로 - 기타,승용,남,68세,상해없음,화물,남,40세,경상
2012082700100273,2012년 8월 27일 12시,월요일,경상남도 함안군 칠원면,경상사고,0,0,1,0,차대차 - 측면직각충돌,중앙선침범,건조,맑음,단일로 - 기타,승용,남,35세,상해없음,승용,여,52세,경상
2012082700100333,2012년 8월 27일 14시,월요일,경상남도 진주시 이현동,경상사고,0,0,2,0,차대차 - 측면직각충돌,신호위반,건조,맑음,교차로 - 교차로안,승용,여,57세,경상,승용,여,42세,경상
2012082700100334,2012년 8월 27일 14시,월요일,경상남도 창원시 마산회원구 회원동,경상사고,0,0,1,0,차대사람 - 기타,보행자보호의무위반,건조,맑음,교차로 - 교차로안,승용,남,46세,상해없음,보행자,여,56세,경상
2012082700100335,2012년 8월 27일 14시,월요일,경상남도 김해시 장유면,중상사고,0,1,0,0,차대차 - 측면직각충돌,안전거리미확보,건조,맑음,단일로 - 기타,건설기계,남,51세,상해없음,승용,남,40세,중상
2012082700100369,2012년 8월 27일 15시,월요일,경상남도 진주시 하대동,경상사고,0,0,2,0,차대차 - 측면직각충돌,직진우회전진행방해,건조,맑음,교차로 - 교차로안,승용,여,53세,경상,승용,남,71세,상해없음
2012082700100370,2012년 8월 27일 15시,월요일,경상남도 통영시 광도면,경상사고,0,0,3,0,차대차 - 추돌 - 진행중,안전운전불이행,건조,맑음,교차로 - 교차로안,승용,여,40세,상해없음,화물,남,41세,경상
2012082700100371,2012년 8월 27일 15시,월요일,경상남도 사천시 선구동,사망사고,1,0,0,0,차대차 - 측면직각충돌,과속,습기,비,교차로 - 교차로안,승용,남,49세,상해없음,원동기,남,62세,사망
2012082700100372,2012년 8월 27일 15시,월요일,경상남도 사천시 곤명면,중상사고,0,1,0,0,차대차 - 추돌 - 진행중,안전운전불이행,건조,맑음,단일로 - 기타,승용,남,58세,상해없음,승용,남,44세,중상
2012082700100415,2012년 8월 27일 16시,월요일,경상남도 밀양시 무안면,중상사고,0,2,0,0,차대차 - 정면충돌,안전운전불이행,건조,맑음,단일로 - 기타,승합,남,65세,상해없음,화물,남,43세,중상
2012082700100417,2012년 8월 27일 16시,월요일,경상남도 고성군 고성읍,경상사고,0,0,1,0,차대차 - 추돌 - 주정차중,안전거리미확보,건조,흐림,단일로 - 기타,승용,남,34세,상해없음,승용,남,49세,경상
2012082700100418,2012년 8월 27일 16시,월요일,경상남도 함안군 칠서면,경상사고,0,0,1,0,차대사람 - 횡단중,안전운전불이행,건조,맑음,단일로 - 기타,승합,남,36세,상해없음,보행자,남,11세,경상
2012082700100419,2012년 8월 27일 16시,월요일,경상남도 창원시 마산회원구 석전동,중상사고,0,1,0,0,차대사람 - 기타,안전운전불이행,건조,흐림,단일로 - 기타,승합,남,38세,상해없음,보행자,남,54세,중상
2012082700100452,2012년 8월 27일 17시,월요일,경상남도 함안군 가야읍,중상사고,0,1,0,0,차대차 - 측면직각충돌,안전운전불이행,건조,흐림,교차로 - 교차로안,승용,남,68세,상해없음,이륜,남,54세,중상
2012082700100508,2012년 8월 27일 19시,월요일,경상남도 진주시 초전동,경상사고,0,0,1,0,차대사람 - 횡단중,안전운전불이행,건조,맑음,단일로 - 기타,승용,남,51세,상해없음,보행자,여,5세,경상
2012082700100509,2012년 8월 27일 19시,월요일,경상남도 양산시 북부동,경상사고,0,0,1,0,차대차 - 기타,안전운전불이행,건조,맑음,교차로 - 교차로부근,이륜,남,46세,경상,이륜,남,69세,상해없음
2012082700100564,2012년 8월 27일 21시,월요일,경상남도 김해시 장유면,부상신고사고,0,0,0,1,차대사람 - 기타,보행자보호의무위반,건조,흐림,교차로 - 교차로부근,기타불명,기타불명,기타불명,기타불명,보행자,남,15세,부상신고
2012082700100590,2012년 8월 27일 22시,월요일,경상남도 진주시 평거동,중상사고,0,1,0,0,차대차 - 추돌 - 진행중,안전운전불이행,습기,비,단일로 - 횡단보도상,승용,남,53세,상해없음,승용,남,26세,중상
2012082700100591,2012년 8월 27일 22시,월요일,경상남도 거제시 고현동,중상사고,0,1,1,0,차대사람 - 기타,안전운전불이행,습기,흐림,교차로 - 교차로안,승용,남,52세,기타불명,보행자,남,32세,중상
2012082700100614,2012년 8월 27일 23시,월요일,경상남도 거제시 고현동,부상신고사고,0,0,0,1,차대사람 - 기타,안전운전불이행,습기,비,교차로 - 교차로안,승용,남,18세,상해없음,보행자,남,22세,부상신고
2012082800100013,2012년 8월 28일 00시,화요일,경상남도 창원시 마산합포구 월영동,경상사고,0,0,1,0,차량단독 - 공작물충돌,안전운전불이행,습기,비,단일로 - 기타,승용,여,31세,경상,,,,
2012082800100015,2012년 8월 28일 00시,화요일,경상남도 김해시 삼정동,중상사고,0,1,0,0,차대사람 - 횡단중,보행자보호의무위반,습기,비,교차로 - 교차로부근,승용,남,58세,상해없음,보행자,여,57세,중상
2012082800100034,2012년 8월 28일 01시,화요일,경상남도 통영시 무전동,중상사고,0,1,0,0,차대차 - 추돌 - 주정차중,안전운전불이행,습기,비,단일로 - 기타,승용,남,46세,상해없음,승합,남,67세,기타불명
2012082800100044,2012년 8월 28일 02시,화요일,경상남도 진주시 명석면,중상사고,0,2,0,0,차대차 - 추돌 - 진행중,안전운전불이행,습기,비,단일로 - 기타,승용,여,36세,상해없음,승용,남,44세,중상
2012082800100045,2012년 8월 28일 02시,화요일,경상남도 김해시 풍유동,중상사고,0,1,0,0,차대차 - 측면직각충돌,신호위반,습기,비,교차로 - 교차로안,승합,남,47세,상해없음,승용,남,38세,중상
2012082800100087,2012년 8월 28일 06시,화요일,경상남도 거제시 하청면,경상사고,0,0,1,0,차대차 - 추돌 - 진행중,안전운전불이행,건조,맑음,단일로 - 기타,승용,남,51세,상해없음,승용,여,61세,경상
2012082800100148,2012년 8월 28일 10시,화요일,경상남도 사천시 용강동,경상사고,0,0,1,0,차대차 - 기타,신호위반,습기,비,교차로 - 교차로안,승용,여,34세,경상,승용,남,70세,상해없음
2012082800100170,2012년 8월 28일 11시,화요일,경상남도 창원시 마산합포구 진동면,경상사고,0,0,1,0,차대차 - 측면직각충돌,안전운전불이행,건조,맑음,단일로 - 기타,승용,여,45세,상해없음,승용,여,33세,경상
2012082800100171,2012년 8월 28일 11시,화요일,경상남도 통영시 광도면,중상사고,0,1,0,0,차대차 - 기타,안전운전불이행,건조,맑음,단일로 - 기타,화물,남,59세,상해없음,승용,남,43세,중상
2012082800100172,2012년 8월 28일 11시,화요일,경상남도 사천시 선구동,경상사고,0,0,1,0,차대차 - 측면직각충돌,교차로운행방법위반,습기,흐림,교차로 - 교차로안,승용,남,55세,상해없음,화물,남,51세,상해없음
2012082800100173,2012년 8월 28일 11시,화요일,경상남도 김해시 삼계동,중상사고,0,1,1,0,차대차 - 추돌 - 진행중,안전운전불이행,습기,비,단일로 - 기타,승용,남,45세,중상,승용,남,58세,경상
2012082800100188,2012년 8월 28일 12시,화요일,경상남도 김해시 외동,경상사고,0,0,1,0,차대차 - 정면충돌,교차로운행방법위반,습기,비,교차로 - 교차로안,승용,남,28세,상해없음,원동기,남,44세,경상
2012082800100189,2012년 8월 28일 12시,화요일,경상남도 창원시 성산구 사파동,사망사고,1,0,0,0,차대차 - 측면직각충돌,직진우회전진행방해,습기,비,교차로 - 교차로안,화물,남,41세,상해없음,이륜,남,62세,사망
2012082800100218,2012년 8월 28일 14시,화요일,경상남도 밀양시 삼랑진읍,중상사고,0,2,2,0,차대차 - 정면충돌,중앙선침범,습기,비,단일로 - 기타,승용,남,44세,상해없음,승용,남,35세,중상
2012082800100265,2012년 8월 28일 17시,화요일,경상남도 통영시 도산면,경상사고,0,0,2,0,차대차 - 기타,안전운전불이행,건조,맑음,단일로 - 기타,승용,남,53세,상해없음,승용,여,50세,경상
2012082800100266,2012년 8월 28일 17시,화요일,경상남도 김해시 삼계동,경상사고,0,0,1,0,차대사람 - 횡단중,안전운전불이행,건조,맑음,단일로 - 기타,승용,남,41세,상해없음,보행자,남,11세,경상
2012082800100267,2012년 8월 28일 17시,화요일,경상남도 남해군 남해읍,경상사고,0,0,1,0,차대차 - 측면직각충돌,안전운전불이행,건조,맑음,단일로 - 기타,승용,남,45세,상해없음,승용,여,36세,경상
2012082800100285,2012년 8월 28일 18시,화요일,경상남도 김해시 어방동,중상사고,0,2,0,0,차대차 - 측면직각충돌,차로위반,건조,맑음,교차로 - 교차로부근,승합,남,46세,상해없음,승용,남,52세,중상
2012082800100309,2012년 8월 28일 19시,화요일,경상남도 거제시 연초면,경상사고,0,0,1,0,차대사람 - 기타,신호위반,건조,맑음,단일로 - 기타,승용,여,44세,상해없음,보행자,여,3세,경상
2012082800100345,2012년 8월 28일 20시,화요일,경상남도 김해시 삼계동,중상사고,0,1,0,0,차대차 - 측면직각충돌,교차로운행방법위반,건조,흐림,교차로 - 교차로안,승용,남,40세,상해없음,자전거,남,44세,중상
2012082800100405,2012년 8월 28일 22시,화요일,경상남도 진주시 문산읍,중상사고,0,1,0,0,차대차 - 기타,안전운전불이행,건조,맑음,교차로 - 교차로안,승용,남,49세,상해없음,승용,남,28세,상해없음
2012082900100035,2012년 8월 29일 02시,수요일,경상남도 김해시 어방동,중상사고,0,1,0,0,차대사람 - 기타,안전운전불이행,건조,흐림,단일로 - 기타,승용,남,23세,상해없음,보행자,남,54세,중상
2012082900100070,2012년 8월 29일 06시,수요일,경상남도 밀양시 삼문동,경상사고,0,0,1,0,차대차 - 기타,안전운전불이행,건조,맑음,단일로 - 기타,화물,남,59세,상해없음,원동기,남,42세,경상
2012082900100071,2012년 8월 29일 06시,수요일,경상남도 김해시 외동,경상사고,0,0,1,0,차대차 - 측면직각충돌,교차로운행방법위반,건조,흐림,교차로 - 교차로안,원동기,남,25세,경상,승용,남,32세,상해없음
2012082900100088,2012년 8월 29일 07시,수요일,경상남도 양산시 북부동,중상사고,0,1,0,0,차대사람 - 횡단중,보행자보호의무위반,건조,맑음,교차로 - 교차로안,승용,남,58세,상해없음,보행자,여,14세,중상
2012082900100089,2012년 8월 29일 07시,수요일,경상남도 거제시 장평동,중상사고,0,1,0,0,차대차 - 추돌 - 진행중,신호위반,건조,맑음,교차로 - 교차로안,승용,남,31세,상해없음,이륜,남,43세,중상
2012082900100090,2012년 8월 29일 07시,수요일,경상남도 남해군 남해읍,중상사고,0,1,0,0,차대차 - 추돌 - 진행중,안전운전불이행,건조,흐림,교차로 - 교차로안,건설기계,남,55세,상해없음,농기계,남,65세,중상
2012082900100110,2012년 8월 29일 08시,수요일,경상남도 창원시 마산합포구 진동면,사망사고,1,1,1,0,차대차 - 정면충돌,중앙선침범,건조,맑음,단일로 - 기타,승합,남,39세,중상,화물,남,39세,사망
2012082900100111,2012년 8월 29일 08시,수요일,경상남도 진주시 초전동,중상사고,0,1,0,0,차대차 - 기타,안전운전불이행,건조,맑음,교차로 - 교차로안,승용,여,40세,상해없음,화물,남,38세,중상
2012082900100112,2012년 8월 29일 08시,수요일,경상남도 양산시 남부동,부상신고사고,0,0,0,1,차대차 - 측면직각충돌,안전운전불이행,건조,맑음,교차로 - 교차로안,승용,여,39세,상해없음,승용,남,46세,부상신고
2012082900100140,2012년 8월 29일 09시,수요일,경상남도 김해시 대동면,경상사고,0,0,1,0,차대차 - 측면직각충돌,안전운전불이행,건조,맑음,교차로 - 교차로안,승용,남,57세,상해없음,자전거,여,64세,경상
2012082900100141,2012년 8월 29일 09시,수요일,경상남도 거창군 거창읍,중상사고,0,1,0,0,차대차 - 추돌 - 진행중,안전운전불이행,건조,맑음,단일로 - 기타,승용,남,65세,상해없음,자전거,여,69세,중상
2012082900100142,2012년 8월 29일 09시,수요일,경상남도 거창군 거창읍,사망사고,1,0,0,0,차대사람 - 횡단중,안전운전불이행,건조,맑음,교차로 - 교차로안,승용,남,52세,상해없음,보행자,여,85세,사망
2012082900100174,2012년 8월 29일 10시,수요일,경상남도 창원시 의창구 소답동,중상사고,0,1,0,0,차대차 - 측면직각충돌,교차로운행방법위반,건조,맑음,교차로 - 교차로안,승용,여,50세,상해없음,자전거,남,67세,중상
2012082900100222,2012년 8월 29일 12시,수요일,경상남도 진주시 칠암동,중상사고,0,1,0,0,차대사람 - 횡단중,안전운전불이행,건조,맑음,단일로 - 기타,승용,여,53세,상해없음,보행자,남,54세,중상
2012082900100223,2012년 8월 29일 12시,수요일,경상남도 밀양시 삼문동,경상사고,0,0,1,0,차대사람 - 횡단중,안전운전불이행,건조,맑음,단일로 - 횡단보도상,기타불명,남,81세,상해없음,보행자,여,82세,경상
2012082900100224,2012년 8월 29일 12시,수요일,경상남도 김해시 진영읍,경상사고,0,0,1,0,차대차 - 기타,안전운전불이행,건조,맑음,교차로 - 교차로안,승용,여,52세,상해없음,이륜,남,55세,경상
2012082900100246,2012년 8월 29일 13시,수요일,경상남도 고성군 고성읍,중상사고,0,1,0,0,차대차 - 정면충돌,안전운전불이행,건조,맑음,단일로 - 기타,원동기,남,44세,상해없음,원동기,남,32세,중상
2012082900100247,2012년 8월 29일 13시,수요일,경상남도 산청군 신안면,부상신고사고,0,0,0,1,차대사람 - 기타,안전운전불이행,건조,맑음,기타 - 기타,승용,남,56세,상해없음,보행자,여,82세,부상신고
2012082900100248,2012년 8월 29일 13시,수요일,경상남도 창원시 마산회원구 내서읍,경상사고,0,0,1,0,차대사람 - 기타,안전운전불이행,건조,맑음,단일로 - 기타,승용,남,65세,상해없음,보행자,여,47세,경상
2012082900100278,2012년 8월 29일 14시,수요일,경상남도 합천군 율곡면,사망사고,1,0,0,0,차량단독 - 공작물충돌,안전운전불이행,건조,맑음,단일로 - 기타,승용,남,69세,사망,,,,
2012082900100279,2012년 8월 29일 14시,수요일,경상남도 산청군 산청읍,중상사고,0,2,0,0,차대차 - 측면직각충돌,안전운전불이행,건조,맑음,교차로 - 교차로안,화물,남,74세,상해없음,승용,여,36세,중상
2012082900100280,2012년 8월 29일 14시,수요일,경상남도 창원시 마산회원구 두척동,경상사고,0,0,3,0,차대차 - 추돌 - 주정차중,안전운전불이행,건조,맑음,교차로 - 교차로부근,화물,남,37세,상해없음,승용,남,34세,경상
2012082900100312,2012년 8월 29일 15시,수요일,경상남도 진주시 평거동,경상사고,0,0,1,0,차대차 - 측면직각충돌,직진우회전진행방해,건조,맑음,교차로 - 교차로안,승용,여,55세,상해없음,승용,여,37세,경상
2012082900100313,2012년 8월 29일 15시,수요일,경상남도 거제시 옥포동,경상사고,0,0,1,0,차대차 - 추돌 - 진행중,안전운전불이행,건조,맑음,교차로 - 교차로안,승용,남,60세,상해없음,승용,여,38세,경상
2012082900100314,2012년 8월 29일 15시,수요일,경상남도 창원시 의창구 서상동,중상사고,0,2,0,0,차대차 - 측면직각충돌,교차로운행방법위반,건조,맑음,교차로 - 교차로안,승용,남,53세,상해없음,승용,남,57세,중상
2012082900100315,2012년 8월 29일 15시,수요일,경상남도 창원시 의창구 봉곡동,경상사고,0,0,1,0,차대사람 - 기타,안전운전불이행,건조,맑음,단일로 - 기타,승용,여,45세,상해없음,보행자,여,49세,경상
2012082900100355,2012년 8월 29일 16시,수요일,경상남도 창원시 마산합포구 구산면,중상사고,0,1,0,0,차대차 - 측면직각충돌,안전운전불이행,건조,맑음,교차로 - 교차로안,승용,남,32세,상해없음,농기계,남,71세,중상
2012082900100356,2012년 8월 29일 16시,수요일,경상남도 남해군 삼동면,경상사고,0,0,1,0,차대차 - 정면충돌,중앙선침범,건조,맑음,단일로 - 기타,승용,남,24세,경상,승합,남,42세,상해없음
2012082900100357,2012년 8월 29일 16시,수요일,경상남도 김해시 장유면,부상신고사고,0,0,0,1,차대차 - 추돌 - 주정차중,안전운전불이행,건조,맑음,단일로 - 기타,자전거,남,43세,부상신고,화물,남,55세,상해없음
2012082900100400,2012년 8월 29일 17시,수요일,경상남도 통영시 북신동,중상사고,0,1,0,0,차대차 - 추돌 - 주정차중,안전운전불이행,건조,맑음,단일로 - 기타,승용,남,52세,상해없음,승용,남,56세,중상
2012082900100401,2012년 8월 29일 17시,수요일,경상남도 김해시 어방동,경상사고,0,0,1,1,차대차 - 정면충돌,중앙선침범,건조,맑음,단일로 - 기타,승용,여,37세,상해없음,이륜,남,20세,경상
2012082900100402,2012년 8월 29일 17시,수요일,경상남도 창녕군 대지면,경상사고,0,0,1,1,차대차 - 기타,안전운전불이행,건조,맑음,교차로 - 교차로안,화물,남,33세,상해없음,승합,여,53세,경상
2012082900100403,2012년 8월 29일 17시,수요일,경상남도 의령군 의령읍,경상사고,0,0,1,0,차대차 - 정면충돌,중앙선침범,건조,맑음,단일로 - 기타,승용,남,33세,경상,농기계,남,54세,상해없음
2012082900100452,2012년 8월 29일 18시,수요일,경상남도 통영시 도산면,경상사고,0,0,2,0,차대차 - 측면직각충돌,신호위반,건조,맑음,교차로 - 교차로안,승용,남,56세,상해없음,승용,여,29세,경상
2012082900100453,2012년 8월 29일 18시,수요일,경상남도 통영시 용남면,경상사고,0,0,1,0,차대차 - 기타,안전운전불이행,건조,맑음,단일로 - 기타,승용,여,57세,상해없음,승합,남,46세,상해없음
2012082900100454,2012년 8월 29일 18시,수요일,경상남도 밀양시 하남읍,중상사고,0,1,0,0,차대차 - 측면직각충돌,교차로운행방법위반,건조,맑음,교차로 - 교차로안,승용,남,30세,상해없음,이륜,남,78세,중상
2012082900100455,2012년 8월 29일 18시,수요일,경상남도 김해시 삼방동,중상사고,0,2,0,0,차대차 - 정면충돌,신호위반,건조,맑음,교차로 - 교차로안,승용,여,54세,상해없음,승용,남,55세,중상
2012082900100456,2012년 8월 29일 18시,수요일,경상남도 의령군 부림면,경상사고,0,0,1,0,차대차 - 추돌 - 진행중,중앙선침범,건조,맑음,단일로 - 기타,원동기,남,70세,경상,원동기,남,40세,상해없음
2012082900100457,2012년 8월 29일 18시,수요일,경상남도 창원시 의창구 도계동,중상사고,0,1,0,0,차대사람 - 횡단중,안전운전불이행,건조,맑음,교차로 - 교차로부근,승용,여,55세,상해없음,보행자,여,54세,중상
2012082900100505,2012년 8월 29일 19시,수요일,경상남도 통영시 도천동,부상신고사고,0,0,0,1,차량단독 - 전도전복,안전운전불이행,건조,맑음,단일로 - 기타,이륜,남,54세,부상신고,,,,
2012082900100506,2012년 8월 29일 19시,수요일,경상남도 창원시 의창구 사림동,중상사고,0,1,0,0,차대차 - 기타,안전운전불이행,기타,맑음,교차로 - 교차로안,화물,남,58세,상해없음,이륜,남,17세,중상
2012082900100540,2012년 8월 29일 20시,수요일,경상남도 창원시 성산구 상남동,경상사고,0,0,1,0,차대차 - 기타,안전거리미확보,기타,맑음,단일로 - 기타,승용,남,50세,상해없음,승용,남,47세,경상
2012082900100541,2012년 8월 29일 20시,수요일,경상남도 창원시 마산회원구 내서읍,경상사고,0,0,2,0,차대사람 - 보도통행중,기타,건조,흐림,기타 - 기타,승용,남,55세,상해없음,보행자,남,35세,경상
2012082900100542,2012년 8월 29일 20시,수요일,경상남도 김해시 장유면,중상사고,0,1,0,0,차대차 - 추돌 - 주정차중,안전운전불이행,건조,맑음,교차로 - 교차로부근,승용,남,51세,상해없음,승용,남,38세,중상
2012082900100543,2012년 8월 29일 20시,수요일,경상남도 김해시 장유면,중상사고,0,2,1,0,차대차 - 추돌 - 주정차중,안전운전불이행,건조,맑음,단일로 - 기타,승용,남,51세,상해없음,승용,여,45세,중상
2012082900100579,2012년 8월 29일 21시,수요일,경상남도 밀양시 내이동,경상사고,0,0,1,0,차대차 - 측면직각충돌,교차로운행방법위반,건조,맑음,교차로 - 교차로안,승용,남,60세,상해없음,이륜,여,40세,경상
2012082900100580,2012년 8월 29일 21시,수요일,경상남도 밀양시 삼문동,중상사고,0,1,0,0,차대차 - 측면직각충돌,교차로운행방법위반,건조,맑음,교차로 - 교차로안,승용,남,34세,상해없음,승용,남,44세,중상
2012082900100581,2012년 8월 29일 21시,수요일,경상남도 김해시 어방동,중상사고,0,2,0,0,차대차 - 측면직각충돌,안전운전불이행,건조,맑음,단일로 - 기타,승용,남,29세,상해없음,승용,남,65세,중상
2012082900100582,2012년 8월 29일 21시,수요일,경상남도 창녕군 창녕읍,경상사고,0,0,2,0,차대차 - 측면직각충돌,교차로운행방법위반,건조,맑음,교차로 - 교차로안,원동기,남,33세,경상,승용,여,49세,상해없음
2012082900100583,2012년 8월 29일 21시,수요일,경상남도 거제시 고현동,중상사고,0,1,2,0,차대차 - 측면직각충돌,안전운전불이행,건조,맑음,교차로 - 교차로안,승합,남,40세,상해없음,승용,여,57세,중상
2012082900100618,2012년 8월 29일 22시,수요일,경상남도 거창군 거창읍,중상사고,0,2,0,0,차대차 - 측면직각충돌,교차로운행방법위반,건조,맑음,교차로 - 교차로안,승용,여,44세,중상,화물,남,48세,중상
2012082900100660,2012년 8월 29일 23시,수요일,경상남도 거제시 연초면,경상사고,0,0,1,0,차대사람 - 기타,안전운전불이행,습기,흐림,단일로 - 기타,기타불명,기타불명,기타불명,기타불명,보행자,남,22세,경상
2012082900100661,2012년 8월 29일 23시,수요일,경상남도 함안군 가야읍,경상사고,0,0,1,0,차대차 - 기타,중앙선침범,건조,맑음,단일로 - 기타,승용,여,54세,상해없음,승용,남,44세,경상
2012082900100662,2012년 8월 29일 23시,수요일,경상남도 창원시 성산구 대방동,중상사고,0,1,0,0,차대사람 - 기타,안전운전불이행,기타,맑음,단일로 - 기타,승용,남,43세,상해없음,보행자,남,43세,중상
2012082900100663,2012년 8월 29일 23시,수요일,경상남도 창원시 마산합포구 산호동,경상사고,0,0,1,0,차대차 - 측면직각충돌,신호위반,습기,비,교차로 - 교차로안,승용,남,45세,상해없음,승용,남,44세,경상
2012082900100664,2012년 8월 29일 23시,수요일,경상남도 김해시 진영읍,중상사고,0,1,0,0,차대차 - 정면충돌,중앙선침범,건조,맑음,단일로 - 기타,승용,여,43세,상해없음,승용,남,50세,중상
2012083000100025,2012년 8월 30일 00시,목요일,경상남도 창원시 마산합포구 장군동4가,부상신고사고,0,0,0,1,차대사람 - 기타,안전운전불이행,건조,맑음,교차로 - 교차로안,승용,남,53세,상해없음,보행자,남,28세,부상신고
2012083000100026,2012년 8월 30일 00시,목요일,경상남도 산청군 신안면,중상사고,0,1,0,0,차대사람 - 차도통행중,안전운전불이행,건조,맑음,단일로 - 기타,승용,남,32세,상해없음,보행자,남,35세,중상
2012083000100042,2012년 8월 30일 01시,목요일,경상남도 창원시 마산회원구 회원동,중상사고,0,1,0,0,차대사람 - 횡단중,안전운전불이행,건조,맑음,단일로 - 횡단보도상,승용,남,24세,상해없음,보행자,남,53세,중상
2012083000100043,2012년 8월 30일 01시,목요일,경상남도 창원시 의창구 팔용동,사망사고,1,0,0,0,차량단독 - 공작물충돌,안전운전불이행,건조,맑음,교차로 - 교차로부근,승용,남,47세,사망,,,,
2012083000100092,2012년 8월 30일 05시,목요일,경상남도 창원시 마산합포구 상남동,경상사고,0,0,3,0,차대차 - 기타,불법유턴,건조,맑음,교차로 - 교차로안,승용,남,59세,상해없음,승용,남,27세,경상
2012083000100102,2012년 8월 30일 06시,목요일,경상남도 창원시 진해구 석동,중상사고,0,1,0,0,차대차 - 추돌 - 주정차중,안전거리미확보,습기,비,교차로 - 교차로부근,원동기,남,74세,중상,화물,남,51세,상해없음
2012083000100103,2012년 8월 30일 06시,목요일,경상남도 창원시 성산구 대방동,중상사고,0,1,0,0,차대차 - 기타,안전운전불이행,습기,비,교차로 - 교차로안,승용,남,29세,상해없음,승용,남,57세,중상
2012083000100127,2012년 8월 30일 07시,목요일,경상남도 양산시 평산동,경상사고,0,0,1,0,차대차 - 기타,신호위반,습기,비,교차로 - 교차로안,승용,남,46세,상해없음,승용,남,39세,경상
2012083000100128,2012년 8월 30일 07시,목요일,경상남도 창원시 성산구 적현동,중상사고,0,2,0,0,차대차 - 기타,신호위반,습기,비,교차로 - 교차로안,승용,여,28세,중상,승용,남,54세,중상