사고번호,사고일시,요일,시군구,사고내용,사망자수,중상자수,경상자수,부상신고자수,사고유형,법규위반,노면상태,기상상태,도로형태,가해운전자 차종,가해운전자 성별,가해운전자 연령,가해운전자 상해정도,피해운전자 차종,피해운전자 성별,피해운전자 연령,피해운전자 상해정도
2012083000100164,2012년 8월 30일 08시,목요일,경상남도 거창군 거창읍,중상사고,0,1,1,0,차대차 - 측면직각충돌,교차로운행방법위반,습기,비,교차로 - 교차로안,승용,여,33세,경상,승용,여,42세,중상
2012083000100165,2012년 8월 30일 08시,목요일,경상남도 창원시 의창구 팔용동,중상사고,0,1,1,0,차대차 - 추돌 - 진행중,안전운전불이행,건조,맑음,단일로 - 기타,승용,남,39세,상해없음,승용,남,22세,중상
2012083000100198,2012년 8월 30일 09시,목요일,경상남도 진주시 장대동,중상사고,0,1,0,0,차대사람 - 횡단중,보행자보호의무위반,습기,비,단일로 - 기타,화물,남,38세,상해없음,보행자,남,82세,중상
2012083000100199,2012년 8월 30일 09시,목요일,경상남도 창원시 진해구 이동,경상사고,0,0,1,0,차대차 - 측면직각충돌,교차로운행방법위반,습기,흐림,교차로 - 교차로안,승용,남,47세,상해없음,승용,남,43세,경상
2012083000100200,2012년 8월 30일 09시,목요일,경상남도 하동군 하동읍,경상사고,0,0,2,0,차대차 - 측면직각충돌,신호위반,습기,비,교차로 - 교차로안,특수,남,32세,상해없음,승용,여,59세,경상
2012083000100221,2012년 8월 30일 10시,목요일,경상남도 양산시 물금읍,중상사고,0,1,0,0,차대사람 - 보도통행중,보행자보호의무위반,건조,맑음,교차로 - 교차로안,승합,남,41세,상해없음,보행자,여,28세,중상
2012083000100239,2012년 8월 30일 11시,목요일,경상남도 고성군 회화면,경상사고,0,0,1,0,차대차 - 측면직각충돌,기타,건조,맑음,교차로 - 교차로안,승용,남,45세,상해없음,승용,여,33세,경상
2012083000100240,2012년 8월 30일 11시,목요일,경상남도 의령군 대의면,경상사고,0,0,1,0,차량단독 - 전도전복,안전운전불이행,습기,비,단일로 - 기타,승용,남,29세,상해없음,,,,
2012083000100261,2012년 8월 30일 12시,목요일,경상남도 창원시 마산회원구 봉암동,중상사고,0,1,0,1,차대차 - 추돌 - 주정차중,안전운전불이행,건조,맑음,단일로 - 기타,승용,남,55세,상해없음,승용,여,54세,중상
2012083000100286,2012년 8월 30일 13시,목요일,경상남도 거제시 양정동,경상사고,0,0,1,0,차대차 - 추돌 - 진행중,중앙선침범,건조,흐림,교차로 - 교차로안,승용,여,38세,상해없음,승용,남,50세,경상
2012083000100287,2012년 8월 30일 13시,목요일,경상남도 김해시 한림면,중상사고,0,1,0,0,차대차 - 측면직각충돌,교차로운행방법위반,건조,맑음,기타 - 기타,승용,남,54세,상해없음,승용,여,48세,중상
2012083000100375,2012년 8월 30일 17시,목요일,경상남도 창원시 마산합포구 신포동2가,경상사고,0,0,2,0,차대차 - 기타,안전거리미확보,건조,맑음,단일로 - 기타,화물,남,46세,상해없음,승용,남,40세,경상
2012083000100402,2012년 8월 30일 18시,목요일,경상남도 창원시 의창구 팔용동,경상사고,0,0,1,0,차대차 - 기타,안전운전불이행,건조,맑음,교차로 - 교차로안,기타불명,기타불명,기타불명,기타불명,원동기,남,16세,경상
2012083000100445,2012년 8월 30일 19시,목요일,경상남도 함안군 가야읍,경상사고,0,0,1,0,차대차 - 기타,중앙선침범,건조,맑음,단일로 - 기타,화물,남,55세,상해없음,승용,여,49세,경상
2012083000100486,2012년 8월 30일 20시,목요일,경상남도 통영시 무전동,경상사고,0,0,1,0,차대차 - 기타,안전운전불이행,건조,맑음,단일로 - 기타,승용,여,39세,상해없음,원동기,남,16세,경상
2012083000100487,2012년 8월 30일 20시,목요일,경상남도 창원시 성산구 중앙동,경상사고,0,0,1,0,차대사람 - 기타,안전운전불이행,건조,맑음,단일로 - 기타,승용,남,47세,상해없음,보행자,여,50세,경상
2012083000100519,2012년 8월 30일 21시,목요일,경상남도 창원시 진해구 석동,경상사고,0,0,1,0,차대사람 - 횡단중,안전운전불이행,건조,맑음,단일로 - 기타,승용,남,31세,상해없음,보행자,남,29세,경상
2012083000100520,2012년 8월 30일 21시,목요일,경상남도 통영시 미수동,경상사고,0,0,1,0,차대차 - 측면직각충돌,안전운전불이행,건조,맑음,교차로 - 교차로안,승용,여,36세,상해없음,원동기,남,60세,경상
2012083000100521,2012년 8월 30일 21시,목요일,경상남도 사천시 사남면,경상사고,0,0,2,0,차대차 - 측면직각충돌,안전운전불이행,건조,맑음,기타 - 기타,승용,여,28세,상해없음,승용,남,40세,경상
2012083000100557,2012년 8월 30일 22시,목요일,경상남도 거제시 옥포동,경상사고,0,0,2,0,차대차 - 추돌 - 주정차중,안전운전불이행,건조,기타,단일로 - 기타,승용,여,27세,상해없음,이륜,남,28세,경상
2012083100100019,2012년 8월 31일 00시,금요일,경상남도 사천시 송포동,경상사고,0,0,1,0,차대차 - 측면직각충돌,신호위반,건조,맑음,교차로 - 교차로안,승용,남,20세,상해없음,승용,남,41세,경상
2012083100100020,2012년 8월 31일 00시,금요일,경상남도 창원시 성산구 신촌동,중상사고,0,1,0,0,차대차 - 기타,중앙선침범,건조,맑음,교차로 - 교차로부근,특수,남,40세,상해없음,승용,남,35세,중상
2012083100100042,2012년 8월 31일 01시,금요일,경상남도 고성군 마암면,중상사고,0,4,0,0,차대차 - 정면충돌,중앙선침범,건조,맑음,단일로 - 기타,승용,남,28세,상해없음,승용,남,64세,중상
2012083100100069,2012년 8월 31일 03시,금요일,경상남도 남해군 창선면,경상사고,0,0,1,0,차대차 - 측면직각충돌,중앙선침범,건조,맑음,단일로 - 기타,화물,남,58세,기타불명,화물,남,56세,경상
2012083100100074,2012년 8월 31일 04시,금요일,경상남도 창원시 성산구 적현동,중상사고,0,1,0,0,차대차 - 추돌 - 주정차중,안전거리미확보,건조,맑음,단일로 - 기타,승용,남,25세,상해없음,특수,남,60세,기타불명
2012083100100121,2012년 8월 31일 07시,금요일,경상남도 김해시 삼계동,경상사고,0,0,3,0,차대차 - 측면직각충돌,차로위반,건조,맑음,교차로 - 교차로부근,승용,남,44세,상해없음,승용,남,50세,경상
2012083100100122,2012년 8월 31일 07시,금요일,경상남도 양산시 주진동,경상사고,0,0,7,1,차대차 - 추돌 - 진행중,안전운전불이행,건조,맑음,교차로 - 교차로안,승합,남,50세,상해없음,화물,남,60세,경상
2012083100100123,2012년 8월 31일 07시,금요일,경상남도 고성군 상리면,중상사고,0,1,1,0,차대차 - 측면직각충돌,신호위반,건조,맑음,교차로 - 교차로안,화물,남,51세,상해없음,화물,남,55세,경상
2012083100100124,2012년 8월 31일 07시,금요일,경상남도 창원시 마산회원구 봉암동,중상사고,0,1,0,0,차대차 - 기타,안전운전불이행,건조,맑음,기타 - 기타,화물,남,34세,상해없음,자전거,남,46세,중상
2012083100100161,2012년 8월 31일 08시,금요일,경상남도 양산시 어곡동,경상사고,0,0,4,3,차대차 - 추돌 - 진행중,안전운전불이행,건조,맑음,단일로 - 기타,승합,남,64세,상해없음,승용,남,34세,경상
2012083100100162,2012년 8월 31일 08시,금요일,경상남도 함안군 가야읍,경상사고,0,0,1,0,차대사람 - 기타,안전운전불이행,건조,맑음,단일로 - 기타,승용,남,48세,상해없음,보행자,여,46세,경상
2012083100100163,2012년 8월 31일 08시,금요일,경상남도 의령군 궁류면,중상사고,0,1,0,0,차대차 - 측면직각충돌,교차로운행방법위반,건조,맑음,교차로 - 교차로안,승용,남,70세,상해없음,농기계,남,73세,중상
2012083100100205,2012년 8월 31일 09시,금요일,경상남도 진주시 상평동,중상사고,0,1,0,0,차대사람 - 기타,안전운전불이행,건조,맑음,교차로 - 교차로안,승용,여,41세,상해없음,보행자,여,19세,중상
2012083100100206,2012년 8월 31일 09시,금요일,경상남도 진주시 상대동,중상사고,0,1,0,0,차대차 - 기타,직진우회전진행방해,건조,맑음,교차로 - 교차로안,승용,남,42세,상해없음,자전거,남,52세,중상
2012083100100207,2012년 8월 31일 09시,금요일,경상남도 합천군 초계면,경상사고,0,0,1,0,차대차 - 측면직각충돌,교차로운행방법위반,건조,맑음,교차로 - 교차로안,농기계,남,71세,상해없음,승용,여,29세,경상
2012083100100236,2012년 8월 31일 10시,금요일,경상남도 밀양시 내일동,중상사고,0,1,0,0,차대사람 - 길가장자리구역통행중,안전운전불이행,건조,맑음,단일로 - 기타,승용,여,30세,상해없음,보행자,여,74세,중상
2012083100100267,2012년 8월 31일 11시,금요일,경상남도 밀양시 무안면,중상사고,0,1,0,0,차대차 - 정면충돌,중앙선침범,건조,맑음,단일로 - 기타,화물,남,56세,상해없음,화물,남,63세,중상
2012083100100283,2012년 8월 31일 12시,금요일,경상남도 창원시 마산회원구 회원동,중상사고,0,1,0,0,차대사람 - 기타,안전운전불이행,건조,맑음,단일로 - 기타,승용,여,66세,상해없음,보행자,여,80세,중상
2012083100100329,2012년 8월 31일 14시,금요일,경상남도 창원시 마산합포구 추산동,중상사고,0,1,0,0,차대차 - 추돌 - 진행중,불법유턴,건조,맑음,단일로 - 횡단보도상,원동기,남,63세,중상,승용,남,49세,상해없음
2012083100100330,2012년 8월 31일 14시,금요일,경상남도 진주시 주약동,사망사고,1,0,0,0,차대사람 - 보도통행중,기타,건조,맑음,단일로 - 기타,승합,남,44세,상해없음,보행자,남,9세,사망
2012083100100331,2012년 8월 31일 14시,금요일,경상남도 창원시 마산회원구 석전동,경상사고,0,0,1,0,차대차 - 측면직각충돌,신호위반,건조,맑음,교차로 - 교차로안,화물,남,52세,상해없음,승용,남,58세,경상
2012083100100360,2012년 8월 31일 15시,금요일,경상남도 창원시 마산합포구 동성동,중상사고,0,1,0,0,차대사람 - 횡단중,보행자보호의무위반,건조,맑음,단일로 - 횡단보도상,승용,남,62세,상해없음,보행자,남,23세,중상
2012083100100361,2012년 8월 31일 15시,금요일,경상남도 창원시 진해구 용원동,경상사고,0,0,1,0,차대차 - 측면직각충돌,안전운전불이행,건조,맑음,단일로 - 기타,승용,남,57세,상해없음,이륜,남,42세,경상
2012083100100362,2012년 8월 31일 15시,금요일,경상남도 거제시 장평동,중상사고,0,1,0,0,차대차 - 추돌 - 진행중,신호위반,건조,맑음,교차로 - 교차로안,승용,남,29세,상해없음,승용,여,53세,중상
2012083100100363,2012년 8월 31일 15시,금요일,경상남도 창원시 의창구 사림동,중상사고,0,1,0,0,차대차 - 측면직각충돌,안전운전불이행,건조,맑음,교차로 - 교차로부근,승용,남,56세,상해없음,원동기,남,70세,중상
2012083100100364,2012년 8월 31일 15시,금요일,경상남도 창원시 의창구 명서동,경상사고,0,0,1,0,차대차 - 측면직각충돌,신호위반,건조,맑음,단일로 - 횡단보도상,화물,남,28세,상해없음,자전거,남,64세,경상
2012083100100390,2012년 8월 31일 16시,금요일,경상남도 함안군 가야읍,중상사고,0,1,1,0,차대차 - 기타,안전운전불이행,건조,맑음,교차로 - 교차로안,승용,여,43세,상해없음,이륜,남,80세,중상
2012083100100431,2012년 8월 31일 17시,금요일,경상남도 진주시 가좌동,경상사고,0,0,1,0,차대사람 - 기타,안전운전불이행,건조,맑음,단일로 - 기타,승용,여,37세,상해없음,보행자,남,44세,경상
2012083100100432,2012년 8월 31일 17시,금요일,경상남도 창원시 성산구 외동,중상사고,0,1,0,0,차대차 - 측면직각충돌,안전운전불이행,건조,맑음,기타 - 기타,승용,남,35세,상해없음,자전거,남,23세,중상
2012083100100477,2012년 8월 31일 18시,금요일,경상남도 통영시 용남면,경상사고,0,0,1,0,차대차 - 기타,안전거리미확보,건조,맑음,교차로 - 교차로안,승용,여,48세,상해없음,승용,여,36세,경상
2012083100100478,2012년 8월 31일 18시,금요일,경상남도 함안군 가야읍,중상사고,0,1,0,0,차대차 - 측면직각충돌,안전운전불이행,건조,맑음,단일로 - 기타,이륜,여,63세,중상,승용,남,37세,상해없음
2012083100100479,2012년 8월 31일 18시,금요일,경상남도 창녕군 대합면,중상사고,0,2,0,0,차대차 - 기타,안전운전불이행,건조,맑음,단일로 - 기타,기타불명,기타불명,기타불명,기타불명,승용,남,26세,중상
2012083100100526,2012년 8월 31일 19시,금요일,경상남도 진주시 상대동,경상사고,0,0,3,0,차대차 - 추돌 - 진행중,안전운전불이행,건조,맑음,단일로 - 기타,승용,남,46세,상해없음,승용,남,41세,경상
2012083100100527,2012년 8월 31일 19시,금요일,경상남도 양산시 중부동,중상사고,0,1,0,0,차대사람 - 횡단중,신호위반,건조,맑음,단일로 - 횡단보도상,승용,남,41세,상해없음,보행자,여,12세,중상
2012083100100550,2012년 8월 31일 20시,금요일,경상남도 김해시 대동면,경상사고,0,0,2,0,차대차 - 기타,안전운전불이행,건조,맑음,단일로 - 기타,화물,남,52세,상해없음,승용,여,45세,경상
2012083100100568,2012년 8월 31일 20시,금요일,경상남도 창원시 성산구 반림동,중상사고,0,1,0,0,차대차 - 측면직각충돌,신호위반,건조,맑음,교차로 - 교차로안,승용,남,39세,상해없음,승용,여,35세,중상
2012083100100569,2012년 8월 31일 20시,금요일,경상남도 김해시 장유면,중상사고,0,2,0,0,차대차 - 추돌 - 진행중,안전운전불이행,건조,맑음,교차로 - 교차로부근,승용,남,59세,상해없음,승용,남,48세,중상
2012083100100609,2012년 8월 31일 21시,금요일,경상남도 창원시 의창구 북면,중상사고,0,1,1,0,차대차 - 추돌 - 주정차중,안전운전불이행,건조,맑음,단일로 - 기타,승용,남,42세,상해없음,승용,남,35세,경상
2012083100100653,2012년 8월 31일 22시,금요일,경상남도 창원시 진해구 용원동,경상사고,0,0,1,0,차대사람 - 횡단중,안전운전불이행,건조,맑음,교차로 - 교차로부근,화물,남,43세,상해없음,보행자,여,50세,경상
2012083100100654,2012년 8월 31일 22시,금요일,경상남도 양산시 북부동,경상사고,0,0,1,0,차대차 - 측면직각충돌,안전운전불이행,건조,맑음,단일로 - 기타,승용,남,53세,경상,승합,남,53세,상해없음
2012083100100692,2012년 8월 31일 23시,금요일,경상남도 양산시 중부동,중상사고,0,1,0,0,차대차 - 측면직각충돌,신호위반,건조,맑음,교차로 - 교차로안,승용,남,51세,상해없음,승용,남,29세,상해없음
2012083100100693,2012년 8월 31일 23시,금요일,경상남도 창원시 성산구 상남동,경상사고,0,0,1,0,차대사람 - 길가장자리구역통행중,안전운전불이행,건조,맑음,교차로 - 교차로부근,승용,여,42세,상해없음,보행자,남,35세,경상
2012090100100103,2012년 9월 1일 03시,토요일,경상남도 창원시 마산회원구 봉암동,중상사고,0,1,0,0,차대차 - 추돌 - 진행중,안전운전불이행,건조,맑음,단일로 - 기타,승용,남,30세,상해없음,승용,남,61세,중상
2012090100100114,2012년 9월 1일 04시,토요일,경상남도 진주시 초전동,경상사고,0,0,2,0,차대차 - 추돌 - 주정차중,안전운전불이행,건조,맑음,단일로 - 기타,승용,남,19세,경상,특수,남,51세,상해없음
2012090100100126,2012년 9월 1일 05시,토요일,경상남도 김해시 진례면,경상사고,0,0,1,0,차대차 - 추돌 - 진행중,안전운전불이행,건조,맑음,단일로 - 기타,승용,남,29세,상해없음,화물,남,46세,경상
2012090100100139,2012년 9월 1일 05시,토요일,경상남도 진주시 이반성면,사망사고,1,0,0,0,차대차 - 추돌 - 진행중,안전운전불이행,기타,안개,단일로 - 기타,승용,남,31세,상해없음,이륜,남,70세,사망
2012090100100150,2012년 9월 1일 06시,토요일,경상남도 양산시 덕계동,경상사고,0,0,2,0,차대차 - 추돌 - 주정차중,안전운전불이행,건조,맑음,교차로 - 교차로부근,승용,남,30세,상해없음,승용,남,34세,경상
2012090100100168,2012년 9월 1일 07시,토요일,경상남도 창원시 성산구 반림동,중상사고,0,1,0,0,차대차 - 기타,안전운전불이행,건조,맑음,기타 - 기타,화물,남,49세,상해없음,자전거,남,34세,중상
2012090100100192,2012년 9월 1일 08시,토요일,경상남도 거제시 옥포동,경상사고,0,0,1,0,차대사람 - 기타,안전운전불이행,건조,맑음,단일로 - 기타,승용,남,32세,기타불명,보행자,남,46세,경상
2012090100100212,2012년 9월 1일 09시,토요일,경상남도 산청군 신안면,경상사고,0,0,2,0,차대사람 - 횡단중,보행자보호의무위반,건조,맑음,단일로 - 횡단보도상,화물,남,45세,상해없음,보행자,여,28세,경상
2012090100100224,2012년 9월 1일 10시,토요일,경상남도 김해시 주촌면,사망사고,1,0,0,0,차량단독 - 공작물충돌,안전운전불이행,건조,맑음,단일로 - 기타,화물,남,52세,사망,,,,
2012090100100236,2012년 9월 1일 10시,토요일,경상남도 양산시 중부동,경상사고,0,0,1,0,차대차 - 기타,안전운전불이행,건조,맑음,미분류 - 미분류,승용,남,34세,기타불명,화물,남,32세,경상
2012090100100237,2012년 9월 1일 10시,토요일,경상남도 산청군 생초면,중상사고,0,2,0,0,차대차 - 측면직각충돌,교차로운행방법위반,건조,맑음,교차로 - 교차로안,승용,여,27세,상해없음,승용,남,57세,중상
2012090100100238,2012년 9월 1일 10시,토요일,경상남도 창원시 의창구 팔용동,경상사고,0,0,1,0,차대차 - 추돌 - 진행중,안전운전불이행,건조,맑음,교차로 - 교차로안,승용,남,57세,상해없음,승용,여,39세,경상
2012090100100239,2012년 9월 1일 10시,토요일,경상남도 김해시 진영읍,중상사고,0,2,0,0,차대차 - 추돌 - 주정차중,안전운전불이행,건조,맑음,교차로 - 교차로부근,화물,남,55세,상해없음,승용,남,58세,중상
2012090100100268,2012년 9월 1일 11시,토요일,경상남도 진주시 일반성면,중상사고,0,1,0,0,차대차 - 측면직각충돌,안전운전불이행,건조,맑음,단일로 - 기타,승용,여,54세,상해없음,이륜,남,74세,중상
2012090100100269,2012년 9월 1일 11시,토요일,경상남도 산청군 생비량면,중상사고,0,1,0,3,차량단독 - 전도전복,안전운전불이행,건조,맑음,단일로 - 기타,승합,남,57세,상해없음,,,,
2012090100100270,2012년 9월 1일 11시,토요일,경상남도 창원시 의창구 사림동,중상사고,0,1,0,0,차대차 - 측면직각충돌,직진우회전진행방해,건조,맑음,교차로 - 교차로안,승용,여,55세,상해없음,승용,남,55세,중상
2012090100100303,2012년 9월 1일 12시,토요일,경상남도 밀양시 가곡동,중상사고,0,1,1,0,차대차 - 정면충돌,안전운전불이행,건조,맑음,교차로 - 교차로안,승용,남,46세,상해없음,승용,여,55세,경상
2012090100100304,2012년 9월 1일 12시,토요일,경상남도 고성군 고성읍,중상사고,0,1,1,0,차대차 - 측면직각충돌,중앙선침범,건조,맑음,단일로 - 기타,승용,남,55세,상해없음,원동기,남,53세,중상
2012090100100337,2012년 9월 1일 13시,토요일,경상남도 고성군 상리면,중상사고,0,2,0,0,차대차 - 추돌 - 주정차중,안전거리미확보,건조,맑음,교차로 - 교차로부근,화물,남,37세,상해없음,승용,남,40세,중상
2012090100100338,2012년 9월 1일 13시,토요일,경상남도 고성군 상리면,경상사고,0,0,3,0,차량단독 - 전도전복,안전운전불이행,건조,맑음,교차로 - 교차로안,화물,남,67세,상해없음,,,,
2012090100100366,2012년 9월 1일 14시,토요일,경상남도 창원시 마산합포구 신포동1가,경상사고,0,0,2,0,차대차 - 측면직각충돌,교차로운행방법위반,습기,맑음,교차로 - 교차로안,승용,남,57세,경상,승용,남,38세,경상
2012090100100367,2012년 9월 1일 14시,토요일,경상남도 산청군 삼장면,중상사고,0,1,0,0,차대차 - 정면충돌,안전운전불이행,건조,맑음,단일로 - 기타,승용,남,67세,상해없음,화물,남,41세,중상
2012090100100396,2012년 9월 1일 15시,토요일,경상남도 진주시 신안동,중상사고,0,1,0,0,차대사람 - 기타,안전운전불이행,건조,맑음,교차로 - 교차로안,승용,여,40세,상해없음,보행자,여,91세,중상
2012090100100432,2012년 9월 1일 16시,토요일,경상남도 진주시 가좌동,경상사고,0,0,1,0,차대차 - 측면직각충돌,신호위반,건조,맑음,교차로 - 교차로안,승합,남,65세,상해없음,승용,남,31세,경상
2012090100100433,2012년 9월 1일 16시,토요일,경상남도 김해시 생림면,경상사고,0,0,2,0,차대차 - 측면직각충돌,안전운전불이행,건조,맑음,교차로 - 교차로안,농기계,남,74세,경상,승용,남,33세,경상
2012090100100434,2012년 9월 1일 16시,토요일,경상남도 김해시 진영읍,중상사고,0,1,0,0,차대사람 - 횡단중,안전운전불이행,건조,맑음,교차로 - 교차로안,화물,남,49세,상해없음,보행자,남,45세,중상
2012090100100435,2012년 9월 1일 16시,토요일,경상남도 함안군 가야읍,중상사고,0,1,0,0,차대차 - 측면직각충돌,안전거리미확보,건조,맑음,단일로 - 기타,승용,남,61세,기타불명,기타불명,미분류,기타불명,기타불명
2012090100100476,2012년 9월 1일 17시,토요일,경상남도 진주시 망경동,중상사고,0,1,0,0,차대사람 - 길가장자리구역통행중,기타,건조,맑음,단일로 - 기타,화물,남,56세,상해없음,보행자,남,33세,중상
2012090100100477,2012년 9월 1일 17시,토요일,경상남도 김해시 내동,중상사고,0,2,0,0,차대차 - 측면직각충돌,교차로운행방법위반,건조,맑음,교차로 - 교차로안,승용,남,42세,상해없음,승용,남,29세,중상
2012090100100517,2012년 9월 1일 18시,토요일,경상남도 진주시 상대동,경상사고,0,0,1,0,차대차 - 측면직각충돌,안전운전불이행,건조,맑음,단일로 - 기타,이륜,남,55세,경상,승용,남,32세,상해없음
2012090100100518,2012년 9월 1일 18시,토요일,경상남도 거제시 장평동,중상사고,0,1,0,0,차대차 - 기타,교차로운행방법위반,건조,맑음,교차로 - 교차로안,승용,남,56세,상해없음,이륜,남,62세,중상
2012090100100543,2012년 9월 1일 19시,토요일,경상남도 거제시 일운면,중상사고,0,1,0,0,차대사람 - 횡단중,안전운전불이행,건조,맑음,단일로 - 횡단보도부근,승용,여,27세,상해없음,보행자,남,73세,중상
2012090100100579,2012년 9월 1일 20시,토요일,경상남도 거제시 연초면,중상사고,0,1,0,0,차대차 - 정면충돌,중앙선침범,건조,맑음,단일로 - 기타,이륜,남,27세,상해없음,자전거,남,24세,중상
2012090100100580,2012년 9월 1일 20시,토요일,경상남도 김해시 장유면,경상사고,0,0,1,0,차대차 - 측면직각충돌,신호위반,건조,맑음,교차로 - 교차로안,승용,남,61세,기타불명,승용,남,36세,상해없음
2012090100100615,2012년 9월 1일 21시,토요일,경상남도 거창군 거창읍,경상사고,0,0,1,0,차대차 - 측면직각충돌,안전운전불이행,습기,비,교차로 - 교차로안,이륜,남,17세,상해없음,이륜,여,48세,경상
2012090100100616,2012년 9월 1일 21시,토요일,경상남도 거창군 거창읍,경상사고,0,0,1,0,차대차 - 측면직각충돌,교차로운행방법위반,습기,비,교차로 - 교차로안,승용,여,45세,상해없음,승용,남,42세,경상
2012090100100652,2012년 9월 1일 22시,토요일,경상남도 함안군 칠서면,경상사고,0,0,1,0,차대사람 - 기타,안전운전불이행,건조,맑음,단일로 - 횡단보도부근,승합,남,58세,상해없음,보행자,여,17세,경상
2012090100100653,2012년 9월 1일 22시,토요일,경상남도 창원시 마산회원구 합성동,중상사고,0,1,0,0,차대차 - 측면직각충돌,안전운전불이행,건조,맑음,교차로 - 교차로안,승용,남,37세,상해없음,이륜,남,39세,중상
2012090200100015,2012년 9월 2일 00시,일요일,경상남도 창원시 마산회원구 합성동,경상사고,0,0,1,0,차대차 - 추돌 - 진행중,안전운전불이행,건조,맑음,단일로 - 기타,승용,남,28세,상해없음,원동기,남,21세,경상
2012090200100025,2012년 9월 2일 01시,일요일,경상남도 창원시 성산구 신촌동,중상사고,0,1,0,0,차대사람 - 횡단중,안전거리미확보,건조,맑음,단일로 - 기타,승용,남,58세,상해없음,보행자,남,39세,중상
2012090200100026,2012년 9월 2일 01시,일요일,경상남도 창원시 의창구 서상동,중상사고,0,1,1,0,차대차 - 추돌 - 진행중,신호위반,건조,맑음,교차로 - 교차로안,승용,남,56세,상해없음,승용,남,57세,중상
2012090200100027,2012년 9월 2일 01시,일요일,경상남도 창원시 의창구 명서동,중상사고,0,1,0,0,차대차 - 추돌 - 주정차중,차로위반,건조,맑음,단일로 - 기타,화물,남,29세,상해없음,승용,남,60세,중상
2012090200100048,2012년 9월 2일 02시,일요일,경상남도 거제시 능포동,중상사고,0,1,0,0,차대차 - 추돌 - 진행중,안전운전불이행,건조,맑음,단일로 - 기타,승용,남,26세,상해없음,승용,남,59세,중상
2012090200100066,2012년 9월 2일 04시,일요일,경상남도 고성군 동해면,중상사고,0,1,0,0,차량단독 - 공작물충돌,안전운전불이행,건조,맑음,단일로 - 기타,승용,남,30세,상해없음,,,,
2012090200100079,2012년 9월 2일 05시,일요일,경상남도 진주시 명석면,중상사고,0,2,0,0,차대차 - 추돌 - 진행중,안전운전불이행,건조,맑음,단일로 - 기타,승용,남,25세,상해없음,승용,남,73세,중상
2012090200100080,2012년 9월 2일 05시,일요일,경상남도 창원시 마산회원구 양덕동,경상사고,0,0,2,0,차대차 - 측면직각충돌,신호위반,건조,맑음,교차로 - 교차로안,화물,남,48세,상해없음,승용,남,53세,경상
2012090200100094,2012년 9월 2일 06시,일요일,경상남도 김해시 봉황동,중상사고,0,1,0,0,차대사람 - 기타,안전운전불이행,건조,맑음,교차로 - 교차로안,승용,남,72세,상해없음,보행자,남,50세,중상
2012090200100095,2012년 9월 2일 06시,일요일,경상남도 김해시 장유면,경상사고,0,0,2,0,차대차 - 정면충돌,중앙선침범,건조,맑음,단일로 - 기타,화물,남,46세,경상,화물,남,37세,경상
2012090200100102,2012년 9월 2일 07시,일요일,경상남도 김해시 어방동,중상사고,0,2,1,0,차대차 - 기타,기타,건조,맑음,단일로 - 기타,승용,여,38세,상해없음,승용,남,36세,중상
2012090200100111,2012년 9월 2일 07시,일요일,경상남도 김해시 장유면,경상사고,0,0,1,0,차대차 - 추돌 - 주정차중,안전운전불이행,건조,맑음,단일로 - 기타,승용,남,25세,상해없음,승용,남,48세,경상
2012090200100130,2012년 9월 2일 08시,일요일,경상남도 창원시 마산합포구 중앙동2가,경상사고,0,0,1,0,차대차 - 측면직각충돌,안전운전불이행,건조,맑음,교차로 - 교차로안,승용,남,64세,상해없음,승용,남,63세,상해없음
2012090200100131,2012년 9월 2일 08시,일요일,경상남도 밀양시 삼문동,경상사고,0,0,1,0,차대차 - 정면충돌,안전운전불이행,건조,맑음,교차로 - 교차로안,승용,남,48세,상해없음,이륜,남,75세,경상
2012090200100168,2012년 9월 2일 10시,일요일,경상남도 통영시 도남동,부상신고사고,0,0,0,1,차대차 - 정면충돌,안전운전불이행,건조,맑음,단일로 - 기타,자전거,여,71세,부상신고,승용,남,35세,상해없음
2012090200100198,2012년 9월 2일 11시,일요일,경상남도 창원시 마산회원구 합성동,경상사고,0,0,1,0,차대차 - 추돌 - 진행중,안전운전불이행,건조,맑음,단일로 - 기타,승용,남,39세,상해없음,승용,남,33세,경상
2012090200100199,2012년 9월 2일 11시,일요일,경상남도 창원시 마산회원구 회성동,경상사고,0,0,1,0,차대사람 - 기타,안전운전불이행,건조,맑음,단일로 - 기타,승용,남,54세,상해없음,보행자,남,8세,경상
2012090200100243,2012년 9월 2일 13시,일요일,경상남도 통영시 서호동,경상사고,0,0,1,0,차대차 - 측면직각충돌,차로위반,건조,맑음,단일로 - 기타,승용,여,34세,상해없음,승용,남,41세,상해없음
2012090200100244,2012년 9월 2일 13시,일요일,경상남도 양산시 북부동,경상사고,0,0,1,0,차대차 - 기타,안전거리미확보,건조,맑음,교차로 - 교차로안,화물,남,47세,상해없음,특수,남,51세,경상
2012090200100264,2012년 9월 2일 14시,일요일,경상남도 진주시 인사동,경상사고,0,0,2,0,차대차 - 추돌 - 주정차중,안전운전불이행,건조,맑음,교차로 - 교차로부근,승용,남,25세,상해없음,승용,남,29세,경상
2012090200100265,2012년 9월 2일 14시,일요일,경상남도 창원시 진해구 석동,경상사고,0,0,1,0,차대차 - 측면직각충돌,직진우회전진행방해,건조,맑음,교차로 - 교차로안,승용,남,26세,상해없음,이륜,남,18세,경상
2012090200100266,2012년 9월 2일 14시,일요일,경상남도 창녕군 창녕읍,경상사고,0,0,1,0,차대차 - 기타,안전운전불이행,건조,맑음,단일로 - 기타,승용,남,45세,상해없음,원동기,남,29세,경상