사고번호,사고일시,요일,시군구,사고내용,사망자수,중상자수,경상자수,부상신고자수,사고유형,법규위반,노면상태,기상상태,도로형태,가해운전자 차종,가해운전자 성별,가해운전자 연령,가해운전자 상해정도,피해운전자 차종,피해운전자 성별,피해운전자 연령,피해운전자 상해정도
2012090500100488,2012년 9월 5일 18시,수요일,경상남도 거제시 옥포동,경상사고,0,0,1,0,차대차 - 측면직각충돌,안전운전불이행,건조,맑음,교차로 - 교차로안,승용,남,41세,상해없음,이륜,남,38세,경상
2012090500100489,2012년 9월 5일 18시,수요일,경상남도 창원시 성산구 사파동,중상사고,0,1,0,0,차대차 - 측면직각충돌,교차로운행방법위반,건조,맑음,교차로 - 교차로안,화물,남,27세,상해없음,이륜,남,64세,중상
2012090500100527,2012년 9월 5일 19시,수요일,경상남도 김해시 삼계동,중상사고,0,1,0,0,차대사람 - 횡단중,안전운전불이행,건조,맑음,단일로 - 기타,승용,남,38세,상해없음,보행자,여,76세,중상
2012090500100528,2012년 9월 5일 19시,수요일,경상남도 창원시 의창구 용호동,경상사고,0,0,1,0,차대사람 - 기타,안전운전불이행,건조,맑음,단일로 - 기타,승용,남,52세,상해없음,보행자,여,62세,경상
2012090500100563,2012년 9월 5일 20시,수요일,경상남도 창녕군 창녕읍,경상사고,0,0,1,0,차대차 - 측면직각충돌,직진우회전진행방해,건조,맑음,교차로 - 교차로안,승용,남,28세,상해없음,원동기,남,58세,경상
2012090500100564,2012년 9월 5일 20시,수요일,경상남도 양산시 동면,경상사고,0,0,1,0,차대사람 - 기타,안전운전불이행,건조,맑음,교차로 - 교차로부근,승용,남,47세,상해없음,보행자,남,54세,경상
2012090500100648,2012년 9월 5일 23시,수요일,경상남도 통영시 도천동,경상사고,0,0,2,0,차대차 - 추돌 - 진행중,안전운전불이행,건조,맑음,단일로 - 기타,승용,남,29세,상해없음,승용,남,29세,경상
2012090600100017,2012년 9월 6일 00시,목요일,경상남도 김해시 삼방동,중상사고,0,1,1,0,차대차 - 측면직각충돌,안전운전불이행,건조,맑음,교차로 - 교차로안,승용,남,52세,상해없음,승용,남,35세,상해없음
2012090600100064,2012년 9월 6일 04시,목요일,경상남도 거제시 상동동,중상사고,0,1,0,0,차대차 - 정면충돌,중앙선침범,건조,맑음,단일로 - 기타,기타불명,기타불명,기타불명,기타불명,승용,남,59세,중상
2012090600100127,2012년 9월 6일 07시,목요일,경상남도 창원시 진해구 이동,중상사고,0,1,0,0,차대차 - 정면충돌,안전운전불이행,건조,맑음,단일로 - 기타,원동기,남,17세,상해없음,자전거,남,55세,중상
2012090600100128,2012년 9월 6일 07시,목요일,경상남도 밀양시 산내면,경상사고,0,0,2,0,차대차 - 측면직각충돌,안전운전불이행,건조,맑음,교차로 - 교차로안,승용,남,36세,상해없음,승용,남,65세,경상
2012090600100175,2012년 9월 6일 08시,목요일,경상남도 고성군 고성읍,사망사고,1,0,0,0,차대차 - 정면충돌,신호위반,건조,맑음,교차로 - 교차로안,농기계,남,62세,사망,승합,남,52세,상해없음
2012090600100207,2012년 9월 6일 09시,목요일,경상남도 함안군 칠서면,중상사고,0,1,0,0,차대차 - 측면직각충돌,직진우회전진행방해,건조,맑음,교차로 - 교차로안,승용,남,41세,상해없음,이륜,남,55세,중상
2012090600100208,2012년 9월 6일 09시,목요일,경상남도 창원시 의창구 대원동,경상사고,0,0,1,0,차대차 - 측면직각충돌,안전운전불이행,건조,맑음,단일로 - 기타,승용,남,63세,상해없음,이륜,남,29세,경상
2012090600100243,2012년 9월 6일 10시,목요일,경상남도 김해시 대동면,경상사고,0,0,1,0,차대차 - 추돌 - 진행중,안전거리미확보,건조,맑음,단일로 - 기타,승용,여,49세,상해없음,특수,남,36세,경상
2012090600100244,2012년 9월 6일 10시,목요일,경상남도 함안군 칠서면,중상사고,0,4,1,0,차대차 - 측면직각충돌,직진우회전진행방해,건조,맑음,교차로 - 교차로안,승용,여,39세,상해없음,승용,여,38세,경상
2012090600100276,2012년 9월 6일 11시,목요일,경상남도 밀양시 내이동,부상신고사고,0,0,0,1,차대차 - 측면직각충돌,안전운전불이행,건조,맑음,단일로 - 기타,승용,남,42세,상해없음,승용,남,57세,부상신고
2012090600100304,2012년 9월 6일 12시,목요일,경상남도 창원시 진해구 석동,경상사고,0,0,1,0,차대차 - 정면충돌,안전운전불이행,건조,맑음,단일로 - 기타,화물,남,48세,상해없음,자전거,남,53세,경상
2012090600100305,2012년 9월 6일 12시,목요일,경상남도 김해시 외동,중상사고,0,1,0,0,차대차 - 측면직각충돌,직진우회전진행방해,건조,맑음,교차로 - 교차로안,화물,남,35세,상해없음,이륜,남,53세,중상
2012090600100306,2012년 9월 6일 12시,목요일,경상남도 함안군 대산면,중상사고,0,2,0,0,차대차 - 기타,안전운전불이행,건조,맑음,교차로 - 교차로안,승합,여,31세,상해없음,원동기,남,83세,중상
2012090600100324,2012년 9월 6일 13시,목요일,경상남도 창원시 마산합포구 완월동,중상사고,0,1,2,0,차대차 - 측면직각충돌,교차로운행방법위반,건조,맑음,교차로 - 교차로안,승합,남,51세,상해없음,승용,남,46세,중상
2012090600100325,2012년 9월 6일 13시,목요일,경상남도 창원시 마산합포구 대성동2가,경상사고,0,0,1,0,차대차 - 측면직각충돌,교차로운행방법위반,건조,맑음,교차로 - 교차로안,승용,남,52세,상해없음,승용,여,32세,경상
2012090600100326,2012년 9월 6일 13시,목요일,경상남도 창원시 마산합포구 추산동,경상사고,0,0,1,0,차대사람 - 기타,안전운전불이행,건조,맑음,교차로 - 교차로안,승용,남,55세,상해없음,보행자,여,21세,경상
2012090600100327,2012년 9월 6일 13시,목요일,경상남도 김해시 명법동,경상사고,0,0,4,0,차대차 - 추돌 - 주정차중,안전운전불이행,건조,맑음,교차로 - 교차로부근,승용,남,42세,상해없음,승용,남,26세,경상
2012090600100347,2012년 9월 6일 14시,목요일,경상남도 김해시 삼정동,경상사고,0,0,1,0,차대차 - 추돌 - 진행중,안전운전불이행,건조,맑음,단일로 - 기타,승용,남,45세,상해없음,승용,여,35세,경상
2012090600100395,2012년 9월 6일 15시,목요일,경상남도 밀양시 상남면,경상사고,0,0,1,0,차대차 - 측면직각충돌,교차로운행방법위반,건조,맑음,교차로 - 교차로안,승용,남,56세,상해없음,이륜,여,49세,경상
2012090600100396,2012년 9월 6일 15시,목요일,경상남도 양산시 유산동,중상사고,0,2,1,0,차대차 - 측면직각충돌,안전거리미확보,건조,맑음,단일로 - 기타,화물,남,57세,상해없음,승용,남,38세,중상
2012090600100441,2012년 9월 6일 16시,목요일,경상남도 창원시 진해구 청안동,중상사고,0,1,0,0,차대차 - 추돌 - 진행중,안전거리미확보,건조,맑음,교차로 - 교차로부근,승용,남,54세,상해없음,승용,여,25세,중상
2012090600100442,2012년 9월 6일 16시,목요일,경상남도 창원시 마산회원구 내서읍,중상사고,0,1,0,0,차대차 - 추돌 - 진행중,안전운전불이행,건조,맑음,단일로 - 기타,승용,여,37세,상해없음,이륜,남,70세,중상
2012090600100491,2012년 9월 6일 17시,목요일,경상남도 창원시 진해구 용원동,경상사고,0,0,1,0,차대차 - 추돌 - 주정차중,안전거리미확보,건조,맑음,교차로 - 교차로부근,이륜,남,46세,경상,승용,남,31세,상해없음
2012090600100492,2012년 9월 6일 17시,목요일,경상남도 김해시 동상동,중상사고,0,1,0,0,차대사람 - 횡단중,안전운전불이행,건조,맑음,단일로 - 횡단보도부근,승용,여,32세,상해없음,보행자,여,42세,중상
2012090600100536,2012년 9월 6일 18시,목요일,경상남도 진주시 유곡동,경상사고,0,0,1,0,차대차 - 측면직각충돌,신호위반,건조,맑음,교차로 - 교차로안,이륜,남,61세,경상,승용,남,29세,상해없음
2012090600100537,2012년 9월 6일 18시,목요일,경상남도 밀양시 무안면,중상사고,0,1,0,0,차량단독 - 전도전복,안전운전불이행,건조,맑음,단일로 - 기타,이륜,여,72세,중상,,,,
2012090600100592,2012년 9월 6일 19시,목요일,경상남도 창원시 진해구 풍호동,중상사고,0,1,0,0,차대차 - 추돌 - 주정차중,안전거리미확보,건조,맑음,단일로 - 기타,원동기,남,52세,중상,승용,여,47세,상해없음
2012090600100593,2012년 9월 6일 19시,목요일,경상남도 통영시 미수동,중상사고,0,1,0,0,차대사람 - 횡단중,안전운전불이행,건조,맑음,교차로 - 교차로안,승용,여,33세,상해없음,보행자,남,79세,중상
2012090600100594,2012년 9월 6일 19시,목요일,경상남도 사천시 용현면,경상사고,0,0,2,0,차대차 - 기타,안전운전불이행,건조,맑음,단일로 - 기타,화물,남,51세,경상,승합,남,52세,경상
2012090600100595,2012년 9월 6일 19시,목요일,경상남도 사천시 용강동,경상사고,0,0,2,0,차대차 - 추돌 - 진행중,안전운전불이행,건조,맑음,교차로 - 교차로부근,승용,남,41세,상해없음,승용,남,39세,상해없음
2012090600100596,2012년 9월 6일 19시,목요일,경상남도 합천군 용주면,중상사고,0,2,0,0,차대차 - 추돌 - 진행중,안전운전불이행,건조,기타,단일로 - 기타,화물,남,33세,상해없음,농기계,남,46세,중상
2012090600100597,2012년 9월 6일 19시,목요일,경상남도 양산시 물금읍,중상사고,0,1,0,0,차대차 - 측면직각충돌,직진우회전진행방해,건조,맑음,교차로 - 교차로안,승용,여,38세,상해없음,자전거,여,9세,중상
2012090600100642,2012년 9월 6일 20시,목요일,경상남도 양산시 소주동,경상사고,0,0,2,0,차대차 - 기타,차로위반,건조,맑음,교차로 - 교차로부근,승용,남,55세,상해없음,승합,남,64세,상해없음
2012090600100643,2012년 9월 6일 20시,목요일,경상남도 창원시 의창구 대원동,중상사고,0,1,0,0,차대차 - 측면직각충돌,직진우회전진행방해,건조,맑음,교차로 - 교차로안,승용,여,45세,상해없음,자전거,여,22세,중상
2012090600100704,2012년 9월 6일 22시,목요일,경상남도 창원시 진해구 풍호동,경상사고,0,0,1,0,차대사람 - 횡단중,신호위반,건조,맑음,교차로 - 교차로안,원동기,남,17세,상해없음,보행자,여,17세,경상
2012090700100045,2012년 9월 7일 02시,금요일,경상남도 창원시 마산합포구 산호동,중상사고,0,1,0,0,차대차 - 추돌 - 주정차중,안전운전불이행,습기,맑음,교차로 - 교차로부근,승용,남,44세,상해없음,승용,남,31세,중상
2012090700100090,2012년 9월 7일 06시,금요일,경상남도 거제시 연초면,경상사고,0,0,1,0,차대차 - 추돌 - 진행중,중앙선침범,건조,맑음,단일로 - 기타,승용,남,55세,상해없음,승용,여,49세,경상
2012090700100091,2012년 9월 7일 06시,금요일,경상남도 거제시 고현동,중상사고,0,1,1,0,차대차 - 측면직각충돌,교차로운행방법위반,건조,맑음,교차로 - 교차로안,승용,남,33세,상해없음,승용,여,44세,중상
2012090700100122,2012년 9월 7일 07시,금요일,경상남도 창원시 진해구 덕산동,경상사고,0,0,2,0,차대차 - 추돌 - 주정차중,안전운전불이행,건조,맑음,교차로 - 교차로부근,승용,남,49세,상해없음,승용,남,59세,경상
2012090700100123,2012년 9월 7일 07시,금요일,경상남도 사천시 용현면,중상사고,0,1,0,0,차대차 - 기타,중앙선침범,건조,맑음,단일로 - 기타,건설기계,남,39세,상해없음,이륜,남,37세,중상
2012090700100124,2012년 9월 7일 07시,금요일,경상남도 거제시 아주동,중상사고,0,1,0,0,차대차 - 추돌 - 진행중,신호위반,건조,맑음,교차로 - 교차로안,승용,남,29세,상해없음,이륜,남,35세,중상
2012090700100153,2012년 9월 7일 08시,금요일,경상남도 통영시 도남동,중상사고,0,1,1,0,차대차 - 기타,중앙선침범,건조,맑음,교차로 - 교차로안,승용,남,34세,상해없음,승합,남,48세,상해없음
2012090700100154,2012년 9월 7일 08시,금요일,경상남도 양산시 평산동,경상사고,0,0,1,0,차량단독 - 전도전복,안전운전불이행,건조,맑음,단일로 - 기타,승합,남,68세,상해없음,,,,
2012090700100155,2012년 9월 7일 08시,금요일,경상남도 하동군 하동읍,경상사고,0,0,1,0,차대사람 - 횡단중,신호위반,건조,맑음,단일로 - 횡단보도상,원동기,남,78세,상해없음,보행자,여,87세,경상
2012090700100156,2012년 9월 7일 08시,금요일,경상남도 김해시 진영읍,부상신고사고,0,0,0,1,차대차 - 측면직각충돌,안전운전불이행,건조,맑음,교차로 - 교차로부근,자전거,남,14세,부상신고,승용,남,31세,상해없음
2012090700100217,2012년 9월 7일 10시,금요일,경상남도 창원시 의창구 명서동,중상사고,0,1,0,0,차대사람 - 횡단중,안전운전불이행,건조,맑음,단일로 - 기타,승용,남,67세,상해없음,보행자,남,57세,중상
2012090700100218,2012년 9월 7일 10시,금요일,경상남도 창원시 의창구 동읍,중상사고,0,1,0,0,차대차 - 추돌 - 진행중,안전운전불이행,건조,맑음,단일로 - 기타,승용,남,25세,상해없음,승용,여,31세,중상
2012090700100243,2012년 9월 7일 11시,금요일,경상남도 김해시 삼계동,경상사고,0,0,2,0,차대차 - 측면직각충돌,교차로운행방법위반,건조,맑음,교차로 - 교차로안,승용,남,25세,상해없음,원동기,남,19세,경상
2012090700100244,2012년 9월 7일 11시,금요일,경상남도 합천군 합천읍,중상사고,0,1,1,0,차대차 - 측면직각충돌,교차로운행방법위반,건조,맑음,교차로 - 교차로안,승용,남,41세,상해없음,이륜,남,74세,경상
2012090700100275,2012년 9월 7일 12시,금요일,경상남도 창원시 마산합포구 진동면,중상사고,0,1,1,0,차대차 - 추돌 - 주정차중,안전거리미확보,건조,맑음,교차로 - 교차로부근,화물,남,67세,상해없음,승용,남,59세,경상
2012090700100308,2012년 9월 7일 13시,금요일,경상남도 사천시 서포면,경상사고,0,0,1,0,차대차 - 정면충돌,중앙선침범,건조,맑음,단일로 - 기타,승용,남,61세,상해없음,승용,남,46세,경상
2012090700100309,2012년 9월 7일 13시,금요일,경상남도 김해시 구산동,경상사고,0,0,1,0,차대사람 - 횡단중,안전운전불이행,건조,맑음,단일로 - 기타,승용,남,56세,상해없음,보행자,남,16세,경상
2012090700100310,2012년 9월 7일 13시,금요일,경상남도 함안군 가야읍,경상사고,0,0,1,0,차대차 - 측면직각충돌,신호위반,건조,맑음,교차로 - 교차로안,이륜,여,60세,상해없음,승용,여,30세,경상
2012090700100311,2012년 9월 7일 13시,금요일,경상남도 창녕군 창녕읍,경상사고,0,0,2,0,차대차 - 추돌 - 진행중,안전거리미확보,건조,맑음,단일로 - 기타,기타불명,기타불명,기타불명,기타불명,승용,남,50세,경상
2012090700100361,2012년 9월 7일 15시,금요일,경상남도 김해시 안동,중상사고,0,1,0,0,차대차 - 측면직각충돌,교차로운행방법위반,건조,맑음,교차로 - 교차로안,화물,남,57세,상해없음,승용,여,50세,중상
2012090700100362,2012년 9월 7일 15시,금요일,경상남도 김해시 삼방동,중상사고,0,1,9,0,차대차 - 추돌 - 진행중,안전거리미확보,건조,맑음,단일로 - 기타,승용,남,52세,상해없음,승용,남,55세,경상
2012090700100392,2012년 9월 7일 16시,금요일,경상남도 통영시 미수동,중상사고,0,1,0,0,차대차 - 기타,안전운전불이행,건조,맑음,교차로 - 교차로안,승용,여,41세,상해없음,자전거,남,11세,중상
2012090700100393,2012년 9월 7일 16시,금요일,경상남도 창녕군 이방면,경상사고,0,0,1,0,차대차 - 측면직각충돌,안전운전불이행,건조,맑음,교차로 - 교차로안,원동기,여,69세,경상,승용,남,32세,상해없음
2012090700100394,2012년 9월 7일 16시,금요일,경상남도 함안군 가야읍,경상사고,0,0,2,0,차대차 - 측면직각충돌,교차로운행방법위반,건조,맑음,교차로 - 교차로안,화물,남,55세,상해없음,화물,남,57세,경상
2012090700100437,2012년 9월 7일 17시,금요일,경상남도 김해시 삼정동,중상사고,0,1,0,0,차대차 - 측면직각충돌,교차로운행방법위반,건조,맑음,교차로 - 교차로안,화물,남,50세,상해없음,원동기,여,56세,중상
2012090700100438,2012년 9월 7일 17시,금요일,경상남도 창원시 성산구 내동,중상사고,0,1,0,0,차대차 - 기타,안전운전불이행,건조,맑음,교차로 - 교차로부근,승용,남,71세,상해없음,이륜,남,26세,중상
2012090700100439,2012년 9월 7일 17시,금요일,경상남도 김해시 진영읍,경상사고,0,0,2,0,차대차 - 측면직각충돌,차로위반,건조,맑음,단일로 - 기타,승용,여,45세,경상,승용,남,35세,경상
2012090700100486,2012년 9월 7일 18시,금요일,경상남도 양산시 중부동,중상사고,0,1,0,0,차대사람 - 횡단중,보행자보호의무위반,건조,맑음,단일로 - 횡단보도상,승용,여,22세,상해없음,보행자,여,61세,중상
2012090700100519,2012년 9월 7일 19시,금요일,경상남도 진주시 신안동,중상사고,0,1,0,0,차대사람 - 횡단중,안전운전불이행,습기,비,단일로 - 횡단보도부근,승용,여,54세,상해없음,보행자,여,72세,중상
2012090700100520,2012년 9월 7일 19시,금요일,경상남도 창원시 진해구 덕산동,경상사고,0,0,1,0,차대사람 - 차도통행중,안전운전불이행,건조,맑음,단일로 - 기타,승용,남,65세,상해없음,보행자,남,45세,경상
2012090700100521,2012년 9월 7일 19시,금요일,경상남도 통영시 봉평동,경상사고,0,0,1,0,차대차 - 측면직각충돌,신호위반,건조,맑음,교차로 - 교차로안,승용,남,31세,상해없음,승용,남,58세,경상
2012090700100522,2012년 9월 7일 19시,금요일,경상남도 양산시 하북면,중상사고,0,1,0,0,차대차 - 측면직각충돌,안전운전불이행,건조,맑음,교차로 - 교차로안,승용,남,39세,상해없음,원동기,남,70세,중상
2012090700100523,2012년 9월 7일 19시,금요일,경상남도 양산시 신기동,경상사고,0,0,1,0,차대사람 - 횡단중,안전운전불이행,건조,맑음,단일로 - 기타,화물,남,70세,상해없음,보행자,남,41세,상해없음
2012090700100524,2012년 9월 7일 19시,금요일,경상남도 창원시 의창구 신월동,중상사고,0,1,0,0,차대차 - 기타,교차로운행방법위반,건조,맑음,교차로 - 교차로안,승용,남,23세,상해없음,자전거,남,64세,중상
2012090700100525,2012년 9월 7일 19시,금요일,경상남도 창원시 의창구 북면,경상사고,0,0,1,0,차대차 - 추돌 - 진행중,안전운전불이행,건조,맑음,단일로 - 기타,화물,남,60세,상해없음,승용,남,47세,경상
2012090700100563,2012년 9월 7일 20시,금요일,경상남도 진주시 이반성면,경상사고,0,0,3,1,차대차 - 기타,신호위반,건조,맑음,교차로 - 교차로안,화물,남,67세,부상신고,승합,남,39세,경상
2012090700100564,2012년 9월 7일 20시,금요일,경상남도 사천시 벌리동,중상사고,0,1,0,0,차대사람 - 횡단중,안전운전불이행,건조,맑음,단일로 - 기타,승합,남,63세,상해없음,보행자,남,16세,중상
2012090700100565,2012년 9월 7일 20시,금요일,경상남도 거제시 사등면,중상사고,0,1,0,0,차대차 - 기타,교차로운행방법위반,건조,맑음,교차로 - 교차로부근,승용,여,38세,상해없음,승용,남,61세,상해없음
2012090700100566,2012년 9월 7일 20시,금요일,경상남도 거제시 장평동,경상사고,0,0,1,0,차대사람 - 기타,안전운전불이행,건조,맑음,단일로 - 기타,기타불명,기타불명,기타불명,기타불명,보행자,남,40세,경상
2012090700100595,2012년 9월 7일 21시,금요일,경상남도 창원시 진해구 용원동,중상사고,0,1,0,0,차대차 - 측면직각충돌,교차로운행방법위반,건조,맑음,교차로 - 교차로안,승용,남,43세,상해없음,승용,여,50세,중상
2012090700100596,2012년 9월 7일 21시,금요일,경상남도 통영시 항남동,경상사고,0,0,2,0,차대차 - 추돌 - 진행중,안전운전불이행,건조,맑음,단일로 - 기타,승용,남,42세,상해없음,승용,남,62세,경상
2012090700100597,2012년 9월 7일 21시,금요일,경상남도 김해시 외동,중상사고,0,1,0,0,차대차 - 측면직각충돌,교차로운행방법위반,건조,흐림,교차로 - 교차로안,승용,여,29세,상해없음,이륜,남,78세,중상
2012090700100598,2012년 9월 7일 21시,금요일,경상남도 김해시 진례면,경상사고,0,0,1,0,차대차 - 기타,안전운전불이행,건조,맑음,단일로 - 기타,화물,남,35세,상해없음,승용,남,42세,경상
2012090700100630,2012년 9월 7일 22시,금요일,경상남도 사천시 서금동,경상사고,0,0,1,0,차대차 - 측면직각충돌,안전운전불이행,건조,맑음,단일로 - 기타,승용,남,53세,상해없음,승용,남,26세,상해없음
2012090700100671,2012년 9월 7일 23시,금요일,경상남도 거창군 거창읍,중상사고,0,1,0,0,차대사람 - 차도통행중,보행자보호의무위반,습기,비,단일로 - 기타,승용,남,43세,상해없음,보행자,여,51세,중상
2012090700100672,2012년 9월 7일 23시,금요일,경상남도 창녕군 창녕읍,사망사고,1,1,0,0,차량단독 - 공작물충돌,안전운전불이행,건조,흐림,단일로 - 기타,화물,남,49세,사망,,,,
2012090800100046,2012년 9월 8일 00시,토요일,경상남도 김해시 내동,중상사고,0,1,0,0,차대사람 - 기타,안전운전불이행,건조,흐림,교차로 - 교차로부근,승용,남,28세,상해없음,보행자,여,40세,중상
2012090800100047,2012년 9월 8일 00시,토요일,경상남도 거제시 옥포동,경상사고,0,0,1,0,차대차 - 기타,신호위반,건조,맑음,교차로 - 교차로안,승용,여,40세,상해없음,승용,남,48세,경상
2012090800100098,2012년 9월 8일 01시,토요일,경상남도 진주시 신안동,경상사고,0,0,3,0,차대차 - 추돌 - 주정차중,안전운전불이행,습기,비,교차로 - 교차로부근,승용,남,44세,상해없음,승용,남,38세,경상
2012090800100099,2012년 9월 8일 01시,토요일,경상남도 진주시 상대동,중상사고,0,1,0,0,차대차 - 기타,안전운전불이행,습기,비,교차로 - 교차로안,승용,남,52세,상해없음,이륜,남,21세,중상
2012090800100100,2012년 9월 8일 01시,토요일,경상남도 김해시 어방동,경상사고,0,0,1,0,차대차 - 추돌 - 진행중,안전거리미확보,건조,맑음,단일로 - 기타,승용,남,23세,상해없음,원동기,남,18세,경상
2012090800100101,2012년 9월 8일 01시,토요일,경상남도 양산시 동면,경상사고,0,0,2,0,차대차 - 측면직각충돌,안전운전불이행,건조,맑음,교차로 - 교차로부근,승용,남,40세,상해없음,승용,남,44세,경상
2012090800100102,2012년 9월 8일 01시,토요일,경상남도 창원시 마산회원구 석전동,중상사고,0,1,0,0,차량단독 - 기타,안전운전불이행,습기,비,단일로 - 기타,승용,남,50세,상해없음,,,,
2012090800100170,2012년 9월 8일 03시,토요일,경상남도 산청군 금서면,사망사고,1,2,0,0,차량단독 - 전도전복,안전운전불이행,습기,비,단일로 - 기타,승용,남,53세,사망,,,,
2012090800100190,2012년 9월 8일 04시,토요일,경상남도 창원시 의창구 봉곡동,경상사고,0,0,3,0,차대차 - 측면직각충돌,신호위반,습기,비,교차로 - 교차로안,승용,여,45세,상해없음,승합,여,52세,경상
2012090800100211,2012년 9월 8일 05시,토요일,경상남도 창녕군 대지면,사망사고,1,0,0,0,차량단독 - 도로외이탈 - 추락,안전운전불이행,습기,맑음,단일로 - 기타,승용,여,50세,사망,,,,
2012090800100226,2012년 9월 8일 06시,토요일,경상남도 창원시 마산합포구 진전면,경상사고,0,0,1,0,차량단독 - 기타,안전운전불이행,습기,흐림,단일로 - 기타,승용,남,39세,상해없음,,,,
2012090800100227,2012년 9월 8일 06시,토요일,경상남도 양산시 중부동,중상사고,0,2,0,0,차대차 - 측면직각충돌,신호위반,습기,비,교차로 - 교차로안,승합,남,40세,상해없음,승용,남,32세,중상
2012090800100228,2012년 9월 8일 06시,토요일,경상남도 고성군 거류면,경상사고,0,0,2,0,차대차 - 정면충돌,중앙선침범,습기,흐림,단일로 - 기타,승용,남,39세,상해없음,승용,남,46세,경상
2012090800100245,2012년 9월 8일 07시,토요일,경상남도 창원시 성산구 내동,부상신고사고,0,0,0,1,차대차 - 기타,안전운전불이행,건조,맑음,단일로 - 기타,승용,남,58세,상해없음,승용,남,50세,부상신고
2012090800100259,2012년 9월 8일 08시,토요일,경상남도 함안군 가야읍,중상사고,0,2,0,0,차대차 - 정면충돌,중앙선침범,건조,흐림,단일로 - 기타,승용,남,31세,중상,승용,남,35세,중상
2012090800100307,2012년 9월 8일 10시,토요일,경상남도 밀양시 산내면,중상사고,0,2,0,0,차대차 - 측면직각충돌,안전운전불이행,건조,맑음,단일로 - 기타,승용,남,66세,상해없음,승용,남,48세,중상
2012090800100308,2012년 9월 8일 10시,토요일,경상남도 양산시 상북면,경상사고,0,0,1,0,차대차 - 측면직각충돌,신호위반,건조,맑음,교차로 - 교차로안,화물,남,59세,상해없음,승용,남,29세,경상
2012090800100309,2012년 9월 8일 10시,토요일,경상남도 창원시 의창구 동읍,경상사고,0,0,2,0,차대차 - 추돌 - 진행중,안전거리미확보,건조,맑음,단일로 - 터널,승용,남,39세,상해없음,승용,남,62세,상해없음
2012090800100333,2012년 9월 8일 11시,토요일,경상남도 창원시 진해구 이동,경상사고,0,0,1,0,차대차 - 추돌 - 주정차중,안전운전불이행,건조,맑음,교차로 - 교차로부근,승용,남,66세,상해없음,승용,여,49세,경상
2012090800100334,2012년 9월 8일 11시,토요일,경상남도 거제시 일운면,중상사고,0,1,0,0,차대차 - 기타,차로위반,건조,맑음,단일로 - 기타,승용,남,46세,상해없음,이륜,남,19세,중상
2012090800100335,2012년 9월 8일 11시,토요일,경상남도 창원시 마산회원구 양덕동,중상사고,0,1,0,0,차대차 - 측면직각충돌,신호위반,건조,맑음,단일로 - 횡단보도상,승용,여,49세,상해없음,자전거,여,47세,중상
2012090800100369,2012년 9월 8일 12시,토요일,경상남도 밀양시 내이동,경상사고,0,0,3,0,차대차 - 측면직각충돌,안전운전불이행,건조,맑음,단일로 - 기타,화물,남,56세,상해없음,승용,남,52세,경상
2012090800100370,2012년 9월 8일 12시,토요일,경상남도 창원시 마산합포구 산호동,경상사고,0,0,1,0,차량단독 - 기타,안전운전불이행,건조,맑음,교차로 - 교차로부근,승용,남,48세,상해없음,,,,
2012090800100396,2012년 9월 8일 13시,토요일,경상남도 창원시 마산합포구 중앙동2가,경상사고,0,0,1,0,차대사람 - 기타,안전운전불이행,건조,맑음,단일로 - 기타,승합,남,43세,상해없음,보행자,남,12세,경상
2012090800100397,2012년 9월 8일 13시,토요일,경상남도 고성군 고성읍,중상사고,0,1,0,0,차대사람 - 기타,보행자보호의무위반,건조,맑음,교차로 - 교차로부근,승용,남,40세,상해없음,보행자,여,42세,중상
2012090800100398,2012년 9월 8일 13시,토요일,경상남도 거제시 사등면,중상사고,0,3,0,0,차대차 - 기타,안전운전불이행,건조,맑음,기타 - 기타,승용,여,55세,중상,승용,남,35세,중상
2012090800100399,2012년 9월 8일 13시,토요일,경상남도 창원시 성산구 신촌동,경상사고,0,0,1,0,차대차 - 기타,안전거리미확보,기타,맑음,단일로 - 기타,승용,남,57세,상해없음,이륜,남,49세,경상
2012090800100400,2012년 9월 8일 13시,토요일,경상남도 창원시 마산회원구 합성동,경상사고,0,0,1,0,차대사람 - 기타,안전운전불이행,건조,맑음,단일로 - 기타,승용,남,20세,상해없음,보행자,여,35세,경상
2012090800100427,2012년 9월 8일 14시,토요일,경상남도 김해시 외동,중상사고,0,1,0,0,차대차 - 측면직각충돌,교차로운행방법위반,건조,맑음,교차로 - 교차로안,승용,남,47세,상해없음,이륜,남,25세,중상
2012090800100428,2012년 9월 8일 14시,토요일,경상남도 하동군 북천면,중상사고,0,1,0,0,차대사람 - 기타,안전운전불이행,건조,맑음,단일로 - 기타,승용,남,42세,상해없음,보행자,남,65세,중상
2012090800100429,2012년 9월 8일 14시,토요일,경상남도 창원시 마산회원구 구암동,경상사고,0,0,1,0,차대차 - 측면직각충돌,안전운전불이행,건조,맑음,교차로 - 교차로안,승용,여,51세,상해없음,승용,남,49세,경상
2012090800100461,2012년 9월 8일 15시,토요일,경상남도 진주시 평안동,중상사고,0,1,0,0,차대사람 - 길가장자리구역통행중,안전운전불이행,건조,맑음,단일로 - 기타,승용,여,59세,상해없음,보행자,남,41세,중상
2012090800100462,2012년 9월 8일 15시,토요일,경상남도 합천군 합천읍,중상사고,0,1,0,0,차대차 - 측면직각충돌,교차로운행방법위반,건조,맑음,교차로 - 교차로안,화물,남,66세,상해없음,원동기,남,76세,중상
2012090800100506,2012년 9월 8일 16시,토요일,경상남도 사천시 정동면,경상사고,0,0,1,0,차량단독 - 기타,안전운전불이행,건조,흐림,단일로 - 기타,승용,남,43세,경상,,,,