사고번호,사고일시,요일,시군구,사고내용,사망자수,중상자수,경상자수,부상신고자수,사고유형,법규위반,노면상태,기상상태,도로형태,가해운전자 차종,가해운전자 성별,가해운전자 연령,가해운전자 상해정도,피해운전자 차종,피해운전자 성별,피해운전자 연령,피해운전자 상해정도
2012091100100379,2012년 9월 11일 15시,화요일,경상남도 김해시 진영읍,경상사고,0,0,1,0,차대차 - 측면직각충돌,교차로운행방법위반,건조,맑음,교차로 - 교차로안,화물,남,33세,경상,건설기계,남,46세,상해없음
2012091100100402,2012년 9월 11일 16시,화요일,경상남도 양산시 어곡동,중상사고,0,2,0,0,차대차 - 측면직각충돌,중앙선침범,건조,맑음,단일로 - 기타,승용,여,55세,상해없음,이륜,남,64세,중상
2012091100100432,2012년 9월 11일 17시,화요일,경상남도 통영시 도천동,부상신고사고,0,0,0,1,차대차 - 측면직각충돌,안전운전불이행,건조,맑음,교차로 - 교차로안,원동기,남,16세,부상신고,승용,남,48세,상해없음
2012091100100433,2012년 9월 11일 17시,화요일,경상남도 통영시 광도면,경상사고,0,0,3,0,차대차 - 추돌 - 진행중,안전운전불이행,건조,맑음,단일로 - 기타,승용,남,42세,상해없음,승합,여,41세,경상
2012091100100500,2012년 9월 11일 19시,화요일,경상남도 김해시 상동면,경상사고,0,0,1,0,차대차 - 추돌 - 진행중,중앙선침범,건조,맑음,단일로 - 기타,화물,남,46세,상해없음,특수,남,53세,경상
2012091100100592,2012년 9월 11일 22시,화요일,경상남도 창원시 마산회원구 내서읍,경상사고,0,0,2,0,차대차 - 측면직각충돌,신호위반,건조,맑음,교차로 - 교차로안,승용,여,21세,상해없음,승용,여,42세,경상
2012091100100622,2012년 9월 11일 23시,화요일,경상남도 창원시 마산회원구 회성동,중상사고,0,1,4,0,차대차 - 추돌 - 주정차중,안전운전불이행,건조,맑음,단일로 - 기타,승용,남,32세,상해없음,승용,남,20세,중상
2012091200100045,2012년 9월 12일 03시,수요일,경상남도 창원시 성산구 상남동,중상사고,0,1,0,0,차대차 - 측면직각충돌,안전운전불이행,건조,맑음,교차로 - 교차로부근,승용,남,63세,상해없음,자전거,여,49세,중상
2012091200100064,2012년 9월 12일 05시,수요일,경상남도 창원시 마산합포구 진동면,중상사고,0,1,0,0,차량단독 - 기타,안전운전불이행,건조,맑음,단일로 - 기타,승용,남,24세,중상,,,,
2012091200100065,2012년 9월 12일 05시,수요일,경상남도 사천시 사남면,사망사고,1,0,0,0,차대사람 - 횡단중,안전운전불이행,건조,맑음,단일로 - 횡단보도상,화물,남,65세,상해없음,보행자,여,71세,사망
2012091200100103,2012년 9월 12일 07시,수요일,경상남도 창원시 마산합포구 중앙동3가,경상사고,0,0,1,0,차대차 - 측면직각충돌,교차로운행방법위반,건조,맑음,교차로 - 교차로안,승용,남,30세,상해없음,원동기,남,75세,경상
2012091200100104,2012년 9월 12일 07시,수요일,경상남도 진주시 상대동,중상사고,0,1,0,0,차대차 - 측면직각충돌,안전운전불이행,건조,맑음,단일로 - 기타,승용,남,29세,상해없음,자전거,남,75세,중상
2012091200100105,2012년 9월 12일 07시,수요일,경상남도 창원시 진해구 경화동,중상사고,0,1,0,0,차대차 - 측면직각충돌,신호위반,건조,맑음,교차로 - 교차로안,원동기,남,78세,중상,승용,남,74세,상해없음
2012091200100106,2012년 9월 12일 07시,수요일,경상남도 창원시 의창구 북면,경상사고,0,0,4,0,차대차 - 추돌 - 주정차중,안전거리미확보,건조,맑음,단일로 - 기타,승용,여,44세,경상,화물,남,52세,경상
2012091200100137,2012년 9월 12일 08시,수요일,경상남도 통영시 용남면,경상사고,0,0,1,0,차대차 - 측면직각충돌,차로위반,건조,맑음,단일로 - 기타,화물,남,64세,상해없음,승용,여,26세,경상
2012091200100138,2012년 9월 12일 08시,수요일,경상남도 김해시 상동면,경상사고,0,0,2,0,차대차 - 정면충돌,중앙선침범,건조,맑음,단일로 - 기타,승용,남,56세,경상,승용,남,44세,경상
2012091200100139,2012년 9월 12일 08시,수요일,경상남도 합천군 대병면,중상사고,0,2,0,0,차대차 - 추돌 - 진행중,안전운전불이행,건조,맑음,단일로 - 기타,화물,여,47세,상해없음,농기계,남,60세,중상
2012091200100140,2012년 9월 12일 08시,수요일,경상남도 창녕군 남지읍,경상사고,0,0,3,0,차대차 - 측면직각충돌,중앙선침범,건조,맑음,단일로 - 기타,화물,남,64세,상해없음,승용,여,46세,경상
2012091200100141,2012년 9월 12일 08시,수요일,경상남도 창원시 성산구 웅남동,중상사고,0,1,0,0,차대차 - 측면직각충돌,안전운전불이행,건조,맑음,교차로 - 교차로안,자전거,남,43세,상해없음,자전거,남,37세,중상
2012091200100185,2012년 9월 12일 10시,수요일,경상남도 김해시 장유면,중상사고,0,1,0,0,차대차 - 측면직각충돌,신호위반,건조,맑음,교차로 - 교차로안,승용,남,24세,상해없음,승용,남,34세,중상
2012091200100202,2012년 9월 12일 11시,수요일,경상남도 창원시 마산합포구 월남동2가,경상사고,0,0,1,0,차대사람 - 길가장자리구역통행중,안전운전불이행,건조,맑음,단일로 - 기타,승용,여,64세,상해없음,보행자,남,63세,경상
2012091200100216,2012년 9월 12일 12시,수요일,경상남도 양산시 북정동,경상사고,0,0,1,0,차대차 - 측면직각충돌,안전거리미확보,건조,맑음,단일로 - 기타,승용,남,61세,상해없음,이륜,남,27세,경상
2012091200100217,2012년 9월 12일 12시,수요일,경상남도 창원시 성산구 웅남동,경상사고,0,0,1,0,차대사람 - 기타,안전운전불이행,건조,맑음,단일로 - 기타,승용,남,36세,상해없음,보행자,여,33세,경상
2012091200100238,2012년 9월 12일 13시,수요일,경상남도 고성군 거류면,중상사고,0,1,0,0,차대사람 - 기타,안전운전불이행,건조,맑음,단일로 - 기타,승용,남,53세,상해없음,보행자,남,58세,중상
2012091200100300,2012년 9월 12일 15시,수요일,경상남도 거제시 고현동,경상사고,0,0,1,0,차대차 - 추돌 - 진행중,안전운전불이행,건조,맑음,교차로 - 교차로부근,승용,남,57세,상해없음,승용,남,27세,경상
2012091200100335,2012년 9월 12일 16시,수요일,경상남도 양산시 물금읍,중상사고,0,1,0,0,차대차 - 측면직각충돌,중앙선침범,건조,맑음,단일로 - 기타,승합,남,49세,상해없음,자전거,남,61세,중상
2012091200100336,2012년 9월 12일 16시,수요일,경상남도 거제시 옥포동,경상사고,0,0,1,0,차대차 - 기타,안전운전불이행,건조,맑음,단일로 - 기타,승용,남,74세,상해없음,이륜,남,76세,경상
2012091200100354,2012년 9월 12일 17시,수요일,경상남도 김해시 부원동,중상사고,0,1,0,0,차대차 - 추돌 - 주정차중,안전거리미확보,건조,맑음,단일로 - 기타,승용,남,65세,상해없음,승용,남,33세,중상
2012091200100371,2012년 9월 12일 17시,수요일,경상남도 통영시 용남면,경상사고,0,0,2,0,차대차 - 추돌 - 진행중,안전운전불이행,건조,맑음,단일로 - 기타,승용,여,35세,상해없음,화물,남,27세,경상
2012091200100396,2012년 9월 12일 18시,수요일,경상남도 통영시 산양읍,부상신고사고,0,0,0,1,차량단독 - 전도전복,안전운전불이행,건조,맑음,단일로 - 기타,원동기,남,54세,부상신고,,,,
2012091200100397,2012년 9월 12일 18시,수요일,경상남도 함안군 가야읍,경상사고,0,0,1,0,차대사람 - 기타,안전운전불이행,건조,흐림,교차로 - 교차로안,승용,여,33세,상해없음,보행자,여,63세,경상
2012091200100398,2012년 9월 12일 18시,수요일,경상남도 창원시 성산구 중앙동,중상사고,0,1,0,0,차대차 - 측면직각충돌,안전운전불이행,건조,맑음,교차로 - 교차로안,승용,남,62세,상해없음,원동기,남,62세,중상
2012091200100437,2012년 9월 12일 19시,수요일,경상남도 진주시 수정동,중상사고,0,1,0,0,차대사람 - 횡단중,보행자보호의무위반,건조,맑음,단일로 - 기타,승용,남,62세,상해없음,보행자,여,76세,중상
2012091200100438,2012년 9월 12일 19시,수요일,경상남도 사천시 동림동,경상사고,0,0,3,0,차대차 - 추돌 - 주정차중,안전운전불이행,건조,맑음,교차로 - 교차로부근,화물,남,51세,상해없음,승용,남,43세,경상
2012091200100439,2012년 9월 12일 19시,수요일,경상남도 김해시 지내동,중상사고,0,3,1,0,차대차 - 측면직각충돌,신호위반,건조,맑음,교차로 - 교차로안,화물,남,66세,중상,승용,남,22세,경상
2012091200100440,2012년 9월 12일 19시,수요일,경상남도 의령군 의령읍,경상사고,0,0,1,0,차량단독 - 전도전복,안전운전불이행,건조,맑음,단일로 - 기타,이륜,남,55세,경상,,,,
2012091200100441,2012년 9월 12일 19시,수요일,경상남도 창원시 의창구 팔용동,경상사고,0,0,1,0,차대차 - 추돌 - 진행중,안전거리미확보,건조,맑음,단일로 - 기타,승용,남,64세,상해없음,승용,여,61세,경상
2012091200100478,2012년 9월 12일 20시,수요일,경상남도 창원시 진해구 자은동,경상사고,0,0,2,0,차대차 - 측면직각충돌,신호위반,건조,맑음,교차로 - 교차로안,승용,남,69세,상해없음,승용,남,45세,경상
2012091200100479,2012년 9월 12일 20시,수요일,경상남도 김해시 어방동,경상사고,0,0,5,0,차대차 - 측면직각충돌,교차로운행방법위반,건조,맑음,교차로 - 교차로안,승용,남,23세,경상,원동기,남,24세,경상
2012091200100480,2012년 9월 12일 20시,수요일,경상남도 창원시 의창구 대산면,경상사고,0,0,1,0,차대차 - 추돌 - 주정차중,안전운전불이행,건조,맑음,교차로 - 교차로부근,승용,여,46세,상해없음,승용,남,56세,경상
2012091200100481,2012년 9월 12일 20시,수요일,경상남도 김해시 흥동,중상사고,0,1,0,0,차대차 - 정면충돌,중앙선침범,건조,맑음,단일로 - 기타,승용,남,60세,상해없음,승용,남,42세,중상
2012091200100541,2012년 9월 12일 22시,수요일,경상남도 김해시 안동,경상사고,0,0,2,0,차대차 - 측면직각충돌,불법유턴,건조,맑음,교차로 - 교차로안,승용,여,39세,상해없음,화물,남,28세,경상
2012091200100542,2012년 9월 12일 22시,수요일,경상남도 창원시 마산회원구 봉암동,경상사고,0,0,1,0,차량단독 - 공작물충돌,안전운전불이행,건조,맑음,단일로 - 기타,원동기,남,52세,경상,,,,
2012091200100564,2012년 9월 12일 23시,수요일,경상남도 양산시 신기동,중상사고,0,1,3,0,차대차 - 추돌 - 주정차중,안전운전불이행,건조,맑음,교차로 - 교차로부근,승용,남,48세,상해없음,승용,남,31세,중상
2012091200100565,2012년 9월 12일 23시,수요일,경상남도 창원시 성산구 사파동,경상사고,0,0,1,0,차대차 - 측면직각충돌,안전운전불이행,건조,맑음,교차로 - 교차로안,승용,남,27세,상해없음,승용,남,28세,상해없음
2012091300100018,2012년 9월 13일 00시,목요일,경상남도 창원시 진해구 이동,중상사고,0,1,0,0,차대차 - 추돌 - 주정차중,안전운전불이행,건조,맑음,단일로 - 기타,승용,남,28세,중상,승용,남,34세,상해없음
2012091300100027,2012년 9월 13일 01시,목요일,경상남도 진주시 신안동,경상사고,0,0,1,0,차대차 - 기타,안전운전불이행,건조,맑음,단일로 - 기타,승용,남,53세,상해없음,승용,남,47세,기타불명
2012091300100028,2012년 9월 13일 01시,목요일,경상남도 거제시 연초면,중상사고,0,1,0,0,차대차 - 추돌 - 주정차중,안전운전불이행,건조,맑음,교차로 - 교차로부근,화물,남,42세,상해없음,승용,남,27세,중상
2012091300100046,2012년 9월 13일 03시,목요일,경상남도 진주시 금산면,중상사고,0,1,0,0,차량단독 - 전도전복,안전운전불이행,건조,맑음,단일로 - 기타,이륜,남,40세,중상,,,,
2012091300100074,2012년 9월 13일 05시,목요일,경상남도 함안군 칠원면,중상사고,0,1,0,0,차대차 - 추돌 - 진행중,안전운전불이행,건조,맑음,단일로 - 기타,특수,남,42세,상해없음,이륜,남,63세,중상
2012091300100089,2012년 9월 13일 06시,목요일,경상남도 고성군 거류면,중상사고,0,1,0,0,차대차 - 추돌 - 진행중,안전운전불이행,건조,맑음,단일로 - 기타,승용,남,36세,상해없음,승용,남,63세,중상
2012091300100124,2012년 9월 13일 07시,목요일,경상남도 함양군 함양읍,중상사고,0,2,0,1,차대차 - 측면직각충돌,교차로운행방법위반,건조,맑음,교차로 - 교차로안,승용,남,79세,부상신고,승용,남,56세,중상
2012091300100165,2012년 9월 13일 08시,목요일,경상남도 창원시 마산합포구 진전면,경상사고,0,0,1,0,차대차 - 기타,신호위반,건조,맑음,교차로 - 교차로안,특수,남,46세,상해없음,승합,남,58세,상해없음
2012091300100166,2012년 9월 13일 08시,목요일,경상남도 창녕군 장마면,중상사고,0,1,0,0,차대차 - 추돌 - 진행중,안전운전불이행,건조,맑음,단일로 - 기타,승용,여,61세,상해없음,원동기,남,83세,중상
2012091300100167,2012년 9월 13일 08시,목요일,경상남도 양산시 덕계동,경상사고,0,0,1,0,차대사람 - 길가장자리구역통행중,기타,건조,맑음,단일로 - 기타,승합,남,51세,상해없음,보행자,남,53세,경상
2012091300100168,2012년 9월 13일 08시,목요일,경상남도 함안군 함안면,경상사고,0,0,1,0,차대차 - 측면직각충돌,안전운전불이행,건조,맑음,교차로 - 교차로안,화물,남,38세,상해없음,화물,여,57세,경상
2012091300100194,2012년 9월 13일 09시,목요일,경상남도 김해시 어방동,경상사고,0,0,1,0,차대차 - 기타,안전거리미확보,건조,맑음,단일로 - 기타,승용,남,69세,상해없음,승합,남,45세,상해없음
2012091300100195,2012년 9월 13일 09시,목요일,경상남도 양산시 평산동,중상사고,0,1,0,0,차대차 - 기타,교차로운행방법위반,건조,맑음,교차로 - 교차로안,승용,여,46세,기타불명,원동기,남,61세,중상
2012091300100196,2012년 9월 13일 09시,목요일,경상남도 양산시 상북면,경상사고,0,0,4,0,차대차 - 측면직각충돌,안전운전불이행,건조,맑음,교차로 - 교차로안,승용,여,54세,상해없음,승용,남,34세,경상
2012091300100197,2012년 9월 13일 09시,목요일,경상남도 창원시 마산합포구 산호동,중상사고,0,1,0,0,차대사람 - 횡단중,안전운전불이행,건조,흐림,교차로 - 교차로안,승용,남,61세,상해없음,보행자,여,40세,중상
2012091300100198,2012년 9월 13일 09시,목요일,경상남도 창원시 마산회원구 구암동,경상사고,0,0,1,0,차량단독 - 기타,안전운전불이행,건조,흐림,교차로 - 교차로부근,승합,남,45세,상해없음,,,,
2012091300100232,2012년 9월 13일 10시,목요일,경상남도 하동군 적량면,중상사고,0,2,0,0,차대차 - 측면직각충돌,안전운전불이행,건조,맑음,교차로 - 교차로부근,승용,여,64세,상해없음,화물,남,72세,중상
2012091300100233,2012년 9월 13일 10시,목요일,경상남도 창원시 의창구 북면,중상사고,0,3,0,0,차대차 - 정면충돌,중앙선침범,건조,맑음,단일로 - 기타,승용,남,42세,상해없음,화물,남,38세,중상
2012091300100234,2012년 9월 13일 10시,목요일,경상남도 김해시 진영읍,중상사고,0,1,1,0,차대차 - 측면직각충돌,교차로운행방법위반,건조,맑음,교차로 - 교차로안,화물,남,35세,기타불명,화물,남,50세,중상
2012091300100255,2012년 9월 13일 11시,목요일,경상남도 거제시 문동동,중상사고,0,1,0,0,차대차 - 추돌 - 진행중,안전운전불이행,건조,맑음,교차로 - 교차로안,승용,여,32세,상해없음,이륜,남,32세,중상
2012091300100282,2012년 9월 13일 12시,목요일,경상남도 김해시 안동,경상사고,0,0,1,0,차대차 - 측면직각충돌,안전거리미확보,건조,맑음,단일로 - 기타,화물,여,54세,상해없음,승용,남,56세,경상
2012091300100283,2012년 9월 13일 12시,목요일,경상남도 합천군 쌍백면,경상사고,0,0,1,0,차량단독 - 공작물충돌,안전운전불이행,건조,흐림,단일로 - 기타,승용,여,47세,경상,,,,
2012091300100309,2012년 9월 13일 13시,목요일,경상남도 양산시 물금읍,사망사고,1,0,0,0,차대차 - 기타,안전운전불이행,건조,맑음,교차로 - 교차로부근,화물,남,29세,기타불명,자전거,여,60세,사망
2012091300100310,2012년 9월 13일 13시,목요일,경상남도 김해시 한림면,중상사고,0,1,0,0,차대차 - 측면직각충돌,안전운전불이행,건조,흐림,단일로 - 기타,화물,남,48세,상해없음,승용,여,52세,중상
2012091300100334,2012년 9월 13일 14시,목요일,경상남도 거제시 고현동,경상사고,0,0,1,0,차대차 - 추돌 - 진행중,신호위반,건조,맑음,교차로 - 교차로안,승용,남,67세,상해없음,이륜,남,47세,경상
2012091300100335,2012년 9월 13일 14시,목요일,경상남도 창원시 성산구 반림동,경상사고,0,0,1,0,차대차 - 추돌 - 주정차중,안전운전불이행,기타,맑음,단일로 - 기타,승용,남,50세,상해없음,승용,여,43세,경상
2012091300100361,2012년 9월 13일 15시,목요일,경상남도 함양군 함양읍,중상사고,0,1,0,0,차대차 - 추돌 - 진행중,안전운전불이행,건조,맑음,교차로 - 교차로안,승용,남,57세,상해없음,원동기,남,68세,중상
2012091300100362,2012년 9월 13일 15시,목요일,경상남도 의령군 가례면,중상사고,0,1,0,0,차대사람 - 횡단중,안전운전불이행,건조,맑음,교차로 - 교차로안,화물,남,53세,기타불명,보행자,남,56세,중상
2012091300100428,2012년 9월 13일 17시,목요일,경상남도 통영시 봉평동,경상사고,0,0,1,0,차대차 - 추돌 - 진행중,안전운전불이행,건조,맑음,단일로 - 기타,승용,남,35세,상해없음,이륜,남,63세,경상
2012091300100463,2012년 9월 13일 18시,목요일,경상남도 밀양시 단장면,사망사고,1,0,0,0,차대차 - 측면직각충돌,중앙선침범,건조,맑음,단일로 - 기타,승용,남,70세,상해없음,농기계,남,72세,사망
2012091300100464,2012년 9월 13일 18시,목요일,경상남도 고성군 고성읍,경상사고,0,0,3,0,차대차 - 추돌 - 진행중,안전거리미확보,건조,맑음,교차로 - 교차로부근,화물,남,45세,상해없음,승용,여,45세,경상
2012091300100497,2012년 9월 13일 19시,목요일,경상남도 거제시 하청면,중상사고,0,1,0,0,차대사람 - 횡단중,안전운전불이행,건조,흐림,기타 - 기타,승용,남,56세,상해없음,보행자,남,56세,중상
2012091300100498,2012년 9월 13일 19시,목요일,경상남도 창원시 의창구 용호동,중상사고,0,1,1,0,차대차 - 기타,안전거리미확보,기타,맑음,단일로 - 기타,승용,남,56세,상해없음,승용,여,35세,경상
2012091300100499,2012년 9월 13일 19시,목요일,경상남도 창원시 마산회원구 양덕동,중상사고,0,1,0,0,차대차 - 측면직각충돌,안전운전불이행,건조,맑음,교차로 - 교차로부근,승용,남,46세,상해없음,이륜,남,46세,중상
2012091300100545,2012년 9월 13일 20시,목요일,경상남도 거제시 고현동,중상사고,0,1,0,0,차대사람 - 기타,안전운전불이행,습기,흐림,기타 - 기타,기타불명,기타불명,기타불명,기타불명,보행자,여,17세,중상
2012091300100546,2012년 9월 13일 20시,목요일,경상남도 창원시 성산구 신촌동,중상사고,0,1,1,0,차대차 - 기타,신호위반,기타,맑음,교차로 - 교차로안,승용,남,67세,상해없음,승용,남,42세,중상
2012091300100547,2012년 9월 13일 20시,목요일,경상남도 창원시 성산구 성주동,중상사고,0,1,0,0,차대사람 - 횡단중,보행자보호의무위반,기타,맑음,단일로 - 횡단보도상,이륜,남,18세,상해없음,보행자,남,70세,중상
2012091300100584,2012년 9월 13일 21시,목요일,경상남도 창원시 마산합포구 남성동,중상사고,0,3,2,1,차대차 - 정면충돌,중앙선침범,건조,맑음,단일로 - 기타,승합,여,47세,경상,승용,남,57세,중상
2012091300100585,2012년 9월 13일 21시,목요일,경상남도 통영시 항남동,경상사고,0,0,1,0,차대차 - 측면직각충돌,안전운전불이행,습기,비,교차로 - 교차로안,승용,남,39세,상해없음,승용,남,52세,경상
2012091300100586,2012년 9월 13일 21시,목요일,경상남도 사천시 사천읍,경상사고,0,0,1,0,차대사람 - 횡단중,안전운전불이행,건조,맑음,단일로 - 기타,승용,남,48세,상해없음,보행자,남,23세,경상
2012091300100587,2012년 9월 13일 21시,목요일,경상남도 거제시 옥포동,중상사고,0,1,0,0,차대사람 - 기타,신호위반,습기,비,교차로 - 교차로안,승용,남,45세,기타불명,보행자,남,58세,중상
2012091300100628,2012년 9월 13일 22시,목요일,경상남도 김해시 내동,경상사고,0,0,1,0,차대차 - 추돌 - 주정차중,안전운전불이행,습기,비,교차로 - 교차로부근,승용,남,48세,상해없음,승용,남,33세,경상
2012091300100668,2012년 9월 13일 23시,목요일,경상남도 김해시 내동,중상사고,0,1,0,0,차대차 - 측면직각충돌,교차로운행방법위반,건조,흐림,교차로 - 교차로안,승용,여,53세,중상,승용,남,51세,상해없음
2012091300100669,2012년 9월 13일 23시,목요일,경상남도 거제시 사등면,중상사고,0,1,0,0,차대차 - 기타,안전운전불이행,습기,비,기타 - 기타,승용,남,51세,상해없음,승용,여,47세,기타불명
2012091400100019,2012년 9월 14일 00시,금요일,경상남도 김해시 부원동,중상사고,0,1,0,0,차량단독 - 공작물충돌,안전운전불이행,습기,비,단일로 - 기타,승용,여,48세,상해없음,,,,
2012091400100020,2012년 9월 14일 00시,금요일,경상남도 창원시 의창구 사림동,부상신고사고,0,0,0,1,차대차 - 측면직각충돌,안전운전불이행,습기,비,교차로 - 교차로안,승용,남,24세,기타불명,승용,여,61세,부상신고
2012091400100021,2012년 9월 14일 00시,금요일,경상남도 함안군 가야읍,경상사고,0,0,1,0,차대차 - 추돌 - 진행중,안전운전불이행,습기,비,단일로 - 기타,승용,남,34세,상해없음,화물,남,37세,경상
2012091400100064,2012년 9월 14일 02시,금요일,경상남도 진주시 정촌면,중상사고,0,1,0,2,차량단독 - 공작물충돌,안전운전불이행,습기,비,단일로 - 기타,승용,남,31세,중상,,,,
2012091400100065,2012년 9월 14일 02시,금요일,경상남도 창원시 진해구 평안동,중상사고,0,1,0,0,차대차 - 측면직각충돌,직진우회전진행방해,습기,비,교차로 - 교차로안,승용,남,27세,상해없음,승용,남,46세,중상
2012091400100112,2012년 9월 14일 05시,금요일,경상남도 합천군 청덕면,부상신고사고,0,0,0,1,차량단독 - 기타,안전운전불이행,건조,맑음,단일로 - 기타,원동기,남,36세,부상신고,,,,
2012091400100131,2012년 9월 14일 06시,금요일,경상남도 양산시 북부동,중상사고,0,1,0,0,차대차 - 측면직각충돌,신호위반,습기,흐림,교차로 - 교차로안,승합,남,50세,상해없음,승용,남,33세,중상
2012091400100132,2012년 9월 14일 06시,금요일,경상남도 창원시 성산구 신촌동,경상사고,0,0,1,0,차대차 - 기타,안전운전불이행,기타,맑음,단일로 - 기타,승합,남,44세,상해없음,승용,남,26세,경상
2012091400100188,2012년 9월 14일 08시,금요일,경상남도 거창군 거창읍,경상사고,0,0,1,0,차대차 - 측면직각충돌,교차로운행방법위반,건조,맑음,교차로 - 교차로안,승용,남,27세,상해없음,이륜,남,52세,경상
2012091400100189,2012년 9월 14일 08시,금요일,경상남도 창녕군 대합면,중상사고,0,1,0,0,차대차 - 정면충돌,교차로운행방법위반,건조,맑음,교차로 - 교차로안,원동기,남,62세,중상,화물,남,52세,상해없음
2012091400100222,2012년 9월 14일 09시,금요일,경상남도 창원시 진해구 석동,중상사고,0,2,0,0,차대차 - 기타,안전거리미확보,건조,맑음,단일로 - 기타,화물,남,53세,상해없음,승용,남,40세,중상
2012091400100242,2012년 9월 14일 10시,금요일,경상남도 진주시 신안동,경상사고,0,0,1,0,차대차 - 측면직각충돌,차로위반,건조,맑음,단일로 - 기타,원동기,남,74세,경상,승용,남,67세,상해없음
2012091400100243,2012년 9월 14일 10시,금요일,경상남도 김해시 외동,경상사고,0,0,1,0,차대차 - 측면직각충돌,안전운전불이행,건조,맑음,교차로 - 교차로안,승용,남,44세,상해없음,승용,남,25세,상해없음
2012091400100244,2012년 9월 14일 10시,금요일,경상남도 양산시 덕계동,경상사고,0,0,1,0,차대차 - 추돌 - 주정차중,안전운전불이행,건조,맑음,교차로 - 교차로안,화물,남,54세,상해없음,승용,남,67세,경상
2012091400100245,2012년 9월 14일 10시,금요일,경상남도 거제시 아주동,중상사고,0,1,0,0,차대차 - 추돌 - 진행중,안전거리미확보,건조,맑음,교차로 - 교차로부근,승용,여,64세,상해없음,승용,여,44세,중상
2012091400100284,2012년 9월 14일 11시,금요일,경상남도 양산시 물금읍,경상사고,0,0,1,0,차대차 - 정면충돌,직진우회전진행방해,건조,흐림,교차로 - 교차로안,화물,남,38세,상해없음,원동기,남,40세,경상
2012091400100285,2012년 9월 14일 11시,금요일,경상남도 의령군 의령읍,경상사고,0,0,1,0,차량단독 - 전도전복,안전운전불이행,건조,맑음,교차로 - 교차로부근,이륜,남,69세,경상,,,,
2012091400100286,2012년 9월 14일 11시,금요일,경상남도 창원시 성산구 웅남동,경상사고,0,0,1,0,차대차 - 측면직각충돌,교차로운행방법위반,습기,비,교차로 - 교차로안,화물,남,34세,경상,승용,남,46세,상해없음
2012091400100309,2012년 9월 14일 12시,금요일,경상남도 진주시 상대동,중상사고,0,1,0,0,차대차 - 측면직각충돌,안전운전불이행,건조,맑음,단일로 - 기타,승용,남,33세,상해없음,자전거,여,38세,중상
2012091400100310,2012년 9월 14일 12시,금요일,경상남도 함양군 수동면,중상사고,0,1,0,0,차대차 - 정면충돌,중앙선침범,건조,맑음,단일로 - 기타,승용,남,26세,상해없음,화물,남,19세,상해없음
2012091400100333,2012년 9월 14일 13시,금요일,경상남도 진주시 상대동,경상사고,0,0,2,0,차대차 - 추돌 - 진행중,안전운전불이행,건조,맑음,단일로 - 기타,승용,남,45세,상해없음,승용,여,43세,경상
2012091400100334,2012년 9월 14일 13시,금요일,경상남도 김해시 어방동,중상사고,0,2,1,0,차대차 - 추돌 - 주정차중,안전운전불이행,습기,비,단일로 - 기타,승용,여,51세,상해없음,승용,남,25세,중상
2012091400100335,2012년 9월 14일 13시,금요일,경상남도 김해시 진례면,부상신고사고,0,0,0,1,차대차 - 기타,안전운전불이행,건조,맑음,단일로 - 기타,화물,남,40세,부상신고,화물,남,40세,기타불명
2012091400100361,2012년 9월 14일 14시,금요일,경상남도 창원시 진해구 경화동,중상사고,0,1,2,0,차대차 - 기타,안전운전불이행,건조,흐림,교차로 - 교차로안,승용,여,48세,중상,승용,남,52세,경상
2012091400100390,2012년 9월 14일 15시,금요일,경상남도 김해시 장유면,중상사고,0,1,0,0,차대차 - 측면직각충돌,안전거리미확보,습기,비,단일로 - 기타,승용,여,56세,상해없음,승용,남,42세,중상
2012091400100424,2012년 9월 14일 16시,금요일,경상남도 창원시 의창구 도계동,중상사고,0,1,0,0,차대차 - 추돌 - 진행중,안전운전불이행,건조,맑음,단일로 - 기타,원동기,남,35세,상해없음,원동기,남,57세,중상
2012091400100425,2012년 9월 14일 16시,금요일,경상남도 김해시 장유면,경상사고,0,0,1,0,차대차 - 측면직각충돌,교차로운행방법위반,건조,맑음,교차로 - 교차로안,승용,여,63세,상해없음,승용,여,32세,경상
2012091400100469,2012년 9월 14일 17시,금요일,경상남도 창원시 성산구 내동,경상사고,0,0,1,0,차대차 - 추돌 - 주정차중,안전운전불이행,건조,흐림,교차로 - 교차로부근,승용,남,49세,상해없음,승용,남,34세,경상
2012091400100470,2012년 9월 14일 17시,금요일,경상남도 창원시 의창구 봉곡동,경상사고,0,0,1,0,차대사람 - 기타,안전운전불이행,건조,맑음,단일로 - 기타,승용,남,32세,상해없음,보행자,남,35세,경상
2012091400100471,2012년 9월 14일 17시,금요일,경상남도 거창군 남하면,부상신고사고,0,0,0,1,차대차 - 기타,안전운전불이행,건조,맑음,단일로 - 기타,승용,여,51세,상해없음,승용,남,27세,부상신고
2012091400100503,2012년 9월 14일 18시,금요일,경상남도 김해시 지내동,경상사고,0,0,2,0,차대차 - 측면직각충돌,중앙선침범,건조,흐림,단일로 - 기타,승용,남,46세,상해없음,이륜,남,38세,경상
2012091400100504,2012년 9월 14일 18시,금요일,경상남도 창원시 성산구 중앙동,중상사고,0,1,0,0,차대사람 - 길가장자리구역통행중,안전운전불이행,건조,맑음,단일로 - 기타,승용,남,49세,상해없음,보행자,여,21세,중상