사고번호,사고일시,요일,시군구,사고내용,사망자수,중상자수,경상자수,부상신고자수,사고유형,법규위반,노면상태,기상상태,도로형태,가해운전자 차종,가해운전자 성별,가해운전자 연령,가해운전자 상해정도,피해운전자 차종,피해운전자 성별,피해운전자 연령,피해운전자 상해정도
2012091400100505,2012년 9월 14일 18시,금요일,경상남도 창원시 마산회원구 회성동,경상사고,0,0,1,1,차대차 - 추돌 - 진행중,안전운전불이행,건조,맑음,단일로 - 기타,승용,여,49세,상해없음,승용,여,31세,경상
2012091400100563,2012년 9월 14일 19시,금요일,경상남도 창원시 의창구 팔용동,경상사고,0,0,1,0,차대사람 - 횡단중,안전운전불이행,건조,맑음,단일로 - 기타,승용,남,41세,상해없음,보행자,남,14세,경상
2012091400100604,2012년 9월 14일 20시,금요일,경상남도 창원시 진해구 석동,경상사고,0,0,1,0,차대사람 - 기타,안전운전불이행,건조,맑음,단일로 - 기타,승용,남,31세,상해없음,보행자,남,6세,경상
2012091400100605,2012년 9월 14일 20시,금요일,경상남도 함양군 마천면,부상신고사고,0,0,0,1,차량단독 - 전도전복,안전운전불이행,습기,비,단일로 - 기타,특수,남,37세,부상신고,,,,
2012091400100606,2012년 9월 14일 20시,금요일,경상남도 거제시 아주동,경상사고,0,0,1,0,차대차 - 기타,안전운전불이행,건조,맑음,단일로 - 기타,승용,남,25세,상해없음,이륜,남,38세,경상
2012091400100645,2012년 9월 14일 21시,금요일,경상남도 진주시 신안동,경상사고,0,0,1,0,차대사람 - 횡단중,안전운전불이행,건조,맑음,단일로 - 기타,승용,남,58세,상해없음,보행자,여,44세,경상
2012091400100646,2012년 9월 14일 21시,금요일,경상남도 김해시 내동,중상사고,0,1,1,0,차대차 - 측면직각충돌,신호위반,습기,흐림,교차로 - 교차로안,승용,여,41세,상해없음,승용,여,53세,중상
2012091400100682,2012년 9월 14일 22시,금요일,경상남도 진주시 가좌동,중상사고,0,1,0,0,차대사람 - 횡단중,안전운전불이행,습기,비,교차로 - 교차로부근,승용,여,45세,상해없음,보행자,남,27세,중상
2012091400100683,2012년 9월 14일 22시,금요일,경상남도 사천시 동림동,경상사고,0,0,2,0,차대차 - 추돌 - 주정차중,안전운전불이행,습기,비,교차로 - 교차로부근,원동기,남,56세,경상,승용,남,30세,경상
2012091400100684,2012년 9월 14일 22시,금요일,경상남도 합천군 합천읍,중상사고,0,1,0,0,차대사람 - 횡단중,안전운전불이행,건조,맑음,교차로 - 교차로부근,승용,남,55세,상해없음,보행자,남,19세,중상
2012091400100685,2012년 9월 14일 22시,금요일,경상남도 창녕군 영산면,중상사고,0,1,0,0,차대차 - 추돌 - 주정차중,안전운전불이행,건조,맑음,단일로 - 기타,승용,남,41세,상해없음,화물,남,33세,기타불명
2012091400100686,2012년 9월 14일 22시,금요일,경상남도 거제시 연초면,중상사고,0,1,2,2,차대차 - 추돌 - 주정차중,안전운전불이행,건조,맑음,단일로 - 기타,승용,남,47세,상해없음,승합,남,57세,경상
2012091500100020,2012년 9월 15일 00시,토요일,경상남도 창원시 마산합포구 오동동,중상사고,0,1,0,0,차대사람 - 기타,안전운전불이행,습기,비,교차로 - 교차로부근,승용,남,62세,상해없음,보행자,남,61세,중상
2012091500100021,2012년 9월 15일 00시,토요일,경상남도 진주시 신안동,중상사고,0,1,0,0,차대사람 - 횡단중,신호위반,건조,맑음,단일로 - 횡단보도상,승용,남,42세,상해없음,보행자,남,55세,중상
2012091500100060,2012년 9월 15일 01시,토요일,경상남도 창원시 성산구 중앙동,중상사고,0,1,0,0,차대사람 - 기타,안전운전불이행,건조,맑음,단일로 - 기타,승용,남,56세,상해없음,보행자,남,18세,중상
2012091500100061,2012년 9월 15일 01시,토요일,경상남도 창원시 마산회원구 석전동,경상사고,0,0,1,0,차대차 - 추돌 - 주정차중,안전운전불이행,습기,비,단일로 - 기타,승용,남,53세,상해없음,승용,남,49세,상해없음
2012091500100085,2012년 9월 15일 02시,토요일,경상남도 거제시 장평동,중상사고,0,1,0,0,차량단독 - 기타,안전운전불이행,습기,비,단일로 - 기타,이륜,남,20세,상해없음,,,,
2012091500100086,2012년 9월 15일 02시,토요일,경상남도 창원시 마산회원구 양덕동,중상사고,0,1,2,1,차대차 - 측면직각충돌,신호위반,습기,비,교차로 - 교차로안,화물,남,32세,상해없음,승용,남,47세,중상
2012091500100103,2012년 9월 15일 03시,토요일,경상남도 진주시 강남동,중상사고,0,1,0,0,차대차 - 추돌 - 진행중,안전운전불이행,습기,흐림,단일로 - 기타,승용,남,22세,상해없음,원동기,남,23세,중상
2012091500100104,2012년 9월 15일 03시,토요일,경상남도 창원시 성산구 상남동,중상사고,0,1,0,0,차대차 - 추돌 - 주정차중,안전운전불이행,건조,맑음,단일로 - 기타,승용,남,24세,상해없음,승용,여,52세,중상
2012091500100118,2012년 9월 15일 04시,토요일,경상남도 김해시 삼방동,중상사고,0,1,0,0,차대차 - 추돌 - 주정차중,안전운전불이행,습기,비,단일로 - 기타,승용,여,51세,상해없음,화물,남,53세,상해없음
2012091500100119,2012년 9월 15일 04시,토요일,경상남도 창원시 성산구 중앙동,중상사고,0,1,0,0,차대차 - 측면직각충돌,신호위반,습기,비,교차로 - 교차로안,승용,남,24세,상해없음,승용,남,57세,중상
2012091500100138,2012년 9월 15일 05시,토요일,경상남도 창원시 성산구 상남동,경상사고,0,0,1,0,차대차 - 추돌 - 주정차중,안전운전불이행,습기,비,단일로 - 기타,승용,남,24세,상해없음,승용,남,26세,기타불명
2012091500100153,2012년 9월 15일 06시,토요일,경상남도 사천시 사천읍,중상사고,0,1,0,0,차량단독 - 공작물충돌,안전운전불이행,습기,비,교차로 - 교차로부근,승용,남,26세,중상,,,,
2012091500100154,2012년 9월 15일 06시,토요일,경상남도 거제시 연초면,중상사고,0,1,0,0,차대차 - 기타,중앙선침범,습기,흐림,단일로 - 기타,승용,남,29세,상해없음,승용,여,56세,중상
2012091500100155,2012년 9월 15일 06시,토요일,경상남도 김해시 풍유동,부상신고사고,0,0,0,1,차대차 - 기타,안전거리미확보,습기,비,단일로 - 기타,승용,여,65세,부상신고,승합,남,51세,상해없음
2012091500100177,2012년 9월 15일 07시,토요일,경상남도 창원시 마산합포구 월영동,중상사고,0,1,0,0,차대차 - 측면직각충돌,중앙선침범,건조,맑음,단일로 - 기타,승용,남,31세,상해없음,승용,남,51세,중상
2012091500100178,2012년 9월 15일 07시,토요일,경상남도 사천시 사남면,중상사고,0,1,0,0,차량단독 - 공작물충돌,안전운전불이행,습기,비,교차로 - 교차로부근,승용,남,61세,중상,,,,
2012091500100179,2012년 9월 15일 07시,토요일,경상남도 창녕군 부곡면,경상사고,0,0,1,0,차대차 - 정면충돌,중앙선침범,습기,비,단일로 - 기타,화물,남,59세,경상,화물,남,40세,상해없음
2012091500100180,2012년 9월 15일 07시,토요일,경상남도 거제시 아주동,중상사고,0,1,1,0,차대차 - 기타,안전운전불이행,건조,맑음,단일로 - 기타,승용,남,42세,상해없음,승합,남,51세,중상
2012091500100181,2012년 9월 15일 07시,토요일,경상남도 창원시 마산회원구 봉암동,중상사고,0,1,0,0,차대사람 - 기타,안전운전불이행,습기,비,교차로 - 교차로부근,승용,남,58세,상해없음,보행자,남,56세,중상
2012091500100206,2012년 9월 15일 08시,토요일,경상남도 진주시 본성동,중상사고,0,1,0,0,차대차 - 측면직각충돌,신호위반,건조,맑음,교차로 - 교차로안,승용,남,31세,상해없음,화물,남,71세,중상
2012091500100207,2012년 9월 15일 08시,토요일,경상남도 김해시 한림면,중상사고,0,2,1,0,차대차 - 측면직각충돌,안전운전불이행,건조,맑음,교차로 - 교차로안,화물,남,53세,상해없음,승용,남,39세,중상
2012091500100244,2012년 9월 15일 09시,토요일,경상남도 창원시 의창구 봉곡동,중상사고,0,1,0,0,차대사람 - 기타,안전운전불이행,습기,비,교차로 - 교차로안,화물,남,61세,상해없음,보행자,여,75세,중상
2012091500100278,2012년 9월 15일 10시,토요일,경상남도 남해군 남해읍,경상사고,0,0,1,0,차대차 - 측면직각충돌,안전운전불이행,건조,맑음,기타 - 기타,이륜,남,74세,경상,승용,여,64세,상해없음
2012091500100310,2012년 9월 15일 11시,토요일,경상남도 진주시 중안동,경상사고,0,0,1,0,차대차 - 추돌 - 진행중,안전거리미확보,건조,맑음,단일로 - 기타,승용,남,61세,상해없음,승용,여,23세,경상
2012091500100342,2012년 9월 15일 12시,토요일,경상남도 진주시 옥봉동,중상사고,0,1,0,0,차대사람 - 횡단중,보행자보호의무위반,건조,맑음,교차로 - 교차로부근,화물,남,52세,상해없음,보행자,남,17세,중상
2012091500100343,2012년 9월 15일 12시,토요일,경상남도 사천시 벌리동,경상사고,0,0,1,0,차대차 - 측면직각충돌,교차로운행방법위반,건조,맑음,교차로 - 교차로안,이륜,남,78세,상해없음,승용,남,42세,상해없음
2012091500100409,2012년 9월 15일 14시,토요일,경상남도 밀양시 내이동,경상사고,0,0,1,0,차대차 - 측면직각충돌,교차로운행방법위반,건조,흐림,교차로 - 교차로안,승용,여,43세,상해없음,승용,여,39세,경상
2012091500100410,2012년 9월 15일 14시,토요일,경상남도 김해시 어방동,경상사고,0,0,1,0,차대차 - 추돌 - 진행중,안전거리미확보,건조,맑음,교차로 - 교차로부근,승용,남,52세,상해없음,화물,남,35세,경상
2012091500100526,2012년 9월 15일 18시,토요일,경상남도 창원시 마산합포구 신포동2가,중상사고,0,1,0,0,차대차 - 기타,기타,습기,비,단일로 - 기타,승용,남,63세,상해없음,원동기,남,17세,중상
2012091500100560,2012년 9월 15일 19시,토요일,경상남도 창원시 진해구 자은동,경상사고,0,0,1,0,차대차 - 추돌 - 진행중,안전운전불이행,습기,비,단일로 - 기타,승용,남,39세,기타불명,승용,남,32세,경상
2012091500100561,2012년 9월 15일 19시,토요일,경상남도 밀양시 내이동,경상사고,0,0,1,0,차대차 - 추돌 - 주정차중,안전운전불이행,건조,흐림,단일로 - 기타,승용,남,29세,상해없음,승용,남,45세,경상
2012091500100562,2012년 9월 15일 19시,토요일,경상남도 창원시 의창구 동읍,중상사고,0,1,0,0,차대차 - 기타,안전운전불이행,습기,흐림,단일로 - 기타,화물,남,59세,상해없음,자전거,남,21세,중상
2012091500100598,2012년 9월 15일 20시,토요일,경상남도 밀양시 삼문동,중상사고,0,2,1,0,차대차 - 측면직각충돌,교차로운행방법위반,습기,흐림,교차로 - 교차로안,원동기,남,15세,중상,승용,남,22세,경상
2012091500100599,2012년 9월 15일 20시,토요일,경상남도 김해시 삼계동,경상사고,0,0,1,0,차대차 - 추돌 - 주정차중,안전운전불이행,건조,맑음,교차로 - 교차로부근,승용,기타불명,기타불명,기타불명,승용,남,59세,상해없음
2012091500100600,2012년 9월 15일 20시,토요일,경상남도 거제시 사등면,중상사고,0,2,0,0,차대차 - 기타,안전운전불이행,습기,비,단일로 - 기타,화물,남,50세,상해없음,승용,남,44세,중상
2012091500100601,2012년 9월 15일 20시,토요일,경상남도 함안군 가야읍,중상사고,0,1,0,0,차대사람 - 기타,안전운전불이행,건조,맑음,단일로 - 기타,승용,남,35세,상해없음,보행자,남,56세,중상
2012091500100602,2012년 9월 15일 20시,토요일,경상남도 김해시 진영읍,경상사고,0,0,1,0,차대차 - 정면충돌,교차로운행방법위반,습기,비,교차로 - 교차로안,승용,남,49세,상해없음,이륜,남,16세,경상
2012091500100603,2012년 9월 15일 20시,토요일,경상남도 김해시 진영읍,사망사고,1,0,0,0,차대사람 - 횡단중,안전운전불이행,습기,비,교차로 - 교차로안,승용,남,45세,상해없음,보행자,남,36세,사망
2012091500100632,2012년 9월 15일 21시,토요일,경상남도 거제시 고현동,중상사고,0,1,1,0,차대차 - 기타,신호위반,습기,비,교차로 - 교차로안,승용,남,34세,상해없음,승용,남,37세,경상
2012091500100633,2012년 9월 15일 21시,토요일,경상남도 거제시 고현동,경상사고,0,0,1,0,차대차 - 기타,안전운전불이행,습기,비,교차로 - 교차로안,승용,남,61세,상해없음,원동기,남,31세,경상
2012091500100634,2012년 9월 15일 21시,토요일,경상남도 창원시 의창구 봉곡동,경상사고,0,0,1,0,차대사람 - 기타,안전운전불이행,건조,맑음,교차로 - 교차로부근,승용,여,49세,상해없음,보행자,남,29세,경상
2012091500100664,2012년 9월 15일 22시,토요일,경상남도 김해시 어방동,경상사고,0,0,1,0,차대사람 - 기타,안전운전불이행,습기,비,단일로 - 기타,기타불명,기타불명,기타불명,기타불명,보행자,남,15세,경상
2012091500100665,2012년 9월 15일 22시,토요일,경상남도 거제시 고현동,중상사고,0,1,0,0,차대사람 - 기타,보행자보호의무위반,습기,비,교차로 - 교차로부근,승용,남,48세,상해없음,보행자,여,60세,중상
2012091500100666,2012년 9월 15일 22시,토요일,경상남도 창원시 마산회원구 양덕동,중상사고,0,1,0,0,차대사람 - 횡단중,보행자보호의무위반,습기,비,교차로 - 교차로안,승용,남,58세,상해없음,보행자,여,24세,중상
2012091500100667,2012년 9월 15일 22시,토요일,경상남도 창원시 마산회원구 내서읍,경상사고,0,0,1,0,차대차 - 정면충돌,중앙선침범,습기,비,교차로 - 교차로부근,승용,남,37세,상해없음,승합,남,51세,경상
2012091500100697,2012년 9월 15일 23시,토요일,경상남도 창원시 의창구 사림동,중상사고,0,1,0,0,차대사람 - 횡단중,안전운전불이행,습기,비,교차로 - 교차로부근,승용,남,36세,상해없음,보행자,여,37세,중상
2012091500100698,2012년 9월 15일 23시,토요일,경상남도 창원시 의창구 도계동,경상사고,0,0,2,0,차대차 - 추돌 - 진행중,안전거리미확보,건조,맑음,교차로 - 교차로부근,승용,남,26세,상해없음,승용,남,47세,경상
2012091600100038,2012년 9월 16일 01시,일요일,경상남도 거제시 옥포동,중상사고,0,2,0,0,차대차 - 기타,안전운전불이행,습기,비,단일로 - 기타,승용,남,27세,상해없음,승용,여,34세,중상
2012091600100073,2012년 9월 16일 03시,일요일,경상남도 거제시 연초면,중상사고,0,1,0,0,차량단독 - 기타,안전운전불이행,습기,비,단일로 - 기타,원동기,남,25세,상해없음,,,,
2012091600100094,2012년 9월 16일 04시,일요일,경상남도 창원시 성산구 상남동,경상사고,0,0,2,0,차대차 - 추돌 - 주정차중,안전운전불이행,습기,비,단일로 - 기타,승용,여,28세,상해없음,승용,여,26세,경상
2012091600100120,2012년 9월 16일 05시,일요일,경상남도 통영시 무전동,중상사고,0,1,0,0,차대사람 - 횡단중,안전운전불이행,습기,비,단일로 - 기타,승용,남,56세,상해없음,보행자,여,41세,중상
2012091600100121,2012년 9월 16일 05시,일요일,경상남도 사천시 용현면,경상사고,0,0,1,0,차량단독 - 공작물충돌,안전운전불이행,습기,비,교차로 - 교차로부근,승용,여,45세,기타불명,,,,
2012091600100228,2012년 9월 16일 11시,일요일,경상남도 창원시 의창구 동읍,경상사고,0,0,2,0,차대차 - 측면직각충돌,교차로운행방법위반,습기,비,교차로 - 교차로안,승용,여,41세,상해없음,승용,남,47세,경상
2012091600100258,2012년 9월 16일 12시,일요일,경상남도 김해시 안동,중상사고,0,1,0,0,차대차 - 측면직각충돌,직진우회전진행방해,습기,비,교차로 - 교차로안,이륜,남,58세,상해없음,승용,여,40세,중상
2012091600100259,2012년 9월 16일 12시,일요일,경상남도 산청군 신안면,경상사고,0,0,1,0,차대차 - 측면직각충돌,교차로운행방법위반,습기,비,교차로 - 교차로안,승용,남,35세,상해없음,화물,남,23세,경상
2012091600100288,2012년 9월 16일 13시,일요일,경상남도 양산시 교동,중상사고,0,1,1,0,차대차 - 측면직각충돌,안전운전불이행,습기,비,교차로 - 교차로부근,승용,남,28세,상해없음,승용,남,35세,중상
2012091600100289,2012년 9월 16일 13시,일요일,경상남도 김해시 장유면,경상사고,0,0,1,0,차대사람 - 횡단중,보행자보호의무위반,습기,비,단일로 - 횡단보도상,이륜,남,16세,상해없음,보행자,여,8세,경상
2012091600100321,2012년 9월 16일 14시,일요일,경상남도 김해시 외동,중상사고,0,1,0,0,차대차 - 기타,직진우회전진행방해,습기,비,교차로 - 교차로안,승용,여,41세,상해없음,이륜,남,18세,중상
2012091600100322,2012년 9월 16일 14시,일요일,경상남도 김해시 내동,중상사고,0,1,0,0,차대차 - 측면직각충돌,안전운전불이행,습기,비,단일로 - 기타,승용,남,22세,상해없음,이륜,남,21세,중상
2012091600100323,2012년 9월 16일 14시,일요일,경상남도 김해시 진영읍,경상사고,0,0,4,0,차대차 - 추돌 - 주정차중,안전운전불이행,습기,비,단일로 - 기타,승용,남,40세,상해없음,승용,남,30세,경상
2012091600100352,2012년 9월 16일 15시,일요일,경상남도 고성군 고성읍,경상사고,0,0,1,0,차량단독 - 공작물충돌,안전운전불이행,습기,비,단일로 - 기타,승용,남,31세,상해없음,,,,
2012091600100353,2012년 9월 16일 15시,일요일,경상남도 함안군 군북면,경상사고,0,0,1,0,차대차 - 추돌 - 주정차중,안전운전불이행,습기,비,단일로 - 기타,승용,남,64세,상해없음,승용,남,55세,경상
2012091600100354,2012년 9월 16일 15시,일요일,경상남도 거창군 남하면,중상사고,0,1,3,0,차대차 - 기타,안전운전불이행,습기,비,단일로 - 기타,승용,남,65세,상해없음,승용,남,27세,경상
2012091600100382,2012년 9월 16일 16시,일요일,경상남도 양산시 남부동,경상사고,0,0,6,0,차대차 - 추돌 - 주정차중,안전운전불이행,습기,비,단일로 - 기타,승용,여,19세,상해없음,승용,남,26세,경상
2012091600100383,2012년 9월 16일 16시,일요일,경상남도 양산시 물금읍,경상사고,0,0,2,0,차대사람 - 차도통행중,안전운전불이행,습기,비,단일로 - 기타,이륜,남,16세,상해없음,보행자,남,25세,경상
2012091600100384,2012년 9월 16일 16시,일요일,경상남도 의령군 대의면,중상사고,0,1,1,0,차대차 - 정면충돌,중앙선침범,습기,비,단일로 - 기타,승용,남,42세,중상,화물,남,50세,경상
2012091600100385,2012년 9월 16일 16시,일요일,경상남도 김해시 진영읍,경상사고,0,0,4,0,차대차 - 측면직각충돌,안전운전불이행,습기,비,교차로 - 교차로부근,승용,남,54세,상해없음,승용,남,51세,경상
2012091600100409,2012년 9월 16일 17시,일요일,경상남도 하동군 금성면,중상사고,0,3,0,0,차대차 - 기타,안전운전불이행,습기,비,단일로 - 기타,승용,남,54세,상해없음,승용,남,59세,상해없음
2012091600100410,2012년 9월 16일 17시,일요일,경상남도 함안군 칠원면,경상사고,0,0,1,0,차대차 - 추돌 - 주정차중,안전운전불이행,습기,비,단일로 - 기타,승용,남,49세,상해없음,승용,남,38세,상해없음
2012091600100444,2012년 9월 16일 18시,일요일,경상남도 창원시 마산합포구 신월동,중상사고,0,1,0,0,차량단독 - 기타,안전운전불이행,습기,비,단일로 - 기타,승용,남,32세,상해없음,,,,
2012091600100445,2012년 9월 16일 18시,일요일,경상남도 창녕군 도천면,경상사고,0,0,2,0,차대차 - 측면직각충돌,안전운전불이행,습기,비,단일로 - 기타,승용,여,60세,경상,승용,남,59세,상해없음
2012091600100446,2012년 9월 16일 18시,일요일,경상남도 양산시 물금읍,경상사고,0,0,2,0,차대차 - 추돌 - 주정차중,안전운전불이행,습기,비,단일로 - 기타,승용,남,55세,상해없음,승용,남,27세,경상
2012091600100447,2012년 9월 16일 18시,일요일,경상남도 진주시 정촌면,경상사고,0,0,2,0,차대차 - 기타,안전운전불이행,습기,비,단일로 - 기타,승용,남,52세,상해없음,승용,여,45세,경상
2012091600100489,2012년 9월 16일 19시,일요일,경상남도 김해시 생림면,중상사고,0,1,0,0,차대차 - 추돌 - 주정차중,안전운전불이행,습기,비,교차로 - 교차로안,승용,기타불명,기타불명,기타불명,승용,여,27세,중상
2012091600100490,2012년 9월 16일 19시,일요일,경상남도 창녕군 창녕읍,중상사고,0,1,0,0,차대차 - 추돌 - 주정차중,안전운전불이행,습기,비,교차로 - 교차로부근,승용,남,31세,상해없음,승합,남,28세,중상
2012091600100491,2012년 9월 16일 19시,일요일,경상남도 창녕군 남지읍,경상사고,0,0,2,0,차대차 - 정면충돌,안전운전불이행,습기,비,교차로 - 교차로안,승용,남,54세,상해없음,승용,여,32세,경상
2012091600100492,2012년 9월 16일 19시,일요일,경상남도 창원시 마산회원구 석전동,중상사고,0,1,5,0,차대차 - 추돌 - 진행중,안전운전불이행,습기,비,단일로 - 기타,승용,남,45세,상해없음,승용,남,28세,경상
2012091600100493,2012년 9월 16일 19시,일요일,경상남도 함안군 칠원면,중상사고,0,1,0,0,차대차 - 추돌 - 진행중,안전거리미확보,습기,비,단일로 - 교량,승용,남,34세,상해없음,승용,남,23세,상해없음
2012091600100537,2012년 9월 16일 20시,일요일,경상남도 거제시 수월동,경상사고,0,0,1,0,차대사람 - 보도통행중,보행자보호의무위반,습기,비,교차로 - 교차로안,승용,여,51세,상해없음,보행자,남,32세,경상
2012091600100580,2012년 9월 16일 21시,일요일,경상남도 양산시 중부동,부상신고사고,0,0,0,2,차대차 - 추돌 - 주정차중,안전운전불이행,습기,비,단일로 - 기타,승용,남,54세,상해없음,승용,남,42세,부상신고
2012091600100581,2012년 9월 16일 21시,일요일,경상남도 거제시 고현동,경상사고,0,0,5,0,차대차 - 측면직각충돌,신호위반,습기,비,교차로 - 교차로안,승용,남,47세,상해없음,승용,남,27세,경상
2012091600100620,2012년 9월 16일 22시,일요일,경상남도 거제시 사등면,중상사고,0,1,0,0,차량단독 - 공작물충돌,안전운전불이행,습기,비,단일로 - 기타,승용,남,55세,상해없음,,,,
2012091600100621,2012년 9월 16일 22시,일요일,경상남도 김해시 진영읍,경상사고,0,0,1,0,차대차 - 추돌 - 주정차중,안전운전불이행,습기,비,단일로 - 기타,원동기,남,17세,상해없음,승용,남,28세,상해없음
2012091600100649,2012년 9월 16일 23시,일요일,경상남도 거제시 일운면,중상사고,0,3,0,0,차대차 - 측면직각충돌,중앙선침범,습기,비,단일로 - 기타,승용,남,51세,상해없음,승용,남,53세,중상
2012091700100015,2012년 9월 17일 00시,월요일,경상남도 함안군 칠원면,중상사고,0,2,0,0,차대차 - 추돌 - 주정차중,안전운전불이행,습기,비,단일로 - 교량,승용,여,59세,중상,승용,남,31세,중상
2012091700100033,2012년 9월 17일 01시,월요일,경상남도 진주시 호탄동,경상사고,0,0,1,0,차대차 - 측면직각충돌,직진우회전진행방해,습기,흐림,교차로 - 교차로안,승용,남,51세,상해없음,승용,남,25세,경상
2012091700100061,2012년 9월 17일 03시,월요일,경상남도 진주시 상대동,중상사고,0,1,0,0,차대차 - 측면직각충돌,안전운전불이행,습기,비,교차로 - 교차로안,승용,남,29세,상해없음,승용,남,30세,중상
2012091700100062,2012년 9월 17일 03시,월요일,경상남도 통영시 동호동,경상사고,0,0,1,0,차량단독 - 공작물충돌,안전운전불이행,건조,맑음,단일로 - 기타,승용,남,55세,경상,,,,
2012091700100063,2012년 9월 17일 03시,월요일,경상남도 창원시 마산회원구 봉암동,중상사고,0,1,0,0,차대차 - 기타,안전운전불이행,습기,비,단일로 - 기타,기타불명,기타불명,기타불명,기타불명,자전거,남,67세,중상
2012091700100074,2012년 9월 17일 04시,월요일,경상남도 통영시 도천동,중상사고,0,1,0,0,차대차 - 추돌 - 주정차중,안전운전불이행,습기,비,단일로 - 기타,승용,남,57세,상해없음,승용,남,60세,중상
2012091700100097,2012년 9월 17일 06시,월요일,경상남도 창원시 마산합포구 중앙동3가,중상사고,0,1,0,0,차대사람 - 횡단중,신호위반,습기,비,교차로 - 교차로부근,승용,남,33세,상해없음,보행자,여,54세,중상
2012091700100143,2012년 9월 17일 08시,월요일,경상남도 창원시 진해구 여좌동,중상사고,0,1,0,0,차대사람 - 횡단중,보행자보호의무위반,습기,비,단일로 - 횡단보도상,승합,남,30세,상해없음,보행자,여,41세,중상
2012091700100190,2012년 9월 17일 10시,월요일,경상남도 밀양시 용평동,중상사고,0,1,0,0,차대차 - 측면직각충돌,안전운전불이행,습기,비,교차로 - 교차로부근,화물,남,54세,상해없음,승용,여,52세,중상
2012091700100191,2012년 9월 17일 10시,월요일,경상남도 김해시 어방동,경상사고,0,0,1,0,차대사람 - 기타,안전운전불이행,습기,비,단일로 - 기타,승용,남,44세,상해없음,보행자,여,26세,경상
2012091700100256,2012년 9월 17일 13시,월요일,경상남도 통영시 도천동,경상사고,0,0,1,0,차대차 - 측면직각충돌,교차로운행방법위반,습기,비,단일로 - 기타,화물,남,48세,상해없음,승용,남,54세,상해없음
2012091700100257,2012년 9월 17일 13시,월요일,경상남도 김해시 장유면,중상사고,0,1,0,0,차량단독 - 기타,안전운전불이행,습기,비,단일로 - 기타,승용,남,43세,상해없음,,,,
2012091700100312,2012년 9월 17일 15시,월요일,경상남도 통영시 도산면,부상신고사고,0,0,0,1,차대차 - 측면직각충돌,안전운전불이행,건조,맑음,단일로 - 기타,농기계,남,68세,부상신고,화물,남,51세,상해없음
2012091700100313,2012년 9월 17일 15시,월요일,경상남도 밀양시 내이동,경상사고,0,0,1,0,차대차 - 기타,중앙선침범,건조,흐림,단일로 - 기타,승용,여,39세,상해없음,이륜,남,28세,경상
2012091700100314,2012년 9월 17일 15시,월요일,경상남도 김해시 삼방동,중상사고,0,1,0,0,차대차 - 측면직각충돌,교차로운행방법위반,건조,흐림,교차로 - 교차로안,승용,남,28세,상해없음,원동기,남,55세,중상
2012091700100315,2012년 9월 17일 15시,월요일,경상남도 양산시 동면,중상사고,0,1,0,0,차대사람 - 기타,안전운전불이행,건조,맑음,기타 - 기타,승용,여,48세,기타불명,보행자,남,44세,중상
2012091700100316,2012년 9월 17일 15시,월요일,경상남도 남해군 남해읍,중상사고,0,1,0,0,차대사람 - 보도통행중,기타,건조,맑음,단일로 - 기타,승용,남,79세,상해없음,보행자,여,78세,중상
2012091700100317,2012년 9월 17일 15시,월요일,경상남도 산청군 신안면,경상사고,0,0,1,0,차대차 - 측면직각충돌,교차로운행방법위반,건조,맑음,교차로 - 교차로안,화물,남,58세,상해없음,승용,여,48세,상해없음
2012091700100346,2012년 9월 17일 16시,월요일,경상남도 통영시 북신동,경상사고,0,0,1,0,차대차 - 추돌 - 진행중,안전운전불이행,건조,맑음,단일로 - 기타,승용,남,49세,상해없음,원동기,남,41세,경상
2012091700100347,2012년 9월 17일 16시,월요일,경상남도 거제시 하청면,중상사고,0,1,2,0,차대차 - 기타,중앙선침범,습기,비,단일로 - 기타,화물,여,52세,상해없음,승용,남,51세,경상
2012091700100348,2012년 9월 17일 16시,월요일,경상남도 거제시 옥포동,경상사고,0,0,1,0,차대사람 - 기타,기타,건조,맑음,단일로 - 기타,승용,남,19세,상해없음,보행자,여,63세,경상
2012091700100377,2012년 9월 17일 17시,월요일,경상남도 통영시 항남동,경상사고,0,0,1,0,차대차 - 측면직각충돌,안전운전불이행,건조,맑음,교차로 - 교차로안,승용,남,32세,상해없음,승용,남,61세,경상
2012091700100378,2012년 9월 17일 17시,월요일,경상남도 김해시 내동,중상사고,0,1,0,0,차대차 - 측면직각충돌,안전거리미확보,건조,맑음,단일로 - 기타,특수,남,29세,상해없음,원동기,남,23세,중상
2012091700100379,2012년 9월 17일 17시,월요일,경상남도 거창군 위천면,중상사고,0,2,0,0,차대차 - 측면직각충돌,교차로운행방법위반,습기,흐림,교차로 - 교차로안,이륜,남,15세,중상,화물,남,27세,상해없음
2012091700100380,2012년 9월 17일 17시,월요일,경상남도 창녕군 남지읍,경상사고,0,0,1,0,차대차 - 기타,안전운전불이행,건조,맑음,교차로 - 교차로안,승용,남,40세,상해없음,원동기,남,25세,경상
2012091700100381,2012년 9월 17일 17시,월요일,경상남도 거제시 옥포동,경상사고,0,0,1,0,차대사람 - 기타,안전운전불이행,건조,맑음,단일로 - 기타,승용,남,62세,기타불명,보행자,여,45세,경상