사고번호,사고일시,요일,시군구,사고내용,사망자수,중상자수,경상자수,부상신고자수,사고유형,법규위반,노면상태,기상상태,도로형태,가해운전자 차종,가해운전자 성별,가해운전자 연령,가해운전자 상해정도,피해운전자 차종,피해운전자 성별,피해운전자 연령,피해운전자 상해정도
2012091700100382,2012년 9월 17일 17시,월요일,경상남도 거제시 상동동,경상사고,0,0,4,0,차대차 - 기타,기타,건조,맑음,교차로 - 교차로안,이륜,남,19세,상해없음,승용,여,37세,경상
2012091700100410,2012년 9월 17일 18시,월요일,경상남도 진주시 상평동,중상사고,0,1,0,0,차대차 - 기타,안전운전불이행,건조,맑음,교차로 - 교차로안,승용,남,41세,상해없음,승용,남,52세,중상
2012091700100411,2012년 9월 17일 18시,월요일,경상남도 김해시 불암동,경상사고,0,0,1,0,차대차 - 기타,차로위반,건조,흐림,단일로 - 기타,승용,남,38세,상해없음,승합,남,45세,상해없음
2012091700100412,2012년 9월 17일 18시,월요일,경상남도 거제시 연초면,중상사고,0,1,0,0,차대사람 - 횡단중,안전운전불이행,건조,맑음,단일로 - 교량,이륜,남,26세,상해없음,보행자,남,6세,중상
2012091700100448,2012년 9월 17일 19시,월요일,경상남도 창원시 진해구 용원동,경상사고,0,0,1,0,차대사람 - 횡단중,보행자보호의무위반,건조,맑음,교차로 - 교차로부근,승용,남,60세,상해없음,보행자,남,30세,경상
2012091700100449,2012년 9월 17일 19시,월요일,경상남도 창녕군 영산면,사망사고,1,0,0,0,차량단독 - 전도전복,안전운전불이행,습기,흐림,단일로 - 기타,승용,여,57세,사망,,,,
2012091700100450,2012년 9월 17일 19시,월요일,경상남도 창원시 성산구 대방동,경상사고,0,0,1,0,차대차 - 기타,신호위반,건조,맑음,교차로 - 교차로안,승용,남,32세,상해없음,이륜,남,18세,경상
2012091700100490,2012년 9월 17일 20시,월요일,경상남도 창원시 마산합포구 성호동,중상사고,0,1,0,0,차대사람 - 차도통행중,안전운전불이행,습기,맑음,교차로 - 교차로안,승용,남,59세,상해없음,보행자,남,47세,중상
2012091700100491,2012년 9월 17일 20시,월요일,경상남도 창원시 진해구 석동,경상사고,0,0,1,0,차대차 - 측면직각충돌,안전운전불이행,건조,맑음,교차로 - 교차로부근,화물,남,47세,상해없음,승용,여,48세,경상
2012091700100492,2012년 9월 17일 20시,월요일,경상남도 통영시 무전동,경상사고,0,0,1,0,차대차 - 측면직각충돌,교차로운행방법위반,건조,맑음,교차로 - 교차로안,승용,남,50세,상해없음,원동기,남,17세,경상
2012091700100493,2012년 9월 17일 20시,월요일,경상남도 밀양시 가곡동,중상사고,0,1,0,0,차대사람 - 횡단중,안전운전불이행,건조,맑음,교차로 - 교차로안,화물,남,41세,상해없음,보행자,여,81세,중상
2012091700100521,2012년 9월 17일 21시,월요일,경상남도 창원시 성산구 내동,경상사고,0,0,1,0,차대차 - 기타,안전운전불이행,건조,맑음,교차로 - 교차로부근,승합,남,43세,상해없음,승용,남,53세,상해없음
2012091800100043,2012년 9월 18일 02시,화요일,경상남도 창원시 의창구 도계동,경상사고,0,0,1,0,차량단독 - 공작물충돌,안전운전불이행,건조,맑음,단일로 - 기타,승용,남,23세,상해없음,,,,
2012091800100055,2012년 9월 18일 03시,화요일,경상남도 함양군 수동면,중상사고,0,1,0,0,차량단독 - 공작물충돌,안전운전불이행,습기,비,단일로 - 기타,승용,남,46세,상해없음,,,,
2012091800100063,2012년 9월 18일 04시,화요일,경상남도 창원시 마산합포구 서성동,중상사고,0,1,1,0,차대차 - 추돌 - 진행중,안전운전불이행,건조,맑음,교차로 - 교차로부근,화물,남,55세,기타불명,승용,여,35세,경상
2012091800100088,2012년 9월 18일 06시,화요일,경상남도 창원시 의창구 대산면,중상사고,0,1,0,0,차대사람 - 기타,안전운전불이행,건조,맑음,교차로 - 교차로안,승용,남,69세,상해없음,보행자,여,77세,중상
2012091800100112,2012년 9월 18일 07시,화요일,경상남도 김해시 불암동,사망사고,1,2,0,0,차대차 - 추돌 - 주정차중,안전운전불이행,건조,맑음,단일로 - 기타,화물,남,50세,상해없음,화물,남,70세,중상
2012091800100113,2012년 9월 18일 07시,화요일,경상남도 창원시 의창구 신월동,중상사고,0,1,1,0,차대차 - 기타,신호위반,건조,맑음,교차로 - 교차로부근,승용,남,40세,경상,승용,여,22세,중상
2012091800100171,2012년 9월 18일 09시,화요일,경상남도 양산시 상북면,경상사고,0,0,1,0,차대차 - 기타,안전거리미확보,건조,맑음,단일로 - 기타,화물,남,37세,상해없음,화물,남,44세,경상
2012091800100172,2012년 9월 18일 09시,화요일,경상남도 거제시 고현동,중상사고,0,1,0,0,차대차 - 측면직각충돌,안전운전불이행,건조,맑음,단일로 - 기타,승용,여,37세,상해없음,원동기,여,38세,중상
2012091800100203,2012년 9월 18일 10시,화요일,경상남도 거제시 장평동,경상사고,0,0,1,0,차대차 - 추돌 - 진행중,안전운전불이행,건조,맑음,단일로 - 기타,승용,여,31세,상해없음,승용,남,44세,경상
2012091800100260,2012년 9월 18일 12시,화요일,경상남도 거창군 거창읍,중상사고,0,1,0,0,차대차 - 측면직각충돌,교차로운행방법위반,건조,맑음,교차로 - 교차로안,승용,여,52세,상해없음,원동기,남,47세,중상
2012091800100261,2012년 9월 18일 12시,화요일,경상남도 창녕군 대합면,경상사고,0,0,1,0,차대차 - 추돌 - 진행중,안전운전불이행,건조,맑음,교차로 - 교차로안,원동기,남,53세,경상,화물,남,44세,상해없음
2012091800100291,2012년 9월 18일 13시,화요일,경상남도 창원시 진해구 자은동,경상사고,0,0,1,0,차대차 - 측면직각충돌,안전운전불이행,건조,맑음,교차로 - 교차로부근,승용,남,48세,상해없음,원동기,남,69세,경상
2012091800100292,2012년 9월 18일 13시,화요일,경상남도 김해시 외동,중상사고,0,1,0,0,차대차 - 측면직각충돌,안전운전불이행,건조,맑음,교차로 - 교차로안,승용,남,30세,상해없음,이륜,남,38세,중상
2012091800100293,2012년 9월 18일 13시,화요일,경상남도 창녕군 창녕읍,경상사고,0,0,1,0,차대차 - 측면직각충돌,교차로운행방법위반,건조,맑음,교차로 - 교차로안,승용,여,38세,상해없음,화물,남,68세,경상
2012091800100294,2012년 9월 18일 13시,화요일,경상남도 고성군 거류면,사망사고,1,1,0,0,차대차 - 측면직각충돌,교차로운행방법위반,건조,맑음,교차로 - 교차로안,원동기,남,81세,사망,화물,남,67세,상해없음
2012091800100322,2012년 9월 18일 14시,화요일,경상남도 창녕군 고암면,사망사고,1,0,0,0,차대차 - 추돌 - 진행중,안전운전불이행,건조,맑음,단일로 - 기타,화물,남,32세,상해없음,농기계,남,74세,사망
2012091800100323,2012년 9월 18일 14시,화요일,경상남도 양산시 상북면,중상사고,0,2,0,0,차대차 - 기타,중앙선침범,건조,맑음,단일로 - 기타,승용,남,29세,중상,화물,남,47세,중상
2012091800100324,2012년 9월 18일 14시,화요일,경상남도 양산시 동면,경상사고,0,0,1,0,차대차 - 측면직각충돌,차로위반,건조,맑음,교차로 - 교차로안,승용,남,51세,상해없음,승용,남,52세,경상
2012091800100325,2012년 9월 18일 14시,화요일,경상남도 김해시 진영읍,경상사고,0,0,1,0,차대차 - 기타,신호위반,건조,맑음,교차로 - 교차로안,승합,남,64세,상해없음,화물,남,45세,경상
2012091800100326,2012년 9월 18일 14시,화요일,경상남도 고성군 대가면,경상사고,0,0,1,0,차대차 - 측면직각충돌,차로위반,건조,맑음,단일로 - 기타,승용,남,57세,상해없음,승용,남,64세,경상
2012091800100360,2012년 9월 18일 15시,화요일,경상남도 창녕군 계성면,경상사고,0,0,1,0,차대차 - 측면직각충돌,안전운전불이행,건조,맑음,교차로 - 교차로안,승용,남,73세,경상,화물,남,53세,상해없음
2012091800100361,2012년 9월 18일 15시,화요일,경상남도 남해군 고현면,부상신고사고,0,0,0,1,차대차 - 기타,직진우회전진행방해,건조,맑음,교차로 - 교차로안,승용,여,44세,부상신고,승용,남,64세,상해없음
2012091800100404,2012년 9월 18일 16시,화요일,경상남도 양산시 중부동,중상사고,0,1,0,0,차대사람 - 기타,안전운전불이행,건조,맑음,기타 - 기타,기타불명,기타불명,기타불명,기타불명,보행자,여,72세,중상
2012091800100406,2012년 9월 18일 16시,화요일,경상남도 창원시 마산회원구 합성동,중상사고,0,1,0,0,차대사람 - 기타,안전운전불이행,건조,맑음,기타 - 기타,승용,여,23세,상해없음,보행자,여,25세,중상
2012091800100437,2012년 9월 18일 17시,화요일,경상남도 거제시 아주동,중상사고,0,1,0,0,차대차 - 추돌 - 진행중,안전운전불이행,건조,맑음,단일로 - 기타,승용,남,48세,상해없음,승용,여,53세,중상
2012091800100438,2012년 9월 18일 17시,화요일,경상남도 창원시 의창구 소답동,경상사고,0,0,1,0,차대차 - 기타,안전운전불이행,건조,맑음,단일로 - 기타,승용,남,55세,상해없음,승용,남,69세,경상
2012091800100483,2012년 9월 18일 18시,화요일,경상남도 창원시 진해구 용원동,중상사고,0,1,0,0,차대차 - 측면직각충돌,교차로운행방법위반,건조,맑음,교차로 - 교차로안,승용,남,65세,상해없음,원동기,여,33세,중상
2012091800100484,2012년 9월 18일 18시,화요일,경상남도 밀양시 부북면,중상사고,0,2,0,0,차대차 - 측면직각충돌,교차로운행방법위반,건조,맑음,교차로 - 교차로안,이륜,남,46세,상해없음,승용,남,66세,중상
2012091800100527,2012년 9월 18일 19시,화요일,경상남도 거창군 거창읍,중상사고,0,1,0,0,차대차 - 추돌 - 주정차중,교차로운행방법위반,건조,맑음,교차로 - 교차로안,승용,여,37세,상해없음,이륜,남,64세,중상
2012091800100528,2012년 9월 18일 19시,화요일,경상남도 하동군 진교면,중상사고,0,1,0,0,차대차 - 기타,안전운전불이행,건조,맑음,단일로 - 기타,기타불명,기타불명,기타불명,기타불명,승용,남,31세,중상
2012091800100575,2012년 9월 18일 20시,화요일,경상남도 진주시 장재동,중상사고,0,1,1,0,차대차 - 측면직각충돌,중앙선침범,건조,맑음,교차로 - 교차로부근,화물,남,54세,중상,화물,남,71세,경상
2012091800100576,2012년 9월 18일 20시,화요일,경상남도 창원시 성산구 웅남동,중상사고,0,1,0,0,차대차 - 기타,신호위반,기타,맑음,교차로 - 교차로안,이륜,남,35세,중상,승용,남,52세,상해없음
2012091800100577,2012년 9월 18일 20시,화요일,경상남도 창원시 의창구 동읍,경상사고,0,0,1,0,차대차 - 기타,안전거리미확보,건조,맑음,교차로 - 교차로부근,화물,남,36세,상해없음,승용,남,45세,경상
2012091800100614,2012년 9월 18일 21시,화요일,경상남도 진주시 이현동,중상사고,0,1,0,0,차대사람 - 횡단중,안전운전불이행,건조,맑음,단일로 - 기타,화물,남,45세,상해없음,보행자,여,44세,중상
2012091800100615,2012년 9월 18일 21시,화요일,경상남도 창원시 의창구 봉곡동,중상사고,0,1,0,0,차량단독 - 기타,안전운전불이행,건조,맑음,단일로 - 기타,승합,남,51세,상해없음,,,,
2012091800100642,2012년 9월 18일 22시,화요일,경상남도 양산시 소주동,경상사고,0,0,1,0,차대사람 - 횡단중,안전운전불이행,건조,맑음,교차로 - 교차로안,승용,남,30세,상해없음,보행자,남,28세,경상
2012091800100643,2012년 9월 18일 22시,화요일,경상남도 거제시 고현동,부상신고사고,0,0,0,1,차대차 - 측면직각충돌,신호위반,건조,맑음,교차로 - 교차로부근,기타불명,기타불명,기타불명,기타불명,자전거,남,16세,부상신고
2012091900100085,2012년 9월 19일 06시,수요일,경상남도 거제시 두모동,경상사고,0,0,1,0,차대차 - 측면직각충돌,안전운전불이행,기타,맑음,기타 - 기타,승용,남,48세,상해없음,승용,남,50세,경상
2012091900100099,2012년 9월 19일 07시,수요일,경상남도 통영시 광도면,중상사고,0,1,0,0,차대차 - 정면충돌,중앙선침범,건조,맑음,교차로 - 교차로부근,자전거,남,39세,중상,승용,남,29세,상해없음
2012091900100100,2012년 9월 19일 07시,수요일,경상남도 양산시 동면,중상사고,0,1,2,0,차대차 - 추돌 - 주정차중,안전거리미확보,건조,맑음,단일로 - 기타,승용,남,58세,경상,승용,여,32세,상해없음
2012091900100101,2012년 9월 19일 07시,수요일,경상남도 창원시 의창구 팔용동,경상사고,0,0,1,0,차대사람 - 기타,안전운전불이행,건조,맑음,교차로 - 교차로안,화물,남,57세,상해없음,보행자,남,63세,경상
2012091900100135,2012년 9월 19일 08시,수요일,경상남도 창원시 진해구 석동,경상사고,0,0,2,0,차대차 - 추돌 - 주정차중,안전운전불이행,건조,맑음,교차로 - 교차로부근,승용,남,41세,상해없음,승용,남,60세,상해없음
2012091900100136,2012년 9월 19일 08시,수요일,경상남도 양산시 신기동,중상사고,0,1,1,0,차대차 - 기타,신호위반,건조,맑음,교차로 - 교차로안,승합,남,52세,상해없음,승용,여,42세,경상
2012091900100162,2012년 9월 19일 09시,수요일,경상남도 사천시 벌리동,부상신고사고,0,0,0,2,차대사람 - 횡단중,안전운전불이행,건조,맑음,단일로 - 기타,이륜,남,56세,부상신고,보행자,남,70세,부상신고
2012091900100163,2012년 9월 19일 09시,수요일,경상남도 사천시 사천읍,경상사고,0,0,2,0,차대차 - 측면직각충돌,교차로운행방법위반,건조,맑음,교차로 - 교차로안,승용,여,44세,경상,승용,여,44세,경상
2012091900100200,2012년 9월 19일 11시,수요일,경상남도 창원시 마산합포구 산호동,경상사고,0,0,1,0,차대차 - 측면직각충돌,안전운전불이행,건조,맑음,기타 - 기타,승용,남,58세,상해없음,승용,남,36세,경상
2012091900100201,2012년 9월 19일 11시,수요일,경상남도 김해시 진영읍,중상사고,0,2,0,0,차대차 - 측면직각충돌,신호위반,건조,맑음,교차로 - 교차로안,승용,남,78세,상해없음,승용,여,58세,중상
2012091900100223,2012년 9월 19일 12시,수요일,경상남도 진주시 상대동,경상사고,0,0,1,0,차대차 - 측면직각충돌,직진우회전진행방해,건조,맑음,교차로 - 교차로안,승용,남,25세,상해없음,자전거,남,59세,경상
2012091900100224,2012년 9월 19일 12시,수요일,경상남도 통영시 도산면,경상사고,0,0,1,0,차대차 - 추돌 - 진행중,안전운전불이행,건조,맑음,교차로 - 교차로안,화물,남,32세,상해없음,승용,남,63세,경상
2012091900100225,2012년 9월 19일 12시,수요일,경상남도 사천시 서포면,중상사고,0,1,0,0,차대차 - 측면직각충돌,안전운전불이행,건조,맑음,단일로 - 기타,화물,남,48세,상해없음,화물,남,67세,중상
2012091900100226,2012년 9월 19일 12시,수요일,경상남도 김해시 내동,중상사고,0,1,0,0,차대차 - 측면직각충돌,신호위반,건조,맑음,교차로 - 교차로안,원동기,남,26세,중상,승용,여,35세,상해없음
2012091900100227,2012년 9월 19일 12시,수요일,경상남도 김해시 주촌면,중상사고,0,1,1,0,차대차 - 추돌 - 진행중,안전거리미확보,건조,맑음,교차로 - 교차로부근,승용,남,32세,상해없음,승용,여,52세,중상
2012091900100228,2012년 9월 19일 12시,수요일,경상남도 김해시 한림면,경상사고,0,0,1,0,차대차 - 추돌 - 진행중,안전운전불이행,건조,맑음,단일로 - 기타,화물,남,23세,상해없음,특수,남,51세,경상
2012091900100251,2012년 9월 19일 13시,수요일,경상남도 진주시 수정동,중상사고,0,1,0,0,차대차 - 측면직각충돌,차로위반,건조,맑음,단일로 - 기타,승용,남,63세,상해없음,승용,남,39세,중상
2012091900100252,2012년 9월 19일 13시,수요일,경상남도 거창군 고제면,중상사고,0,1,0,0,차대차 - 정면충돌,안전운전불이행,건조,맑음,단일로 - 기타,승용,남,59세,상해없음,이륜,남,60세,중상
2012091900100307,2012년 9월 19일 15시,수요일,경상남도 창녕군 창녕읍,경상사고,0,0,1,0,차대차 - 측면직각충돌,안전운전불이행,건조,맑음,교차로 - 교차로안,승용,여,42세,상해없음,승용,남,73세,경상
2012091900100308,2012년 9월 19일 15시,수요일,경상남도 함양군 함양읍,부상신고사고,0,0,0,1,차대차 - 측면직각충돌,교차로운행방법위반,건조,맑음,교차로 - 교차로안,원동기,여,54세,부상신고,승합,남,55세,상해없음
2012091900100309,2012년 9월 19일 15시,수요일,경상남도 창원시 마산회원구 양덕동,중상사고,0,1,0,0,차대차 - 기타,안전운전불이행,건조,맑음,단일로 - 기타,화물,남,31세,상해없음,이륜,남,57세,중상
2012091900100337,2012년 9월 19일 16시,수요일,경상남도 창원시 마산합포구 자산동,경상사고,0,0,1,0,차대사람 - 횡단중,보행자보호의무위반,건조,맑음,교차로 - 교차로안,승용,여,37세,상해없음,보행자,여,7세,경상
2012091900100338,2012년 9월 19일 16시,수요일,경상남도 진주시 상대동,중상사고,0,1,0,0,차대차 - 추돌 - 진행중,안전거리미확보,건조,맑음,단일로 - 기타,승용,여,36세,상해없음,이륜,남,73세,중상
2012091900100379,2012년 9월 19일 17시,수요일,경상남도 밀양시 내일동,중상사고,0,1,0,0,차대차 - 측면직각충돌,안전운전불이행,건조,맑음,교차로 - 교차로안,승용,남,39세,상해없음,이륜,남,79세,중상
2012091900100380,2012년 9월 19일 17시,수요일,경상남도 창녕군 이방면,중상사고,0,1,0,0,차대차 - 측면직각충돌,안전운전불이행,건조,맑음,교차로 - 교차로안,원동기,여,72세,중상,승용,남,54세,상해없음
2012091900100381,2012년 9월 19일 17시,수요일,경상남도 창원시 마산회원구 합성동,중상사고,0,1,0,0,차대사람 - 횡단중,안전운전불이행,건조,맑음,단일로 - 기타,화물,남,51세,상해없음,보행자,여,9세,중상
2012091900100425,2012년 9월 19일 18시,수요일,경상남도 창원시 마산합포구 자산동,부상신고사고,0,0,0,1,차대차 - 추돌 - 주정차중,안전운전불이행,건조,맑음,기타 - 기타,승용,남,54세,상해없음,승용,남,33세,부상신고
2012091900100426,2012년 9월 19일 18시,수요일,경상남도 창원시 진해구 풍호동,경상사고,0,0,2,0,차대차 - 추돌 - 진행중,안전운전불이행,건조,맑음,단일로 - 기타,원동기,남,54세,상해없음,승용,여,28세,경상
2012091900100427,2012년 9월 19일 18시,수요일,경상남도 양산시 삼호동,사망사고,1,0,0,0,차대사람 - 횡단중,안전운전불이행,건조,맑음,교차로 - 교차로안,승합,남,57세,상해없음,보행자,여,5세,사망
2012091900100428,2012년 9월 19일 18시,수요일,경상남도 창원시 마산회원구 내서읍,경상사고,0,0,1,0,차대차 - 기타,안전운전불이행,건조,맑음,교차로 - 교차로부근,건설기계,남,56세,상해없음,승용,여,44세,경상
2012091900100473,2012년 9월 19일 19시,수요일,경상남도 진주시 칠암동,중상사고,0,3,0,0,차대차 - 추돌 - 주정차중,안전거리미확보,건조,맑음,단일로 - 기타,화물,남,32세,상해없음,승용,남,53세,중상
2012091900100474,2012년 9월 19일 19시,수요일,경상남도 김해시 어방동,경상사고,0,0,1,0,차대차 - 측면직각충돌,안전운전불이행,건조,맑음,단일로 - 기타,승용,여,27세,상해없음,승용,남,51세,경상
2012091900100475,2012년 9월 19일 19시,수요일,경상남도 하동군 북천면,사망사고,1,0,0,0,차대사람 - 횡단중,안전운전불이행,건조,맑음,단일로 - 기타,화물,남,74세,상해없음,보행자,여,65세,사망
2012091900100476,2012년 9월 19일 19시,수요일,경상남도 창원시 성산구 성산동,경상사고,0,0,1,0,차대차 - 기타,안전운전불이행,건조,맑음,단일로 - 기타,승합,남,54세,상해없음,승용,여,39세,경상
2012091900100526,2012년 9월 19일 21시,수요일,경상남도 진주시 망경동,중상사고,0,1,0,0,차대사람 - 횡단중,보행자보호의무위반,건조,맑음,단일로 - 횡단보도상,승용,남,30세,상해없음,보행자,여,76세,중상
2012091900100527,2012년 9월 19일 21시,수요일,경상남도 고성군 마암면,경상사고,0,0,1,0,차대차 - 추돌 - 주정차중,안전운전불이행,건조,맑음,단일로 - 기타,승용,여,50세,상해없음,화물,남,45세,기타불명
2012091900100528,2012년 9월 19일 21시,수요일,경상남도 창원시 마산합포구 산호동,경상사고,0,0,1,0,차대차 - 추돌 - 주정차중,안전운전불이행,건조,맑음,단일로 - 기타,승용,여,18세,상해없음,승용,여,39세,경상
2012091900100581,2012년 9월 19일 23시,수요일,경상남도 양산시 평산동,중상사고,0,1,1,0,차대차 - 측면직각충돌,신호위반,건조,맑음,교차로 - 교차로안,화물,남,56세,기타불명,승용,남,40세,중상
2012091900100582,2012년 9월 19일 23시,수요일,경상남도 양산시 다방동,중상사고,0,1,0,0,차대사람 - 횡단중,안전운전불이행,건조,맑음,교차로 - 교차로안,승용,여,71세,상해없음,보행자,여,66세,중상
2012091900100583,2012년 9월 19일 23시,수요일,경상남도 양산시 북부동,중상사고,0,1,0,0,차대사람 - 횡단중,안전운전불이행,건조,맑음,단일로 - 기타,승용,남,34세,상해없음,보행자,여,20세,중상
2012091900100584,2012년 9월 19일 23시,수요일,경상남도 거제시 고현동,중상사고,0,1,0,0,차대사람 - 횡단중,신호위반,건조,맑음,교차로 - 교차로안,승용,남,53세,상해없음,보행자,남,40세,중상
2012092000100029,2012년 9월 20일 01시,목요일,경상남도 김해시 동상동,중상사고,0,1,0,0,차대사람 - 횡단중,안전운전불이행,건조,맑음,교차로 - 교차로안,승용,남,31세,상해없음,보행자,남,48세,중상
2012092000100048,2012년 9월 20일 02시,목요일,경상남도 통영시 북신동,경상사고,0,0,1,0,차대사람 - 횡단중,안전운전불이행,건조,맑음,단일로 - 기타,승용,남,30세,상해없음,보행자,남,50세,경상
2012092000100065,2012년 9월 20일 04시,목요일,경상남도 창원시 마산합포구 교방동,중상사고,0,1,0,0,차대차 - 추돌 - 주정차중,안전운전불이행,건조,맑음,교차로 - 교차로부근,승용,남,51세,중상,승합,남,73세,기타불명
2012092000100093,2012년 9월 20일 06시,목요일,경상남도 거제시 사등면,중상사고,0,10,2,0,차대차 - 추돌 - 주정차중,안전운전불이행,기타,맑음,단일로 - 기타,승합,남,54세,상해없음,승합,남,50세,중상
2012092000100094,2012년 9월 20일 06시,목요일,경상남도 거제시 사등면,중상사고,0,1,0,0,차대차 - 추돌 - 진행중,안전운전불이행,건조,맑음,단일로 - 기타,승용,남,46세,상해없음,승용,여,43세,중상
2012092000100123,2012년 9월 20일 07시,목요일,경상남도 거창군 위천면,중상사고,0,1,0,0,차대차 - 정면충돌,중앙선침범,건조,맑음,교차로 - 교차로부근,승용,남,45세,상해없음,원동기,남,41세,중상
2012092000100158,2012년 9월 20일 08시,목요일,경상남도 김해시 동상동,중상사고,0,1,0,0,차대사람 - 횡단중,안전운전불이행,건조,맑음,단일로 - 기타,승용,남,39세,상해없음,보행자,남,53세,중상
2012092000100187,2012년 9월 20일 09시,목요일,경상남도 진주시 문산읍,부상신고사고,0,0,0,1,차량단독 - 공작물충돌,안전운전불이행,건조,맑음,단일로 - 교량,승용,남,68세,부상신고,,,,
2012092000100188,2012년 9월 20일 09시,목요일,경상남도 합천군 초계면,중상사고,0,1,0,0,차대차 - 측면직각충돌,교차로운행방법위반,건조,맑음,교차로 - 교차로안,승용,남,33세,상해없음,원동기,남,73세,중상
2012092000100189,2012년 9월 20일 09시,목요일,경상남도 함안군 법수면,부상신고사고,0,0,0,1,차대차 - 측면직각충돌,안전운전불이행,건조,맑음,교차로 - 교차로안,승합,남,53세,상해없음,승용,여,72세,부상신고
2012092000100210,2012년 9월 20일 10시,목요일,경상남도 거창군 거창읍,경상사고,0,0,1,0,차대차 - 측면직각충돌,교차로운행방법위반,건조,맑음,교차로 - 교차로안,승용,여,52세,상해없음,승용,여,56세,경상
2012092000100211,2012년 9월 20일 10시,목요일,경상남도 거제시 거제면,경상사고,0,0,1,0,차대차 - 추돌 - 진행중,안전운전불이행,건조,맑음,기타 - 기타,화물,남,54세,상해없음,이륜,남,21세,경상
2012092000100212,2012년 9월 20일 10시,목요일,경상남도 창원시 마산회원구 내서읍,경상사고,0,0,1,0,차대차 - 측면직각충돌,안전운전불이행,건조,맑음,교차로 - 교차로안,화물,남,51세,상해없음,승용,남,42세,경상
2012092000100234,2012년 9월 20일 11시,목요일,경상남도 진주시 문산읍,중상사고,0,1,0,0,차대사람 - 기타,안전운전불이행,건조,맑음,기타 - 기타,승용,남,42세,상해없음,보행자,여,84세,중상
2012092000100235,2012년 9월 20일 11시,목요일,경상남도 창원시 진해구 이동,중상사고,0,1,0,0,차대사람 - 기타,안전운전불이행,건조,맑음,단일로 - 기타,승용,여,44세,상해없음,보행자,여,52세,중상
2012092000100236,2012년 9월 20일 11시,목요일,경상남도 김해시 봉황동,중상사고,0,1,0,0,차대차 - 측면직각충돌,교차로운행방법위반,건조,맑음,교차로 - 교차로안,승용,남,30세,상해없음,승용,여,59세,중상
2012092000100237,2012년 9월 20일 11시,목요일,경상남도 양산시 다방동,중상사고,0,1,0,0,차대사람 - 횡단중,보행자보호의무위반,건조,맑음,교차로 - 교차로부근,건설기계,남,47세,상해없음,보행자,여,71세,중상
2012092000100238,2012년 9월 20일 11시,목요일,경상남도 하동군 하동읍,경상사고,0,0,1,0,차대차 - 추돌 - 주정차중,안전운전불이행,건조,맑음,단일로 - 기타,화물,남,26세,상해없음,승용,남,59세,경상
2012092000100283,2012년 9월 20일 13시,목요일,경상남도 진주시 수정동,중상사고,0,1,0,0,차대차 - 추돌 - 진행중,안전운전불이행,건조,맑음,단일로 - 기타,원동기,여,44세,상해없음,자전거,여,58세,중상
2012092000100284,2012년 9월 20일 13시,목요일,경상남도 함양군 함양읍,경상사고,0,0,2,0,차대차 - 추돌 - 진행중,안전운전불이행,건조,맑음,교차로 - 교차로부근,승용,남,34세,상해없음,승용,남,46세,경상
2012092000100318,2012년 9월 20일 14시,목요일,경상남도 진주시 문산읍,중상사고,0,1,0,0,차대사람 - 기타,기타,건조,맑음,단일로 - 기타,승합,남,51세,상해없음,보행자,여,73세,중상
2012092000100378,2012년 9월 20일 16시,목요일,경상남도 창원시 마산회원구 회원동,중상사고,0,1,0,0,차대사람 - 기타,안전운전불이행,건조,맑음,교차로 - 교차로부근,화물,남,48세,상해없음,보행자,여,82세,중상
2012092000100379,2012년 9월 20일 16시,목요일,경상남도 김해시 장유면,중상사고,0,1,0,0,차대차 - 측면직각충돌,직진우회전진행방해,건조,맑음,교차로 - 교차로안,승용,여,60세,상해없음,승용,남,31세,중상
2012092000100407,2012년 9월 20일 17시,목요일,경상남도 진주시 상대동,경상사고,0,0,1,0,차대사람 - 횡단중,안전운전불이행,건조,맑음,단일로 - 기타,화물,남,55세,상해없음,보행자,남,8세,경상
2012092000100408,2012년 9월 20일 17시,목요일,경상남도 밀양시 삼랑진읍,중상사고,0,2,0,0,차대차 - 측면직각충돌,교차로운행방법위반,건조,맑음,교차로 - 교차로안,승용,여,40세,상해없음,이륜,남,76세,중상
2012092000100409,2012년 9월 20일 17시,목요일,경상남도 거창군 거창읍,중상사고,0,1,0,0,차대사람 - 길가장자리구역통행중,안전운전불이행,건조,맑음,단일로 - 기타,화물,기타불명,기타불명,기타불명,보행자,여,77세,중상
2012092000100410,2012년 9월 20일 17시,목요일,경상남도 남해군 남면,사망사고,1,0,0,0,차대차 - 기타,안전운전불이행,건조,맑음,교차로 - 교차로안,농기계,남,53세,사망,농기계,남,40세,기타불명
2012092000100411,2012년 9월 20일 17시,목요일,경상남도 남해군 남해읍,중상사고,0,1,2,0,차대차 - 기타,교차로운행방법위반,건조,맑음,교차로 - 교차로안,화물,남,63세,상해없음,승용,남,42세,경상
2012092000100463,2012년 9월 20일 18시,목요일,경상남도 통영시 중앙동,경상사고,0,0,1,0,차대사람 - 기타,안전운전불이행,건조,맑음,단일로 - 기타,승용,여,30세,상해없음,보행자,남,7세,경상
2012092000100464,2012년 9월 20일 18시,목요일,경상남도 거창군 거창읍,중상사고,0,1,1,0,차대차 - 측면직각충돌,교차로운행방법위반,건조,맑음,교차로 - 교차로안,승용,여,24세,상해없음,자전거,남,13세,중상