사고번호,사고일시,요일,시군구,사고내용,사망자수,중상자수,경상자수,부상신고자수,사고유형,법규위반,노면상태,기상상태,도로형태,가해운전자 차종,가해운전자 성별,가해운전자 연령,가해운전자 상해정도,피해운전자 차종,피해운전자 성별,피해운전자 연령,피해운전자 상해정도
2012092000100465,2012년 9월 20일 18시,목요일,경상남도 창원시 성산구 대방동,중상사고,0,1,0,0,차대사람 - 횡단중,보행자보호의무위반,건조,맑음,교차로 - 교차로부근,승용,남,56세,상해없음,보행자,여,54세,중상
2012092000100506,2012년 9월 20일 19시,목요일,경상남도 밀양시 가곡동,경상사고,0,0,1,0,차대차 - 추돌 - 진행중,안전거리미확보,건조,맑음,단일로 - 기타,승용,남,53세,상해없음,승용,여,53세,경상
2012092000100507,2012년 9월 20일 19시,목요일,경상남도 거제시 덕포동,중상사고,0,1,0,0,차대차 - 기타,안전운전불이행,건조,맑음,교차로 - 교차로안,승용,남,29세,상해없음,자전거,남,25세,중상
2012092000100508,2012년 9월 20일 19시,목요일,경상남도 창원시 마산회원구 내서읍,경상사고,0,0,5,0,차대차 - 측면직각충돌,안전운전불이행,건조,맑음,교차로 - 교차로안,화물,남,44세,상해없음,승용,남,49세,경상
2012092000100548,2012년 9월 20일 20시,목요일,경상남도 사천시 사천읍,경상사고,0,0,1,0,차대차 - 추돌 - 주정차중,안전운전불이행,건조,맑음,교차로 - 교차로부근,승용,여,43세,상해없음,승용,여,50세,상해없음
2012092000100549,2012년 9월 20일 20시,목요일,경상남도 김해시 삼방동,경상사고,0,0,2,0,차대차 - 추돌 - 주정차중,안전운전불이행,건조,맑음,단일로 - 기타,승용,남,50세,상해없음,승용,남,47세,기타불명
2012092000100550,2012년 9월 20일 20시,목요일,경상남도 양산시 북정동,경상사고,0,0,1,0,차대차 - 기타,교차로운행방법위반,건조,맑음,교차로 - 교차로안,승용,남,23세,상해없음,승용,여,48세,경상
2012092000100590,2012년 9월 20일 21시,목요일,경상남도 창원시 마산합포구 구산면,경상사고,0,0,2,0,차대차 - 정면충돌,중앙선침범,건조,맑음,단일로 - 기타,승용,남,59세,상해없음,승용,남,25세,경상
2012092000100591,2012년 9월 20일 21시,목요일,경상남도 창원시 진해구 석동,중상사고,0,1,0,0,차대차 - 기타,교차로운행방법위반,건조,맑음,교차로 - 교차로안,승용,남,48세,상해없음,원동기,남,36세,중상
2012092000100592,2012년 9월 20일 21시,목요일,경상남도 거제시 아주동,중상사고,0,1,0,0,차대사람 - 횡단중,안전운전불이행,건조,맑음,단일로 - 기타,승용,남,30세,상해없음,보행자,남,32세,중상
2012092000100593,2012년 9월 20일 21시,목요일,경상남도 거제시 고현동,중상사고,0,1,2,0,차대차 - 측면직각충돌,안전운전불이행,건조,맑음,교차로 - 교차로부근,승용,남,47세,상해없음,승용,남,54세,경상
2012092000100594,2012년 9월 20일 21시,목요일,경상남도 거제시 장평동,경상사고,0,0,1,0,차대사람 - 기타,안전운전불이행,건조,맑음,교차로 - 교차로부근,승용,남,28세,상해없음,보행자,여,28세,경상
2012092000100595,2012년 9월 20일 21시,목요일,경상남도 창원시 마산회원구 석전동,중상사고,0,1,1,0,차대차 - 추돌 - 주정차중,안전운전불이행,건조,맑음,교차로 - 교차로부근,화물,남,43세,상해없음,승용,남,57세,경상
2012092000100596,2012년 9월 20일 21시,목요일,경상남도 김해시 장유면,경상사고,0,0,1,0,차대사람 - 보도통행중,보행자보호의무위반,건조,맑음,교차로 - 교차로안,승용,여,44세,상해없음,보행자,남,30세,경상
2012092000100655,2012년 9월 20일 23시,목요일,경상남도 통영시 무전동,경상사고,0,0,1,0,차대차 - 측면직각충돌,교차로운행방법위반,건조,맑음,교차로 - 교차로안,승용,남,48세,경상,승용,남,37세,상해없음
2012092000100656,2012년 9월 20일 23시,목요일,경상남도 양산시 산막동,경상사고,0,0,1,0,차대차 - 추돌 - 주정차중,안전거리미확보,건조,맑음,교차로 - 교차로부근,승용,여,57세,상해없음,승용,여,42세,상해없음
2012092100100013,2012년 9월 21일 00시,금요일,경상남도 거제시 장평동,경상사고,0,0,1,0,차대사람 - 기타,안전운전불이행,건조,맑음,단일로 - 기타,승용,남,31세,기타불명,보행자,남,45세,경상
2012092100100032,2012년 9월 21일 01시,금요일,경상남도 창원시 의창구 팔용동,경상사고,0,0,1,0,차대사람 - 길가장자리구역통행중,안전운전불이행,건조,맑음,교차로 - 교차로안,승용,남,54세,상해없음,보행자,남,27세,경상
2012092100100043,2012년 9월 21일 02시,금요일,경상남도 거제시 장평동,경상사고,0,0,1,0,차대차 - 측면직각충돌,중앙선침범,건조,맑음,단일로 - 기타,승용,남,43세,상해없음,승용,남,36세,경상
2012092100100066,2012년 9월 21일 04시,금요일,경상남도 고성군 거류면,중상사고,0,1,0,0,차대차 - 추돌 - 진행중,기타,건조,맑음,교차로 - 교차로안,승용,남,34세,상해없음,승용,여,43세,중상
2012092100100093,2012년 9월 21일 06시,금요일,경상남도 거제시 장목면,중상사고,0,1,0,0,차대차 - 기타,안전운전불이행,건조,맑음,단일로 - 기타,화물,남,67세,상해없음,자전거,남,60세,중상
2012092100100094,2012년 9월 21일 06시,금요일,경상남도 의령군 대의면,경상사고,0,0,1,0,차량단독 - 공작물충돌,안전운전불이행,습기,안개,단일로 - 기타,승용,남,74세,상해없음,,,,
2012092100100116,2012년 9월 21일 07시,금요일,경상남도 통영시 봉평동,경상사고,0,0,1,0,차대차 - 정면충돌,교차로운행방법위반,건조,맑음,교차로 - 교차로안,승용,남,50세,상해없음,자전거,남,60세,경상
2012092100100117,2012년 9월 21일 07시,금요일,경상남도 하동군 진교면,경상사고,0,0,1,0,차대차 - 기타,안전운전불이행,건조,맑음,교차로 - 교차로안,건설기계,남,55세,상해없음,특수,남,63세,경상
2012092100100151,2012년 9월 21일 08시,금요일,경상남도 통영시 광도면,경상사고,0,0,3,0,차대차 - 측면직각충돌,차로위반,건조,맑음,단일로 - 기타,승용,여,43세,상해없음,승용,여,29세,경상
2012092100100152,2012년 9월 21일 08시,금요일,경상남도 창원시 마산회원구 구암동,중상사고,0,1,0,0,차대사람 - 기타,안전운전불이행,건조,맑음,단일로 - 기타,화물,남,51세,상해없음,보행자,여,71세,중상
2012092100100181,2012년 9월 21일 09시,금요일,경상남도 창원시 마산합포구 중앙동1가,부상신고사고,0,0,0,1,차대차 - 측면직각충돌,안전운전불이행,건조,맑음,교차로 - 교차로안,원동기,남,67세,부상신고,승용,남,28세,상해없음
2012092100100182,2012년 9월 21일 09시,금요일,경상남도 창원시 마산회원구 내서읍,중상사고,0,1,0,0,차대사람 - 기타,안전운전불이행,건조,맑음,기타 - 기타,화물,남,49세,상해없음,보행자,남,52세,중상
2012092100100214,2012년 9월 21일 10시,금요일,경상남도 밀양시 내이동,중상사고,0,1,0,0,차대사람 - 횡단중,안전운전불이행,건조,맑음,단일로 - 기타,승용,남,52세,상해없음,보행자,남,46세,중상
2012092100100240,2012년 9월 21일 11시,금요일,경상남도 창원시 마산합포구 산호동,경상사고,0,0,1,3,차대차 - 측면직각충돌,안전운전불이행,건조,맑음,단일로 - 기타,승용,여,30세,상해없음,승용,남,49세,경상
2012092100100264,2012년 9월 21일 12시,금요일,경상남도 창원시 마산합포구 창동,중상사고,0,1,0,0,차대차 - 추돌 - 주정차중,교차로운행방법위반,건조,맑음,교차로 - 교차로안,승합,남,45세,상해없음,승용,여,59세,중상
2012092100100265,2012년 9월 21일 12시,금요일,경상남도 하동군 고전면,중상사고,0,1,0,0,차대사람 - 길가장자리구역통행중,안전운전불이행,건조,맑음,단일로 - 기타,승용,남,50세,상해없음,보행자,여,43세,중상
2012092100100297,2012년 9월 21일 13시,금요일,경상남도 창녕군 창녕읍,중상사고,0,1,0,0,차대차 - 기타,안전운전불이행,건조,맑음,단일로 - 기타,승용,남,52세,상해없음,원동기,남,79세,중상
2012092100100298,2012년 9월 21일 13시,금요일,경상남도 양산시 어곡동,중상사고,0,1,1,0,차대차 - 측면직각충돌,직진우회전진행방해,건조,맑음,교차로 - 교차로안,화물,남,64세,중상,화물,남,51세,경상
2012092100100327,2012년 9월 21일 14시,금요일,경상남도 남해군 창선면,사망사고,1,2,0,0,차량단독 - 도로외이탈 - 기타,안전운전불이행,건조,맑음,단일로 - 기타,승용,여,52세,중상,,,,
2012092100100356,2012년 9월 21일 15시,금요일,경상남도 거제시 능포동,부상신고사고,0,0,0,1,차대사람 - 기타,안전운전불이행,건조,맑음,단일로 - 기타,승합,여,48세,상해없음,보행자,남,68세,부상신고
2012092100100417,2012년 9월 21일 17시,금요일,경상남도 사천시 벌리동,경상사고,0,0,1,0,차대차 - 기타,안전운전불이행,건조,맑음,단일로 - 기타,화물,남,45세,상해없음,원동기,남,39세,경상
2012092100100418,2012년 9월 21일 17시,금요일,경상남도 거제시 양정동,중상사고,0,1,0,0,차대차 - 추돌 - 진행중,안전운전불이행,건조,맑음,단일로 - 기타,승합,남,36세,상해없음,화물,남,60세,중상
2012092100100419,2012년 9월 21일 17시,금요일,경상남도 거제시 옥포동,경상사고,0,0,1,0,차대차 - 정면충돌,중앙선침범,건조,맑음,단일로 - 기타,승용,남,49세,상해없음,승용,남,64세,경상
2012092100100420,2012년 9월 21일 17시,금요일,경상남도 의령군 의령읍,중상사고,0,1,0,0,차대사람 - 기타,안전운전불이행,건조,맑음,단일로 - 기타,승용,여,48세,상해없음,보행자,여,51세,중상
2012092100100463,2012년 9월 21일 18시,금요일,경상남도 창원시 진해구 덕산동,중상사고,0,2,0,0,차대차 - 측면직각충돌,기타,건조,맑음,교차로 - 교차로안,승용,남,61세,중상,승용,여,30세,중상
2012092100100464,2012년 9월 21일 18시,금요일,경상남도 합천군 삼가면,부상신고사고,0,0,0,1,차대차 - 측면직각충돌,교차로운행방법위반,건조,기타,교차로 - 교차로안,원동기,남,88세,부상신고,승용,여,45세,상해없음
2012092100100465,2012년 9월 21일 18시,금요일,경상남도 창원시 의창구 팔용동,경상사고,0,0,1,0,차대사람 - 횡단중,안전운전불이행,건조,맑음,단일로 - 기타,승용,남,39세,상해없음,보행자,남,51세,경상
2012092100100520,2012년 9월 21일 19시,금요일,경상남도 김해시 장유면,사망사고,1,0,0,0,차대차 - 정면충돌,직진우회전진행방해,건조,맑음,교차로 - 교차로안,승용,남,47세,상해없음,이륜,남,30세,사망
2012092100100559,2012년 9월 21일 20시,금요일,경상남도 진주시 진성면,중상사고,0,1,0,0,차대차 - 추돌 - 주정차중,안전운전불이행,건조,맑음,단일로 - 기타,이륜,남,52세,중상,승용,여,28세,기타불명
2012092100100560,2012년 9월 21일 20시,금요일,경상남도 함안군 가야읍,중상사고,0,1,0,0,차대차 - 측면직각충돌,안전운전불이행,건조,맑음,교차로 - 교차로안,승용,여,36세,상해없음,이륜,남,46세,중상
2012092100100603,2012년 9월 21일 21시,금요일,경상남도 창원시 진해구 경화동,중상사고,0,1,2,0,차대차 - 측면직각충돌,안전운전불이행,건조,맑음,단일로 - 기타,원동기,남,53세,중상,원동기,남,19세,경상
2012092100100604,2012년 9월 21일 21시,금요일,경상남도 통영시 당동,경상사고,0,0,1,0,차대차 - 추돌 - 진행중,안전운전불이행,건조,맑음,교차로 - 교차로부근,승용,남,39세,상해없음,이륜,남,54세,경상
2012092100100605,2012년 9월 21일 21시,금요일,경상남도 밀양시 삼문동,경상사고,0,0,1,0,차대차 - 측면직각충돌,안전운전불이행,건조,맑음,교차로 - 교차로안,승용,여,50세,상해없음,승용,남,24세,경상
2012092100100606,2012년 9월 21일 21시,금요일,경상남도 창원시 성산구 중앙동,중상사고,0,1,0,0,차대사람 - 횡단중,직진우회전진행방해,건조,맑음,교차로 - 교차로안,승용,남,34세,상해없음,보행자,여,57세,중상
2012092100100673,2012년 9월 21일 23시,금요일,경상남도 거창군 거창읍,중상사고,0,1,0,0,차대사람 - 횡단중,교차로운행방법위반,건조,맑음,교차로 - 교차로안,승용,여,37세,상해없음,보행자,남,43세,중상
2012092200100019,2012년 9월 22일 00시,토요일,경상남도 밀양시 내이동,중상사고,0,1,0,0,차대차 - 추돌 - 주정차중,안전운전불이행,건조,맑음,교차로 - 교차로부근,승용,남,43세,상해없음,승용,남,37세,중상
2012092200100020,2012년 9월 22일 00시,토요일,경상남도 김해시 삼방동,경상사고,0,0,2,0,차대차 - 정면충돌,중앙선침범,건조,맑음,단일로 - 기타,승용,남,30세,상해없음,승용,남,31세,경상
2012092200100021,2012년 9월 22일 00시,토요일,경상남도 양산시 삼호동,경상사고,0,0,1,0,차대차 - 측면직각충돌,교차로운행방법위반,건조,맑음,교차로 - 교차로안,승용,남,46세,상해없음,승합,남,57세,경상
2012092200100022,2012년 9월 22일 00시,토요일,경상남도 창원시 마산회원구 내서읍,경상사고,0,0,1,0,차대사람 - 보도통행중,안전운전불이행,건조,맑음,단일로 - 횡단보도상,승용,남,63세,상해없음,보행자,남,51세,경상
2012092200100045,2012년 9월 22일 01시,토요일,경상남도 창원시 진해구 충무동,경상사고,0,0,1,0,차대사람 - 횡단중,안전운전불이행,건조,맑음,단일로 - 횡단보도부근,승용,남,41세,상해없음,보행자,남,25세,경상
2012092200100101,2012년 9월 22일 05시,토요일,경상남도 양산시 상북면,중상사고,0,1,0,0,차대사람 - 보도통행중,신호위반,건조,맑음,교차로 - 교차로안,승용,여,65세,상해없음,보행자,여,83세,중상
2012092200100102,2012년 9월 22일 05시,토요일,경상남도 창원시 성산구 천선동,중상사고,0,1,0,0,차대차 - 정면충돌,안전운전불이행,건조,맑음,단일로 - 기타,승용,여,51세,상해없음,자전거,남,60세,중상
2012092200100126,2012년 9월 22일 07시,토요일,경상남도 김해시 대동면,경상사고,0,0,1,0,차대차 - 측면직각충돌,안전거리미확보,건조,맑음,단일로 - 기타,특수,남,54세,상해없음,승용,남,71세,경상
2012092200100166,2012년 9월 22일 08시,토요일,경상남도 통영시 도천동,중상사고,0,2,4,0,차대차 - 추돌 - 진행중,안전거리미확보,건조,맑음,단일로 - 기타,승용,남,47세,상해없음,승합,남,58세,경상
2012092200100167,2012년 9월 22일 08시,토요일,경상남도 양산시 교동,중상사고,0,1,2,0,차대차 - 추돌 - 주정차중,안전운전불이행,건조,맑음,교차로 - 교차로부근,승용,남,30세,상해없음,승용,남,56세,중상
2012092200100168,2012년 9월 22일 08시,토요일,경상남도 김해시 진영읍,중상사고,0,1,1,0,차대차 - 측면직각충돌,안전운전불이행,건조,맑음,단일로 - 기타,승용,남,23세,상해없음,승합,남,52세,중상
2012092200100196,2012년 9월 22일 09시,토요일,경상남도 창원시 진해구 석동,경상사고,0,0,1,0,차대차 - 측면직각충돌,안전운전불이행,건조,맑음,단일로 - 기타,승용,남,78세,상해없음,자전거,여,34세,경상
2012092200100228,2012년 9월 22일 10시,토요일,경상남도 창원시 마산합포구 구산면,중상사고,0,3,2,0,차량단독 - 기타,안전운전불이행,건조,맑음,단일로 - 기타,승용,남,31세,상해없음,,,,
2012092200100229,2012년 9월 22일 10시,토요일,경상남도 통영시 명정동,경상사고,0,0,1,0,차대차 - 측면직각충돌,직진우회전진행방해,건조,맑음,교차로 - 교차로안,화물,남,63세,상해없음,승용,여,23세,경상
2012092200100230,2012년 9월 22일 10시,토요일,경상남도 김해시 내동,사망사고,1,0,0,0,차대사람 - 횡단중,보행자보호의무위반,건조,맑음,교차로 - 교차로부근,화물,여,39세,상해없음,보행자,여,84세,사망
2012092200100231,2012년 9월 22일 10시,토요일,경상남도 김해시 삼계동,경상사고,0,0,1,0,차대차 - 추돌 - 주정차중,안전운전불이행,건조,맑음,교차로 - 교차로부근,화물,남,31세,경상,승용,남,40세,상해없음
2012092200100232,2012년 9월 22일 10시,토요일,경상남도 함양군 함양읍,경상사고,0,0,1,0,차대차 - 추돌 - 진행중,안전운전불이행,건조,맑음,교차로 - 교차로안,화물,남,54세,상해없음,승용,여,49세,경상
2012092200100255,2012년 9월 22일 11시,토요일,경상남도 창원시 진해구 풍호동,중상사고,0,1,0,0,차대차 - 기타,안전운전불이행,건조,맑음,단일로 - 기타,화물,남,52세,기타불명,원동기,남,19세,중상
2012092200100256,2012년 9월 22일 11시,토요일,경상남도 창원시 마산회원구 내서읍,경상사고,0,0,1,0,차대차 - 정면충돌,신호위반,건조,맑음,교차로 - 교차로안,승용,남,30세,상해없음,승합,남,41세,경상
2012092200100257,2012년 9월 22일 11시,토요일,경상남도 창원시 의창구 명서동,중상사고,0,1,0,0,차대차 - 측면직각충돌,교차로운행방법위반,건조,맑음,교차로 - 교차로안,승용,남,32세,상해없음,승용,여,40세,중상
2012092200100287,2012년 9월 22일 12시,토요일,경상남도 통영시 산양읍,경상사고,0,0,2,0,차대차 - 정면충돌,중앙선침범,건조,맑음,단일로 - 기타,승용,남,47세,상해없음,승용,여,47세,경상
2012092200100288,2012년 9월 22일 12시,토요일,경상남도 창원시 의창구 북면,경상사고,0,0,1,0,차대차 - 기타,안전운전불이행,건조,맑음,단일로 - 기타,기타불명,기타불명,기타불명,기타불명,자전거,남,60세,경상
2012092200100322,2012년 9월 22일 13시,토요일,경상남도 사천시 사천읍,중상사고,0,1,0,0,차대차 - 기타,교차로운행방법위반,건조,맑음,교차로 - 교차로안,승용,남,51세,상해없음,이륜,남,21세,중상
2012092200100323,2012년 9월 22일 13시,토요일,경상남도 김해시 장유면,경상사고,0,0,1,0,차대차 - 기타,안전운전불이행,건조,맑음,단일로 - 기타,승용,남,60세,상해없음,자전거,남,13세,경상
2012092200100357,2012년 9월 22일 14시,토요일,경상남도 밀양시 내이동,부상신고사고,0,0,0,1,차대사람 - 기타,안전운전불이행,건조,맑음,단일로 - 기타,화물,남,41세,상해없음,보행자,남,53세,부상신고
2012092200100358,2012년 9월 22일 14시,토요일,경상남도 양산시 신기동,중상사고,0,1,0,0,차대차 - 추돌 - 진행중,안전거리미확보,건조,맑음,교차로 - 교차로부근,화물,남,48세,중상,승합,남,37세,상해없음
2012092200100359,2012년 9월 22일 14시,토요일,경상남도 양산시 하북면,사망사고,1,0,0,0,차량단독 - 공작물충돌,안전운전불이행,건조,맑음,단일로 - 기타,이륜,남,54세,사망,,,,
2012092200100390,2012년 9월 22일 15시,토요일,경상남도 김해시 삼정동,중상사고,0,1,1,0,차대차 - 측면직각충돌,교차로운행방법위반,건조,맑음,교차로 - 교차로안,화물,남,45세,상해없음,이륜,남,65세,경상
2012092200100391,2012년 9월 22일 15시,토요일,경상남도 합천군 적중면,중상사고,0,1,0,0,차대차 - 측면직각충돌,교차로운행방법위반,건조,맑음,교차로 - 교차로안,화물,남,65세,상해없음,승용,여,57세,중상
2012092200100392,2012년 9월 22일 15시,토요일,경상남도 거제시 옥포동,중상사고,0,3,0,0,차대차 - 측면직각충돌,불법유턴,건조,맑음,교차로 - 교차로안,화물,남,47세,상해없음,승합,남,36세,중상
2012092200100424,2012년 9월 22일 16시,토요일,경상남도 밀양시 삼랑진읍,중상사고,0,1,0,0,차대차 - 측면직각충돌,중앙선침범,건조,맑음,단일로 - 기타,특수,남,49세,상해없음,화물,남,32세,중상
2012092200100425,2012년 9월 22일 16시,토요일,경상남도 김해시 봉황동,중상사고,0,1,0,0,차대차 - 측면직각충돌,안전운전불이행,건조,맑음,교차로 - 교차로안,화물,남,48세,상해없음,승용,남,42세,중상
2012092200100426,2012년 9월 22일 16시,토요일,경상남도 양산시 하북면,경상사고,0,0,1,0,차대차 - 추돌 - 진행중,안전거리미확보,건조,맑음,교차로 - 교차로부근,화물,남,49세,상해없음,승용,여,48세,경상
2012092200100470,2012년 9월 22일 17시,토요일,경상남도 고성군 고성읍,경상사고,0,0,3,0,차대차 - 추돌 - 진행중,안전운전불이행,건조,맑음,단일로 - 기타,승용,여,33세,상해없음,화물,남,53세,경상
2012092200100471,2012년 9월 22일 17시,토요일,경상남도 거제시 옥포동,중상사고,0,1,0,0,차대사람 - 차도통행중,중앙선침범,건조,맑음,단일로 - 기타,승용,남,31세,상해없음,보행자,여,76세,중상
2012092200100472,2012년 9월 22일 17시,토요일,경상남도 창원시 마산회원구 석전동,경상사고,0,0,1,0,차대차 - 측면직각충돌,안전운전불이행,건조,맑음,교차로 - 교차로안,승용,남,57세,상해없음,자전거,남,14세,경상
2012092200100518,2012년 9월 22일 18시,토요일,경상남도 진주시 금곡면,중상사고,0,1,1,0,차대차 - 측면직각충돌,신호위반,건조,맑음,교차로 - 교차로안,화물,남,56세,상해없음,화물,남,36세,경상
2012092200100519,2012년 9월 22일 18시,토요일,경상남도 함양군 안의면,부상신고사고,0,0,0,1,차대사람 - 기타,안전운전불이행,건조,맑음,단일로 - 기타,승용,남,46세,상해없음,보행자,남,8세,부상신고
2012092200100520,2012년 9월 22일 18시,토요일,경상남도 양산시 상북면,중상사고,0,1,0,0,차대차 - 측면직각충돌,신호위반,건조,맑음,교차로 - 교차로안,승용,남,58세,상해없음,이륜,남,31세,중상
2012092200100521,2012년 9월 22일 18시,토요일,경상남도 거제시 옥포동,중상사고,0,1,0,0,차대사람 - 길가장자리구역통행중,안전운전불이행,건조,맑음,교차로 - 교차로부근,승용,남,35세,상해없음,보행자,남,27세,중상
2012092200100522,2012년 9월 22일 18시,토요일,경상남도 창원시 마산회원구 구암동,경상사고,0,0,2,0,차대차 - 측면직각충돌,안전운전불이행,건조,맑음,교차로 - 교차로안,화물,남,27세,상해없음,이륜,남,24세,경상
2012092200100559,2012년 9월 22일 19시,토요일,경상남도 창원시 마산합포구 진동면,경상사고,0,0,2,0,차대차 - 추돌 - 진행중,안전거리미확보,건조,맑음,교차로 - 교차로부근,승용,남,62세,상해없음,승용,남,37세,경상
2012092200100590,2012년 9월 22일 20시,토요일,경상남도 거창군 거창읍,중상사고,0,3,0,0,차대차 - 측면직각충돌,교차로운행방법위반,건조,맑음,교차로 - 교차로안,화물,남,45세,상해없음,승용,남,48세,중상
2012092200100617,2012년 9월 22일 21시,토요일,경상남도 창원시 진해구 풍호동,중상사고,0,1,0,0,차대차 - 기타,안전운전불이행,건조,맑음,교차로 - 교차로안,승용,남,31세,상해없음,원동기,남,49세,중상
2012092200100641,2012년 9월 22일 22시,토요일,경상남도 사천시 사천읍,중상사고,0,1,0,0,차대차 - 기타,안전운전불이행,건조,맑음,교차로 - 교차로안,승용,남,32세,상해없음,이륜,남,17세,중상
2012092200100672,2012년 9월 22일 23시,토요일,경상남도 진주시 상봉동,중상사고,0,1,0,0,차대차 - 기타,신호위반,건조,맑음,교차로 - 교차로안,이륜,남,19세,중상,승용,남,42세,상해없음
2012092300100014,2012년 9월 23일 00시,일요일,경상남도 창원시 진해구 태백동,중상사고,0,1,5,0,차대차 - 기타,안전운전불이행,건조,맑음,교차로 - 교차로부근,승용,여,31세,중상,승용,여,48세,경상
2012092300100015,2012년 9월 23일 00시,일요일,경상남도 김해시 내동,부상신고사고,0,0,0,1,차대차 - 측면직각충돌,신호위반,건조,맑음,교차로 - 교차로안,원동기,남,57세,부상신고,승용,남,58세,상해없음
2012092300100016,2012년 9월 23일 00시,일요일,경상남도 양산시 남부동,경상사고,0,0,4,0,차대차 - 측면직각충돌,직진우회전진행방해,건조,맑음,교차로 - 교차로안,승용,남,25세,상해없음,승용,남,37세,경상
2012092300100017,2012년 9월 23일 00시,일요일,경상남도 창원시 마산회원구 합성동,경상사고,0,0,1,0,차대차 - 측면직각충돌,안전운전불이행,건조,맑음,단일로 - 기타,승합,남,41세,상해없음,승용,남,41세,상해없음
2012092300100055,2012년 9월 23일 02시,일요일,경상남도 거제시 상동동,경상사고,0,0,1,0,차대사람 - 기타,안전운전불이행,건조,맑음,교차로 - 교차로부근,승용,남,37세,상해없음,보행자,남,51세,경상
2012092300100107,2012년 9월 23일 06시,일요일,경상남도 하동군 악양면,사망사고,1,5,1,0,차대차 - 정면충돌,중앙선침범,건조,맑음,단일로 - 기타,특수,남,44세,상해없음,승용,남,43세,중상
2012092300100143,2012년 9월 23일 08시,일요일,경상남도 창원시 성산구 상남동,중상사고,0,3,0,0,차대차 - 측면직각충돌,교차로운행방법위반,기타,맑음,교차로 - 교차로안,승용,남,30세,상해없음,승용,남,49세,중상
2012092300100168,2012년 9월 23일 09시,일요일,경상남도 양산시 물금읍,경상사고,0,0,1,0,차대사람 - 기타,안전운전불이행,건조,맑음,단일로 - 기타,승용,남,44세,상해없음,보행자,남,41세,경상
2012092300100202,2012년 9월 23일 10시,일요일,경상남도 밀양시 무안면,경상사고,0,0,1,0,차대사람 - 횡단중,보행자보호의무위반,건조,맑음,교차로 - 교차로안,승용,남,58세,상해없음,보행자,여,13세,경상
2012092300100203,2012년 9월 23일 10시,일요일,경상남도 밀양시 상남면,중상사고,0,2,0,0,차대차 - 측면직각충돌,안전운전불이행,건조,맑음,교차로 - 교차로안,승용,남,29세,상해없음,승용,남,58세,중상
2012092300100204,2012년 9월 23일 10시,일요일,경상남도 밀양시 삼랑진읍,경상사고,0,0,2,0,차대사람 - 기타,안전운전불이행,건조,맑음,단일로 - 기타,화물,남,50세,상해없음,보행자,남,56세,경상
2012092300100205,2012년 9월 23일 10시,일요일,경상남도 창원시 마산회원구 구암동,경상사고,0,0,1,0,차대차 - 측면직각충돌,안전운전불이행,건조,맑음,교차로 - 교차로부근,승용,남,42세,상해없음,자전거,남,46세,경상
2012092300100223,2012년 9월 23일 11시,일요일,경상남도 사천시 송포동,경상사고,0,0,1,0,차대차 - 측면직각충돌,안전운전불이행,건조,맑음,교차로 - 교차로안,승용,남,57세,상해없음,승용,남,49세,경상
2012092300100224,2012년 9월 23일 11시,일요일,경상남도 양산시 소주동,경상사고,0,0,2,0,차대차 - 측면직각충돌,신호위반,건조,맑음,교차로 - 교차로안,화물,남,46세,상해없음,승합,남,56세,경상
2012092300100225,2012년 9월 23일 11시,일요일,경상남도 거제시 연초면,경상사고,0,0,1,0,차대차 - 기타,안전운전불이행,건조,맑음,단일로 - 기타,승용,남,70세,상해없음,승용,남,26세,경상
2012092300100226,2012년 9월 23일 11시,일요일,경상남도 고성군 대가면,중상사고,0,6,1,0,차대차 - 기타,안전운전불이행,건조,맑음,단일로 - 기타,승용,여,20세,상해없음,승용,여,50세,중상
2012092300100245,2012년 9월 23일 12시,일요일,경상남도 창원시 진해구 석동,경상사고,0,0,1,0,차대차 - 측면직각충돌,안전운전불이행,건조,맑음,단일로 - 기타,승용,남,38세,상해없음,자전거,여,25세,경상
2012092300100246,2012년 9월 23일 12시,일요일,경상남도 통영시 항남동,경상사고,0,0,1,0,차대차 - 측면직각충돌,안전운전불이행,건조,맑음,단일로 - 기타,승용,남,50세,상해없음,원동기,남,41세,경상
2012092300100247,2012년 9월 23일 12시,일요일,경상남도 통영시 도산면,중상사고,0,1,0,0,차대차 - 측면직각충돌,안전운전불이행,건조,맑음,단일로 - 기타,화물,여,44세,상해없음,승용,남,44세,중상
2012092300100248,2012년 9월 23일 12시,일요일,경상남도 거제시 문동동,중상사고,0,1,0,0,차대차 - 기타,안전운전불이행,건조,맑음,교차로 - 교차로안,승용,여,48세,상해없음,이륜,남,32세,중상
2012092300100249,2012년 9월 23일 12시,일요일,경상남도 창원시 의창구 팔용동,중상사고,0,1,1,0,차대차 - 추돌 - 진행중,신호위반,건조,맑음,교차로 - 교차로안,승용,남,23세,상해없음,승용,남,62세,중상
2012092300100279,2012년 9월 23일 13시,일요일,경상남도 진주시 강남동,중상사고,0,2,3,0,차대차 - 추돌 - 진행중,안전운전불이행,건조,맑음,단일로 - 기타,승용,남,28세,상해없음,승용,남,54세,중상
2012092300100280,2012년 9월 23일 13시,일요일,경상남도 진주시 상대동,중상사고,0,1,0,0,차대차 - 측면직각충돌,신호위반,건조,맑음,단일로 - 기타,원동기,남,74세,중상,승용,남,44세,상해없음
2012092300100309,2012년 9월 23일 14시,일요일,경상남도 진주시 신안동,중상사고,0,1,0,0,차대차 - 측면직각충돌,안전운전불이행,건조,맑음,단일로 - 기타,승용,여,40세,상해없음,자전거,여,53세,중상