사고번호,사고일시,요일,시군구,사고내용,사망자수,중상자수,경상자수,부상신고자수,사고유형,법규위반,노면상태,기상상태,도로형태,가해운전자 차종,가해운전자 성별,가해운전자 연령,가해운전자 상해정도,피해운전자 차종,피해운전자 성별,피해운전자 연령,피해운전자 상해정도
2012092600100159,2012년 9월 26일 08시,수요일,경상남도 김해시 장유면,중상사고,0,1,2,0,차대차 - 추돌 - 진행중,안전거리미확보,건조,맑음,교차로 - 교차로부근,승용,남,50세,중상,승용,남,56세,경상
2012092600100190,2012년 9월 26일 09시,수요일,경상남도 진주시 문산읍,중상사고,0,1,0,0,차량단독 - 공작물충돌,안전운전불이행,건조,맑음,교차로 - 교차로부근,이륜,남,43세,중상,,,,
2012092600100191,2012년 9월 26일 09시,수요일,경상남도 진주시 가좌동,경상사고,0,0,1,0,차대차 - 측면직각충돌,신호위반,건조,맑음,단일로 - 횡단보도상,승용,남,42세,상해없음,자전거,여,20세,경상
2012092600100192,2012년 9월 26일 09시,수요일,경상남도 사천시 사천읍,중상사고,0,1,0,0,차대차 - 추돌 - 주정차중,안전운전불이행,건조,맑음,단일로 - 기타,승합,남,44세,상해없음,화물,남,32세,중상
2012092600100212,2012년 9월 26일 10시,수요일,경상남도 창원시 의창구 봉곡동,부상신고사고,0,0,0,1,차대차 - 측면직각충돌,안전운전불이행,건조,맑음,교차로 - 교차로안,승용,남,75세,상해없음,자전거,여,57세,부상신고
2012092600100213,2012년 9월 26일 10시,수요일,경상남도 창원시 의창구 대산면,경상사고,0,0,1,0,차대차 - 기타,안전운전불이행,건조,맑음,단일로 - 기타,화물,남,41세,상해없음,화물,남,50세,기타불명
2012092600100236,2012년 9월 26일 11시,수요일,경상남도 통영시 광도면,경상사고,0,0,1,0,차대차 - 추돌 - 진행중,안전거리미확보,건조,맑음,단일로 - 기타,승용,남,45세,상해없음,승용,여,31세,상해없음
2012092600100237,2012년 9월 26일 11시,수요일,경상남도 진주시 정촌면,중상사고,0,1,0,0,차대차 - 기타,안전운전불이행,건조,맑음,단일로 - 기타,건설기계,남,49세,상해없음,승용,여,46세,중상
2012092600100270,2012년 9월 26일 12시,수요일,경상남도 창원시 마산회원구 내서읍,중상사고,0,1,0,0,차대차 - 측면직각충돌,차로위반,건조,맑음,단일로 - 터널,원동기,남,18세,중상,승용,남,24세,상해없음
2012092600100271,2012년 9월 26일 12시,수요일,경상남도 창원시 마산합포구 산호동,경상사고,0,0,1,0,차대차 - 기타,안전운전불이행,건조,맑음,단일로 - 기타,승용,남,52세,상해없음,승용,남,36세,경상
2012092600100289,2012년 9월 26일 13시,수요일,경상남도 통영시 서호동,경상사고,0,0,1,0,차대사람 - 기타,안전운전불이행,건조,맑음,단일로 - 기타,승합,남,41세,상해없음,보행자,여,42세,경상
2012092600100290,2012년 9월 26일 13시,수요일,경상남도 김해시 삼계동,중상사고,0,1,0,0,차대사람 - 차도통행중,안전운전불이행,건조,맑음,단일로 - 기타,승용,여,28세,상해없음,보행자,여,29세,중상
2012092600100291,2012년 9월 26일 13시,수요일,경상남도 산청군 단성면,중상사고,0,1,1,0,차대차 - 측면직각충돌,안전운전불이행,기타,맑음,단일로 - 기타,승용,남,50세,상해없음,원동기,남,69세,중상
2012092600100314,2012년 9월 26일 14시,수요일,경상남도 김해시 어방동,중상사고,0,1,1,0,차대차 - 추돌 - 주정차중,안전운전불이행,건조,맑음,단일로 - 기타,이륜,남,16세,중상,승용,남,30세,상해없음
2012092600100315,2012년 9월 26일 14시,수요일,경상남도 거제시 아주동,중상사고,0,1,0,0,차대차 - 추돌 - 진행중,신호위반,건조,맑음,교차로 - 교차로안,승용,여,37세,상해없음,승용,남,40세,중상
2012092600100316,2012년 9월 26일 14시,수요일,경상남도 함안군 칠원면,중상사고,0,1,0,0,차대차 - 기타,안전운전불이행,건조,맑음,단일로 - 교량,승용,여,38세,상해없음,승용,남,44세,중상
2012092600100362,2012년 9월 26일 15시,수요일,경상남도 진주시 상대동,중상사고,0,1,2,0,차대차 - 기타,기타,건조,맑음,단일로 - 기타,화물,남,52세,상해없음,승용,여,27세,경상
2012092600100363,2012년 9월 26일 15시,수요일,경상남도 진주시 이현동,중상사고,0,1,0,0,차대차 - 측면직각충돌,신호위반,건조,맑음,교차로 - 교차로안,이륜,남,39세,중상,승용,여,43세,상해없음
2012092600100401,2012년 9월 26일 16시,수요일,경상남도 거창군 가조면,중상사고,0,1,0,0,차대사람 - 길가장자리구역통행중,안전운전불이행,건조,맑음,단일로 - 기타,화물,남,53세,상해없음,보행자,여,85세,중상
2012092600100433,2012년 9월 26일 17시,수요일,경상남도 사천시 좌룡동,경상사고,0,0,2,0,차대차 - 측면직각충돌,신호위반,건조,맑음,교차로 - 교차로안,승용,남,29세,상해없음,승용,여,34세,경상
2012092600100475,2012년 9월 26일 18시,수요일,경상남도 창원시 마산합포구 남성동,중상사고,0,1,0,0,차량단독 - 기타,안전운전불이행,건조,맑음,단일로 - 기타,승합,남,44세,상해없음,,,,
2012092600100476,2012년 9월 26일 18시,수요일,경상남도 사천시 용현면,경상사고,0,0,1,0,차대차 - 측면직각충돌,안전운전불이행,건조,맑음,단일로 - 기타,화물,남,53세,상해없음,화물,남,46세,경상
2012092600100477,2012년 9월 26일 18시,수요일,경상남도 밀양시 상남면,중상사고,0,1,0,0,차대차 - 추돌 - 진행중,안전운전불이행,건조,맑음,단일로 - 기타,화물,남,29세,상해없음,건설기계,미분류,기타불명,기타불명
2012092600100478,2012년 9월 26일 18시,수요일,경상남도 김해시 봉황동,경상사고,0,0,1,0,차대차 - 측면직각충돌,안전거리미확보,건조,맑음,단일로 - 기타,화물,남,60세,상해없음,승용,여,30세,경상
2012092600100479,2012년 9월 26일 18시,수요일,경상남도 김해시 구산동,중상사고,0,1,0,0,차대차 - 기타,안전운전불이행,건조,맑음,단일로 - 기타,승용,여,44세,상해없음,이륜,남,17세,중상
2012092600100480,2012년 9월 26일 18시,수요일,경상남도 거제시 사등면,경상사고,0,0,1,0,차대차 - 기타,중앙선침범,건조,맑음,단일로 - 기타,화물,남,63세,상해없음,승용,여,47세,경상
2012092600100535,2012년 9월 26일 19시,수요일,경상남도 사천시 사천읍,경상사고,0,0,3,0,차대차 - 추돌 - 주정차중,안전운전불이행,건조,맑음,단일로 - 기타,승용,남,47세,경상,승용,남,50세,경상
2012092600100536,2012년 9월 26일 19시,수요일,경상남도 함안군 함안면,사망사고,1,1,0,0,차량단독 - 기타,과속,건조,맑음,단일로 - 기타,승용,남,68세,중상,,,,
2012092600100577,2012년 9월 26일 20시,수요일,경상남도 진주시 상대동,중상사고,0,1,0,0,차대사람 - 횡단중,안전운전불이행,건조,맑음,교차로 - 교차로안,승용,남,26세,상해없음,보행자,여,71세,중상
2012092600100578,2012년 9월 26일 20시,수요일,경상남도 창원시 성산구 중앙동,경상사고,0,0,1,0,차대차 - 측면직각충돌,신호위반,건조,맑음,교차로 - 교차로안,승용,남,30세,상해없음,특수,남,26세,경상
2012092600100609,2012년 9월 26일 21시,수요일,경상남도 통영시 중앙동,중상사고,0,1,0,0,차대차 - 추돌 - 진행중,안전운전불이행,건조,맑음,단일로 - 기타,승용,남,44세,상해없음,승용,여,24세,중상
2012092600100610,2012년 9월 26일 21시,수요일,경상남도 거창군 거창읍,경상사고,0,0,1,0,차대사람 - 횡단중,안전운전불이행,건조,맑음,교차로 - 교차로부근,승용,여,37세,상해없음,보행자,남,15세,경상
2012092600100611,2012년 9월 26일 21시,수요일,경상남도 양산시 중부동,경상사고,0,0,1,0,차대차 - 측면직각충돌,교차로운행방법위반,건조,맑음,교차로 - 교차로안,승용,남,45세,상해없음,승용,여,51세,경상
2012092600100612,2012년 9월 26일 21시,수요일,경상남도 거제시 고현동,중상사고,0,2,0,0,차대차 - 추돌 - 진행중,교차로운행방법위반,건조,맑음,교차로 - 교차로안,승용,남,58세,상해없음,승용,여,24세,중상
2012092600100613,2012년 9월 26일 21시,수요일,경상남도 창원시 의창구 팔용동,경상사고,0,0,2,0,차대차 - 추돌 - 진행중,안전거리미확보,건조,맑음,교차로 - 교차로부근,승용,남,48세,상해없음,승용,여,53세,경상
2012092600100637,2012년 9월 26일 22시,수요일,경상남도 창원시 진해구 이동,중상사고,0,1,0,0,차대차 - 기타,안전운전불이행,건조,맑음,교차로 - 교차로부근,승용,남,45세,상해없음,원동기,남,17세,중상
2012092600100638,2012년 9월 26일 22시,수요일,경상남도 사천시 서포면,중상사고,0,1,0,0,차량단독 - 공작물충돌,안전운전불이행,건조,맑음,교차로 - 교차로안,화물,여,33세,중상,,,,
2012092600100639,2012년 9월 26일 22시,수요일,경상남도 김해시 진영읍,중상사고,0,1,1,0,차대차 - 추돌 - 주정차중,안전운전불이행,건조,맑음,교차로 - 교차로부근,승용,남,57세,상해없음,승용,남,41세,상해없음
2012092700100021,2012년 9월 27일 00시,목요일,경상남도 사천시 사천읍,경상사고,0,0,1,0,차대차 - 추돌 - 주정차중,안전운전불이행,건조,맑음,단일로 - 기타,승용,남,28세,상해없음,승용,남,30세,경상
2012092700100022,2012년 9월 27일 00시,목요일,경상남도 창원시 마산회원구 회원동,중상사고,0,1,2,0,차대차 - 추돌 - 주정차중,안전운전불이행,건조,맑음,단일로 - 횡단보도부근,승용,남,50세,상해없음,승용,남,36세,경상
2012092700100023,2012년 9월 27일 00시,목요일,경상남도 창원시 의창구 소답동,부상신고사고,0,0,0,1,차대차 - 기타,신호위반,건조,맑음,교차로 - 교차로안,승용,여,52세,상해없음,화물,남,37세,부상신고
2012092700100040,2012년 9월 27일 01시,목요일,경상남도 창원시 성산구 가음정동,중상사고,0,1,1,0,차대차 - 추돌 - 주정차중,안전운전불이행,건조,맑음,교차로 - 교차로부근,승용,남,27세,상해없음,승용,남,49세,중상
2012092700100100,2012년 9월 27일 06시,목요일,경상남도 창원시 마산합포구 진전면,중상사고,0,1,0,0,차대차 - 측면직각충돌,신호위반,건조,맑음,교차로 - 교차로안,승용,여,56세,중상,특수,남,40세,상해없음
2012092700100101,2012년 9월 27일 06시,목요일,경상남도 김해시 봉황동,중상사고,0,1,0,0,차대차 - 측면직각충돌,직진우회전진행방해,건조,맑음,교차로 - 교차로안,승용,여,52세,상해없음,이륜,여,75세,중상
2012092700100116,2012년 9월 27일 07시,목요일,경상남도 사천시 용현면,경상사고,0,0,2,0,차대차 - 추돌 - 진행중,안전운전불이행,건조,맑음,단일로 - 기타,승용,남,29세,경상,승용,남,33세,경상
2012092700100117,2012년 9월 27일 07시,목요일,경상남도 거제시 일운면,중상사고,0,2,0,0,차대차 - 기타,중앙선침범,건조,맑음,기타 - 기타,화물,남,38세,상해없음,승용,남,57세,중상
2012092700100118,2012년 9월 27일 07시,목요일,경상남도 거제시 연초면,경상사고,0,0,1,0,차대차 - 측면직각충돌,안전운전불이행,건조,맑음,단일로 - 기타,기타불명,기타불명,기타불명,기타불명,이륜,남,60세,경상
2012092700100149,2012년 9월 27일 08시,목요일,경상남도 사천시 벌리동,경상사고,0,0,1,0,차대차 - 측면직각충돌,안전운전불이행,건조,맑음,교차로 - 교차로안,원동기,남,75세,상해없음,화물,남,58세,상해없음
2012092700100150,2012년 9월 27일 08시,목요일,경상남도 사천시 동림동,경상사고,0,0,1,0,차대차 - 기타,교차로운행방법위반,건조,맑음,교차로 - 교차로안,승용,여,32세,상해없음,승용,남,54세,경상
2012092700100151,2012년 9월 27일 08시,목요일,경상남도 밀양시 상남면,중상사고,0,1,2,0,차대차 - 추돌 - 주정차중,안전운전불이행,건조,맑음,단일로 - 기타,화물,남,50세,상해없음,승용,여,40세,중상
2012092700100185,2012년 9월 27일 09시,목요일,경상남도 창원시 성산구 웅남동,중상사고,0,2,0,0,차대차 - 기타,안전거리미확보,건조,맑음,기타 - 기타,화물,남,57세,상해없음,승용,여,53세,중상
2012092700100186,2012년 9월 27일 09시,목요일,경상남도 창원시 의창구 봉곡동,경상사고,0,0,1,0,차대차 - 기타,안전거리미확보,건조,맑음,단일로 - 기타,승용,남,36세,상해없음,승용,여,33세,경상
2012092700100244,2012년 9월 27일 11시,목요일,경상남도 통영시 봉평동,중상사고,0,1,0,0,차대차 - 추돌 - 주정차중,안전운전불이행,건조,맑음,단일로 - 기타,이륜,남,64세,중상,승용,남,45세,상해없음
2012092700100245,2012년 9월 27일 11시,목요일,경상남도 양산시 하북면,경상사고,0,0,1,0,차대차 - 측면직각충돌,신호위반,건조,맑음,교차로 - 교차로안,승용,여,47세,상해없음,승용,남,27세,경상
2012092700100246,2012년 9월 27일 11시,목요일,경상남도 양산시 하북면,경상사고,0,0,1,0,차대차 - 기타,신호위반,건조,맑음,교차로 - 교차로안,자전거,남,33세,경상,승용,남,39세,상해없음
2012092700100247,2012년 9월 27일 11시,목요일,경상남도 함안군 칠서면,중상사고,0,1,0,0,차대차 - 측면직각충돌,안전거리미확보,건조,맑음,단일로 - 기타,특수,남,65세,상해없음,승용,남,39세,중상
2012092700100276,2012년 9월 27일 12시,목요일,경상남도 함양군 함양읍,경상사고,0,0,1,0,차대차 - 기타,교차로운행방법위반,건조,맑음,교차로 - 교차로부근,승용,여,47세,상해없음,화물,남,55세,경상
2012092700100277,2012년 9월 27일 12시,목요일,경상남도 창원시 마산회원구 합성동,경상사고,0,0,1,0,차대차 - 기타,안전운전불이행,건조,맑음,교차로 - 교차로부근,승용,남,59세,상해없음,이륜,남,18세,경상
2012092700100278,2012년 9월 27일 12시,목요일,경상남도 창원시 의창구 팔용동,중상사고,0,1,0,0,차대사람 - 차도통행중,안전운전불이행,건조,맑음,교차로 - 교차로부근,승용,여,38세,상해없음,보행자,여,61세,중상
2012092700100301,2012년 9월 27일 13시,목요일,경상남도 김해시 장유면,경상사고,0,0,1,0,차대차 - 측면직각충돌,안전운전불이행,건조,맑음,교차로 - 교차로부근,승합,남,56세,상해없음,승용,남,47세,경상
2012092700100335,2012년 9월 27일 14시,목요일,경상남도 창원시 마산합포구 중앙동3가,중상사고,0,1,0,0,차대사람 - 차도통행중,안전운전불이행,건조,맑음,교차로 - 교차로안,승용,여,58세,상해없음,보행자,남,74세,중상
2012092700100336,2012년 9월 27일 14시,목요일,경상남도 창원시 성산구 상남동,경상사고,0,0,1,0,차대사람 - 횡단중,안전운전불이행,건조,맑음,기타 - 기타,승용,여,44세,상해없음,보행자,남,8세,경상
2012092700100368,2012년 9월 27일 15시,목요일,경상남도 고성군 거류면,중상사고,0,1,1,0,차대차 - 정면충돌,중앙선침범,건조,맑음,단일로 - 기타,승용,남,52세,중상,승용,여,59세,경상
2012092700100369,2012년 9월 27일 15시,목요일,경상남도 김해시 풍유동,중상사고,0,1,1,0,차대차 - 추돌 - 주정차중,안전거리미확보,건조,맑음,단일로 - 기타,승용,남,55세,상해없음,승합,남,48세,중상
2012092700100407,2012년 9월 27일 16시,목요일,경상남도 진주시 초전동,중상사고,0,1,0,0,차대차 - 기타,안전운전불이행,건조,맑음,단일로 - 기타,건설기계,남,45세,상해없음,승용,남,33세,중상
2012092700100408,2012년 9월 27일 16시,목요일,경상남도 사천시 곤명면,경상사고,0,0,1,0,차대차 - 기타,교차로운행방법위반,건조,맑음,교차로 - 교차로부근,원동기,남,73세,경상,승용,남,63세,상해없음
2012092700100409,2012년 9월 27일 16시,목요일,경상남도 창원시 의창구 북면,경상사고,0,0,1,0,차대차 - 측면직각충돌,직진우회전진행방해,건조,맑음,교차로 - 교차로안,승용,남,52세,상해없음,승용,여,47세,경상
2012092700100490,2012년 9월 27일 18시,목요일,경상남도 진주시 상대동,중상사고,0,1,0,0,차대사람 - 기타,안전운전불이행,건조,맑음,단일로 - 기타,이륜,남,36세,상해없음,보행자,남,87세,중상
2012092700100491,2012년 9월 27일 18시,목요일,경상남도 김해시 서상동,중상사고,0,1,0,0,차대차 - 측면직각충돌,교차로운행방법위반,건조,맑음,교차로 - 교차로안,승용,여,33세,상해없음,자전거,남,12세,중상
2012092700100492,2012년 9월 27일 18시,목요일,경상남도 양산시 중부동,경상사고,0,0,1,0,차대사람 - 기타,안전운전불이행,건조,맑음,단일로 - 기타,이륜,남,43세,상해없음,보행자,여,43세,경상
2012092700100493,2012년 9월 27일 18시,목요일,경상남도 거제시 옥포동,중상사고,0,1,0,0,차대차 - 측면직각충돌,안전운전불이행,건조,맑음,교차로 - 교차로안,자전거,남,28세,상해없음,이륜,남,36세,중상
2012092700100541,2012년 9월 27일 19시,목요일,경상남도 김해시 지내동,중상사고,0,1,0,0,차대사람 - 기타,안전운전불이행,건조,맑음,교차로 - 교차로안,승용,남,47세,상해없음,보행자,여,43세,중상
2012092700100542,2012년 9월 27일 19시,목요일,경상남도 김해시 진례면,중상사고,0,2,0,0,차대차 - 추돌 - 진행중,안전운전불이행,건조,맑음,단일로 - 기타,승용,남,34세,상해없음,농기계,남,58세,중상
2012092700100582,2012년 9월 27일 20시,목요일,경상남도 사천시 사천읍,경상사고,0,0,3,0,차대차 - 기타,신호위반,건조,맑음,교차로 - 교차로안,승용,남,31세,상해없음,승용,남,43세,경상
2012092700100583,2012년 9월 27일 20시,목요일,경상남도 거제시 옥포동,중상사고,0,1,0,0,차대차 - 측면직각충돌,안전운전불이행,건조,맑음,단일로 - 기타,승용,남,43세,상해없음,이륜,남,16세,중상
2012092700100584,2012년 9월 27일 20시,목요일,경상남도 창원시 성산구 신촌동,경상사고,0,0,1,0,차대차 - 기타,안전운전불이행,건조,맑음,단일로 - 기타,승용,남,37세,상해없음,자전거,남,25세,경상
2012092700100616,2012년 9월 27일 21시,목요일,경상남도 양산시 신기동,중상사고,0,1,0,0,차대사람 - 횡단중,안전운전불이행,건조,맑음,교차로 - 교차로안,승용,남,52세,상해없음,보행자,남,10세,중상
2012092700100649,2012년 9월 27일 22시,목요일,경상남도 창원시 진해구 용원동,부상신고사고,0,0,0,1,차대차 - 기타,안전운전불이행,건조,맑음,단일로 - 기타,승용,여,44세,부상신고,건설기계,남,40세,기타불명
2012092800100019,2012년 9월 28일 00시,금요일,경상남도 창원시 마산합포구 신포동1가,중상사고,0,1,0,0,차대차 - 측면직각충돌,안전운전불이행,건조,맑음,교차로 - 교차로안,승용,남,38세,상해없음,승용,남,56세,중상
2012092800100044,2012년 9월 28일 01시,금요일,경상남도 창원시 의창구 신월동,경상사고,0,0,2,0,차대차 - 기타,안전운전불이행,건조,맑음,단일로 - 기타,승합,여,51세,상해없음,승용,남,29세,경상
2012092800100078,2012년 9월 28일 04시,금요일,경상남도 밀양시 내일동,중상사고,0,1,0,0,차대사람 - 차도통행중,안전운전불이행,건조,맑음,교차로 - 교차로안,승용,남,44세,상해없음,보행자,남,63세,중상
2012092800100079,2012년 9월 28일 04시,금요일,경상남도 양산시 덕계동,중상사고,0,1,0,0,차대차 - 측면직각충돌,안전운전불이행,건조,맑음,교차로 - 교차로안,승용,남,65세,상해없음,승용,여,43세,중상
2012092800100089,2012년 9월 28일 05시,금요일,경상남도 함안군 군북면,경상사고,0,0,1,0,차량단독 - 기타,안전운전불이행,습기,안개,단일로 - 기타,승용,남,61세,경상,,,,
2012092800100105,2012년 9월 28일 06시,금요일,경상남도 창원시 의창구 도계동,중상사고,0,1,0,0,차대차 - 기타,안전운전불이행,건조,맑음,교차로 - 교차로부근,승용,남,44세,상해없음,자전거,남,70세,중상
2012092800100127,2012년 9월 28일 07시,금요일,경상남도 창원시 성산구 내동,중상사고,0,1,0,0,차대차 - 추돌 - 주정차중,안전운전불이행,건조,맑음,단일로 - 기타,승용,남,24세,상해없음,승용,남,42세,중상
2012092800100128,2012년 9월 28일 07시,금요일,경상남도 김해시 장유면,중상사고,0,1,0,0,차대차 - 측면직각충돌,신호위반,건조,맑음,교차로 - 교차로안,승용,여,43세,상해없음,승용,남,31세,중상
2012092800100171,2012년 9월 28일 08시,금요일,경상남도 사천시 벌리동,경상사고,0,0,1,0,차대차 - 기타,교차로운행방법위반,건조,맑음,교차로 - 교차로안,승합,남,66세,상해없음,승용,남,45세,상해없음
2012092800100172,2012년 9월 28일 08시,금요일,경상남도 김해시 진영읍,경상사고,0,0,1,0,차대차 - 추돌 - 진행중,안전거리미확보,건조,맑음,단일로 - 기타,승용,남,44세,상해없음,승용,남,30세,경상
2012092800100173,2012년 9월 28일 08시,금요일,경상남도 김해시 진례면,중상사고,0,1,0,0,차대차 - 측면직각충돌,안전운전불이행,건조,맑음,단일로 - 기타,화물,남,47세,상해없음,승용,남,48세,중상
2012092800100209,2012년 9월 28일 09시,금요일,경상남도 창원시 진해구 이동,중상사고,0,1,0,0,차대차 - 측면직각충돌,안전운전불이행,건조,맑음,교차로 - 교차로안,승용,남,54세,상해없음,자전거,남,67세,중상
2012092800100210,2012년 9월 28일 09시,금요일,경상남도 사천시 벌리동,경상사고,0,0,1,0,차대차 - 측면직각충돌,차로위반,건조,맑음,단일로 - 기타,화물,남,63세,상해없음,화물,남,60세,상해없음
2012092800100211,2012년 9월 28일 09시,금요일,경상남도 밀양시 삼문동,중상사고,0,1,0,0,차대사람 - 횡단중,보행자보호의무위반,건조,맑음,단일로 - 횡단보도상,승용,여,43세,상해없음,보행자,남,50세,중상
2012092800100212,2012년 9월 28일 09시,금요일,경상남도 김해시 내동,중상사고,0,1,0,0,차대차 - 측면직각충돌,교차로운행방법위반,건조,맑음,교차로 - 교차로안,승용,여,51세,상해없음,승용,남,62세,중상
2012092800100213,2012년 9월 28일 09시,금요일,경상남도 합천군 합천읍,중상사고,0,1,0,0,차대차 - 추돌 - 진행중,안전운전불이행,건조,맑음,단일로 - 기타,승용,남,41세,상해없음,승용,남,57세,상해없음
2012092800100214,2012년 9월 28일 09시,금요일,경상남도 창원시 성산구 내동,경상사고,0,0,1,0,차대차 - 기타,안전거리미확보,기타,맑음,단일로 - 기타,화물,남,30세,상해없음,승용,남,32세,경상
2012092800100248,2012년 9월 28일 10시,금요일,경상남도 합천군 삼가면,중상사고,0,1,0,0,차대차 - 기타,안전운전불이행,건조,맑음,단일로 - 기타,화물,남,53세,상해없음,원동기,남,40세,중상
2012092800100249,2012년 9월 28일 10시,금요일,경상남도 거제시 하청면,경상사고,0,0,1,0,차대차 - 기타,안전운전불이행,건조,맑음,단일로 - 기타,승용,여,58세,상해없음,승용,여,37세,경상
2012092800100278,2012년 9월 28일 11시,금요일,경상남도 창원시 성산구 남양동,중상사고,0,1,0,0,차대차 - 추돌 - 주정차중,안전운전불이행,기타,맑음,단일로 - 기타,승용,남,51세,상해없음,자전거,남,50세,중상
2012092800100310,2012년 9월 28일 12시,금요일,경상남도 통영시 서호동,중상사고,0,1,1,0,차대차 - 측면직각충돌,신호위반,건조,맑음,교차로 - 교차로안,승용,남,64세,상해없음,승용,여,45세,중상
2012092800100311,2012년 9월 28일 12시,금요일,경상남도 밀양시 교동,경상사고,0,0,2,0,차대차 - 기타,안전운전불이행,건조,맑음,단일로 - 기타,승용,여,41세,상해없음,화물,남,36세,경상
2012092800100312,2012년 9월 28일 12시,금요일,경상남도 함안군 대산면,중상사고,0,1,0,0,차대차 - 측면직각충돌,안전운전불이행,건조,맑음,교차로 - 교차로안,이륜,여,67세,중상,승용,여,25세,상해없음
2012092800100353,2012년 9월 28일 13시,금요일,경상남도 진주시 하대동,경상사고,0,0,1,0,차대차 - 측면직각충돌,신호위반,건조,맑음,교차로 - 교차로부근,승용,여,41세,상해없음,자전거,남,45세,경상
2012092800100354,2012년 9월 28일 13시,금요일,경상남도 양산시 중부동,경상사고,0,0,2,0,차대차 - 추돌 - 주정차중,안전운전불이행,건조,맑음,단일로 - 기타,화물,남,45세,상해없음,승합,여,43세,경상
2012092800100394,2012년 9월 28일 14시,금요일,경상남도 창녕군 이방면,사망사고,1,0,0,0,차대차 - 측면직각충돌,안전운전불이행,건조,맑음,단일로 - 기타,화물,남,64세,상해없음,농기계,남,56세,사망
2012092800100395,2012년 9월 28일 14시,금요일,경상남도 창원시 마산회원구 내서읍,경상사고,0,0,1,0,차대사람 - 길가장자리구역통행중,안전운전불이행,건조,맑음,단일로 - 기타,원동기,남,47세,상해없음,보행자,여,79세,경상
2012092800100438,2012년 9월 28일 15시,금요일,경상남도 창원시 진해구 이동,경상사고,0,0,1,0,차대차 - 추돌 - 주정차중,안전거리미확보,건조,맑음,단일로 - 기타,승용,여,52세,기타불명,승용,여,52세,경상
2012092800100439,2012년 9월 28일 15시,금요일,경상남도 하동군 화개면,중상사고,0,1,0,0,차대차 - 측면직각충돌,안전운전불이행,건조,맑음,단일로 - 기타,승용,남,70세,상해없음,이륜,남,74세,중상
2012092800100486,2012년 9월 28일 16시,금요일,경상남도 창원시 진해구 이동,중상사고,0,1,0,0,차대차 - 기타,안전운전불이행,건조,맑음,단일로 - 기타,승용,남,60세,기타불명,자전거,여,70세,중상
2012092800100487,2012년 9월 28일 16시,금요일,경상남도 사천시 선구동,중상사고,0,1,0,0,차대사람 - 기타,안전운전불이행,건조,맑음,단일로 - 기타,승용,남,53세,상해없음,보행자,남,60세,중상
2012092800100488,2012년 9월 28일 16시,금요일,경상남도 김해시 구산동,경상사고,0,0,1,0,차대사람 - 길가장자리구역통행중,안전운전불이행,건조,맑음,단일로 - 기타,승용,여,32세,상해없음,보행자,여,19세,경상
2012092800100489,2012년 9월 28일 16시,금요일,경상남도 양산시 물금읍,중상사고,0,1,0,0,차대차 - 측면직각충돌,안전운전불이행,건조,맑음,교차로 - 교차로부근,승합,남,51세,상해없음,자전거,남,75세,중상
2012092800100490,2012년 9월 28일 16시,금요일,경상남도 거제시 장평동,중상사고,0,1,0,0,차대차 - 기타,안전운전불이행,건조,맑음,교차로 - 교차로안,원동기,남,54세,상해없음,원동기,남,28세,중상
2012092800100537,2012년 9월 28일 17시,금요일,경상남도 창원시 진해구 마천동,중상사고,0,1,0,0,차대차 - 기타,안전운전불이행,건조,맑음,단일로 - 기타,승용,남,45세,상해없음,원동기,남,51세,중상
2012092800100538,2012년 9월 28일 17시,금요일,경상남도 통영시 정량동,중상사고,0,1,0,0,차대사람 - 횡단중,신호위반,건조,맑음,단일로 - 기타,화물,남,60세,상해없음,보행자,여,60세,중상
2012092800100539,2012년 9월 28일 17시,금요일,경상남도 김해시 어방동,중상사고,0,1,0,0,차대사람 - 길가장자리구역통행중,안전운전불이행,건조,맑음,단일로 - 기타,승용,여,43세,상해없음,보행자,남,49세,중상
2012092800100540,2012년 9월 28일 17시,금요일,경상남도 하동군 옥종면,중상사고,0,1,0,0,차대차 - 정면충돌,중앙선침범,건조,맑음,교차로 - 교차로부근,승용,여,43세,상해없음,이륜,여,22세,중상
2012092800100596,2012년 9월 28일 18시,금요일,경상남도 밀양시 청도면,사망사고,2,2,0,0,차대차 - 정면충돌,중앙선침범,건조,맑음,단일로 - 교량,승용,남,55세,중상,화물,남,41세,상해없음
2012092800100597,2012년 9월 28일 18시,금요일,경상남도 밀양시 내이동,경상사고,0,0,3,0,차대차 - 측면직각충돌,안전운전불이행,건조,맑음,교차로 - 교차로부근,승용,남,60세,상해없음,승용,남,64세,경상
2012092800100598,2012년 9월 28일 18시,금요일,경상남도 김해시 구산동,중상사고,0,1,0,0,차대사람 - 횡단중,보행자보호의무위반,건조,맑음,단일로 - 횡단보도상,승용,남,25세,상해없음,보행자,여,54세,중상
2012092800100599,2012년 9월 28일 18시,금요일,경상남도 거제시 연초면,중상사고,0,1,0,0,차대차 - 기타,안전운전불이행,건조,맑음,단일로 - 기타,승용,남,69세,상해없음,승용,남,39세,중상
2012092800100600,2012년 9월 28일 18시,금요일,경상남도 김해시 진례면,중상사고,0,1,0,0,차대차 - 측면직각충돌,신호위반,건조,맑음,교차로 - 교차로안,승용,남,30세,상해없음,승용,남,36세,중상