사고번호,사고일시,요일,시군구,사고내용,사망자수,중상자수,경상자수,부상신고자수,사고유형,법규위반,노면상태,기상상태,도로형태,가해운전자 차종,가해운전자 성별,가해운전자 연령,가해운전자 상해정도,피해운전자 차종,피해운전자 성별,피해운전자 연령,피해운전자 상해정도
2012092800100601,2012년 9월 28일 18시,금요일,경상남도 창원시 의창구 동읍,경상사고,0,0,5,0,차대차 - 기타,안전운전불이행,건조,맑음,단일로 - 기타,기타불명,기타불명,기타불명,기타불명,승용,여,29세,경상
2012092800100602,2012년 9월 28일 18시,금요일,경상남도 창원시 의창구 북면,경상사고,0,0,7,0,차대차 - 추돌 - 진행중,안전거리미확보,건조,맑음,단일로 - 터널,승용,남,61세,기타불명,승용,남,41세,경상
2012092800100665,2012년 9월 28일 19시,금요일,경상남도 창녕군 영산면,중상사고,0,2,0,0,차대차 - 측면직각충돌,안전운전불이행,건조,맑음,교차로 - 교차로안,승용,남,51세,상해없음,이륜,남,54세,중상
2012092800100704,2012년 9월 28일 20시,금요일,경상남도 통영시 정량동,중상사고,0,1,0,0,차대차 - 측면직각충돌,안전운전불이행,건조,맑음,단일로 - 기타,이륜,남,50세,중상,승용,남,32세,상해없음
2012092800100705,2012년 9월 28일 20시,금요일,경상남도 함안군 대산면,중상사고,0,1,0,0,차대차 - 정면충돌,중앙선침범,건조,맑음,단일로 - 기타,농기계,남,63세,상해없음,승용,남,45세,중상
2012092800100706,2012년 9월 28일 20시,금요일,경상남도 창원시 의창구 봉곡동,경상사고,0,0,1,0,차대차 - 추돌 - 진행중,안전거리미확보,건조,맑음,교차로 - 교차로안,승용,남,29세,상해없음,승용,남,30세,경상
2012092800100741,2012년 9월 28일 21시,금요일,경상남도 통영시 미수동,경상사고,0,0,2,0,차대차 - 추돌 - 주정차중,안전거리미확보,건조,맑음,단일로 - 기타,승용,남,52세,상해없음,승용,여,59세,경상
2012092800100742,2012년 9월 28일 21시,금요일,경상남도 합천군 가야면,경상사고,0,0,2,0,차대차 - 측면직각충돌,안전운전불이행,건조,맑음,단일로 - 기타,화물,남,56세,상해없음,승용,여,33세,경상
2012092800100782,2012년 9월 28일 22시,금요일,경상남도 진주시 상대동,중상사고,0,1,0,0,차대차 - 측면직각충돌,중앙선침범,건조,맑음,교차로 - 교차로부근,화물,남,46세,상해없음,승용,남,40세,중상
2012092800100783,2012년 9월 28일 22시,금요일,경상남도 사천시 벌리동,경상사고,0,0,2,0,차대차 - 측면직각충돌,교차로운행방법위반,건조,맑음,교차로 - 교차로안,승용,남,45세,상해없음,승용,남,30세,경상
2012092800100784,2012년 9월 28일 22시,금요일,경상남도 김해시 동상동,경상사고,0,0,1,0,차대사람 - 길가장자리구역통행중,안전운전불이행,건조,맑음,단일로 - 기타,승용,여,49세,상해없음,보행자,남,48세,경상
2012092800100785,2012년 9월 28일 22시,금요일,경상남도 양산시 삼호동,중상사고,0,1,0,0,차대사람 - 횡단중,안전운전불이행,건조,맑음,단일로 - 기타,승용,남,45세,상해없음,보행자,남,34세,중상
2012092800100786,2012년 9월 28일 22시,금요일,경상남도 양산시 북부동,경상사고,0,0,2,1,차대차 - 측면직각충돌,교차로운행방법위반,건조,맑음,교차로 - 교차로안,이륜,남,22세,경상,승합,남,48세,상해없음
2012092800100787,2012년 9월 28일 22시,금요일,경상남도 거제시 고현동,중상사고,0,1,0,0,차대차 - 기타,중앙선침범,건조,맑음,교차로 - 교차로부근,화물,남,53세,상해없음,원동기,남,17세,중상
2012092800100788,2012년 9월 28일 22시,금요일,경상남도 거제시 장평동,경상사고,0,0,3,0,차대차 - 기타,안전운전불이행,건조,맑음,단일로 - 기타,승용,남,31세,상해없음,승용,남,26세,경상
2012092800100812,2012년 9월 28일 23시,금요일,경상남도 창원시 진해구 경화동,경상사고,0,0,1,0,차량단독 - 공작물충돌,안전운전불이행,건조,맑음,단일로 - 기타,승용,여,35세,경상,,,,
2012092800100813,2012년 9월 28일 23시,금요일,경상남도 통영시 서호동,중상사고,0,1,0,0,차량단독 - 전도전복,안전운전불이행,건조,맑음,단일로 - 기타,이륜,남,47세,중상,,,,
2012092800100814,2012년 9월 28일 23시,금요일,경상남도 양산시 중부동,중상사고,0,1,0,0,차대차 - 기타,안전거리미확보,건조,맑음,단일로 - 기타,승용,남,39세,상해없음,이륜,남,47세,중상
2012092800100815,2012년 9월 28일 23시,금요일,경상남도 창원시 의창구 명서동,중상사고,0,1,0,0,차대차 - 기타,안전운전불이행,건조,맑음,기타 - 기타,원동기,남,27세,상해없음,자전거,여,24세,중상
2012092900100018,2012년 9월 29일 00시,토요일,경상남도 통영시 당동,경상사고,0,0,2,0,차량단독 - 전도전복,안전운전불이행,건조,맑음,단일로 - 기타,승용,남,28세,상해없음,,,,
2012092900100019,2012년 9월 29일 00시,토요일,경상남도 밀양시 내이동,경상사고,0,0,1,1,차대차 - 측면직각충돌,교차로운행방법위반,건조,맑음,교차로 - 교차로안,승용,여,34세,상해없음,승용,남,53세,경상
2012092900100020,2012년 9월 29일 00시,토요일,경상남도 창원시 성산구 상남동,경상사고,0,0,2,0,차대차 - 추돌 - 주정차중,안전운전불이행,기타,맑음,단일로 - 기타,승용,남,57세,상해없음,승용,여,39세,경상
2012092900100081,2012년 9월 29일 04시,토요일,경상남도 진주시 가좌동,중상사고,0,7,0,0,차대차 - 측면직각충돌,중앙선침범,건조,맑음,단일로 - 기타,승용,남,20세,상해없음,승용,남,50세,중상
2012092900100082,2012년 9월 29일 04시,토요일,경상남도 양산시 상북면,사망사고,2,0,0,0,차량단독 - 공작물충돌,안전운전불이행,건조,맑음,교차로 - 교차로안,승용,남,22세,사망,,,,
2012092900100109,2012년 9월 29일 05시,토요일,경상남도 사천시 벌리동,경상사고,0,0,2,0,차대차 - 기타,안전운전불이행,건조,맑음,교차로 - 교차로안,승용,남,57세,상해없음,승용,여,46세,경상
2012092900100122,2012년 9월 29일 06시,토요일,경상남도 거창군 거창읍,부상신고사고,0,0,0,1,차대차 - 측면직각충돌,신호위반,건조,맑음,교차로 - 교차로안,원동기,여,52세,부상신고,승용,여,55세,상해없음
2012092900100123,2012년 9월 29일 06시,토요일,경상남도 거제시 동부면,중상사고,0,1,0,0,차대차 - 기타,안전운전불이행,건조,맑음,단일로 - 기타,승용,남,26세,상해없음,승용,남,47세,상해없음
2012092900100143,2012년 9월 29일 07시,토요일,경상남도 창원시 마산합포구 남성동,중상사고,0,1,0,0,차대사람 - 길가장자리구역통행중,안전운전불이행,습기,맑음,교차로 - 교차로안,화물,남,52세,상해없음,보행자,여,77세,중상
2012092900100144,2012년 9월 29일 07시,토요일,경상남도 진주시 하대동,중상사고,0,1,0,0,차대차 - 측면직각충돌,신호위반,건조,맑음,교차로 - 교차로안,승용,남,50세,상해없음,승용,남,44세,중상
2012092900100145,2012년 9월 29일 07시,토요일,경상남도 창녕군 남지읍,중상사고,0,3,0,0,차대차 - 측면직각충돌,안전운전불이행,건조,맑음,교차로 - 교차로안,화물,남,58세,중상,승용,여,46세,중상
2012092900100146,2012년 9월 29일 07시,토요일,경상남도 양산시 신기동,부상신고사고,0,0,0,1,차대차 - 측면직각충돌,교차로운행방법위반,건조,맑음,교차로 - 교차로안,승용,남,52세,상해없음,승용,여,34세,부상신고
2012092900100167,2012년 9월 29일 08시,토요일,경상남도 통영시 용남면,중상사고,0,1,0,0,차대차 - 측면직각충돌,안전운전불이행,건조,맑음,단일로 - 기타,화물,남,47세,상해없음,승용,여,47세,중상
2012092900100168,2012년 9월 29일 08시,토요일,경상남도 사천시 동동,경상사고,0,0,1,0,차대사람 - 기타,안전운전불이행,건조,맑음,교차로 - 교차로안,승용,여,45세,상해없음,보행자,여,75세,경상
2012092900100192,2012년 9월 29일 09시,토요일,경상남도 창녕군 대지면,경상사고,0,0,1,0,차대차 - 기타,중앙선침범,건조,맑음,단일로 - 기타,화물,남,62세,상해없음,원동기,남,67세,경상
2012092900100193,2012년 9월 29일 09시,토요일,경상남도 양산시 중부동,경상사고,0,0,3,0,차대차 - 측면직각충돌,안전운전불이행,건조,맑음,단일로 - 기타,승용,남,38세,상해없음,승용,남,34세,경상
2012092900100218,2012년 9월 29일 10시,토요일,경상남도 창원시 성산구 가음정동,중상사고,0,1,0,0,차대차 - 측면직각충돌,교차로운행방법위반,건조,맑음,교차로 - 교차로안,승용,남,60세,상해없음,승용,여,31세,중상
2012092900100219,2012년 9월 29일 10시,토요일,경상남도 김해시 진영읍,경상사고,0,0,3,0,차대차 - 기타,안전운전불이행,건조,맑음,단일로 - 기타,승용,남,56세,상해없음,승용,여,50세,경상
2012092900100220,2012년 9월 29일 10시,토요일,경상남도 진주시 문산읍,중상사고,0,3,2,1,차대차 - 추돌 - 진행중,안전거리미확보,건조,맑음,단일로 - 기타,승용,남,48세,경상,승용,남,48세,상해없음
2012092900100252,2012년 9월 29일 11시,토요일,경상남도 거제시 아주동,부상신고사고,0,0,0,1,차대차 - 기타,안전운전불이행,건조,맑음,단일로 - 기타,승용,남,26세,상해없음,이륜,남,77세,부상신고
2012092900100253,2012년 9월 29일 11시,토요일,경상남도 함안군 가야읍,경상사고,0,0,1,0,차대차 - 측면직각충돌,안전운전불이행,건조,맑음,단일로 - 횡단보도상,승합,남,64세,상해없음,자전거,남,12세,경상
2012092900100275,2012년 9월 29일 12시,토요일,경상남도 창원시 진해구 근화동,중상사고,0,1,0,0,차대사람 - 기타,안전운전불이행,건조,맑음,기타 - 기타,승용,남,54세,상해없음,보행자,여,64세,중상
2012092900100276,2012년 9월 29일 12시,토요일,경상남도 밀양시 삼랑진읍,경상사고,0,0,1,0,차대사람 - 길가장자리구역통행중,안전운전불이행,건조,맑음,단일로 - 기타,승용,남,46세,상해없음,보행자,여,65세,경상
2012092900100302,2012년 9월 29일 13시,토요일,경상남도 창원시 마산합포구 월영동,경상사고,0,0,1,0,차대차 - 측면직각충돌,안전운전불이행,건조,맑음,교차로 - 교차로안,승용,여,50세,상해없음,원동기,남,66세,경상
2012092900100303,2012년 9월 29일 13시,토요일,경상남도 창원시 마산합포구 진동면,부상신고사고,0,0,0,1,차대차 - 측면직각충돌,안전운전불이행,건조,맑음,단일로 - 기타,이륜,남,74세,부상신고,승용,여,43세,상해없음
2012092900100304,2012년 9월 29일 13시,토요일,경상남도 밀양시 청도면,사망사고,1,0,0,0,차대차 - 추돌 - 주정차중,안전운전불이행,건조,맑음,단일로 - 기타,이륜,남,28세,사망,이륜,남,43세,기타불명
2012092900100323,2012년 9월 29일 14시,토요일,경상남도 창원시 의창구 신월동,경상사고,0,0,3,0,차대차 - 추돌 - 진행중,안전운전불이행,건조,맑음,교차로 - 교차로부근,승용,남,44세,상해없음,승용,남,23세,경상
2012092900100368,2012년 9월 29일 16시,토요일,경상남도 김해시 부원동,사망사고,1,0,1,0,차대차 - 측면직각충돌,안전운전불이행,건조,맑음,교차로 - 교차로부근,원동기,남,72세,사망,승용,남,55세,상해없음
2012092900100395,2012년 9월 29일 17시,토요일,경상남도 진주시 상대동,중상사고,0,1,0,0,차대사람 - 횡단중,안전운전불이행,건조,맑음,교차로 - 교차로안,승용,남,28세,상해없음,보행자,남,44세,중상
2012092900100396,2012년 9월 29일 17시,토요일,경상남도 김해시 어방동,경상사고,0,0,1,0,차대차 - 측면직각충돌,신호위반,건조,맑음,교차로 - 교차로안,승용,남,53세,상해없음,승용,남,29세,경상
2012092900100398,2012년 9월 29일 17시,토요일,경상남도 하동군 진교면,중상사고,0,1,0,0,차대차 - 측면직각충돌,중앙선침범,건조,맑음,단일로 - 기타,원동기,남,21세,상해없음,이륜,남,69세,중상
2012092900100399,2012년 9월 29일 17시,토요일,경상남도 거제시 상동동,중상사고,0,1,0,0,차대차 - 기타,안전운전불이행,건조,맑음,단일로 - 기타,승합,남,39세,상해없음,이륜,남,45세,중상
2012092900100400,2012년 9월 29일 17시,토요일,경상남도 함안군 대산면,중상사고,0,1,1,0,차대차 - 측면직각충돌,안전운전불이행,건조,맑음,교차로 - 교차로부근,승용,남,58세,중상,승용,남,33세,경상
2012092900100401,2012년 9월 29일 17시,토요일,경상남도 창원시 의창구 명서동,중상사고,0,1,0,0,차대차 - 측면직각충돌,신호위반,건조,맑음,교차로 - 교차로안,승용,남,31세,상해없음,승용,남,63세,중상
2012092900100434,2012년 9월 29일 18시,토요일,경상남도 사천시 사천읍,경상사고,0,0,1,0,차대차 - 추돌 - 진행중,안전운전불이행,건조,맑음,단일로 - 기타,승용,남,50세,상해없음,승용,남,43세,경상
2012092900100435,2012년 9월 29일 18시,토요일,경상남도 김해시 구산동,경상사고,0,0,1,0,차대차 - 측면직각충돌,안전운전불이행,건조,맑음,교차로 - 교차로안,원동기,남,19세,경상,승용,남,37세,상해없음
2012092900100436,2012년 9월 29일 18시,토요일,경상남도 거창군 거창읍,경상사고,0,0,3,0,차대차 - 추돌 - 진행중,안전운전불이행,건조,맑음,교차로 - 교차로부근,승용,남,54세,상해없음,승용,남,45세,경상
2012092900100437,2012년 9월 29일 18시,토요일,경상남도 하동군 횡천면,경상사고,0,0,1,0,차대차 - 측면직각충돌,교차로운행방법위반,건조,맑음,교차로 - 교차로안,승용,남,36세,상해없음,승용,여,42세,경상
2012092900100438,2012년 9월 29일 18시,토요일,경상남도 김해시 장유면,경상사고,0,0,1,0,차대차 - 기타,안전운전불이행,건조,맑음,단일로 - 기타,기타불명,기타불명,기타불명,기타불명,승용,남,39세,기타불명
2012092900100446,2012년 9월 29일 19시,토요일,경상남도 밀양시 삼랑진읍,부상신고사고,0,0,0,1,차대차 - 추돌 - 진행중,신호위반,건조,맑음,단일로 - 기타,승용,기타불명,기타불명,기타불명,승용,남,39세,부상신고
2012092900100467,2012년 9월 29일 19시,토요일,경상남도 김해시 삼방동,중상사고,0,1,0,0,차대차 - 측면직각충돌,안전운전불이행,건조,맑음,교차로 - 교차로안,원동기,남,18세,중상,승용,남,40세,상해없음
2012092900100489,2012년 9월 29일 20시,토요일,경상남도 창녕군 부곡면,중상사고,0,1,0,0,차대사람 - 기타,안전운전불이행,건조,맑음,단일로 - 기타,기타불명,기타불명,기타불명,기타불명,보행자,남,49세,중상
2012092900100490,2012년 9월 29일 20시,토요일,경상남도 창원시 의창구 팔용동,중상사고,0,1,1,0,차대차 - 측면직각충돌,신호위반,건조,맑음,교차로 - 교차로안,승용,남,43세,상해없음,승용,남,55세,중상
2012092900100509,2012년 9월 29일 21시,토요일,경상남도 김해시 진영읍,중상사고,0,1,0,0,차대차 - 측면직각충돌,안전운전불이행,건조,맑음,교차로 - 교차로안,원동기,남,26세,상해없음,승용,여,49세,중상
2012093000100009,2012년 9월 30일 00시,일요일,경상남도 창원시 진해구 경화동,경상사고,0,0,2,0,차대차 - 측면직각충돌,안전운전불이행,건조,맑음,교차로 - 교차로안,승용,기타불명,기타불명,기타불명,승용,여,56세,경상
2012093000100010,2012년 9월 30일 00시,일요일,경상남도 통영시 광도면,경상사고,0,0,1,0,차대차 - 측면직각충돌,신호위반,건조,맑음,교차로 - 교차로안,승용,남,28세,상해없음,승용,남,58세,경상
2012093000100011,2012년 9월 30일 00시,일요일,경상남도 함양군 안의면,부상신고사고,0,0,0,1,차대차 - 추돌 - 주정차중,안전운전불이행,건조,맑음,단일로 - 기타,승용,여,51세,부상신고,특수,남,34세,상해없음
2012093000100012,2012년 9월 30일 00시,일요일,경상남도 창원시 성산구 상남동,경상사고,0,0,1,0,차대차 - 측면직각충돌,교차로운행방법위반,건조,맑음,교차로 - 교차로안,승용,남,46세,상해없음,이륜,남,16세,경상
2012093000100023,2012년 9월 30일 01시,일요일,경상남도 고성군 고성읍,경상사고,0,0,1,0,차대사람 - 길가장자리구역통행중,안전운전불이행,건조,맑음,단일로 - 기타,승용,남,27세,상해없음,보행자,남,29세,경상
2012093000100062,2012년 9월 30일 05시,일요일,경상남도 창원시 의창구 용호동,경상사고,0,0,3,0,차대차 - 측면직각충돌,신호위반,건조,맑음,교차로 - 교차로안,이륜,남,20세,상해없음,승용,남,41세,경상
2012093000100069,2012년 9월 30일 06시,일요일,경상남도 창녕군 남지읍,중상사고,0,1,0,0,차대사람 - 횡단중,안전운전불이행,습기,안개,교차로 - 교차로안,승용,남,42세,상해없음,보행자,남,65세,중상
2012093000100084,2012년 9월 30일 08시,일요일,경상남도 창원시 마산합포구 완월동,중상사고,0,1,0,0,차대사람 - 횡단중,보행자보호의무위반,건조,맑음,교차로 - 교차로안,승용,남,53세,상해없음,보행자,남,9세,중상
2012093000100085,2012년 9월 30일 08시,일요일,경상남도 밀양시 단장면,중상사고,0,1,1,0,차대차 - 기타,안전운전불이행,건조,맑음,단일로 - 기타,승용,남,61세,상해없음,승용,남,29세,중상
2012093000100101,2012년 9월 30일 09시,일요일,경상남도 창원시 마산합포구 중앙동3가,경상사고,0,0,1,0,차대차 - 추돌 - 진행중,안전거리미확보,건조,맑음,단일로 - 기타,승용,남,51세,상해없음,승용,남,29세,경상
2012093000100124,2012년 9월 30일 10시,일요일,경상남도 통영시 무전동,중상사고,0,1,2,0,차대차 - 측면직각충돌,안전거리미확보,건조,맑음,단일로 - 기타,승용,남,69세,경상,승용,남,30세,경상
2012093000100125,2012년 9월 30일 10시,일요일,경상남도 통영시 태평동,경상사고,0,0,1,0,차대차 - 추돌 - 진행중,안전거리미확보,건조,맑음,단일로 - 기타,승용,남,40세,상해없음,승용,남,38세,경상
2012093000100126,2012년 9월 30일 10시,일요일,경상남도 하동군 북천면,중상사고,0,2,2,0,차대차 - 정면충돌,중앙선침범,건조,맑음,단일로 - 기타,승용,남,60세,상해없음,승용,남,37세,경상
2012093000100147,2012년 9월 30일 11시,일요일,경상남도 창원시 진해구 제덕동,경상사고,0,0,1,0,차대차 - 정면충돌,안전운전불이행,건조,맑음,단일로 - 기타,승용,남,56세,상해없음,원동기,남,52세,경상
2012093000100148,2012년 9월 30일 11시,일요일,경상남도 거창군 거창읍,중상사고,0,1,0,0,차대차 - 측면직각충돌,안전운전불이행,건조,맑음,단일로 - 기타,승용,남,49세,상해없음,승용,남,25세,상해없음
2012093000100149,2012년 9월 30일 11시,일요일,경상남도 남해군 삼동면,경상사고,0,0,1,0,차대차 - 기타,안전운전불이행,건조,맑음,교차로 - 교차로안,승용,여,42세,상해없음,승합,남,52세,상해없음
2012093000100150,2012년 9월 30일 11시,일요일,경상남도 의령군 칠곡면,중상사고,0,1,0,0,차대사람 - 횡단중,안전운전불이행,건조,맑음,단일로 - 기타,승용,남,44세,상해없음,보행자,여,11세,중상
2012093000100151,2012년 9월 30일 11시,일요일,경상남도 창원시 마산회원구 회성동,경상사고,0,0,1,0,차대차 - 측면직각충돌,신호위반,건조,맑음,교차로 - 교차로부근,승용,남,58세,상해없음,승용,남,45세,경상
2012093000100176,2012년 9월 30일 12시,일요일,경상남도 밀양시 내이동,경상사고,0,0,5,0,차대차 - 측면직각충돌,안전운전불이행,건조,맑음,교차로 - 교차로안,승용,남,64세,상해없음,승용,남,38세,경상
2012093000100177,2012년 9월 30일 12시,일요일,경상남도 창녕군 이방면,경상사고,0,0,1,0,차대사람 - 횡단중,안전운전불이행,건조,맑음,단일로 - 기타,승합,여,37세,상해없음,보행자,남,19세,경상
2012093000100178,2012년 9월 30일 12시,일요일,경상남도 창원시 의창구 북면,경상사고,0,0,2,0,차대차 - 추돌 - 주정차중,안전거리미확보,건조,맑음,단일로 - 터널,승용,남,20세,상해없음,승용,남,54세,경상
2012093000100207,2012년 9월 30일 13시,일요일,경상남도 창원시 진해구 중앙동,경상사고,0,0,1,0,차대차 - 측면직각충돌,안전운전불이행,건조,맑음,교차로 - 교차로안,승용,남,47세,상해없음,승용,남,21세,상해없음
2012093000100208,2012년 9월 30일 13시,일요일,경상남도 사천시 곤양면,중상사고,0,1,8,0,차대차 - 추돌 - 진행중,안전거리미확보,건조,맑음,단일로 - 기타,승용,남,62세,경상,승용,남,35세,경상
2012093000100316,2012년 9월 30일 17시,일요일,경상남도 합천군 묘산면,사망사고,1,0,0,0,차대사람 - 횡단중,안전운전불이행,건조,맑음,교차로 - 교차로부근,승용,여,42세,상해없음,보행자,여,67세,사망
2012093000100339,2012년 9월 30일 18시,일요일,경상남도 창원시 의창구 대산면,중상사고,0,2,0,0,차대차 - 측면직각충돌,중앙선침범,건조,맑음,단일로 - 기타,화물,남,21세,상해없음,승합,남,50세,중상
2012093000100371,2012년 9월 30일 19시,일요일,경상남도 창원시 마산합포구 진북면,경상사고,0,0,1,0,차대차 - 측면직각충돌,안전운전불이행,건조,맑음,단일로 - 기타,승용,남,49세,상해없음,승용,남,24세,상해없음
2012093000100372,2012년 9월 30일 19시,일요일,경상남도 통영시 광도면,중상사고,0,2,0,0,차대차 - 추돌 - 진행중,안전운전불이행,건조,맑음,단일로 - 기타,승용,남,51세,상해없음,승용,남,32세,중상
2012093000100393,2012년 9월 30일 20시,일요일,경상남도 사천시 선구동,중상사고,0,1,0,0,차대사람 - 횡단중,안전운전불이행,건조,맑음,교차로 - 교차로부근,승용,남,46세,상해없음,보행자,남,23세,중상
2012093000100412,2012년 9월 30일 21시,일요일,경상남도 진주시 상평동,경상사고,0,0,1,0,차대차 - 기타,직진우회전진행방해,건조,맑음,교차로 - 교차로안,승용,남,44세,상해없음,원동기,남,49세,경상
2012093000100429,2012년 9월 30일 22시,일요일,경상남도 통영시 광도면,경상사고,0,0,1,1,차대차 - 측면직각충돌,교차로운행방법위반,건조,맑음,교차로 - 교차로안,승용,여,31세,부상신고,승용,여,34세,경상
2012093000100430,2012년 9월 30일 22시,일요일,경상남도 창녕군 계성면,중상사고,0,3,2,0,차대차 - 추돌 - 주정차중,안전운전불이행,건조,맑음,단일로 - 기타,승용,여,46세,중상,화물,남,47세,기타불명
2012093000100451,2012년 9월 30일 23시,일요일,경상남도 창원시 마산합포구 동성동,경상사고,0,0,1,0,차대사람 - 기타,안전운전불이행,건조,맑음,단일로 - 기타,승용,남,42세,상해없음,보행자,남,30세,경상
2012100100100011,2012년 10월 1일 00시,월요일,경상남도 김해시 부원동,경상사고,0,0,2,0,차대차 - 기타,안전운전불이행,건조,맑음,단일로 - 기타,승용,남,20세,상해없음,승용,남,49세,경상
2012100100100033,2012년 10월 1일 02시,월요일,경상남도 밀양시 산외면,사망사고,1,1,3,0,차대차 - 측면직각충돌,불법유턴,건조,맑음,단일로 - 기타,승용,남,68세,사망,승용,남,36세,경상
2012100100100038,2012년 10월 1일 02시,월요일,경상남도 창원시 의창구 대산면,사망사고,1,0,0,0,차대사람 - 횡단중,안전운전불이행,건조,맑음,단일로 - 기타,승용,남,31세,상해없음,보행자,남,40세,사망
2012100100100067,2012년 10월 1일 05시,월요일,경상남도 창원시 의창구 팔용동,경상사고,0,0,1,0,차대차 - 측면직각충돌,교차로운행방법위반,건조,맑음,교차로 - 교차로안,승용,남,50세,상해없음,승용,남,39세,상해없음
2012100100100075,2012년 10월 1일 06시,월요일,경상남도 거제시 옥포동,중상사고,0,1,0,0,차대차 - 측면직각충돌,안전운전불이행,건조,맑음,교차로 - 교차로안,승용,여,45세,상해없음,승용,남,64세,중상
2012100100100086,2012년 10월 1일 08시,월요일,경상남도 진주시 이반성면,중상사고,0,1,0,0,차대차 - 측면직각충돌,기타,건조,맑음,교차로 - 교차로안,승용,남,35세,상해없음,자전거,남,69세,중상
2012100100100103,2012년 10월 1일 09시,월요일,경상남도 양산시 용당동,부상신고사고,0,0,0,1,차대차 - 기타,안전운전불이행,건조,맑음,교차로 - 교차로안,승용,여,39세,상해없음,자전거,남,36세,부상신고
2012100100100104,2012년 10월 1일 09시,월요일,경상남도 창원시 의창구 동읍,경상사고,0,0,1,0,차대차 - 기타,차로위반,건조,맑음,단일로 - 기타,승용,여,47세,상해없음,승용,남,51세,경상
2012100100100127,2012년 10월 1일 10시,월요일,경상남도 창원시 마산합포구 진전면,사망사고,1,3,0,0,차대차 - 기타,안전운전불이행,건조,맑음,단일로 - 기타,이륜,남,22세,사망,승용,남,47세,중상
2012100100100128,2012년 10월 1일 10시,월요일,경상남도 남해군 고현면,경상사고,0,0,2,0,차대차 - 정면충돌,중앙선침범,건조,맑음,단일로 - 기타,승용,남,34세,상해없음,승용,남,67세,경상
2012100100100146,2012년 10월 1일 11시,월요일,경상남도 통영시 무전동,중상사고,0,2,0,0,차대차 - 추돌 - 진행중,안전거리미확보,건조,맑음,교차로 - 교차로안,원동기,여,16세,중상,승용,여,38세,상해없음
2012100100100162,2012년 10월 1일 12시,월요일,경상남도 창원시 성산구 대방동,중상사고,0,1,0,0,차대사람 - 기타,신호위반,건조,맑음,단일로 - 기타,승용,남,50세,상해없음,보행자,여,52세,중상
2012100100100183,2012년 10월 1일 13시,월요일,경상남도 고성군 고성읍,경상사고,0,0,1,0,차대차 - 측면직각충돌,신호위반,건조,맑음,교차로 - 교차로안,화물,남,55세,상해없음,원동기,남,75세,경상
2012100100100202,2012년 10월 1일 14시,월요일,경상남도 통영시 무전동,부상신고사고,0,0,0,1,차대차 - 추돌 - 진행중,안전운전불이행,건조,맑음,교차로 - 교차로부근,이륜,남,23세,부상신고,승용,남,47세,상해없음
2012100100100203,2012년 10월 1일 14시,월요일,경상남도 함안군 칠원면,중상사고,0,1,0,0,차대차 - 측면직각충돌,안전운전불이행,건조,맑음,교차로 - 교차로안,승용,여,64세,상해없음,자전거,남,68세,중상
2012100100100204,2012년 10월 1일 14시,월요일,경상남도 김해시 주촌면,중상사고,0,1,1,0,차대차 - 측면직각충돌,신호위반,건조,맑음,교차로 - 교차로안,승용,남,20세,상해없음,승용,여,46세,중상
2012100100100263,2012년 10월 1일 16시,월요일,경상남도 창원시 의창구 대산면,중상사고,0,1,3,0,차대차 - 기타,교차로운행방법위반,건조,맑음,교차로 - 교차로안,승용,남,46세,상해없음,승용,남,54세,경상
2012100100100264,2012년 10월 1일 16시,월요일,경상남도 김해시 장유면,중상사고,0,1,0,0,차대차 - 측면직각충돌,신호위반,건조,맑음,교차로 - 교차로안,승용,남,36세,상해없음,원동기,남,19세,중상
2012100100100317,2012년 10월 1일 18시,월요일,경상남도 밀양시 산외면,경상사고,0,0,1,0,차대차 - 추돌 - 주정차중,안전운전불이행,건조,맑음,단일로 - 기타,승용,남,58세,상해없음,승용,남,32세,경상
2012100100100318,2012년 10월 1일 18시,월요일,경상남도 합천군 야로면,중상사고,0,1,3,0,차대차 - 정면충돌,중앙선침범,건조,맑음,단일로 - 기타,승용,여,38세,상해없음,승용,여,26세,중상
2012100100100349,2012년 10월 1일 19시,월요일,경상남도 진주시 장대동,경상사고,0,0,1,0,차대차 - 측면직각충돌,중앙선침범,건조,맑음,단일로 - 기타,승용,여,42세,상해없음,화물,남,45세,경상
2012100100100350,2012년 10월 1일 19시,월요일,경상남도 양산시 하북면,중상사고,0,1,1,0,차대차 - 측면직각충돌,안전운전불이행,건조,맑음,교차로 - 교차로안,승용,남,55세,상해없음,자전거,남,14세,중상
2012100100100351,2012년 10월 1일 19시,월요일,경상남도 창원시 의창구 대원동,중상사고,0,1,0,0,차대차 - 측면직각충돌,안전운전불이행,건조,맑음,단일로 - 횡단보도상,승용,남,55세,상해없음,원동기,남,17세,중상
2012100100100352,2012년 10월 1일 19시,월요일,경상남도 김해시 진례면,중상사고,0,1,0,0,차량단독 - 기타,안전운전불이행,건조,맑음,단일로 - 기타,원동기,남,57세,상해없음,,,,
2012100100100375,2012년 10월 1일 20시,월요일,경상남도 김해시 어방동,중상사고,0,1,0,0,차대차 - 추돌 - 주정차중,안전거리미확보,건조,맑음,교차로 - 교차로안,승합,남,38세,상해없음,승용,여,27세,중상
2012100100100406,2012년 10월 1일 21시,월요일,경상남도 김해시 내동,사망사고,1,0,0,0,차대차 - 기타,안전운전불이행,건조,맑음,단일로 - 기타,승용,남,16세,상해없음,승용,남,44세,기타불명