사고번호,사고일시,요일,시군구,사고내용,사망자수,중상자수,경상자수,부상신고자수,사고유형,법규위반,노면상태,기상상태,도로형태,가해운전자 차종,가해운전자 성별,가해운전자 연령,가해운전자 상해정도,피해운전자 차종,피해운전자 성별,피해운전자 연령,피해운전자 상해정도
2012100900100221,2012년 10월 9일 11시,화요일,경상남도 김해시 장유면,중상사고,0,1,0,0,차대차 - 추돌 - 진행중,안전운전불이행,건조,맑음,교차로 - 교차로부근,승용,남,50세,상해없음,승용,여,47세,중상
2012100900100305,2012년 10월 9일 14시,화요일,경상남도 진주시 중안동,경상사고,0,0,1,0,차대사람 - 기타,안전운전불이행,건조,맑음,교차로 - 교차로부근,승용,여,22세,기타불명,보행자,여,42세,경상
2012100900100306,2012년 10월 9일 14시,화요일,경상남도 진주시 대안동,경상사고,0,0,1,0,차대차 - 측면직각충돌,안전운전불이행,건조,맑음,단일로 - 기타,승용,여,60세,상해없음,이륜,여,60세,경상
2012100900100332,2012년 10월 9일 15시,화요일,경상남도 진주시 호탄동,중상사고,0,1,0,0,차대차 - 측면직각충돌,교차로운행방법위반,건조,맑음,교차로 - 교차로안,승용,남,56세,상해없음,승용,남,57세,중상
2012100900100361,2012년 10월 9일 16시,화요일,경상남도 사천시 벌리동,경상사고,0,0,1,0,차대차 - 측면직각충돌,직진우회전진행방해,건조,맑음,교차로 - 교차로안,승합,여,42세,상해없음,승용,여,35세,경상
2012100900100362,2012년 10월 9일 16시,화요일,경상남도 김해시 외동,중상사고,0,1,0,0,차대차 - 측면직각충돌,교차로운행방법위반,건조,맑음,교차로 - 교차로안,승용,여,35세,상해없음,승용,여,40세,중상
2012100900100406,2012년 10월 9일 17시,화요일,경상남도 양산시 물금읍,중상사고,0,1,0,0,차대차 - 측면직각충돌,안전운전불이행,건조,맑음,교차로 - 교차로안,화물,남,62세,상해없음,자전거,남,39세,중상
2012100900100448,2012년 10월 9일 18시,화요일,경상남도 창원시 진해구 용원동,중상사고,0,1,1,0,차대차 - 측면직각충돌,안전거리미확보,건조,맑음,단일로 - 기타,승용,여,21세,상해없음,승용,남,31세,경상
2012100900100449,2012년 10월 9일 18시,화요일,경상남도 창원시 진해구 이동,경상사고,0,0,1,0,차대차 - 측면직각충돌,교차로운행방법위반,건조,맑음,교차로 - 교차로안,승용,여,30세,상해없음,승용,여,49세,경상
2012100900100450,2012년 10월 9일 18시,화요일,경상남도 김해시 부원동,중상사고,0,1,1,0,차대차 - 기타,안전운전불이행,건조,맑음,단일로 - 기타,화물,남,34세,상해없음,승용,남,61세,중상
2012100900100451,2012년 10월 9일 18시,화요일,경상남도 김해시 구산동,경상사고,0,0,4,0,차대차 - 추돌 - 주정차중,안전운전불이행,건조,맑음,단일로 - 기타,승용,남,47세,상해없음,승용,남,43세,경상
2012100900100452,2012년 10월 9일 18시,화요일,경상남도 거제시 장승포동,중상사고,0,1,1,0,차대차 - 추돌 - 진행중,안전운전불이행,건조,맑음,교차로 - 교차로부근,이륜,남,16세,경상,이륜,여,63세,중상
2012100900100453,2012년 10월 9일 18시,화요일,경상남도 김해시 진례면,경상사고,0,0,1,0,차대사람 - 횡단중,안전운전불이행,건조,맑음,단일로 - 기타,승용,여,56세,상해없음,보행자,여,33세,경상
2012100900100495,2012년 10월 9일 19시,화요일,경상남도 양산시 소주동,중상사고,0,1,1,0,차대사람 - 횡단중,안전운전불이행,건조,맑음,교차로 - 교차로안,승용,남,30세,상해없음,보행자,여,43세,중상
2012100900100496,2012년 10월 9일 19시,화요일,경상남도 창원시 성산구 사파동,경상사고,0,0,1,0,차대차 - 측면직각충돌,신호위반,건조,맑음,교차로 - 교차로안,승용,여,49세,상해없음,승용,남,56세,경상
2012100900100531,2012년 10월 9일 20시,화요일,경상남도 김해시 삼방동,경상사고,0,0,4,0,차대차 - 추돌 - 주정차중,안전운전불이행,건조,맑음,단일로 - 기타,승용,남,32세,상해없음,승용,여,25세,경상
2012100900100570,2012년 10월 9일 21시,화요일,경상남도 진주시 상대동,경상사고,0,0,1,0,차대차 - 측면직각충돌,안전운전불이행,건조,맑음,단일로 - 기타,승용,남,41세,상해없음,자전거,남,49세,경상
2012100900100571,2012년 10월 9일 21시,화요일,경상남도 김해시 대동면,중상사고,0,1,0,0,차대사람 - 기타,기타,건조,맑음,단일로 - 기타,승합,남,52세,상해없음,보행자,여,37세,중상
2012100900100572,2012년 10월 9일 21시,화요일,경상남도 거제시 장평동,경상사고,0,0,1,0,차대차 - 기타,안전운전불이행,건조,맑음,단일로 - 기타,승용,남,51세,상해없음,이륜,남,29세,경상
2012100900100573,2012년 10월 9일 21시,화요일,경상남도 거제시 아주동,중상사고,0,1,0,0,차대사람 - 기타,안전운전불이행,건조,맑음,단일로 - 횡단보도상,승용,남,51세,상해없음,보행자,남,59세,중상
2012100900100602,2012년 10월 9일 22시,화요일,경상남도 창원시 진해구 경화동,사망사고,1,1,0,0,차대차 - 측면직각충돌,신호위반,건조,맑음,교차로 - 교차로안,원동기,남,16세,중상,승용,여,39세,상해없음
2012100900100603,2012년 10월 9일 22시,화요일,경상남도 김해시 진영읍,경상사고,0,0,1,0,차대차 - 측면직각충돌,신호위반,건조,맑음,교차로 - 교차로안,승용,남,73세,상해없음,원동기,남,16세,경상
2012100900100619,2012년 10월 9일 23시,화요일,경상남도 거창군 거창읍,중상사고,0,1,0,0,차량단독 - 전도전복,안전운전불이행,건조,맑음,단일로 - 기타,원동기,남,46세,중상,,,,
2012101000100012,2012년 10월 10일 00시,수요일,경상남도 창원시 마산합포구 중앙동1가,중상사고,0,1,0,0,차대차 - 측면직각충돌,안전거리미확보,건조,맑음,단일로 - 기타,승용,남,57세,상해없음,원동기,남,26세,중상
2012101000100013,2012년 10월 10일 00시,수요일,경상남도 진주시 가좌동,경상사고,0,0,1,0,차량단독 - 도로외이탈 - 추락,안전운전불이행,건조,맑음,교차로 - 교차로부근,승용,남,22세,상해없음,,,,
2012101000100060,2012년 10월 10일 05시,수요일,경상남도 창녕군 대지면,경상사고,0,0,1,0,차량단독 - 공작물충돌,안전운전불이행,습기,안개,단일로 - 기타,승용,남,26세,경상,,,,
2012101000100085,2012년 10월 10일 06시,수요일,경상남도 진주시 상대동,중상사고,0,1,0,0,차대차 - 측면직각충돌,안전운전불이행,건조,맑음,교차로 - 교차로부근,승용,남,39세,상해없음,자전거,남,71세,중상
2012101000100105,2012년 10월 10일 07시,수요일,경상남도 창원시 진해구 이동,경상사고,0,0,3,0,차대차 - 측면직각충돌,기타,건조,맑음,교차로 - 교차로안,승용,남,63세,경상,승용,여,49세,경상
2012101000100141,2012년 10월 10일 08시,수요일,경상남도 함안군 군북면,경상사고,0,0,1,0,차대차 - 정면충돌,중앙선침범,습기,안개,단일로 - 기타,승합,여,46세,상해없음,승용,여,41세,경상
2012101000100142,2012년 10월 10일 08시,수요일,경상남도 창원시 성산구 웅남동,중상사고,0,1,0,0,차대차 - 측면직각충돌,직진우회전진행방해,건조,맑음,교차로 - 교차로안,화물,남,51세,상해없음,승용,남,32세,중상
2012101000100172,2012년 10월 10일 09시,수요일,경상남도 합천군 합천읍,사망사고,1,1,0,0,차대사람 - 횡단중,안전거리미확보,건조,맑음,단일로 - 기타,이륜,남,79세,중상,보행자,남,72세,사망
2012101000100192,2012년 10월 10일 10시,수요일,경상남도 양산시 물금읍,경상사고,0,0,1,0,차대차 - 측면직각충돌,안전거리미확보,건조,맑음,교차로 - 교차로부근,화물,남,61세,상해없음,승용,여,60세,경상
2012101000100193,2012년 10월 10일 10시,수요일,경상남도 창원시 의창구 팔용동,중상사고,0,1,1,0,차대차 - 측면직각충돌,안전운전불이행,건조,맑음,교차로 - 교차로부근,승용,남,63세,상해없음,승용,여,28세,중상
2012101000100214,2012년 10월 10일 11시,수요일,경상남도 김해시 상동면,중상사고,0,1,1,0,차대차 - 측면직각충돌,교차로운행방법위반,건조,맑음,교차로 - 교차로안,승용,남,68세,상해없음,승용,여,42세,중상
2012101000100215,2012년 10월 10일 11시,수요일,경상남도 양산시 매곡동,부상신고사고,0,0,0,1,차대사람 - 길가장자리구역통행중,안전운전불이행,건조,맑음,단일로 - 기타,승합,여,34세,상해없음,보행자,여,68세,부상신고
2012101000100238,2012년 10월 10일 12시,수요일,경상남도 창원시 진해구 석동,중상사고,0,1,0,0,차대사람 - 횡단중,신호위반,건조,맑음,교차로 - 교차로부근,승용,남,70세,상해없음,보행자,여,38세,중상
2012101000100239,2012년 10월 10일 12시,수요일,경상남도 함양군 유림면,중상사고,0,1,0,0,차대차 - 측면직각충돌,안전운전불이행,건조,맑음,교차로 - 교차로부근,화물,남,36세,상해없음,원동기,남,70세,중상
2012101000100240,2012년 10월 10일 12시,수요일,경상남도 양산시 소주동,중상사고,0,1,0,0,차대차 - 추돌 - 주정차중,안전운전불이행,건조,맑음,교차로 - 교차로부근,화물,남,42세,상해없음,원동기,남,87세,중상
2012101000100269,2012년 10월 10일 13시,수요일,경상남도 진주시 장대동,경상사고,0,0,1,0,차대사람 - 길가장자리구역통행중,안전운전불이행,건조,맑음,단일로 - 기타,승용,남,51세,상해없음,보행자,남,64세,경상
2012101000100270,2012년 10월 10일 13시,수요일,경상남도 거창군 고제면,중상사고,0,1,0,0,차량단독 - 도로외이탈 - 기타,안전운전불이행,건조,맑음,단일로 - 기타,농기계,남,67세,중상,,,,
2012101000100297,2012년 10월 10일 14시,수요일,경상남도 양산시 평산동,중상사고,0,1,0,0,차대사람 - 횡단중,안전운전불이행,건조,맑음,교차로 - 교차로부근,화물,남,44세,상해없음,보행자,여,73세,중상
2012101000100298,2012년 10월 10일 14시,수요일,경상남도 산청군 삼장면,중상사고,0,1,0,0,차대차 - 정면충돌,안전운전불이행,건조,맑음,단일로 - 기타,승용,남,61세,상해없음,승용,여,45세,중상
2012101000100299,2012년 10월 10일 14시,수요일,경상남도 창원시 의창구 봉곡동,경상사고,0,0,1,0,차대사람 - 기타,안전운전불이행,건조,맑음,단일로 - 기타,승용,여,47세,상해없음,보행자,남,30세,경상
2012101000100335,2012년 10월 10일 15시,수요일,경상남도 창원시 진해구 경화동,중상사고,0,1,0,0,차대차 - 측면직각충돌,직진우회전진행방해,건조,맑음,교차로 - 교차로안,승용,여,49세,상해없음,화물,남,41세,중상
2012101000100336,2012년 10월 10일 15시,수요일,경상남도 양산시 명동,경상사고,0,0,1,0,차대차 - 추돌 - 진행중,안전운전불이행,건조,맑음,단일로 - 기타,승용,남,29세,상해없음,승용,남,26세,경상
2012101000100337,2012년 10월 10일 15시,수요일,경상남도 김해시 장유면,중상사고,0,1,0,0,차대사람 - 기타,안전운전불이행,건조,맑음,단일로 - 기타,화물,남,39세,상해없음,보행자,여,75세,중상
2012101000100365,2012년 10월 10일 16시,수요일,경상남도 창원시 마산합포구 교방동,중상사고,0,1,0,0,차대사람 - 횡단중,보행자보호의무위반,건조,맑음,단일로 - 횡단보도상,승용,여,46세,상해없음,보행자,남,72세,중상
2012101000100366,2012년 10월 10일 16시,수요일,경상남도 창원시 진해구 석동,경상사고,0,0,1,0,차대사람 - 횡단중,보행자보호의무위반,건조,맑음,단일로 - 횡단보도상,승용,여,31세,상해없음,보행자,남,13세,경상
2012101000100367,2012년 10월 10일 16시,수요일,경상남도 김해시 상동면,중상사고,0,1,1,0,차대차 - 측면직각충돌,중앙선침범,건조,맑음,단일로 - 기타,승용,여,49세,상해없음,승용,남,62세,경상
2012101000100368,2012년 10월 10일 16시,수요일,경상남도 김해시 삼정동,중상사고,0,1,1,0,차대차 - 추돌 - 주정차중,안전거리미확보,건조,맑음,단일로 - 기타,화물,남,69세,경상,승용,여,54세,중상
2012101000100405,2012년 10월 10일 17시,수요일,경상남도 김해시 장유면,중상사고,0,1,0,0,차대사람 - 기타,안전운전불이행,건조,맑음,단일로 - 기타,승용,여,32세,상해없음,보행자,여,78세,중상
2012101000100461,2012년 10월 10일 18시,수요일,경상남도 창녕군 유어면,중상사고,0,1,0,0,차대차 - 추돌 - 주정차중,안전운전불이행,건조,맑음,단일로 - 기타,승용,여,60세,상해없음,농기계,남,62세,중상
2012101000100462,2012년 10월 10일 18시,수요일,경상남도 양산시 어곡동,중상사고,0,1,0,0,차대사람 - 횡단중,보행자보호의무위반,건조,맑음,단일로 - 횡단보도상,승용,남,41세,상해없음,보행자,여,39세,중상
2012101000100463,2012년 10월 10일 18시,수요일,경상남도 양산시 신기동,경상사고,0,0,1,0,차대차 - 측면직각충돌,안전운전불이행,건조,맑음,단일로 - 기타,원동기,남,27세,경상,화물,남,50세,상해없음
2012101000100464,2012년 10월 10일 18시,수요일,경상남도 거제시 사등면,부상신고사고,0,0,0,8,차대차 - 추돌 - 진행중,안전거리미확보,건조,맑음,단일로 - 기타,승합,남,51세,상해없음,승합,남,52세,상해없음
2012101000100465,2012년 10월 10일 18시,수요일,경상남도 김해시 장유면,중상사고,0,1,0,0,차대차 - 측면직각충돌,교차로운행방법위반,건조,맑음,교차로 - 교차로안,승용,여,26세,상해없음,이륜,남,27세,중상
2012101000100505,2012년 10월 10일 19시,수요일,경상남도 진주시 상대동,중상사고,0,1,0,0,차대차 - 기타,안전운전불이행,건조,맑음,단일로 - 기타,이륜,남,36세,중상,승용,여,28세,상해없음
2012101000100506,2012년 10월 10일 19시,수요일,경상남도 창원시 마산회원구 내서읍,중상사고,0,1,0,0,차대차 - 측면직각충돌,안전운전불이행,건조,맑음,교차로 - 교차로안,승용,남,50세,상해없음,자전거,남,14세,중상
2012101000100540,2012년 10월 10일 20시,수요일,경상남도 양산시 남부동,경상사고,0,0,1,0,차대차 - 측면직각충돌,신호위반,건조,맑음,교차로 - 교차로안,승합,남,59세,상해없음,승용,남,54세,경상
2012101000100541,2012년 10월 10일 20시,수요일,경상남도 양산시 상북면,중상사고,0,2,2,0,차대차 - 측면직각충돌,직진우회전진행방해,건조,맑음,교차로 - 교차로안,승용,여,37세,중상,승용,여,52세,중상
2012101000100573,2012년 10월 10일 21시,수요일,경상남도 진주시 동성동,중상사고,0,3,1,0,차대차 - 측면직각충돌,안전운전불이행,건조,맑음,단일로 - 기타,승용,남,42세,상해없음,승용,남,25세,중상
2012101000100574,2012년 10월 10일 21시,수요일,경상남도 창원시 진해구 청안동,중상사고,0,2,0,0,차대차 - 측면직각충돌,교차로운행방법위반,건조,맑음,교차로 - 교차로안,원동기,남,14세,중상,승용,여,26세,상해없음
2012101000100575,2012년 10월 10일 21시,수요일,경상남도 밀양시 가곡동,중상사고,0,2,0,0,차대차 - 기타,안전운전불이행,건조,맑음,단일로 - 기타,승용,여,46세,상해없음,승용,남,19세,중상
2012101000100576,2012년 10월 10일 21시,수요일,경상남도 거제시 고현동,경상사고,0,0,2,0,차대차 - 측면직각충돌,신호위반,건조,맑음,교차로 - 교차로안,승용,여,50세,상해없음,승용,여,31세,경상
2012101000100577,2012년 10월 10일 21시,수요일,경상남도 함안군 군북면,경상사고,0,0,2,1,차대차 - 기타,기타,건조,맑음,교차로 - 교차로부근,승용,남,29세,부상신고,승용,남,53세,경상
2012101000100605,2012년 10월 10일 22시,수요일,경상남도 창원시 마산합포구 남성동,중상사고,0,1,0,0,차대차 - 기타,기타,건조,맑음,단일로 - 기타,승합,남,33세,상해없음,승용,남,63세,상해없음
2012101100100016,2012년 10월 11일 00시,목요일,경상남도 창원시 진해구 안골동,경상사고,0,0,2,0,차대차 - 추돌 - 주정차중,안전운전불이행,건조,맑음,교차로 - 교차로부근,화물,남,53세,상해없음,승용,남,28세,경상
2012101100100017,2012년 10월 11일 00시,목요일,경상남도 양산시 중부동,중상사고,0,1,0,0,차대사람 - 횡단중,과속,건조,맑음,단일로 - 횡단보도상,화물,남,22세,상해없음,보행자,여,39세,중상
2012101100100018,2012년 10월 11일 00시,목요일,경상남도 거제시 장평동,경상사고,0,0,2,0,차대차 - 추돌 - 진행중,차로위반,건조,맑음,단일로 - 기타,승용,남,49세,경상,승용,남,49세,경상
2012101100100042,2012년 10월 11일 01시,목요일,경상남도 진주시 하대동,중상사고,0,3,0,0,차대차 - 측면직각충돌,직진우회전진행방해,건조,맑음,교차로 - 교차로안,승용,남,46세,중상,승용,남,27세,중상
2012101100100043,2012년 10월 11일 01시,목요일,경상남도 김해시 삼방동,경상사고,0,0,1,0,차대사람 - 기타,안전운전불이행,건조,맑음,교차로 - 교차로안,승합,남,41세,상해없음,보행자,남,54세,경상
2012101100100067,2012년 10월 11일 03시,목요일,경상남도 창원시 진해구 여좌동,중상사고,0,1,0,0,차대차 - 측면직각충돌,안전운전불이행,건조,맑음,교차로 - 교차로안,승용,남,30세,상해없음,자전거,남,54세,중상
2012101100100098,2012년 10월 11일 06시,목요일,경상남도 창원시 진해구 청안동,중상사고,0,1,0,0,차대사람 - 횡단중,보행자보호의무위반,건조,맑음,교차로 - 교차로안,승용,여,36세,상해없음,보행자,남,65세,중상
2012101100100099,2012년 10월 11일 06시,목요일,경상남도 거제시 고현동,경상사고,0,0,1,0,차대차 - 측면직각충돌,안전운전불이행,건조,맑음,단일로 - 기타,승용,남,36세,상해없음,승합,남,51세,상해없음
2012101100100100,2012년 10월 11일 06시,목요일,경상남도 창원시 마산회원구 합성동,경상사고,0,0,2,0,차대차 - 측면직각충돌,신호위반,건조,맑음,교차로 - 교차로안,승용,남,58세,기타불명,승용,남,55세,경상
2012101100100101,2012년 10월 11일 06시,목요일,경상남도 창원시 마산회원구 합성동,경상사고,0,0,1,0,차대차 - 추돌 - 주정차중,안전운전불이행,건조,맑음,단일로 - 기타,승용,남,55세,기타불명,승용,남,45세,경상
2012101100100132,2012년 10월 11일 07시,목요일,경상남도 진주시 강남동,중상사고,0,1,0,0,차대사람 - 기타,안전운전불이행,건조,맑음,교차로 - 교차로안,화물,남,57세,상해없음,보행자,남,38세,중상
2012101100100133,2012년 10월 11일 07시,목요일,경상남도 양산시 원동면,중상사고,0,1,0,0,차대차 - 정면충돌,중앙선침범,건조,맑음,단일로 - 기타,원동기,남,65세,중상,승용,남,73세,상해없음
2012101100100134,2012년 10월 11일 07시,목요일,경상남도 창원시 마산회원구 봉암동,경상사고,0,0,1,0,차대차 - 추돌 - 진행중,안전운전불이행,건조,맑음,기타 - 기타,승합,남,52세,상해없음,승용,남,30세,경상
2012101100100174,2012년 10월 11일 08시,목요일,경상남도 김해시 내동,경상사고,0,0,1,0,차대차 - 측면직각충돌,신호위반,건조,맑음,교차로 - 교차로안,승용,여,58세,상해없음,승용,여,65세,경상
2012101100100175,2012년 10월 11일 08시,목요일,경상남도 창녕군 창녕읍,중상사고,0,1,0,0,차대차 - 추돌 - 주정차중,안전운전불이행,건조,맑음,교차로 - 교차로부근,화물,남,70세,상해없음,승용,여,52세,중상
2012101100100176,2012년 10월 11일 08시,목요일,경상남도 양산시 동면,중상사고,0,1,1,0,차대차 - 추돌 - 진행중,안전거리미확보,건조,맑음,교차로 - 교차로부근,승용,여,30세,경상,승용,남,68세,중상
2012101100100177,2012년 10월 11일 08시,목요일,경상남도 창원시 마산회원구 석전동,경상사고,0,0,1,2,차대차 - 추돌 - 주정차중,안전운전불이행,건조,맑음,단일로 - 기타,승용,남,55세,상해없음,승용,여,36세,부상신고
2012101100100178,2012년 10월 11일 08시,목요일,경상남도 창원시 의창구 명서동,경상사고,0,0,1,0,차대차 - 측면직각충돌,신호위반,건조,맑음,단일로 - 횡단보도부근,승합,남,43세,상해없음,승용,남,39세,경상
2012101100100179,2012년 10월 11일 08시,목요일,경상남도 김해시 진영읍,중상사고,0,1,0,0,차대사람 - 횡단중,안전운전불이행,건조,맑음,교차로 - 교차로안,승용,여,40세,상해없음,보행자,남,14세,중상
2012101100100231,2012년 10월 11일 09시,목요일,경상남도 거창군 거창읍,부상신고사고,0,0,0,1,차대차 - 측면직각충돌,교차로운행방법위반,건조,맑음,교차로 - 교차로안,원동기,남,64세,부상신고,승용,남,62세,상해없음
2012101100100232,2012년 10월 11일 09시,목요일,경상남도 하동군 진교면,경상사고,0,0,1,0,차대차 - 측면직각충돌,신호위반,건조,맑음,교차로 - 교차로안,승용,남,65세,상해없음,승용,남,65세,경상
2012101100100233,2012년 10월 11일 09시,목요일,경상남도 창원시 마산회원구 내서읍,중상사고,0,1,0,0,차대사람 - 기타,보행자보호의무위반,건조,맑음,교차로 - 교차로안,승용,남,70세,상해없음,보행자,여,67세,중상
2012101100100234,2012년 10월 11일 09시,목요일,경상남도 창원시 마산회원구 내서읍,중상사고,0,1,2,0,차대차 - 기타,안전운전불이행,건조,맑음,단일로 - 기타,승용,남,68세,상해없음,화물,남,60세,상해없음
2012101100100235,2012년 10월 11일 09시,목요일,경상남도 창원시 의창구 팔용동,중상사고,0,1,0,0,차량단독 - 기타,안전운전불이행,건조,맑음,교차로 - 교차로부근,승용,남,38세,상해없음,,,,
2012101100100258,2012년 10월 11일 10시,목요일,경상남도 통영시 정량동,경상사고,0,0,1,0,차대차 - 측면직각충돌,차로위반,건조,맑음,단일로 - 기타,승용,남,28세,상해없음,원동기,남,53세,경상
2012101100100259,2012년 10월 11일 10시,목요일,경상남도 남해군 남해읍,중상사고,0,1,0,0,차대차 - 기타,안전운전불이행,건조,맑음,기타 - 기타,화물,남,74세,상해없음,이륜,남,57세,중상
2012101100100288,2012년 10월 11일 11시,목요일,경상남도 창원시 마산합포구 완월동,경상사고,0,0,1,0,차대차 - 측면직각충돌,안전운전불이행,건조,맑음,교차로 - 교차로부근,승용,여,52세,상해없음,승용,남,49세,경상
2012101100100289,2012년 10월 11일 11시,목요일,경상남도 창원시 성산구 상남동,중상사고,0,1,0,0,차대사람 - 기타,안전운전불이행,건조,맑음,단일로 - 기타,승용,여,38세,상해없음,보행자,남,47세,중상
2012101100100322,2012년 10월 11일 12시,목요일,경상남도 김해시 생림면,중상사고,0,1,0,0,차대차 - 측면직각충돌,안전운전불이행,건조,맑음,단일로 - 기타,특수,남,55세,상해없음,승용,여,27세,중상
2012101100100371,2012년 10월 11일 14시,목요일,경상남도 양산시 동면,경상사고,0,0,3,0,차대차 - 기타,신호위반,건조,맑음,교차로 - 교차로부근,화물,남,29세,경상,승용,여,42세,경상
2012101100100372,2012년 10월 11일 14시,목요일,경상남도 거제시 연초면,중상사고,0,2,0,0,차대차 - 추돌 - 진행중,안전운전불이행,건조,맑음,교차로 - 교차로안,승용,남,18세,상해없음,화물,남,49세,중상
2012101100100412,2012년 10월 11일 15시,목요일,경상남도 창원시 의창구 팔용동,중상사고,0,1,0,0,차대차 - 측면직각충돌,안전운전불이행,건조,맑음,교차로 - 교차로안,화물,남,32세,상해없음,자전거,남,72세,중상
2012101100100452,2012년 10월 11일 16시,목요일,경상남도 창녕군 대지면,중상사고,0,1,0,0,차대차 - 기타,안전운전불이행,건조,맑음,단일로 - 기타,원동기,여,39세,중상,승합,남,33세,상해없음
2012101100100511,2012년 10월 11일 17시,목요일,경상남도 진주시 집현면,중상사고,0,1,0,0,차대차 - 측면직각충돌,안전운전불이행,건조,맑음,교차로 - 교차로안,승용,여,31세,상해없음,이륜,남,69세,중상
2012101100100512,2012년 10월 11일 17시,목요일,경상남도 김해시 지내동,경상사고,0,0,1,0,차대사람 - 횡단중,안전운전불이행,건조,맑음,단일로 - 기타,승용,여,53세,상해없음,보행자,남,2세,경상
2012101100100513,2012년 10월 11일 17시,목요일,경상남도 거창군 거창읍,경상사고,0,0,1,0,차대차 - 정면충돌,안전운전불이행,건조,맑음,단일로 - 기타,이륜,남,63세,상해없음,자전거,남,13세,경상
2012101100100568,2012년 10월 11일 18시,목요일,경상남도 진주시 내동면,사망사고,1,0,0,0,차대차 - 추돌 - 진행중,안전운전불이행,건조,맑음,단일로 - 기타,승용,남,66세,상해없음,승용,남,62세,상해없음
2012101100100569,2012년 10월 11일 18시,목요일,경상남도 김해시 어방동,중상사고,0,1,0,0,차대차 - 측면직각충돌,신호위반,건조,맑음,교차로 - 교차로안,이륜,남,17세,상해없음,승용,남,60세,상해없음
2012101100100570,2012년 10월 11일 18시,목요일,경상남도 거제시 고현동,중상사고,0,1,0,0,차대차 - 정면충돌,중앙선침범,건조,맑음,교차로 - 교차로부근,승용,여,33세,상해없음,이륜,남,40세,중상
2012101100100604,2012년 10월 11일 19시,목요일,경상남도 진주시 상대동,경상사고,0,0,1,0,차대사람 - 길가장자리구역통행중,안전운전불이행,건조,맑음,단일로 - 기타,승용,여,38세,상해없음,보행자,남,39세,경상
2012101100100605,2012년 10월 11일 19시,목요일,경상남도 밀양시 내이동,경상사고,0,0,1,0,차대사람 - 기타,안전운전불이행,건조,맑음,기타 - 기타,승용,남,62세,상해없음,보행자,남,37세,경상
2012101100100606,2012년 10월 11일 19시,목요일,경상남도 창원시 성산구 외동,경상사고,0,0,1,0,차대차 - 추돌 - 주정차중,안전운전불이행,건조,맑음,단일로 - 기타,승용,남,26세,상해없음,승용,여,40세,경상
2012101100100644,2012년 10월 11일 20시,목요일,경상남도 김해시 외동,중상사고,0,1,0,0,차대차 - 추돌 - 주정차중,안전운전불이행,건조,맑음,단일로 - 기타,승용,여,28세,상해없음,승용,여,26세,중상
2012101100100645,2012년 10월 11일 20시,목요일,경상남도 김해시 안동,경상사고,0,0,3,0,차대차 - 정면충돌,신호위반,건조,맑음,단일로 - 기타,승용,남,56세,상해없음,승용,남,20세,경상
2012101100100646,2012년 10월 11일 20시,목요일,경상남도 김해시 어방동,중상사고,0,2,1,0,차대차 - 정면충돌,안전운전불이행,건조,맑음,교차로 - 교차로안,승용,남,46세,상해없음,이륜,남,16세,중상
2012101100100647,2012년 10월 11일 20시,목요일,경상남도 거제시 능포동,중상사고,0,1,0,0,차대차 - 측면직각충돌,안전운전불이행,건조,맑음,교차로 - 교차로부근,승용,남,21세,상해없음,이륜,남,47세,중상
2012101100100672,2012년 10월 11일 21시,목요일,경상남도 통영시 무전동,경상사고,0,0,1,0,차대차 - 측면직각충돌,차로위반,건조,맑음,단일로 - 기타,원동기,남,16세,경상,승용,남,25세,상해없음
2012101100100673,2012년 10월 11일 21시,목요일,경상남도 사천시 사천읍,경상사고,0,0,1,0,차대사람 - 길가장자리구역통행중,안전운전불이행,건조,맑음,단일로 - 기타,승용,남,25세,상해없음,보행자,여,17세,경상
2012101100100674,2012년 10월 11일 21시,목요일,경상남도 사천시 사천읍,경상사고,0,0,1,0,차대차 - 추돌 - 주정차중,안전운전불이행,건조,맑음,단일로 - 기타,승용,남,23세,상해없음,승용,남,48세,경상
2012101100100706,2012년 10월 11일 22시,목요일,경상남도 창원시 마산합포구 상남동,경상사고,0,0,1,0,차대사람 - 기타,기타,건조,맑음,교차로 - 교차로부근,승용,남,43세,상해없음,보행자,여,60세,경상
2012101100100707,2012년 10월 11일 22시,목요일,경상남도 창원시 마산회원구 양덕동,중상사고,0,2,0,0,차대차 - 기타,신호위반,건조,맑음,교차로 - 교차로안,이륜,남,18세,상해없음,승용,남,29세,중상
2012101100100740,2012년 10월 11일 23시,목요일,경상남도 김해시 생림면,중상사고,0,2,0,0,차대차 - 추돌 - 진행중,신호위반,건조,맑음,교차로 - 교차로안,승용,남,36세,중상,승용,남,44세,중상
2012101200100019,2012년 10월 12일 00시,금요일,경상남도 양산시 북부동,중상사고,0,1,0,0,차대차 - 기타,중앙선침범,건조,맑음,단일로 - 기타,승용,여,23세,기타불명,승용,남,56세,기타불명
2012101200100031,2012년 10월 12일 01시,금요일,경상남도 김해시 구산동,중상사고,0,1,0,0,차대차 - 측면직각충돌,교차로운행방법위반,건조,맑음,교차로 - 교차로부근,승용,남,34세,상해없음,원동기,남,28세,중상