사고번호,사고일시,요일,시군구,사고내용,사망자수,중상자수,경상자수,부상신고자수,사고유형,법규위반,노면상태,기상상태,도로형태,가해운전자 차종,가해운전자 성별,가해운전자 연령,가해운전자 상해정도,피해운전자 차종,피해운전자 성별,피해운전자 연령,피해운전자 상해정도
2012101200100067,2012년 10월 12일 05시,금요일,경상남도 통영시 광도면,중상사고,0,1,0,0,차대사람 - 횡단중,신호위반,건조,맑음,교차로 - 교차로안,승용,남,35세,상해없음,보행자,여,64세,중상
2012101200100068,2012년 10월 12일 05시,금요일,경상남도 창원시 의창구 봉곡동,경상사고,0,0,2,0,차대사람 - 보도통행중,중앙선침범,건조,기타,교차로 - 교차로부근,승용,남,30세,상해없음,보행자,여,62세,경상
2012101200100081,2012년 10월 12일 06시,금요일,경상남도 거제시 덕포동,중상사고,0,1,0,0,차대차 - 측면직각충돌,안전운전불이행,건조,맑음,교차로 - 교차로안,승용,남,51세,상해없음,이륜,남,52세,중상
2012101200100082,2012년 10월 12일 06시,금요일,경상남도 창원시 성산구 대방동,중상사고,0,1,0,0,차대차 - 측면직각충돌,신호위반,건조,맑음,교차로 - 교차로안,승용,남,43세,상해없음,승용,여,53세,중상
2012101200100106,2012년 10월 12일 07시,금요일,경상남도 거제시 고현동,중상사고,0,1,0,0,차대사람 - 보도통행중,보행자보호의무위반,건조,맑음,단일로 - 횡단보도상,승합,여,45세,상해없음,보행자,여,17세,중상
2012101200100107,2012년 10월 12일 07시,금요일,경상남도 창원시 성산구 남산동,중상사고,0,1,0,0,차대차 - 추돌 - 진행중,안전운전불이행,건조,맑음,단일로 - 기타,승용,남,39세,상해없음,자전거,남,47세,중상
2012101200100153,2012년 10월 12일 08시,금요일,경상남도 김해시 삼정동,중상사고,0,1,0,0,차대차 - 측면직각충돌,직진우회전진행방해,건조,맑음,교차로 - 교차로부근,화물,남,67세,상해없음,승용,여,34세,중상
2012101200100191,2012년 10월 12일 09시,금요일,경상남도 합천군 합천읍,경상사고,0,0,2,0,차대차 - 측면직각충돌,교차로운행방법위반,건조,맑음,교차로 - 교차로안,승용,남,53세,상해없음,승용,여,25세,경상
2012101200100220,2012년 10월 12일 10시,금요일,경상남도 하동군 북천면,중상사고,0,1,0,0,차대사람 - 길가장자리구역통행중,안전운전불이행,건조,맑음,단일로 - 기타,건설기계,남,54세,상해없음,보행자,여,77세,중상
2012101200100221,2012년 10월 12일 10시,금요일,경상남도 하동군 화개면,중상사고,0,1,0,0,차대사람 - 길가장자리구역통행중,안전운전불이행,건조,맑음,단일로 - 기타,화물,여,58세,상해없음,보행자,여,47세,중상
2012101200100318,2012년 10월 12일 13시,금요일,경상남도 진주시 가좌동,경상사고,0,0,1,0,차대차 - 정면충돌,중앙선침범,건조,맑음,단일로 - 기타,승용,남,32세,상해없음,이륜,남,25세,경상
2012101200100350,2012년 10월 12일 14시,금요일,경상남도 김해시 동상동,중상사고,0,1,0,0,차대차 - 측면직각충돌,안전운전불이행,건조,맑음,교차로 - 교차로부근,승용,남,33세,기타불명,이륜,남,50세,중상
2012101200100384,2012년 10월 12일 15시,금요일,경상남도 김해시 내동,중상사고,0,2,0,0,차대사람 - 보도통행중,안전운전불이행,건조,맑음,단일로 - 기타,승용,여,37세,상해없음,보행자,남,12세,중상
2012101200100443,2012년 10월 12일 16시,금요일,경상남도 김해시 어방동,경상사고,0,0,1,0,차대사람 - 횡단중,보행자보호의무위반,건조,맑음,교차로 - 교차로부근,승용,여,42세,상해없음,보행자,남,11세,경상
2012101200100444,2012년 10월 12일 16시,금요일,경상남도 의령군 부림면,경상사고,0,0,1,0,차량단독 - 도로외이탈 - 기타,안전운전불이행,건조,맑음,교차로 - 교차로부근,화물,남,41세,경상,,,,
2012101200100482,2012년 10월 12일 17시,금요일,경상남도 진주시 명석면,경상사고,0,0,1,0,차대차 - 추돌 - 주정차중,안전운전불이행,건조,맑음,단일로 - 기타,화물,남,47세,상해없음,승용,여,42세,경상
2012101200100483,2012년 10월 12일 17시,금요일,경상남도 김해시 안동,중상사고,0,1,0,0,차대차 - 기타,안전운전불이행,건조,맑음,교차로 - 교차로부근,승용,남,44세,상해없음,자전거,남,27세,중상
2012101200100484,2012년 10월 12일 17시,금요일,경상남도 김해시 풍유동,중상사고,0,1,5,0,차대차 - 기타,안전운전불이행,건조,맑음,교차로 - 교차로부근,승합,남,55세,상해없음,승용,여,51세,경상
2012101200100485,2012년 10월 12일 17시,금요일,경상남도 김해시 진례면,중상사고,0,1,0,0,차대차 - 기타,안전운전불이행,건조,맑음,단일로 - 기타,승용,남,60세,상해없음,승용,남,70세,중상
2012101200100544,2012년 10월 12일 18시,금요일,경상남도 진주시 평거동,중상사고,0,1,0,0,차대차 - 기타,안전운전불이행,건조,맑음,단일로 - 횡단보도상,승용,여,50세,상해없음,자전거,여,11세,중상
2012101200100545,2012년 10월 12일 18시,금요일,경상남도 통영시 광도면,경상사고,0,0,1,0,차대차 - 측면직각충돌,안전운전불이행,건조,맑음,교차로 - 교차로부근,특수,남,44세,상해없음,승용,여,25세,경상
2012101200100546,2012년 10월 12일 18시,금요일,경상남도 밀양시 부북면,중상사고,0,1,0,0,차대차 - 정면충돌,안전운전불이행,건조,맑음,교차로 - 교차로안,화물,남,65세,상해없음,화물,남,58세,중상
2012101200100547,2012년 10월 12일 18시,금요일,경상남도 함양군 함양읍,경상사고,0,0,1,0,차대사람 - 횡단중,보행자보호의무위반,건조,맑음,교차로 - 교차로부근,승용,남,39세,상해없음,보행자,여,71세,경상
2012101200100548,2012년 10월 12일 18시,금요일,경상남도 창원시 의창구 신월동,중상사고,0,3,0,0,차대차 - 기타,안전운전불이행,건조,맑음,단일로 - 기타,승합,남,49세,상해없음,승용,남,48세,중상
2012101200100602,2012년 10월 12일 19시,금요일,경상남도 통영시 광도면,중상사고,0,6,6,0,차대차 - 추돌 - 진행중,안전운전불이행,건조,맑음,단일로 - 기타,화물,남,53세,경상,승용,남,63세,상해없음
2012101200100603,2012년 10월 12일 19시,금요일,경상남도 창원시 마산회원구 석전동,중상사고,0,1,0,0,차대차 - 기타,안전운전불이행,건조,맑음,교차로 - 교차로안,화물,남,63세,상해없음,자전거,남,64세,중상
2012101200100635,2012년 10월 12일 20시,금요일,경상남도 창원시 마산회원구 합성동,경상사고,0,0,1,0,차대사람 - 횡단중,보행자보호의무위반,건조,맑음,단일로 - 기타,화물,남,49세,상해없음,보행자,남,28세,경상
2012101200100668,2012년 10월 12일 21시,금요일,경상남도 밀양시 삼문동,경상사고,0,0,1,0,차대차 - 측면직각충돌,신호위반,건조,맑음,교차로 - 교차로안,승용,남,22세,상해없음,승용,남,43세,경상
2012101200100669,2012년 10월 12일 21시,금요일,경상남도 김해시 부원동,경상사고,0,0,1,0,차대차 - 측면직각충돌,교차로운행방법위반,건조,맑음,교차로 - 교차로안,승용,남,43세,상해없음,자전거,여,41세,경상
2012101200100670,2012년 10월 12일 21시,금요일,경상남도 창원시 마산회원구 합성동,경상사고,0,0,1,0,차대사람 - 기타,안전운전불이행,건조,맑음,단일로 - 기타,승용,남,64세,상해없음,보행자,남,30세,경상
2012101200100747,2012년 10월 12일 23시,금요일,경상남도 함안군 가야읍,중상사고,0,1,0,0,차대사람 - 횡단중,안전운전불이행,건조,맑음,단일로 - 기타,승용,남,54세,상해없음,보행자,남,58세,중상
2012101300100024,2012년 10월 13일 00시,토요일,경상남도 통영시 무전동,중상사고,0,1,0,0,차대차 - 측면직각충돌,안전운전불이행,건조,맑음,단일로 - 기타,승용,남,48세,상해없음,원동기,남,17세,중상
2012101300100025,2012년 10월 13일 00시,토요일,경상남도 김해시 삼계동,중상사고,0,2,0,0,차대차 - 추돌 - 진행중,안전운전불이행,건조,맑음,교차로 - 교차로부근,승용,남,42세,상해없음,승용,여,19세,중상
2012101300100042,2012년 10월 13일 01시,토요일,경상남도 김해시 삼방동,중상사고,0,1,0,0,차대사람 - 기타,안전운전불이행,건조,맑음,교차로 - 교차로부근,승용,남,37세,상해없음,보행자,남,23세,중상
2012101300100043,2012년 10월 13일 01시,토요일,경상남도 창원시 마산회원구 석전동,중상사고,0,1,0,0,차대차 - 기타,안전운전불이행,건조,맑음,교차로 - 교차로부근,승용,남,68세,상해없음,승용,남,55세,중상
2012101300100075,2012년 10월 13일 03시,토요일,경상남도 거창군 거창읍,경상사고,0,0,4,0,차대차 - 측면직각충돌,교차로운행방법위반,건조,맑음,교차로 - 교차로안,승용,남,39세,상해없음,승용,남,36세,경상
2012101300100088,2012년 10월 13일 04시,토요일,경상남도 창원시 의창구 도계동,부상신고사고,0,0,0,4,차대차 - 기타,안전운전불이행,건조,맑음,교차로 - 교차로안,기타불명,기타불명,기타불명,기타불명,승용,남,20세,상해없음
2012101300100104,2012년 10월 13일 05시,토요일,경상남도 창원시 성산구 상남동,중상사고,0,1,0,0,차대사람 - 기타,보행자보호의무위반,건조,맑음,단일로 - 횡단보도상,승용,남,56세,상해없음,보행자,남,74세,중상
2012101300100105,2012년 10월 13일 05시,토요일,경상남도 창원시 의창구 명서동,경상사고,0,0,1,0,차대차 - 기타,안전운전불이행,건조,맑음,교차로 - 교차로부근,승용,남,22세,상해없음,승용,남,42세,기타불명
2012101300100122,2012년 10월 13일 06시,토요일,경상남도 김해시 부원동,경상사고,0,0,1,0,차대사람 - 횡단중,안전운전불이행,건조,맑음,교차로 - 교차로부근,화물,남,53세,상해없음,보행자,여,74세,경상
2012101300100135,2012년 10월 13일 07시,토요일,경상남도 통영시 용남면,중상사고,0,1,2,0,차대차 - 측면직각충돌,중앙선침범,건조,맑음,단일로 - 기타,승용,남,59세,상해없음,승용,남,33세,경상
2012101300100136,2012년 10월 13일 07시,토요일,경상남도 김해시 장유면,경상사고,0,0,1,0,차대차 - 기타,안전운전불이행,건조,맑음,단일로 - 기타,승용,남,32세,상해없음,화물,남,44세,경상
2012101300100153,2012년 10월 13일 08시,토요일,경상남도 합천군 대양면,중상사고,0,1,0,0,차대차 - 측면직각충돌,교차로운행방법위반,건조,맑음,교차로 - 교차로부근,승용,남,44세,상해없음,화물,남,47세,중상
2012101300100154,2012년 10월 13일 08시,토요일,경상남도 합천군 합천읍,중상사고,0,1,0,0,차대사람 - 횡단중,보행자보호의무위반,건조,맑음,단일로 - 횡단보도상,화물,남,60세,상해없음,보행자,여,77세,중상
2012101300100183,2012년 10월 13일 09시,토요일,경상남도 창원시 진해구 경화동,경상사고,0,0,1,0,차대차 - 기타,안전운전불이행,건조,맑음,단일로 - 기타,승용,남,70세,상해없음,승합,남,52세,상해없음
2012101300100226,2012년 10월 13일 11시,토요일,경상남도 고성군 하이면,중상사고,0,1,0,0,차대차 - 정면충돌,중앙선침범,건조,맑음,단일로 - 기타,화물,여,44세,상해없음,원동기,남,53세,중상
2012101300100227,2012년 10월 13일 11시,토요일,경상남도 창원시 의창구 팔용동,중상사고,0,2,0,0,차대차 - 측면직각충돌,중앙선침범,건조,맑음,단일로 - 기타,승용,남,70세,중상,화물,남,56세,중상
2012101300100262,2012년 10월 13일 12시,토요일,경상남도 창원시 의창구 사림동,경상사고,0,0,1,0,차대차 - 기타,안전운전불이행,기타,맑음,교차로 - 교차로안,승용,남,39세,상해없음,승용,남,47세,상해없음
2012101300100298,2012년 10월 13일 13시,토요일,경상남도 진주시 상대동,중상사고,0,1,0,0,차대차 - 측면직각충돌,안전운전불이행,건조,맑음,기타 - 기타,승용,남,56세,상해없음,자전거,남,69세,중상
2012101300100299,2012년 10월 13일 13시,토요일,경상남도 김해시 불암동,중상사고,0,1,0,0,차대차 - 측면직각충돌,안전운전불이행,건조,맑음,단일로 - 기타,화물,남,51세,상해없음,승용,여,58세,중상
2012101300100339,2012년 10월 13일 14시,토요일,경상남도 합천군 대양면,경상사고,0,0,1,0,차량단독 - 기타,안전운전불이행,건조,맑음,교차로 - 교차로부근,이륜,남,44세,경상,,,,
2012101300100340,2012년 10월 13일 14시,토요일,경상남도 진주시 판문동,경상사고,0,0,1,0,차대차 - 추돌 - 진행중,과속,건조,맑음,단일로 - 터널,승용,남,25세,상해없음,승합,남,50세,상해없음
2012101300100369,2012년 10월 13일 15시,토요일,경상남도 합천군 율곡면,경상사고,0,0,1,0,차대차 - 기타,교차로운행방법위반,건조,맑음,교차로 - 교차로안,원동기,남,70세,경상,건설기계,남,38세,상해없음
2012101300100396,2012년 10월 13일 16시,토요일,경상남도 창원시 마산합포구 진북면,경상사고,0,0,1,0,차대사람 - 기타,안전운전불이행,건조,맑음,단일로 - 기타,화물,남,49세,상해없음,보행자,남,49세,경상
2012101300100397,2012년 10월 13일 16시,토요일,경상남도 거제시 장평동,중상사고,0,1,0,0,차대사람 - 기타,안전운전불이행,건조,맑음,단일로 - 기타,기타불명,기타불명,기타불명,기타불명,보행자,여,12세,중상
2012101300100436,2012년 10월 13일 17시,토요일,경상남도 진주시 호탄동,경상사고,0,0,2,0,차대차 - 추돌 - 주정차중,안전거리미확보,건조,맑음,단일로 - 기타,승용,여,22세,상해없음,승용,남,57세,경상
2012101300100437,2012년 10월 13일 17시,토요일,경상남도 사천시 벌리동,경상사고,0,0,1,0,차대차 - 기타,안전운전불이행,건조,맑음,단일로 - 기타,원동기,남,57세,경상,승용,남,42세,상해없음
2012101300100438,2012년 10월 13일 17시,토요일,경상남도 창녕군 이방면,중상사고,0,1,0,0,차대차 - 정면충돌,안전운전불이행,건조,맑음,단일로 - 기타,이륜,남,77세,중상,화물,남,53세,상해없음
2012101300100439,2012년 10월 13일 17시,토요일,경상남도 거제시 장평동,중상사고,0,1,0,0,차대사람 - 차도통행중,안전운전불이행,건조,맑음,단일로 - 기타,승용,남,56세,상해없음,보행자,남,59세,중상
2012101300100440,2012년 10월 13일 17시,토요일,경상남도 함안군 칠원면,중상사고,0,1,0,0,차대사람 - 차도통행중,안전운전불이행,건조,맑음,단일로 - 기타,이륜,남,18세,상해없음,보행자,여,40세,중상
2012101300100489,2012년 10월 13일 18시,토요일,경상남도 진주시 신안동,중상사고,0,1,0,0,차대차 - 추돌 - 주정차중,안전운전불이행,건조,맑음,단일로 - 기타,승용,여,42세,상해없음,원동기,여,40세,중상
2012101300100490,2012년 10월 13일 18시,토요일,경상남도 진주시 금산면,경상사고,0,0,1,0,차대차 - 추돌 - 진행중,안전거리미확보,건조,맑음,단일로 - 기타,승용,여,55세,상해없음,승용,여,49세,경상
2012101300100491,2012년 10월 13일 18시,토요일,경상남도 창원시 진해구 서중동,중상사고,0,1,0,0,차량단독 - 기타,안전운전불이행,건조,맑음,단일로 - 기타,승합,남,59세,상해없음,,,,
2012101300100492,2012년 10월 13일 18시,토요일,경상남도 거창군 신원면,사망사고,1,0,0,0,차대차 - 추돌 - 주정차중,안전운전불이행,건조,맑음,단일로 - 기타,이륜,남,73세,사망,농기계,남,68세,기타불명
2012101300100493,2012년 10월 13일 18시,토요일,경상남도 함안군 가야읍,경상사고,0,0,3,0,차대차 - 측면직각충돌,안전운전불이행,건조,맑음,단일로 - 기타,승용,남,51세,상해없음,승용,여,32세,경상
2012101300100494,2012년 10월 13일 18시,토요일,경상남도 의령군 용덕면,중상사고,0,1,0,0,차대사람 - 차도통행중,안전운전불이행,건조,맑음,단일로 - 기타,승용,남,69세,상해없음,보행자,여,77세,중상
2012101300100495,2012년 10월 13일 18시,토요일,경상남도 의령군 의령읍,중상사고,0,1,0,0,차대차 - 측면직각충돌,안전운전불이행,건조,맑음,단일로 - 횡단보도부근,승용,여,46세,상해없음,이륜,남,71세,중상
2012101300100496,2012년 10월 13일 18시,토요일,경상남도 창원시 성산구 불모산동,경상사고,0,0,3,0,차대차 - 추돌 - 진행중,안전운전불이행,건조,맑음,단일로 - 터널,승용,남,53세,상해없음,화물,남,29세,경상
2012101300100497,2012년 10월 13일 18시,토요일,경상남도 창원시 마산회원구 두척동,경상사고,0,0,3,0,차대차 - 추돌 - 주정차중,안전운전불이행,건조,맑음,단일로 - 기타,승용,남,60세,상해없음,승용,여,33세,경상
2012101300100498,2012년 10월 13일 18시,토요일,경상남도 창원시 의창구 팔용동,중상사고,0,1,0,0,차대사람 - 기타,안전운전불이행,건조,맑음,단일로 - 횡단보도상,승용,남,43세,상해없음,보행자,남,15세,중상
2012101300100548,2012년 10월 13일 19시,토요일,경상남도 진주시 평거동,경상사고,0,0,3,0,차대차 - 추돌 - 진행중,안전운전불이행,건조,맑음,단일로 - 기타,승용,남,33세,상해없음,승용,남,35세,경상
2012101300100549,2012년 10월 13일 19시,토요일,경상남도 진주시 상대동,중상사고,0,1,0,0,차대사람 - 기타,안전운전불이행,건조,맑음,교차로 - 교차로안,승용,남,40세,상해없음,보행자,남,51세,중상
2012101300100583,2012년 10월 13일 20시,토요일,경상남도 거제시 연초면,중상사고,0,1,0,0,차대차 - 측면직각충돌,안전운전불이행,건조,맑음,단일로 - 기타,화물,남,50세,상해없음,승용,여,56세,중상
2012101300100606,2012년 10월 13일 21시,토요일,경상남도 창원시 진해구 안골동,경상사고,0,0,1,0,차대사람 - 길가장자리구역통행중,안전운전불이행,건조,맑음,단일로 - 기타,승용,여,37세,상해없음,보행자,남,55세,경상
2012101300100607,2012년 10월 13일 21시,토요일,경상남도 창원시 마산회원구 내서읍,경상사고,0,0,1,0,차대차 - 기타,안전운전불이행,건조,맑음,교차로 - 교차로안,승용,남,44세,상해없음,원동기,남,22세,경상
2012101300100608,2012년 10월 13일 21시,토요일,경상남도 창원시 마산회원구 석전동,경상사고,0,0,1,0,차대차 - 기타,안전운전불이행,건조,맑음,교차로 - 교차로안,승합,남,49세,상해없음,승용,남,53세,상해없음
2012101300100633,2012년 10월 13일 22시,토요일,경상남도 함양군 서하면,경상사고,0,0,3,0,차대차 - 기타,안전운전불이행,건조,맑음,단일로 - 기타,승용,남,60세,상해없음,승용,남,23세,경상
2012101300100634,2012년 10월 13일 22시,토요일,경상남도 창원시 마산합포구 문화동,중상사고,0,1,0,1,차대차 - 측면직각충돌,안전운전불이행,건조,맑음,교차로 - 교차로안,승용,남,38세,중상,화물,남,55세,상해없음
2012101300100635,2012년 10월 13일 22시,토요일,경상남도 양산시 어곡동,부상신고사고,0,0,0,1,차량단독 - 기타,안전운전불이행,건조,맑음,단일로 - 기타,승용,남,14세,상해없음,,,,
2012101300100636,2012년 10월 13일 22시,토요일,경상남도 창원시 마산회원구 합성동,경상사고,0,0,1,0,차대사람 - 길가장자리구역통행중,안전운전불이행,건조,맑음,단일로 - 기타,승용,여,31세,상해없음,보행자,남,31세,경상
2012101300100668,2012년 10월 13일 23시,토요일,경상남도 창원시 마산합포구 오동동,경상사고,0,0,2,0,차대차 - 추돌 - 주정차중,안전운전불이행,건조,맑음,교차로 - 교차로부근,승용,남,44세,상해없음,승용,남,30세,경상
2012101300100669,2012년 10월 13일 23시,토요일,경상남도 합천군 야로면,중상사고,0,1,1,0,차대사람 - 길가장자리구역통행중,안전운전불이행,건조,맑음,단일로 - 기타,이륜,남,46세,경상,보행자,여,66세,중상
2012101400100022,2012년 10월 14일 00시,일요일,경상남도 김해시 삼계동,중상사고,0,1,1,0,차대차 - 측면직각충돌,차로위반,건조,맑음,단일로 - 기타,승용,남,48세,상해없음,승용,남,52세,경상
2012101400100062,2012년 10월 14일 02시,일요일,경상남도 진주시 계동,사망사고,1,0,0,0,차대사람 - 횡단중,안전운전불이행,건조,맑음,단일로 - 기타,화물,여,57세,상해없음,보행자,남,69세,사망
2012101400100063,2012년 10월 14일 02시,일요일,경상남도 창원시 의창구 봉곡동,경상사고,0,0,1,0,차대사람 - 길가장자리구역통행중,안전운전불이행,건조,맑음,단일로 - 기타,승용,남,43세,상해없음,보행자,남,45세,경상
2012101400100075,2012년 10월 14일 03시,일요일,경상남도 거제시 고현동,경상사고,0,0,1,0,차대차 - 기타,신호위반,건조,맑음,기타 - 기타,승용,남,31세,상해없음,승용,남,31세,경상
2012101400100086,2012년 10월 14일 04시,일요일,경상남도 창원시 진해구 여좌동,중상사고,0,1,0,0,차대사람 - 기타,안전운전불이행,건조,맑음,교차로 - 교차로부근,승용,여,44세,기타불명,보행자,남,74세,중상
2012101400100124,2012년 10월 14일 07시,일요일,경상남도 진주시 수곡면,사망사고,1,0,0,0,차량단독 - 도로외이탈 - 기타,안전운전불이행,건조,맑음,단일로 - 기타,농기계,남,75세,사망,,,,
2012101400100139,2012년 10월 14일 08시,일요일,경상남도 거제시 옥포동,중상사고,0,1,0,0,차대차 - 추돌 - 진행중,기타,건조,맑음,단일로 - 기타,승용,남,26세,상해없음,자전거,남,63세,중상
2012101400100140,2012년 10월 14일 08시,일요일,경상남도 함안군 가야읍,중상사고,0,1,0,0,차대차 - 측면직각충돌,신호위반,건조,맑음,교차로 - 교차로안,승용,남,34세,상해없음,승용,남,66세,중상
2012101400100141,2012년 10월 14일 08시,일요일,경상남도 김해시 전하동,경상사고,0,0,2,0,차대차 - 측면직각충돌,교차로운행방법위반,건조,맑음,교차로 - 교차로안,승용,남,64세,상해없음,승용,여,37세,경상
2012101400100153,2012년 10월 14일 09시,일요일,경상남도 통영시 도천동,부상신고사고,0,0,0,1,차대차 - 측면직각충돌,안전운전불이행,건조,맑음,교차로 - 교차로부근,승용,여,32세,상해없음,원동기,남,54세,부상신고
2012101400100154,2012년 10월 14일 09시,일요일,경상남도 의령군 칠곡면,중상사고,0,1,0,0,차대차 - 기타,안전운전불이행,건조,맑음,단일로 - 기타,승용,남,68세,상해없음,승용,남,45세,중상
2012101400100181,2012년 10월 14일 10시,일요일,경상남도 통영시 도남동,경상사고,0,0,1,0,차대차 - 추돌 - 진행중,안전운전불이행,건조,맑음,단일로 - 기타,승용,남,45세,상해없음,승용,남,40세,경상
2012101400100182,2012년 10월 14일 10시,일요일,경상남도 김해시 부원동,경상사고,0,0,1,0,차대사람 - 횡단중,안전운전불이행,건조,맑음,단일로 - 횡단보도부근,승용,남,68세,상해없음,보행자,여,47세,경상
2012101400100202,2012년 10월 14일 11시,일요일,경상남도 합천군 대양면,경상사고,0,0,5,0,차대차 - 측면직각충돌,중앙선침범,건조,맑음,단일로 - 교량,승용,남,50세,상해없음,승용,여,28세,경상
2012101400100203,2012년 10월 14일 11시,일요일,경상남도 거제시 덕포동,중상사고,0,1,4,0,차대차 - 기타,안전운전불이행,건조,맑음,단일로 - 터널,화물,남,45세,상해없음,승용,남,44세,경상
2012101400100204,2012년 10월 14일 11시,일요일,경상남도 김해시 장유면,경상사고,0,0,1,0,차대차 - 추돌 - 진행중,안전거리미확보,건조,맑음,단일로 - 기타,승용,여,40세,상해없음,승용,여,40세,경상
2012101400100229,2012년 10월 14일 13시,일요일,경상남도 김해시 장유면,경상사고,0,0,2,0,차대차 - 기타,차로위반,건조,맑음,단일로 - 기타,화물,남,67세,상해없음,승합,남,50세,경상
2012101400100244,2012년 10월 14일 13시,일요일,경상남도 창원시 마산합포구 예곡동,경상사고,0,0,2,0,차대차 - 추돌 - 진행중,안전운전불이행,건조,맑음,교차로 - 교차로부근,승합,남,43세,상해없음,화물,남,68세,경상
2012101400100282,2012년 10월 14일 14시,일요일,경상남도 창원시 마산합포구 중앙동3가,중상사고,0,1,0,0,차대차 - 측면직각충돌,신호위반,건조,맑음,교차로 - 교차로안,승용,여,44세,상해없음,원동기,남,71세,중상
2012101400100283,2012년 10월 14일 14시,일요일,경상남도 거제시 양정동,경상사고,0,0,1,0,차대사람 - 횡단중,중앙선침범,건조,맑음,기타 - 기타,승용,남,34세,상해없음,보행자,남,69세,경상
2012101400100284,2012년 10월 14일 14시,일요일,경상남도 산청군 산청읍,중상사고,0,1,0,0,차대사람 - 횡단중,안전운전불이행,건조,맑음,교차로 - 교차로안,승용,남,28세,상해없음,보행자,여,72세,중상
2012101400100310,2012년 10월 14일 15시,일요일,경상남도 통영시 무전동,부상신고사고,0,0,0,1,차량단독 - 전도전복,안전운전불이행,건조,맑음,단일로 - 기타,원동기,남,37세,부상신고,,,,
2012101400100312,2012년 10월 14일 15시,일요일,경상남도 함양군 지곡면,중상사고,0,2,0,0,차대차 - 추돌 - 주정차중,안전운전불이행,건조,맑음,단일로 - 기타,승용,여,58세,상해없음,승용,여,42세,중상
2012101400100313,2012년 10월 14일 15시,일요일,경상남도 창원시 마산회원구 회성동,중상사고,0,1,0,0,차대사람 - 기타,안전운전불이행,건조,맑음,단일로 - 기타,승용,남,49세,상해없음,보행자,여,77세,중상
2012101400100337,2012년 10월 14일 16시,일요일,경상남도 창원시 마산합포구 진전면,사망사고,1,0,0,0,차량단독 - 공작물충돌,안전운전불이행,건조,맑음,단일로 - 기타,농기계,남,74세,사망,,,,
2012101400100338,2012년 10월 14일 16시,일요일,경상남도 창원시 성산구 가음정동,중상사고,0,2,0,0,차대차 - 추돌 - 주정차중,안전운전불이행,건조,맑음,단일로 - 기타,승용,남,51세,상해없음,승용,여,27세,중상
2012101400100374,2012년 10월 14일 17시,일요일,경상남도 김해시 삼정동,중상사고,0,1,0,0,차대사람 - 횡단중,안전운전불이행,건조,맑음,단일로 - 기타,승용,여,18세,상해없음,보행자,여,88세,중상
2012101400100421,2012년 10월 14일 18시,일요일,경상남도 창원시 진해구 태백동,경상사고,0,0,1,0,차대차 - 기타,안전운전불이행,건조,맑음,교차로 - 교차로안,승용,남,54세,상해없음,승용,여,57세,경상
2012101400100422,2012년 10월 14일 18시,일요일,경상남도 김해시 삼계동,경상사고,0,0,1,0,차대차 - 추돌 - 진행중,안전거리미확보,건조,맑음,단일로 - 기타,승용,남,29세,상해없음,승용,여,54세,경상
2012101400100466,2012년 10월 14일 19시,일요일,경상남도 창원시 마산합포구 월영동,중상사고,0,1,0,0,차대사람 - 횡단중,안전운전불이행,건조,맑음,교차로 - 교차로부근,승용,여,43세,상해없음,보행자,여,38세,중상
2012101400100467,2012년 10월 14일 19시,일요일,경상남도 통영시 도천동,경상사고,0,0,1,0,차대사람 - 차도통행중,안전운전불이행,건조,맑음,단일로 - 기타,승용,남,49세,상해없음,보행자,남,44세,경상
2012101400100468,2012년 10월 14일 19시,일요일,경상남도 창녕군 고암면,경상사고,0,0,1,0,차대차 - 측면직각충돌,안전운전불이행,건조,맑음,교차로 - 교차로안,승용,남,48세,상해없음,승용,남,48세,경상
2012101400100469,2012년 10월 14일 19시,일요일,경상남도 남해군 남해읍,경상사고,0,0,1,0,차대사람 - 횡단중,보행자보호의무위반,건조,맑음,기타 - 기타,승용,남,41세,기타불명,보행자,남,15세,경상
2012101400100470,2012년 10월 14일 19시,일요일,경상남도 함안군 칠원면,경상사고,0,0,1,0,차량단독 - 공작물충돌,안전운전불이행,건조,맑음,단일로 - 기타,승용,여,44세,상해없음,,,,
2012101400100471,2012년 10월 14일 19시,일요일,경상남도 창원시 의창구 동읍,경상사고,0,0,2,0,차대차 - 추돌 - 주정차중,안전운전불이행,건조,맑음,교차로 - 교차로안,화물,남,49세,상해없음,승용,남,61세,경상
2012101400100500,2012년 10월 14일 20시,일요일,경상남도 진주시 강남동,중상사고,0,2,0,0,차대사람 - 횡단중,보행자보호의무위반,건조,맑음,단일로 - 횡단보도상,승용,여,28세,상해없음,보행자,여,13세,중상
2012101400100501,2012년 10월 14일 20시,일요일,경상남도 진주시 가좌동,중상사고,0,1,0,0,차대차 - 추돌 - 진행중,차로위반,건조,맑음,단일로 - 기타,승용,남,26세,상해없음,원동기,남,16세,중상
2012101400100502,2012년 10월 14일 20시,일요일,경상남도 창원시 진해구 충의동,경상사고,0,0,1,0,차대차 - 추돌 - 진행중,안전거리미확보,건조,맑음,단일로 - 기타,자전거,남,56세,경상,승용,남,53세,상해없음