사고번호,사고일시,요일,시군구,사고내용,사망자수,중상자수,경상자수,부상신고자수,사고유형,법규위반,노면상태,기상상태,도로형태,가해운전자 차종,가해운전자 성별,가해운전자 연령,가해운전자 상해정도,피해운전자 차종,피해운전자 성별,피해운전자 연령,피해운전자 상해정도
2012101400100503,2012년 10월 14일 20시,일요일,경상남도 김해시 삼계동,중상사고,0,1,0,0,차대사람 - 횡단중,안전운전불이행,건조,맑음,교차로 - 교차로안,화물,남,39세,상해없음,보행자,남,42세,중상
2012101400100504,2012년 10월 14일 20시,일요일,경상남도 양산시 북부동,중상사고,0,2,0,0,차대사람 - 횡단중,보행자보호의무위반,건조,맑음,교차로 - 교차로부근,화물,남,36세,상해없음,보행자,남,39세,중상
2012101400100505,2012년 10월 14일 20시,일요일,경상남도 양산시 소주동,중상사고,0,1,0,0,차량단독 - 전도전복,안전운전불이행,건조,맑음,단일로 - 기타,원동기,남,22세,중상,,,,
2012101400100506,2012년 10월 14일 20시,일요일,경상남도 양산시 원동면,경상사고,0,0,1,0,차대사람 - 기타,기타,건조,맑음,교차로 - 교차로부근,화물,남,51세,상해없음,보행자,남,55세,경상
2012101400100507,2012년 10월 14일 20시,일요일,경상남도 김해시 장유면,경상사고,0,0,1,0,차대차 - 측면직각충돌,교차로운행방법위반,건조,맑음,교차로 - 교차로안,승용,여,31세,상해없음,이륜,남,16세,경상
2012101400100537,2012년 10월 14일 21시,일요일,경상남도 사천시 사천읍,경상사고,0,0,1,0,차대차 - 추돌 - 진행중,안전운전불이행,건조,맑음,교차로 - 교차로부근,화물,남,50세,상해없음,승용,남,24세,경상
2012101400100562,2012년 10월 14일 22시,일요일,경상남도 창원시 마산합포구 상남동,경상사고,0,0,1,0,차대차 - 측면직각충돌,신호위반,건조,맑음,교차로 - 교차로안,승용,남,53세,상해없음,이륜,남,29세,경상
2012101500100043,2012년 10월 15일 04시,월요일,경상남도 김해시 장유면,중상사고,0,2,0,0,차량단독 - 공작물충돌,안전운전불이행,건조,맑음,단일로 - 기타,이륜,남,19세,중상,,,,
2012101500100049,2012년 10월 15일 05시,월요일,경상남도 사천시 용현면,경상사고,0,0,2,0,차대차 - 추돌 - 진행중,안전운전불이행,건조,맑음,단일로 - 기타,화물,남,39세,상해없음,승용,남,51세,경상
2012101500100067,2012년 10월 15일 06시,월요일,경상남도 창원시 진해구 덕산동,중상사고,0,1,0,0,차대차 - 정면충돌,신호위반,건조,맑음,교차로 - 교차로안,승용,남,36세,상해없음,승용,남,42세,중상
2012101500100068,2012년 10월 15일 06시,월요일,경상남도 거제시 능포동,중상사고,0,1,0,0,차대차 - 기타,교차로운행방법위반,건조,맑음,교차로 - 교차로안,화물,남,46세,상해없음,원동기,남,53세,중상
2012101500100092,2012년 10월 15일 07시,월요일,경상남도 사천시 정동면,사망사고,1,0,0,0,차대사람 - 기타,안전운전불이행,건조,맑음,단일로 - 교량,승용,기타불명,기타불명,기타불명,보행자,여,89세,사망
2012101500100139,2012년 10월 15일 08시,월요일,경상남도 양산시 상북면,중상사고,0,1,0,0,차대차 - 추돌 - 진행중,안전거리미확보,건조,맑음,단일로 - 기타,화물,남,46세,상해없음,승용,여,43세,중상
2012101500100140,2012년 10월 15일 08시,월요일,경상남도 창원시 마산회원구 회성동,중상사고,0,2,0,0,차대차 - 추돌 - 주정차중,안전운전불이행,건조,맑음,교차로 - 교차로부근,승용,남,23세,상해없음,승용,여,56세,중상
2012101500100176,2012년 10월 15일 09시,월요일,경상남도 창원시 진해구 충무동,중상사고,0,1,0,0,차대사람 - 횡단중,보행자보호의무위반,건조,맑음,단일로 - 횡단보도상,승용,남,75세,상해없음,보행자,여,21세,중상
2012101500100177,2012년 10월 15일 09시,월요일,경상남도 사천시 곤명면,중상사고,0,2,0,0,차대차 - 추돌 - 진행중,안전운전불이행,건조,맑음,단일로 - 기타,화물,남,70세,상해없음,농기계,남,70세,중상
2012101500100204,2012년 10월 15일 10시,월요일,경상남도 창녕군 계성면,중상사고,0,1,0,0,차대차 - 추돌 - 진행중,안전운전불이행,건조,맑음,단일로 - 기타,승용,남,51세,상해없음,원동기,남,79세,중상
2012101500100236,2012년 10월 15일 11시,월요일,경상남도 통영시 광도면,중상사고,0,1,0,0,차량단독 - 공작물충돌,안전운전불이행,건조,맑음,교차로 - 교차로부근,승용,남,24세,중상,,,,
2012101500100237,2012년 10월 15일 11시,월요일,경상남도 양산시 물금읍,중상사고,0,1,0,0,차대사람 - 횡단중,안전운전불이행,건조,맑음,기타 - 기타,승용,남,48세,상해없음,보행자,남,70세,중상
2012101500100259,2012년 10월 15일 12시,월요일,경상남도 통영시 광도면,경상사고,0,0,1,0,차대사람 - 횡단중,신호위반,건조,맑음,교차로 - 교차로안,승용,여,24세,상해없음,보행자,여,36세,경상
2012101500100260,2012년 10월 15일 12시,월요일,경상남도 거창군 거창읍,경상사고,0,0,1,0,차대사람 - 길가장자리구역통행중,안전운전불이행,건조,맑음,단일로 - 기타,화물,남,70세,상해없음,보행자,여,18세,경상
2012101500100293,2012년 10월 15일 13시,월요일,경상남도 창원시 마산합포구 남성동,경상사고,0,0,1,0,차대차 - 측면직각충돌,신호위반,건조,맑음,단일로 - 횡단보도상,승용,여,40세,상해없음,자전거,남,65세,경상
2012101500100294,2012년 10월 15일 13시,월요일,경상남도 사천시 대방동,경상사고,0,0,1,0,차대차 - 정면충돌,중앙선침범,건조,맑음,단일로 - 기타,원동기,남,69세,상해없음,승용,여,51세,경상
2012101500100325,2012년 10월 15일 14시,월요일,경상남도 창원시 마산합포구 구산면,중상사고,0,4,1,0,차대차 - 추돌 - 주정차중,안전운전불이행,건조,맑음,단일로 - 기타,화물,남,54세,상해없음,승용,남,32세,중상
2012101500100326,2012년 10월 15일 14시,월요일,경상남도 산청군 시천면,중상사고,0,1,0,0,차량단독 - 기타,안전운전불이행,건조,맑음,단일로 - 기타,승용,여,67세,상해없음,,,,
2012101500100360,2012년 10월 15일 15시,월요일,경상남도 진주시 상대동,부상신고사고,0,0,0,1,차대차 - 기타,중앙선침범,건조,맑음,단일로 - 기타,자전거,여,63세,부상신고,승용,남,61세,상해없음
2012101500100361,2012년 10월 15일 15시,월요일,경상남도 양산시 삼호동,경상사고,0,0,2,0,차대차 - 측면직각충돌,안전운전불이행,건조,맑음,교차로 - 교차로안,승용,남,71세,상해없음,승용,여,66세,경상
2012101500100398,2012년 10월 15일 16시,월요일,경상남도 진주시 망경동,경상사고,0,0,1,0,차대차 - 기타,교차로운행방법위반,건조,맑음,단일로 - 기타,원동기,남,47세,경상,승용,남,67세,상해없음
2012101500100399,2012년 10월 15일 16시,월요일,경상남도 진주시 초전동,중상사고,0,1,1,0,차대차 - 추돌 - 주정차중,안전운전불이행,건조,맑음,교차로 - 교차로부근,승용,여,46세,경상,승용,여,25세,중상
2012101500100443,2012년 10월 15일 17시,월요일,경상남도 창녕군 이방면,중상사고,0,1,0,0,차대차 - 기타,안전운전불이행,건조,맑음,단일로 - 기타,승용,여,40세,상해없음,농기계,남,65세,중상
2012101500100444,2012년 10월 15일 17시,월요일,경상남도 창녕군 영산면,중상사고,0,1,0,0,차대사람 - 기타,안전운전불이행,건조,맑음,단일로 - 기타,원동기,남,17세,상해없음,보행자,여,16세,중상
2012101500100445,2012년 10월 15일 17시,월요일,경상남도 함안군 가야읍,경상사고,0,0,1,0,차대차 - 기타,안전운전불이행,건조,맑음,교차로 - 교차로안,이륜,남,75세,경상,승용,여,30세,상해없음
2012101500100490,2012년 10월 15일 18시,월요일,경상남도 창원시 마산합포구 월영동,경상사고,0,0,1,0,차대차 - 측면직각충돌,안전운전불이행,건조,맑음,교차로 - 교차로안,특수,남,58세,상해없음,승용,남,44세,경상
2012101500100491,2012년 10월 15일 18시,월요일,경상남도 의령군 의령읍,중상사고,0,1,0,0,차대사람 - 기타,안전운전불이행,건조,맑음,단일로 - 기타,승용,남,34세,상해없음,보행자,남,51세,중상
2012101500100492,2012년 10월 15일 18시,월요일,경상남도 창원시 의창구 팔용동,중상사고,0,1,0,0,차대차 - 추돌 - 진행중,안전운전불이행,건조,맑음,교차로 - 교차로부근,승용,남,44세,상해없음,승용,남,35세,중상
2012101500100535,2012년 10월 15일 19시,월요일,경상남도 양산시 덕계동,경상사고,0,0,1,0,차대사람 - 기타,안전운전불이행,건조,맑음,단일로 - 기타,원동기,남,52세,상해없음,보행자,여,24세,경상
2012101500100603,2012년 10월 15일 21시,월요일,경상남도 통영시 용남면,중상사고,0,1,4,0,차대차 - 추돌 - 진행중,안전운전불이행,건조,맑음,단일로 - 기타,승용,여,29세,경상,승용,남,25세,경상
2012101500100650,2012년 10월 15일 23시,월요일,경상남도 김해시 삼정동,경상사고,0,0,1,0,차대차 - 정면충돌,중앙선침범,건조,맑음,단일로 - 기타,승용,여,47세,상해없음,승용,남,28세,경상
2012101600100019,2012년 10월 16일 00시,화요일,경상남도 통영시 광도면,중상사고,0,1,0,0,차대차 - 기타,신호위반,건조,맑음,교차로 - 교차로안,승용,남,27세,기타불명,승용,남,41세,중상
2012101600100020,2012년 10월 16일 00시,화요일,경상남도 창원시 의창구 봉곡동,경상사고,0,0,1,0,차대사람 - 횡단중,안전운전불이행,건조,맑음,단일로 - 기타,승용,남,51세,상해없음,보행자,남,24세,경상
2012101600100071,2012년 10월 16일 04시,화요일,경상남도 김해시 불암동,경상사고,0,0,1,0,차대차 - 추돌 - 진행중,안전운전불이행,건조,맑음,단일로 - 기타,화물,남,53세,상해없음,화물,여,49세,경상
2012101600100078,2012년 10월 16일 05시,화요일,경상남도 진주시 집현면,경상사고,0,0,4,0,차량단독 - 공작물충돌,안전운전불이행,건조,맑음,단일로 - 기타,승용,여,23세,경상,,,,
2012101600100079,2012년 10월 16일 05시,화요일,경상남도 창원시 마산회원구 회원동,중상사고,0,1,0,0,차대사람 - 횡단중,안전운전불이행,건조,맑음,단일로 - 기타,승용,남,51세,상해없음,보행자,여,18세,중상
2012101600100092,2012년 10월 16일 06시,화요일,경상남도 진주시 계동,중상사고,0,1,0,0,차대사람 - 기타,안전운전불이행,건조,맑음,단일로 - 기타,이륜,남,77세,상해없음,보행자,남,73세,중상
2012101600100121,2012년 10월 16일 07시,화요일,경상남도 진주시 상봉동,중상사고,0,1,0,0,차대사람 - 기타,안전운전불이행,건조,맑음,교차로 - 교차로부근,승용,여,47세,상해없음,보행자,남,16세,중상
2012101600100122,2012년 10월 16일 07시,화요일,경상남도 사천시 사천읍,경상사고,0,0,1,0,차대차 - 측면직각충돌,차로위반,건조,맑음,단일로 - 기타,화물,남,36세,경상,화물,남,41세,상해없음
2012101600100123,2012년 10월 16일 07시,화요일,경상남도 창원시 성산구 반림동,중상사고,0,1,0,0,차대차 - 측면직각충돌,신호위반,건조,맑음,교차로 - 교차로안,화물,남,53세,상해없음,자전거,남,52세,중상
2012101600100173,2012년 10월 16일 08시,화요일,경상남도 진주시 하대동,중상사고,0,1,0,0,차대차 - 기타,안전운전불이행,건조,맑음,교차로 - 교차로안,화물,남,55세,상해없음,승용,여,45세,중상
2012101600100174,2012년 10월 16일 08시,화요일,경상남도 김해시 불암동,중상사고,0,1,0,0,차대사람 - 횡단중,보행자보호의무위반,건조,맑음,교차로 - 교차로부근,승용,남,44세,상해없음,보행자,여,25세,중상
2012101600100175,2012년 10월 16일 08시,화요일,경상남도 함안군 칠원면,중상사고,0,2,0,0,차대차 - 측면직각충돌,안전운전불이행,건조,맑음,단일로 - 기타,화물,남,32세,상해없음,승용,여,55세,중상
2012101600100206,2012년 10월 16일 09시,화요일,경상남도 고성군 동해면,경상사고,0,0,1,0,차대사람 - 횡단중,보행자보호의무위반,건조,맑음,단일로 - 기타,승용,남,39세,상해없음,보행자,여,6세,경상
2012101600100235,2012년 10월 16일 10시,화요일,경상남도 창원시 마산합포구 월영동,경상사고,0,0,1,0,차대차 - 추돌 - 주정차중,안전거리미확보,건조,맑음,교차로 - 교차로부근,승용,남,57세,상해없음,승용,여,52세,경상
2012101600100255,2012년 10월 16일 11시,화요일,경상남도 의령군 대의면,경상사고,0,0,1,0,차량단독 - 전도전복,안전운전불이행,건조,맑음,단일로 - 기타,승용,남,50세,상해없음,,,,
2012101600100278,2012년 10월 16일 12시,화요일,경상남도 하동군 적량면,사망사고,1,0,0,0,차대사람 - 횡단중,안전운전불이행,건조,맑음,단일로 - 기타,화물,남,62세,상해없음,보행자,여,86세,사망
2012101600100279,2012년 10월 16일 12시,화요일,경상남도 의령군 정곡면,중상사고,0,1,0,0,차대사람 - 길가장자리구역통행중,안전운전불이행,건조,맑음,단일로 - 기타,승용,남,39세,상해없음,보행자,여,78세,중상
2012101600100280,2012년 10월 16일 12시,화요일,경상남도 창원시 마산회원구 합성동,중상사고,0,1,1,0,차대차 - 측면직각충돌,신호위반,건조,맑음,교차로 - 교차로안,건설기계,남,47세,상해없음,승용,남,44세,중상
2012101600100313,2012년 10월 16일 13시,화요일,경상남도 창원시 마산합포구 중앙동2가,중상사고,0,1,1,0,차대차 - 측면직각충돌,교차로운행방법위반,건조,맑음,교차로 - 교차로안,승용,여,50세,경상,승용,남,43세,중상
2012101600100314,2012년 10월 16일 13시,화요일,경상남도 양산시 북정동,중상사고,0,1,1,0,차대차 - 측면직각충돌,안전운전불이행,건조,맑음,단일로 - 기타,승용,남,61세,상해없음,승합,남,41세,경상
2012101600100315,2012년 10월 16일 13시,화요일,경상남도 함안군 칠서면,경상사고,0,0,1,0,차대차 - 기타,안전운전불이행,건조,맑음,단일로 - 횡단보도상,특수,남,49세,상해없음,특수,남,51세,경상
2012101600100316,2012년 10월 16일 13시,화요일,경상남도 김해시 풍유동,중상사고,0,1,0,0,차대차 - 기타,신호위반,건조,맑음,교차로 - 교차로부근,화물,남,50세,상해없음,승용,여,58세,중상
2012101600100345,2012년 10월 16일 14시,화요일,경상남도 사천시 사천읍,경상사고,0,0,1,0,차대사람 - 기타,안전운전불이행,건조,맑음,단일로 - 기타,기타불명,기타불명,기타불명,기타불명,보행자,미분류,12세,경상
2012101600100382,2012년 10월 16일 15시,화요일,경상남도 창원시 진해구 석동,중상사고,0,1,0,0,차대사람 - 기타,안전운전불이행,건조,맑음,단일로 - 기타,승용,여,37세,상해없음,보행자,여,47세,중상
2012101600100383,2012년 10월 16일 15시,화요일,경상남도 창녕군 창녕읍,중상사고,0,1,0,0,차대차 - 기타,안전운전불이행,건조,맑음,교차로 - 교차로안,자전거,여,73세,중상,화물,남,29세,상해없음
2012101600100384,2012년 10월 16일 15시,화요일,경상남도 양산시 평산동,부상신고사고,0,0,0,1,차량단독 - 기타,기타,건조,맑음,단일로 - 기타,승용,남,50세,상해없음,,,,
2012101600100408,2012년 10월 16일 16시,화요일,경상남도 창녕군 영산면,경상사고,0,0,2,0,차대차 - 측면직각충돌,중앙선침범,건조,맑음,단일로 - 기타,원동기,남,57세,경상,원동기,남,20세,경상
2012101600100409,2012년 10월 16일 16시,화요일,경상남도 양산시 용당동,중상사고,0,1,0,0,차대차 - 기타,안전운전불이행,건조,맑음,단일로 - 기타,건설기계,남,41세,상해없음,원동기,남,48세,중상
2012101600100410,2012년 10월 16일 16시,화요일,경상남도 양산시 주진동,중상사고,0,1,0,0,차대차 - 기타,안전거리미확보,건조,맑음,교차로 - 교차로안,승용,남,58세,상해없음,승용,남,26세,상해없음
2012101600100449,2012년 10월 16일 17시,화요일,경상남도 통영시 용남면,중상사고,0,1,0,0,차대차 - 측면직각충돌,안전운전불이행,건조,맑음,단일로 - 기타,승용,여,54세,상해없음,승용,여,50세,상해없음
2012101600100450,2012년 10월 16일 17시,화요일,경상남도 창녕군 성산면,경상사고,0,0,1,0,차대차 - 추돌 - 진행중,안전운전불이행,건조,맑음,교차로 - 교차로안,승용,남,24세,상해없음,화물,남,53세,경상
2012101600100451,2012년 10월 16일 17시,화요일,경상남도 하동군 횡천면,경상사고,0,0,2,0,차대차 - 측면직각충돌,안전운전불이행,건조,맑음,교차로 - 교차로안,화물,남,50세,상해없음,승용,남,27세,경상
2012101600100452,2012년 10월 16일 17시,화요일,경상남도 산청군 차황면,경상사고,0,0,1,1,차대차 - 측면직각충돌,교차로운행방법위반,건조,맑음,교차로 - 교차로안,화물,남,53세,상해없음,승용,남,32세,경상
2012101600100501,2012년 10월 16일 18시,화요일,경상남도 진주시 집현면,경상사고,0,0,1,0,차대차 - 추돌 - 진행중,안전운전불이행,건조,맑음,교차로 - 교차로부근,이륜,남,42세,경상,화물,남,54세,상해없음
2012101600100502,2012년 10월 16일 18시,화요일,경상남도 사천시 사천읍,중상사고,0,1,0,0,차대사람 - 보도통행중,보행자보호의무위반,건조,맑음,교차로 - 교차로안,자전거,남,40세,상해없음,보행자,남,65세,중상
2012101600100503,2012년 10월 16일 18시,화요일,경상남도 밀양시 교동,경상사고,0,0,1,0,차대차 - 측면직각충돌,안전운전불이행,건조,맑음,단일로 - 기타,승용,남,39세,상해없음,승용,남,57세,경상
2012101600100504,2012년 10월 16일 18시,화요일,경상남도 밀양시 내이동,중상사고,0,1,0,0,차대사람 - 기타,안전운전불이행,건조,맑음,교차로 - 교차로안,승용,여,40세,상해없음,보행자,여,22세,중상
2012101600100505,2012년 10월 16일 18시,화요일,경상남도 김해시 삼방동,중상사고,0,1,0,0,차량단독 - 기타,기타,건조,맑음,단일로 - 기타,승합,남,37세,상해없음,,,,
2012101600100506,2012년 10월 16일 18시,화요일,경상남도 고성군 거류면,사망사고,1,0,0,0,차대사람 - 횡단중,교차로운행방법위반,건조,맑음,교차로 - 교차로안,승용,남,45세,상해없음,보행자,여,75세,사망
2012101600100507,2012년 10월 16일 18시,화요일,경상남도 거제시 수월동,경상사고,0,0,2,1,차대차 - 추돌 - 진행중,안전운전불이행,건조,맑음,단일로 - 기타,승용,남,51세,부상신고,승용,여,41세,경상
2012101600100508,2012년 10월 16일 18시,화요일,경상남도 거제시 아주동,중상사고,0,1,2,0,차대차 - 추돌 - 진행중,안전운전불이행,건조,맑음,단일로 - 기타,이륜,남,32세,경상,승용,여,45세,상해없음
2012101600100509,2012년 10월 16일 18시,화요일,경상남도 거제시 하청면,중상사고,0,3,0,0,차량단독 - 전도전복,안전운전불이행,건조,맑음,단일로 - 기타,이륜,남,16세,중상,,,,
2012101600100553,2012년 10월 16일 19시,화요일,경상남도 창원시 마산합포구 완월동,중상사고,0,2,0,0,차대차 - 추돌 - 진행중,안전운전불이행,건조,맑음,단일로 - 기타,원동기,남,32세,중상,승용,여,44세,중상
2012101600100619,2012년 10월 16일 21시,화요일,경상남도 진주시 대안동,중상사고,0,1,0,0,차대사람 - 횡단중,보행자보호의무위반,건조,맑음,교차로 - 교차로안,승용,남,46세,상해없음,보행자,여,11세,중상
2012101600100620,2012년 10월 16일 21시,화요일,경상남도 밀양시 내일동,부상신고사고,0,0,0,1,차대차 - 측면직각충돌,안전운전불이행,건조,맑음,교차로 - 교차로안,승용,남,36세,상해없음,원동기,남,50세,부상신고
2012101600100621,2012년 10월 16일 21시,화요일,경상남도 김해시 동상동,중상사고,0,1,1,0,차대차 - 측면직각충돌,신호위반,건조,맑음,교차로 - 교차로안,승용,여,40세,상해없음,승용,남,33세,상해없음
2012101600100622,2012년 10월 16일 21시,화요일,경상남도 김해시 외동,중상사고,0,1,0,0,차대차 - 측면직각충돌,교차로운행방법위반,건조,맑음,교차로 - 교차로부근,승용,남,43세,상해없음,화물,남,42세,상해없음
2012101600100623,2012년 10월 16일 21시,화요일,경상남도 김해시 내동,경상사고,0,0,1,0,차대차 - 추돌 - 주정차중,안전운전불이행,건조,맑음,교차로 - 교차로부근,이륜,남,16세,상해없음,승용,남,46세,경상
2012101600100647,2012년 10월 16일 22시,화요일,경상남도 진주시 호탄동,중상사고,0,1,0,0,차대사람 - 횡단중,보행자보호의무위반,건조,맑음,단일로 - 횡단보도상,승합,남,59세,상해없음,보행자,여,26세,중상
2012101600100648,2012년 10월 16일 22시,화요일,경상남도 양산시 중부동,경상사고,0,0,3,0,차대차 - 기타,교차로운행방법위반,건조,맑음,교차로 - 교차로안,승용,남,32세,경상,승용,남,41세,경상
2012101600100674,2012년 10월 16일 23시,화요일,경상남도 김해시 어방동,경상사고,0,0,1,0,차대차 - 측면직각충돌,중앙선침범,건조,맑음,단일로 - 기타,승용,여,41세,상해없음,이륜,남,16세,경상
2012101600100675,2012년 10월 16일 23시,화요일,경상남도 창원시 마산회원구 합성동,부상신고사고,0,0,0,2,차대차 - 측면직각충돌,안전운전불이행,건조,맑음,교차로 - 교차로안,승용,남,51세,상해없음,승용,남,44세,상해없음
2012101700100035,2012년 10월 17일 01시,수요일,경상남도 창원시 성산구 외동,중상사고,0,1,0,0,차대차 - 측면직각충돌,신호위반,건조,맑음,교차로 - 교차로안,승용,여,49세,상해없음,승합,남,43세,중상
2012101700100036,2012년 10월 17일 01시,수요일,경상남도 함안군 칠원면,중상사고,0,1,1,0,차대차 - 기타,안전운전불이행,건조,맑음,단일로 - 기타,특수,남,36세,상해없음,특수,남,40세,경상
2012101700100057,2012년 10월 17일 03시,수요일,경상남도 김해시 어방동,경상사고,0,0,1,0,차대차 - 추돌 - 주정차중,안전운전불이행,건조,맑음,교차로 - 교차로안,승용,남,51세,상해없음,승용,남,25세,경상
2012101700100070,2012년 10월 17일 04시,수요일,경상남도 창원시 마산합포구 현동,중상사고,0,1,0,0,차량단독 - 공작물충돌,기타,건조,맑음,단일로 - 기타,승용,남,56세,중상,,,,
2012101700100129,2012년 10월 17일 07시,수요일,경상남도 창원시 마산합포구 신포동2가,경상사고,0,0,1,0,차대차 - 측면직각충돌,교차로운행방법위반,건조,맑음,교차로 - 교차로안,승용,여,37세,상해없음,원동기,남,50세,경상
2012101700100130,2012년 10월 17일 07시,수요일,경상남도 김해시 외동,중상사고,0,1,0,0,차대사람 - 기타,보행자보호의무위반,건조,맑음,단일로 - 기타,승용,남,55세,상해없음,보행자,남,3세,중상
2012101700100131,2012년 10월 17일 07시,수요일,경상남도 거제시 아주동,중상사고,0,2,0,0,차대차 - 기타,신호위반,건조,맑음,교차로 - 교차로안,승합,남,53세,상해없음,승용,여,38세,중상
2012101700100132,2012년 10월 17일 07시,수요일,경상남도 거제시 옥포동,중상사고,0,1,1,0,차대차 - 측면직각충돌,중앙선침범,건조,맑음,단일로 - 기타,승용,여,29세,상해없음,승용,남,31세,중상
2012101700100177,2012년 10월 17일 08시,수요일,경상남도 김해시 삼방동,경상사고,0,0,1,0,차대사람 - 차도통행중,안전운전불이행,건조,맑음,단일로 - 기타,승용,여,53세,상해없음,보행자,남,4세,경상
2012101700100178,2012년 10월 17일 08시,수요일,경상남도 창원시 성산구 웅남동,중상사고,0,1,0,0,차대차 - 측면직각충돌,신호위반,건조,맑음,교차로 - 교차로안,화물,남,66세,상해없음,승용,남,34세,중상
2012101700100179,2012년 10월 17일 08시,수요일,경상남도 창원시 의창구 대산면,경상사고,0,0,1,0,차대차 - 측면직각충돌,안전운전불이행,건조,맑음,단일로 - 기타,승용,여,26세,상해없음,원동기,여,62세,경상
2012101700100180,2012년 10월 17일 08시,수요일,경상남도 김해시 진영읍,경상사고,0,0,1,0,차대차 - 측면직각충돌,신호위반,건조,맑음,교차로 - 교차로안,건설기계,남,38세,상해없음,승용,남,28세,경상
2012101700100218,2012년 10월 17일 09시,수요일,경상남도 통영시 도천동,중상사고,0,1,0,1,차대차 - 측면직각충돌,안전운전불이행,건조,맑음,단일로 - 기타,승용,여,55세,상해없음,승용,남,43세,중상
2012101700100219,2012년 10월 17일 09시,수요일,경상남도 통영시 봉평동,중상사고,0,1,0,0,차대차 - 추돌 - 진행중,안전운전불이행,건조,맑음,단일로 - 기타,화물,남,61세,상해없음,승용,여,39세,중상
2012101700100247,2012년 10월 17일 10시,수요일,경상남도 거제시 아주동,중상사고,0,1,0,0,차대차 - 추돌 - 진행중,안전운전불이행,건조,맑음,단일로 - 기타,승용,남,54세,상해없음,이륜,남,44세,중상
2012101700100272,2012년 10월 17일 11시,수요일,경상남도 양산시 매곡동,중상사고,0,1,0,0,차대차 - 측면직각충돌,안전운전불이행,건조,맑음,교차로 - 교차로안,승용,남,36세,기타불명,이륜,남,24세,중상
2012101700100291,2012년 10월 17일 12시,수요일,경상남도 함안군 칠서면,중상사고,0,1,0,0,차대차 - 측면직각충돌,안전거리미확보,건조,맑음,단일로 - 기타,기타불명,기타불명,기타불명,기타불명,승용,여,54세,중상
2012101700100292,2012년 10월 17일 12시,수요일,경상남도 창원시 의창구 팔용동,중상사고,0,1,0,0,차대차 - 측면직각충돌,안전운전불이행,건조,맑음,단일로 - 기타,원동기,남,16세,상해없음,승용,여,41세,중상
2012101700100319,2012년 10월 17일 13시,수요일,경상남도 사천시 서금동,중상사고,0,1,0,0,차대사람 - 기타,안전운전불이행,건조,맑음,단일로 - 기타,기타불명,남,52세,상해없음,보행자,여,87세,중상
2012101700100320,2012년 10월 17일 13시,수요일,경상남도 양산시 덕계동,중상사고,0,1,0,0,차대차 - 측면직각충돌,안전운전불이행,건조,맑음,단일로 - 기타,화물,남,41세,기타불명,승합,남,45세,중상
2012101700100341,2012년 10월 17일 14시,수요일,경상남도 진주시 봉곡동,중상사고,0,1,0,0,차대사람 - 기타,기타,건조,맑음,기타 - 기타,승용,여,41세,상해없음,보행자,여,80세,중상
2012101700100376,2012년 10월 17일 15시,수요일,경상남도 창원시 마산합포구 진동면,경상사고,0,0,1,0,차대차 - 추돌 - 진행중,안전운전불이행,건조,맑음,교차로 - 교차로부근,승용,남,42세,상해없음,승용,남,42세,경상
2012101700100377,2012년 10월 17일 15시,수요일,경상남도 통영시 태평동,경상사고,0,0,3,0,차대차 - 측면직각충돌,신호위반,건조,맑음,교차로 - 교차로안,원동기,남,23세,경상,승합,남,62세,상해없음
2012101700100414,2012년 10월 17일 16시,수요일,경상남도 창원시 마산회원구 합성동,중상사고,0,1,0,0,차대사람 - 길가장자리구역통행중,안전운전불이행,건조,맑음,단일로 - 기타,승용,여,42세,상해없음,보행자,여,77세,중상
2012101700100443,2012년 10월 17일 17시,수요일,경상남도 밀양시 삼문동,경상사고,0,0,1,0,차대차 - 기타,안전운전불이행,건조,맑음,교차로 - 교차로부근,승용,여,39세,상해없음,자전거,남,74세,경상
2012101700100444,2012년 10월 17일 17시,수요일,경상남도 밀양시 내이동,중상사고,0,1,0,0,차대차 - 추돌 - 진행중,안전운전불이행,건조,맑음,교차로 - 교차로안,화물,남,53세,상해없음,이륜,여,40세,중상
2012101700100445,2012년 10월 17일 17시,수요일,경상남도 진주시 판문동,사망사고,2,11,0,1,차대사람 - 기타,안전운전불이행,건조,맑음,단일로 - 기타,승합,남,52세,사망,보행자,남,37세,사망
2012101700100482,2012년 10월 17일 18시,수요일,경상남도 거창군 위천면,중상사고,0,1,0,0,차대사람 - 횡단중,보행자보호의무위반,건조,맑음,단일로 - 횡단보도상,승용,남,34세,상해없음,보행자,여,74세,중상
2012101700100483,2012년 10월 17일 18시,수요일,경상남도 양산시 덕계동,중상사고,0,1,0,0,차대사람 - 횡단중,안전운전불이행,건조,맑음,단일로 - 횡단보도부근,승용,남,54세,상해없음,보행자,남,8세,중상
2012101700100484,2012년 10월 17일 18시,수요일,경상남도 거제시 고현동,경상사고,0,0,1,0,차대차 - 측면직각충돌,중앙선침범,건조,맑음,교차로 - 교차로안,승합,남,31세,상해없음,승합,남,45세,경상