사고번호,사고일시,요일,시군구,사고내용,사망자수,중상자수,경상자수,부상신고자수,사고유형,법규위반,노면상태,기상상태,도로형태,가해운전자 차종,가해운전자 성별,가해운전자 연령,가해운전자 상해정도,피해운전자 차종,피해운전자 성별,피해운전자 연령,피해운전자 상해정도
2012102000100487,2012년 10월 20일 18시,토요일,경상남도 함양군 함양읍,중상사고,0,1,0,0,차대차 - 추돌 - 진행중,안전운전불이행,건조,맑음,단일로 - 기타,승용,여,46세,상해없음,농기계,남,78세,중상
2012102000100488,2012년 10월 20일 18시,토요일,경상남도 하동군 악양면,중상사고,0,1,2,0,차대차 - 정면충돌,안전운전불이행,건조,맑음,단일로 - 기타,화물,남,51세,상해없음,승용,여,42세,중상
2012102000100531,2012년 10월 20일 19시,토요일,경상남도 창원시 진해구 용원동,경상사고,0,0,1,0,차대차 - 측면직각충돌,안전거리미확보,건조,맑음,교차로 - 교차로안,승합,남,41세,상해없음,화물,남,49세,경상
2012102000100532,2012년 10월 20일 19시,토요일,경상남도 의령군 의령읍,중상사고,0,1,0,0,차대차 - 추돌 - 주정차중,안전운전불이행,건조,맑음,단일로 - 기타,승용,남,60세,상해없음,화물,미분류,기타불명,기타불명
2012102000100533,2012년 10월 20일 19시,토요일,경상남도 창원시 의창구 용호동,경상사고,0,0,1,0,차대차 - 기타,교차로운행방법위반,건조,맑음,교차로 - 교차로안,승용,남,57세,상해없음,이륜,남,24세,경상
2012102000100534,2012년 10월 20일 19시,토요일,경상남도 김해시 진영읍,중상사고,0,1,0,0,차대차 - 측면직각충돌,안전운전불이행,건조,맑음,교차로 - 교차로부근,화물,여,53세,상해없음,승용,여,50세,중상
2012102000100567,2012년 10월 20일 20시,토요일,경상남도 통영시 서호동,중상사고,0,1,0,0,차대차 - 측면직각충돌,교차로운행방법위반,건조,맑음,교차로 - 교차로안,승용,여,48세,상해없음,원동기,남,61세,중상
2012102000100568,2012년 10월 20일 20시,토요일,경상남도 함안군 칠서면,중상사고,0,1,5,0,차대차 - 추돌 - 진행중,안전운전불이행,건조,맑음,단일로 - 기타,승합,남,56세,경상,화물,남,69세,경상
2012102000100593,2012년 10월 20일 21시,토요일,경상남도 진주시 하대동,중상사고,0,1,4,0,차대차 - 추돌 - 주정차중,안전운전불이행,건조,맑음,단일로 - 기타,승용,여,52세,경상,승용,남,38세,경상
2012102000100594,2012년 10월 20일 21시,토요일,경상남도 밀양시 내이동,경상사고,0,0,2,0,차대차 - 추돌 - 주정차중,안전운전불이행,건조,맑음,단일로 - 기타,승용,남,63세,상해없음,승용,여,40세,경상
2012102000100595,2012년 10월 20일 21시,토요일,경상남도 창원시 성산구 상남동,경상사고,0,0,1,0,차대차 - 기타,안전운전불이행,건조,맑음,교차로 - 교차로안,승용,남,52세,상해없음,승용,여,45세,경상
2012102000100615,2012년 10월 20일 22시,토요일,경상남도 진주시 강남동,경상사고,0,0,1,0,차대차 - 정면충돌,중앙선침범,건조,맑음,단일로 - 기타,승용,남,60세,상해없음,원동기,남,19세,경상
2012102000100616,2012년 10월 20일 22시,토요일,경상남도 창원시 성산구 중앙동,경상사고,0,0,3,0,차대차 - 추돌 - 주정차중,안전운전불이행,건조,맑음,단일로 - 기타,승용,남,33세,상해없음,승용,남,26세,경상
2012102000100642,2012년 10월 20일 23시,토요일,경상남도 통영시 미수동,경상사고,0,0,1,0,차대차 - 측면직각충돌,안전운전불이행,건조,맑음,단일로 - 기타,승용,남,27세,상해없음,원동기,남,19세,경상
2012102000100643,2012년 10월 20일 23시,토요일,경상남도 사천시 벌리동,중상사고,0,1,0,0,차대사람 - 횡단중,안전운전불이행,건조,맑음,단일로 - 기타,승용,여,45세,상해없음,보행자,남,54세,중상
2012102100100019,2012년 10월 21일 00시,일요일,경상남도 진주시 상대동,중상사고,0,1,0,0,차대사람 - 횡단중,보행자보호의무위반,건조,맑음,단일로 - 횡단보도상,승용,남,35세,상해없음,보행자,남,48세,중상
2012102100100020,2012년 10월 21일 00시,일요일,경상남도 양산시 소주동,경상사고,0,0,2,0,차대사람 - 기타,안전운전불이행,건조,맑음,교차로 - 교차로부근,화물,남,52세,상해없음,보행자,남,21세,경상
2012102100100050,2012년 10월 21일 01시,일요일,경상남도 거제시 장평동,중상사고,0,1,0,0,차대사람 - 기타,안전운전불이행,건조,맑음,미분류 - 미분류,기타불명,기타불명,기타불명,기타불명,보행자,남,19세,중상
2012102100100065,2012년 10월 21일 02시,일요일,경상남도 진주시 봉곡동,경상사고,0,0,1,0,차대차 - 측면직각충돌,직진우회전진행방해,건조,맑음,교차로 - 교차로안,승용,남,48세,상해없음,승용,남,63세,상해없음
2012102100100066,2012년 10월 21일 02시,일요일,경상남도 김해시 생림면,중상사고,0,1,0,0,차량단독 - 공작물충돌,안전운전불이행,건조,맑음,단일로 - 기타,승용,남,24세,중상,,,,
2012102100100109,2012년 10월 21일 05시,일요일,경상남도 사천시 용현면,중상사고,0,2,0,0,차대차 - 정면충돌,중앙선침범,건조,맑음,단일로 - 기타,승용,남,43세,중상,화물,남,39세,중상
2012102100100110,2012년 10월 21일 05시,일요일,경상남도 사천시 벌리동,경상사고,0,0,3,0,차대차 - 측면직각충돌,신호위반,건조,맑음,교차로 - 교차로안,승용,남,27세,상해없음,승용,남,59세,경상
2012102100100111,2012년 10월 21일 05시,일요일,경상남도 남해군 상주면,경상사고,0,0,1,0,차대차 - 정면충돌,중앙선침범,건조,맑음,기타 - 기타,승용,여,51세,상해없음,화물,남,61세,경상
2012102100100132,2012년 10월 21일 07시,일요일,경상남도 창녕군 대합면,중상사고,0,2,0,0,차량단독 - 공작물충돌,안전운전불이행,건조,맑음,단일로 - 기타,승용,남,18세,상해없음,,,,
2012102100100179,2012년 10월 21일 10시,일요일,경상남도 거창군 거창읍,중상사고,0,1,0,0,차대차 - 추돌 - 진행중,안전운전불이행,건조,맑음,단일로 - 기타,원동기,남,36세,상해없음,자전거,여,71세,중상
2012102100100204,2012년 10월 21일 11시,일요일,경상남도 의령군 부림면,경상사고,0,0,1,0,차대차 - 측면직각충돌,교차로운행방법위반,건조,맑음,교차로 - 교차로안,승용,여,44세,상해없음,승용,여,47세,경상
2012102100100222,2012년 10월 21일 12시,일요일,경상남도 거창군 거창읍,경상사고,0,0,1,0,차대차 - 측면직각충돌,교차로운행방법위반,건조,맑음,교차로 - 교차로안,승용,여,51세,상해없음,화물,남,54세,상해없음
2012102100100223,2012년 10월 21일 12시,일요일,경상남도 의령군 칠곡면,중상사고,0,1,0,0,차대차 - 기타,교차로운행방법위반,건조,맑음,교차로 - 교차로안,화물,남,73세,상해없음,농기계,남,78세,중상
2012102100100245,2012년 10월 21일 13시,일요일,경상남도 김해시 삼정동,중상사고,0,1,0,0,차대사람 - 횡단중,안전운전불이행,건조,맑음,단일로 - 기타,승용,남,55세,상해없음,보행자,남,28세,중상
2012102100100266,2012년 10월 21일 14시,일요일,경상남도 김해시 장유면,중상사고,0,1,0,0,차대차 - 측면직각충돌,교차로운행방법위반,건조,맑음,교차로 - 교차로안,승용,남,61세,상해없음,승용,여,32세,중상
2012102100100301,2012년 10월 21일 15시,일요일,경상남도 창원시 진해구 여좌동,중상사고,0,1,0,0,차대차 - 측면직각충돌,중앙선침범,건조,맑음,단일로 - 기타,승용,남,33세,기타불명,화물,남,35세,중상
2012102100100302,2012년 10월 21일 15시,일요일,경상남도 양산시 유산동,중상사고,0,1,0,0,차량단독 - 전도전복,안전운전불이행,건조,맑음,단일로 - 기타,원동기,남,51세,중상,,,,
2012102100100303,2012년 10월 21일 15시,일요일,경상남도 창원시 마산회원구 내서읍,경상사고,0,0,2,0,차대차 - 추돌 - 진행중,안전운전불이행,건조,맑음,단일로 - 기타,승용,남,32세,상해없음,승용,남,45세,경상
2012102100100341,2012년 10월 21일 16시,일요일,경상남도 밀양시 상남면,중상사고,0,1,0,0,차대차 - 측면직각충돌,교차로운행방법위반,건조,맑음,교차로 - 교차로안,승용,여,31세,상해없음,자전거,남,79세,중상
2012102100100373,2012년 10월 21일 17시,일요일,경상남도 거제시 연초면,중상사고,0,1,0,0,차대사람 - 기타,안전운전불이행,건조,맑음,교차로 - 교차로부근,승용,남,32세,상해없음,보행자,남,1세,중상
2012102100100411,2012년 10월 21일 18시,일요일,경상남도 김해시 내동,중상사고,0,1,1,0,차대차 - 측면직각충돌,신호위반,건조,맑음,교차로 - 교차로안,원동기,남,21세,경상,원동기,남,19세,중상
2012102100100412,2012년 10월 21일 18시,일요일,경상남도 양산시 어곡동,중상사고,0,5,0,0,차대차 - 정면충돌,중앙선침범,건조,맑음,단일로 - 기타,승용,남,23세,중상,승용,여,44세,중상
2012102100100413,2012년 10월 21일 18시,일요일,경상남도 거제시 고현동,경상사고,0,0,1,0,차대차 - 추돌 - 진행중,교차로운행방법위반,건조,맑음,교차로 - 교차로안,승용,남,38세,상해없음,이륜,남,16세,경상
2012102100100414,2012년 10월 21일 18시,일요일,경상남도 김해시 전하동,중상사고,0,1,0,0,차대차 - 추돌 - 진행중,안전운전불이행,건조,맑음,단일로 - 기타,승용,남,51세,상해없음,승용,남,32세,중상
2012102100100449,2012년 10월 21일 19시,일요일,경상남도 통영시 미수동,중상사고,0,1,0,0,차대차 - 기타,안전운전불이행,건조,맑음,단일로 - 기타,승용,남,31세,상해없음,승용,남,53세,중상
2012102100100450,2012년 10월 21일 19시,일요일,경상남도 거제시 옥포동,경상사고,0,0,2,0,차대차 - 기타,안전운전불이행,건조,맑음,단일로 - 기타,원동기,남,16세,경상,승용,남,33세,상해없음
2012102100100451,2012년 10월 21일 19시,일요일,경상남도 창원시 마산회원구 내서읍,경상사고,0,0,1,0,차대차 - 기타,안전운전불이행,건조,맑음,단일로 - 기타,승용,남,45세,상해없음,이륜,남,17세,경상
2012102100100506,2012년 10월 21일 21시,일요일,경상남도 거창군 거창읍,중상사고,0,5,0,0,차대차 - 추돌 - 주정차중,안전운전불이행,건조,맑음,단일로 - 기타,승용,남,45세,상해없음,승용,남,55세,중상
2012102100100531,2012년 10월 21일 22시,일요일,경상남도 진주시 신안동,중상사고,0,1,0,0,차대차 - 추돌 - 진행중,안전거리미확보,건조,맑음,단일로 - 기타,승용,남,21세,상해없음,이륜,남,17세,중상
2012102100100532,2012년 10월 21일 22시,일요일,경상남도 창원시 진해구 여좌동,중상사고,0,1,0,0,차대차 - 추돌 - 진행중,안전운전불이행,건조,맑음,단일로 - 기타,이륜,여,50세,중상,승용,남,29세,상해없음
2012102100100533,2012년 10월 21일 22시,일요일,경상남도 창원시 의창구 동정동,경상사고,0,0,2,1,차대차 - 추돌 - 주정차중,안전운전불이행,건조,맑음,교차로 - 교차로부근,승용,남,31세,기타불명,승용,남,51세,부상신고
2012102200100086,2012년 10월 22일 06시,월요일,경상남도 거제시 장평동,경상사고,0,0,1,0,차대차 - 추돌 - 진행중,신호위반,건조,맑음,교차로 - 교차로안,기타불명,기타불명,기타불명,기타불명,자전거,남,54세,경상
2012102200100142,2012년 10월 22일 08시,월요일,경상남도 양산시 덕계동,경상사고,0,0,1,0,차대차 - 추돌 - 진행중,안전운전불이행,건조,맑음,미분류 - 미분류,승합,남,23세,상해없음,승합,남,57세,상해없음
2012102200100143,2012년 10월 22일 08시,월요일,경상남도 김해시 진영읍,경상사고,0,0,2,0,차대차 - 측면직각충돌,안전운전불이행,건조,맑음,단일로 - 기타,승합,남,37세,상해없음,승용,여,26세,경상
2012102200100183,2012년 10월 22일 09시,월요일,경상남도 하동군 하동읍,경상사고,0,0,2,0,차대차 - 추돌 - 진행중,안전운전불이행,건조,맑음,단일로 - 기타,승용,남,26세,상해없음,이륜,남,67세,경상
2012102200100184,2012년 10월 22일 09시,월요일,경상남도 창원시 의창구 동읍,중상사고,0,1,1,0,차대차 - 기타,안전운전불이행,건조,흐림,단일로 - 기타,특수,남,45세,상해없음,승용,남,63세,경상
2012102200100216,2012년 10월 22일 10시,월요일,경상남도 진주시 본성동,경상사고,0,0,2,0,차대차 - 기타,안전운전불이행,건조,흐림,단일로 - 기타,화물,여,52세,상해없음,승용,남,39세,경상
2012102200100217,2012년 10월 22일 10시,월요일,경상남도 사천시 동림동,경상사고,0,0,1,0,차대차 - 측면직각충돌,차로위반,건조,맑음,단일로 - 기타,원동기,남,81세,경상,승합,남,61세,상해없음
2012102200100218,2012년 10월 22일 10시,월요일,경상남도 김해시 부원동,중상사고,0,1,0,0,차대사람 - 횡단중,안전운전불이행,건조,흐림,교차로 - 교차로안,승용,남,55세,상해없음,보행자,여,66세,중상
2012102200100219,2012년 10월 22일 10시,월요일,경상남도 양산시 평산동,경상사고,0,0,1,0,차대사람 - 기타,안전운전불이행,건조,맑음,기타 - 기타,승용,남,49세,상해없음,보행자,여,70세,경상
2012102200100220,2012년 10월 22일 10시,월요일,경상남도 양산시 덕계동,중상사고,0,1,0,0,차대사람 - 차도통행중,안전운전불이행,건조,맑음,단일로 - 기타,승용,남,57세,상해없음,보행자,남,69세,중상
2012102200100243,2012년 10월 22일 11시,월요일,경상남도 밀양시 무안면,중상사고,0,1,0,0,차대차 - 측면직각충돌,안전운전불이행,건조,흐림,단일로 - 기타,승용,남,56세,상해없음,이륜,남,72세,중상
2012102200100275,2012년 10월 22일 12시,월요일,경상남도 김해시 동상동,경상사고,0,0,1,0,차대차 - 추돌 - 주정차중,안전운전불이행,습기,비,교차로 - 교차로부근,화물,남,43세,상해없음,승합,여,43세,경상
2012102200100276,2012년 10월 22일 12시,월요일,경상남도 거제시 장평동,경상사고,0,0,1,0,차대사람 - 횡단중,안전운전불이행,건조,흐림,단일로 - 횡단보도상,이륜,남,24세,상해없음,보행자,남,58세,경상
2012102200100277,2012년 10월 22일 12시,월요일,경상남도 창원시 의창구 봉곡동,경상사고,0,0,1,0,차대사람 - 기타,보행자보호의무위반,습기,비,교차로 - 교차로부근,승합,남,42세,상해없음,보행자,남,46세,경상
2012102200100312,2012년 10월 22일 13시,월요일,경상남도 양산시 동면,중상사고,0,1,2,0,차대차 - 추돌 - 진행중,안전거리미확보,습기,비,교차로 - 교차로부근,화물,남,55세,상해없음,승용,여,42세,경상
2012102200100345,2012년 10월 22일 14시,월요일,경상남도 창녕군 부곡면,중상사고,0,1,0,0,차대차 - 추돌 - 진행중,안전운전불이행,습기,비,교차로 - 교차로안,승용,남,28세,상해없음,이륜,남,38세,중상
2012102200100346,2012년 10월 22일 14시,월요일,경상남도 창원시 마산회원구 양덕동,사망사고,1,0,0,0,차대차 - 측면직각충돌,안전운전불이행,건조,맑음,교차로 - 교차로안,화물,남,31세,상해없음,자전거,남,63세,사망
2012102200100381,2012년 10월 22일 15시,월요일,경상남도 진주시 상봉동,중상사고,0,1,0,0,차대사람 - 횡단중,보행자보호의무위반,습기,비,단일로 - 기타,화물,남,48세,상해없음,보행자,여,68세,중상
2012102200100382,2012년 10월 22일 15시,월요일,경상남도 김해시 외동,경상사고,0,0,2,0,차대차 - 측면직각충돌,안전거리미확보,습기,비,교차로 - 교차로부근,화물,남,51세,기타불명,승용,남,64세,경상
2012102200100383,2012년 10월 22일 15시,월요일,경상남도 창녕군 부곡면,경상사고,0,0,1,0,차대차 - 측면직각충돌,안전운전불이행,건조,흐림,단일로 - 기타,화물,남,51세,상해없음,승용,여,53세,경상
2012102200100384,2012년 10월 22일 15시,월요일,경상남도 함안군 칠북면,중상사고,0,1,0,0,차대차 - 정면충돌,안전운전불이행,건조,맑음,단일로 - 기타,승용,여,38세,상해없음,승용,여,62세,중상
2012102200100385,2012년 10월 22일 15시,월요일,경상남도 산청군 단성면,중상사고,0,1,0,0,차량단독 - 공작물충돌,안전운전불이행,습기,비,단일로 - 기타,화물,남,63세,상해없음,,,,
2012102200100416,2012년 10월 22일 16시,월요일,경상남도 합천군 야로면,중상사고,0,1,0,0,차량단독 - 기타,안전운전불이행,습기,비,교차로 - 교차로안,이륜,남,57세,중상,,,,
2012102200100417,2012년 10월 22일 16시,월요일,경상남도 남해군 남해읍,사망사고,1,0,0,0,차대사람 - 횡단중,신호위반,습기,흐림,단일로 - 횡단보도상,승용,남,77세,상해없음,보행자,여,53세,사망
2012102200100418,2012년 10월 22일 16시,월요일,경상남도 산청군 신안면,중상사고,0,1,0,0,차량단독 - 공작물충돌,안전운전불이행,습기,비,단일로 - 기타,화물,남,53세,중상,,,,
2012102200100465,2012년 10월 22일 17시,월요일,경상남도 창원시 마산합포구 신포동2가,경상사고,0,0,1,0,차대사람 - 횡단중,안전운전불이행,습기,비,단일로 - 횡단보도부근,승용,남,65세,상해없음,보행자,여,6세,경상
2012102200100466,2012년 10월 22일 17시,월요일,경상남도 진주시 상봉동,중상사고,0,1,0,0,차대사람 - 기타,안전운전불이행,습기,비,단일로 - 기타,승용,여,50세,상해없음,보행자,남,9세,중상
2012102200100467,2012년 10월 22일 17시,월요일,경상남도 진주시 상대동,중상사고,0,1,0,0,차대사람 - 횡단중,안전운전불이행,습기,비,단일로 - 기타,승용,여,43세,상해없음,보행자,여,63세,중상
2012102200100468,2012년 10월 22일 17시,월요일,경상남도 진주시 봉곡동,중상사고,0,1,0,0,차대차 - 기타,안전운전불이행,건조,맑음,교차로 - 교차로안,승용,남,22세,상해없음,자전거,남,60세,중상
2012102200100469,2012년 10월 22일 17시,월요일,경상남도 창원시 진해구 풍호동,경상사고,0,0,1,0,차대차 - 측면직각충돌,교차로운행방법위반,건조,맑음,교차로 - 교차로안,승용,남,49세,상해없음,화물,남,66세,경상
2012102200100530,2012년 10월 22일 18시,월요일,경상남도 창원시 마산합포구 자산동,경상사고,0,0,1,0,차대사람 - 보도통행중,보행자보호의무위반,습기,비,단일로 - 횡단보도상,승용,남,69세,상해없음,보행자,여,19세,경상
2012102200100531,2012년 10월 22일 18시,월요일,경상남도 창원시 마산합포구 남성동,경상사고,0,0,1,0,차대차 - 추돌 - 주정차중,안전운전불이행,습기,비,기타 - 기타,승용,여,56세,상해없음,승용,남,38세,상해없음
2012102200100532,2012년 10월 22일 18시,월요일,경상남도 진주시 망경동,중상사고,0,1,0,0,차대차 - 기타,안전운전불이행,습기,비,교차로 - 교차로안,승용,남,42세,상해없음,자전거,남,9세,중상
2012102200100533,2012년 10월 22일 18시,월요일,경상남도 사천시 벌리동,중상사고,0,1,0,0,차대사람 - 기타,보행자보호의무위반,습기,비,교차로 - 교차로안,승용,남,50세,상해없음,보행자,여,14세,중상
2012102200100534,2012년 10월 22일 18시,월요일,경상남도 밀양시 삼랑진읍,중상사고,0,1,0,0,차대사람 - 횡단중,안전운전불이행,습기,비,단일로 - 기타,승용,여,41세,상해없음,보행자,여,7세,중상
2012102200100535,2012년 10월 22일 18시,월요일,경상남도 김해시 구산동,중상사고,0,1,1,0,차대차 - 추돌 - 주정차중,안전거리미확보,건조,맑음,단일로 - 기타,승용,여,36세,상해없음,승용,남,37세,경상
2012102200100536,2012년 10월 22일 18시,월요일,경상남도 김해시 지내동,중상사고,0,1,0,0,차대차 - 추돌 - 주정차중,안전운전불이행,습기,비,단일로 - 기타,승합,남,54세,상해없음,승용,여,48세,중상
2012102200100537,2012년 10월 22일 18시,월요일,경상남도 창녕군 부곡면,중상사고,0,1,0,0,차대사람 - 횡단중,안전운전불이행,습기,비,단일로 - 기타,승용,남,42세,상해없음,보행자,여,71세,중상
2012102200100538,2012년 10월 22일 18시,월요일,경상남도 창녕군 창녕읍,중상사고,0,1,0,0,차대사람 - 기타,불법유턴,습기,비,단일로 - 기타,승용,여,50세,상해없음,보행자,여,55세,중상
2012102200100539,2012년 10월 22일 18시,월요일,경상남도 양산시 중부동,경상사고,0,0,1,0,차대사람 - 기타,신호위반,습기,비,기타 - 기타,이륜,남,47세,상해없음,보행자,남,63세,경상
2012102200100540,2012년 10월 22일 18시,월요일,경상남도 창원시 성산구 중앙동,중상사고,0,1,0,0,차대사람 - 길가장자리구역통행중,안전운전불이행,습기,비,단일로 - 기타,승용,남,27세,상해없음,보행자,남,58세,중상
2012102200100596,2012년 10월 22일 19시,월요일,경상남도 함안군 칠서면,부상신고사고,0,0,0,1,차대차 - 추돌 - 진행중,안전운전불이행,습기,비,단일로 - 기타,화물,남,51세,상해없음,자전거,남,48세,부상신고
2012102200100634,2012년 10월 22일 20시,월요일,경상남도 진주시 본성동,중상사고,0,1,0,0,차대차 - 추돌 - 주정차중,안전운전불이행,건조,맑음,단일로 - 기타,승용,남,42세,상해없음,승용,여,38세,중상
2012102200100635,2012년 10월 22일 20시,월요일,경상남도 통영시 태평동,중상사고,0,1,0,0,차대차 - 추돌 - 진행중,안전운전불이행,건조,맑음,단일로 - 기타,화물,남,61세,상해없음,승용,남,43세,중상
2012102200100636,2012년 10월 22일 20시,월요일,경상남도 사천시 사천읍,경상사고,0,0,1,0,차대사람 - 기타,안전운전불이행,건조,맑음,단일로 - 기타,승용,남,31세,상해없음,보행자,여,45세,경상
2012102200100637,2012년 10월 22일 20시,월요일,경상남도 김해시 내동,부상신고사고,0,0,0,1,차대사람 - 횡단중,보행자보호의무위반,건조,맑음,단일로 - 횡단보도상,기타불명,기타불명,기타불명,기타불명,보행자,여,14세,부상신고
2012102200100708,2012년 10월 22일 22시,월요일,경상남도 거제시 장승포동,중상사고,0,1,0,0,차대차 - 측면직각충돌,안전운전불이행,건조,맑음,단일로 - 기타,승용,남,42세,기타불명,승용,여,25세,중상
2012102200100709,2012년 10월 22일 22시,월요일,경상남도 창원시 마산회원구 회성동,경상사고,0,0,1,0,차대사람 - 횡단중,신호위반,건조,맑음,교차로 - 교차로부근,화물,남,42세,상해없음,보행자,여,49세,경상
2012102200100738,2012년 10월 22일 23시,월요일,경상남도 창원시 진해구 여좌동,중상사고,0,1,0,0,차대사람 - 횡단중,보행자보호의무위반,건조,맑음,단일로 - 횡단보도상,승용,남,43세,상해없음,보행자,남,22세,중상
2012102300100013,2012년 10월 23일 00시,화요일,경상남도 창원시 마산회원구 두척동,중상사고,0,2,0,0,차대차 - 기타,안전운전불이행,건조,맑음,단일로 - 기타,승용,남,50세,상해없음,승용,여,55세,중상
2012102300100025,2012년 10월 23일 01시,화요일,경상남도 창원시 마산합포구 중앙동3가,부상신고사고,0,0,0,1,차량단독 - 공작물충돌,안전운전불이행,습기,맑음,단일로 - 기타,승용,남,28세,부상신고,,,,
2012102300100053,2012년 10월 23일 03시,화요일,경상남도 창녕군 남지읍,경상사고,0,0,1,0,차대사람 - 기타,안전운전불이행,건조,맑음,교차로 - 교차로부근,화물,남,60세,상해없음,보행자,남,56세,경상
2012102300100084,2012년 10월 23일 06시,화요일,경상남도 진주시 칠암동,중상사고,0,1,0,0,차량단독 - 기타,안전운전불이행,건조,맑음,교차로 - 교차로부근,승용,남,57세,상해없음,,,,
2012102300100085,2012년 10월 23일 06시,화요일,경상남도 김해시 삼정동,중상사고,0,1,0,0,차대차 - 정면충돌,신호위반,건조,맑음,교차로 - 교차로안,승용,남,46세,상해없음,승용,남,41세,중상
2012102300100119,2012년 10월 23일 07시,화요일,경상남도 진주시 초전동,경상사고,0,0,1,0,차대사람 - 기타,안전운전불이행,건조,맑음,단일로 - 기타,승용,여,41세,상해없음,보행자,남,16세,경상
2012102300100120,2012년 10월 23일 07시,화요일,경상남도 양산시 덕계동,경상사고,0,0,2,2,차대차 - 추돌 - 진행중,안전거리미확보,건조,맑음,교차로 - 교차로부근,특수,남,61세,상해없음,승용,남,62세,부상신고
2012102300100167,2012년 10월 23일 08시,화요일,경상남도 통영시 무전동,중상사고,0,1,1,0,차대차 - 측면직각충돌,직진우회전진행방해,건조,맑음,교차로 - 교차로안,승용,남,67세,상해없음,승용,여,28세,중상
2012102300100168,2012년 10월 23일 08시,화요일,경상남도 창녕군 창녕읍,경상사고,0,0,1,0,차대차 - 기타,불법유턴,건조,맑음,단일로 - 기타,승합,남,59세,상해없음,원동기,남,76세,경상
2012102300100169,2012년 10월 23일 08시,화요일,경상남도 양산시 삼호동,경상사고,0,0,2,0,차대차 - 측면직각충돌,직진우회전진행방해,건조,맑음,교차로 - 교차로안,승용,남,34세,경상,승용,여,32세,경상
2012102300100216,2012년 10월 23일 09시,화요일,경상남도 창원시 마산합포구 가포동,중상사고,0,1,0,0,차대사람 - 기타,안전운전불이행,건조,맑음,단일로 - 기타,승합,남,55세,상해없음,보행자,여,62세,중상
2012102300100217,2012년 10월 23일 09시,화요일,경상남도 진주시 이현동,중상사고,0,1,0,0,차대차 - 측면직각충돌,안전운전불이행,건조,맑음,단일로 - 기타,자전거,여,51세,중상,화물,남,53세,상해없음
2012102300100254,2012년 10월 23일 10시,화요일,경상남도 의령군 대의면,중상사고,0,1,1,0,차대차 - 추돌 - 진행중,안전운전불이행,건조,맑음,단일로 - 기타,화물,남,36세,상해없음,승용,여,62세,중상
2012102300100282,2012년 10월 23일 11시,화요일,경상남도 김해시 장유면,중상사고,0,1,0,0,차량단독 - 기타,안전운전불이행,건조,맑음,기타 - 기타,승용,여,56세,중상,,,,
2012102300100351,2012년 10월 23일 14시,화요일,경상남도 양산시 상북면,중상사고,0,1,0,0,차대사람 - 기타,안전운전불이행,건조,맑음,기타 - 기타,화물,남,70세,상해없음,보행자,남,31세,중상
2012102300100352,2012년 10월 23일 14시,화요일,경상남도 양산시 물금읍,중상사고,0,1,0,0,차대차 - 측면직각충돌,신호위반,건조,맑음,교차로 - 교차로부근,화물,남,28세,상해없음,승용,남,64세,중상
2012102300100353,2012년 10월 23일 14시,화요일,경상남도 고성군 회화면,중상사고,0,1,1,0,차대차 - 측면직각충돌,신호위반,건조,맑음,교차로 - 교차로안,특수,남,43세,상해없음,승용,여,57세,경상
2012102300100354,2012년 10월 23일 14시,화요일,경상남도 김해시 흥동,경상사고,0,0,1,0,차대차 - 추돌 - 주정차중,안전운전불이행,건조,맑음,단일로 - 기타,승용,남,35세,상해없음,화물,남,51세,경상
2012102300100393,2012년 10월 23일 15시,화요일,경상남도 창원시 마산합포구 신포동1가,중상사고,0,1,0,0,차대차 - 측면직각충돌,안전운전불이행,건조,맑음,교차로 - 교차로부근,승용,여,43세,기타불명,승용,남,60세,상해없음
2012102300100394,2012년 10월 23일 15시,화요일,경상남도 진주시 칠암동,중상사고,0,1,0,0,차대사람 - 횡단중,보행자보호의무위반,건조,맑음,교차로 - 교차로부근,승용,남,65세,상해없음,보행자,여,33세,중상
2012102300100395,2012년 10월 23일 15시,화요일,경상남도 진주시 망경동,중상사고,0,1,0,0,차량단독 - 기타,안전운전불이행,건조,맑음,단일로 - 기타,자전거,남,72세,중상,,,,
2012102300100396,2012년 10월 23일 15시,화요일,경상남도 함양군 수동면,중상사고,0,1,1,0,차대차 - 측면직각충돌,과속,건조,맑음,단일로 - 기타,화물,남,57세,상해없음,농기계,남,74세,중상
2012102300100397,2012년 10월 23일 15시,화요일,경상남도 의령군 부림면,중상사고,0,1,0,0,차대차 - 측면직각충돌,안전운전불이행,건조,맑음,단일로 - 기타,원동기,여,72세,중상,화물,남,56세,상해없음
2012102300100398,2012년 10월 23일 15시,화요일,경상남도 창원시 성산구 남양동,경상사고,0,0,1,0,차대차 - 추돌 - 주정차중,안전운전불이행,건조,맑음,교차로 - 교차로부근,승용,남,47세,상해없음,승용,여,38세,경상
2012102300100480,2012년 10월 23일 17시,화요일,경상남도 창원시 성산구 가음동,부상신고사고,0,0,0,1,차대차 - 기타,안전운전불이행,건조,맑음,교차로 - 교차로부근,승용,남,46세,상해없음,자전거,남,26세,부상신고
2012102300100481,2012년 10월 23일 17시,화요일,경상남도 창원시 마산회원구 양덕동,경상사고,0,0,1,0,차대차 - 측면직각충돌,안전운전불이행,건조,맑음,단일로 - 기타,승용,남,46세,상해없음,승용,여,60세,경상