사고번호,사고일시,요일,시군구,사고내용,사망자수,중상자수,경상자수,부상신고자수,사고유형,법규위반,노면상태,기상상태,도로형태,가해운전자 차종,가해운전자 성별,가해운전자 연령,가해운전자 상해정도,피해운전자 차종,피해운전자 성별,피해운전자 연령,피해운전자 상해정도
2012102300100482,2012년 10월 23일 17시,화요일,경상남도 창원시 의창구 소답동,경상사고,0,0,1,0,차대차 - 측면직각충돌,교차로운행방법위반,건조,맑음,교차로 - 교차로안,승용,남,41세,상해없음,자전거,여,44세,경상
2012102300100538,2012년 10월 23일 18시,화요일,경상남도 양산시 북부동,경상사고,0,0,1,0,차대사람 - 기타,안전운전불이행,건조,맑음,기타 - 기타,승용,남,33세,상해없음,보행자,여,29세,경상
2012102300100539,2012년 10월 23일 18시,화요일,경상남도 양산시 물금읍,부상신고사고,0,0,0,1,차대차 - 추돌 - 주정차중,안전운전불이행,건조,맑음,기타 - 기타,승용,남,43세,상해없음,승용,남,38세,부상신고
2012102300100540,2012년 10월 23일 18시,화요일,경상남도 창원시 마산회원구 회원동,중상사고,0,1,0,0,차대사람 - 기타,안전운전불이행,건조,맑음,단일로 - 기타,승용,남,45세,상해없음,보행자,여,56세,중상
2012102300100541,2012년 10월 23일 18시,화요일,경상남도 김해시 풍유동,중상사고,0,1,1,0,차대차 - 측면직각충돌,안전운전불이행,건조,맑음,단일로 - 기타,승용,남,36세,상해없음,승합,남,49세,상해없음
2012102300100585,2012년 10월 23일 19시,화요일,경상남도 밀양시 삼랑진읍,사망사고,1,0,0,0,차대차 - 측면직각충돌,교차로운행방법위반,건조,맑음,교차로 - 교차로안,승용,남,64세,상해없음,이륜,남,69세,사망
2012102300100614,2012년 10월 23일 20시,화요일,경상남도 함양군 함양읍,경상사고,0,0,1,0,차대차 - 추돌 - 주정차중,안전운전불이행,건조,맑음,단일로 - 기타,원동기,남,71세,경상,승용,남,34세,상해없음
2012102300100615,2012년 10월 23일 20시,화요일,경상남도 창원시 성산구 사파동,중상사고,0,2,0,0,차대차 - 측면직각충돌,직진우회전진행방해,건조,맑음,교차로 - 교차로부근,승용,여,52세,상해없음,승용,여,33세,중상
2012102300100646,2012년 10월 23일 21시,화요일,경상남도 진주시 옥봉동,중상사고,0,1,0,0,차대사람 - 횡단중,안전운전불이행,건조,맑음,단일로 - 기타,원동기,남,37세,상해없음,보행자,여,61세,중상
2012102300100647,2012년 10월 23일 21시,화요일,경상남도 거창군 거창읍,중상사고,0,4,0,0,차대차 - 측면직각충돌,교차로운행방법위반,건조,맑음,교차로 - 교차로안,승용,남,44세,상해없음,승용,남,58세,상해없음
2012102300100682,2012년 10월 23일 22시,화요일,경상남도 양산시 중부동,경상사고,0,0,1,0,차대사람 - 기타,안전운전불이행,건조,맑음,기타 - 기타,승용,여,44세,상해없음,보행자,남,37세,경상
2012102300100714,2012년 10월 23일 23시,화요일,경상남도 창원시 마산합포구 산호동,중상사고,0,1,1,0,차대차 - 기타,신호위반,건조,맑음,교차로 - 교차로안,승용,남,50세,상해없음,승합,남,45세,중상
2012102400100017,2012년 10월 24일 00시,수요일,경상남도 창원시 진해구 풍호동,경상사고,0,0,1,0,차대차 - 추돌 - 진행중,안전운전불이행,건조,맑음,미분류 - 미분류,승용,남,29세,상해없음,승용,남,34세,경상
2012102400100046,2012년 10월 24일 02시,수요일,경상남도 창원시 성산구 양곡동,경상사고,0,0,1,1,차대차 - 측면직각충돌,신호위반,건조,맑음,교차로 - 교차로안,승용,남,41세,상해없음,승용,여,35세,경상
2012102400100089,2012년 10월 24일 06시,수요일,경상남도 거제시 연초면,중상사고,0,1,0,0,차대차 - 추돌 - 진행중,안전운전불이행,건조,맑음,단일로 - 기타,승용,남,29세,상해없음,원동기,남,46세,중상
2012102400100090,2012년 10월 24일 06시,수요일,경상남도 함안군 칠서면,경상사고,0,0,1,0,차대사람 - 기타,안전운전불이행,건조,맑음,단일로 - 기타,승용,남,33세,상해없음,보행자,남,66세,경상
2012102400100112,2012년 10월 24일 07시,수요일,경상남도 진주시 칠암동,중상사고,0,1,0,0,차대차 - 측면직각충돌,안전운전불이행,건조,맑음,단일로 - 기타,승용,여,45세,상해없음,자전거,여,56세,중상
2012102400100113,2012년 10월 24일 07시,수요일,경상남도 사천시 사남면,중상사고,0,1,0,0,차대차 - 측면직각충돌,교차로운행방법위반,건조,맑음,교차로 - 교차로안,승용,남,23세,상해없음,원동기,남,27세,중상
2012102400100114,2012년 10월 24일 07시,수요일,경상남도 창녕군 부곡면,경상사고,0,0,1,0,차대차 - 측면직각충돌,신호위반,건조,맑음,교차로 - 교차로안,승용,남,52세,상해없음,화물,남,60세,경상
2012102400100115,2012년 10월 24일 07시,수요일,경상남도 창녕군 이방면,경상사고,0,0,1,0,차대사람 - 기타,안전운전불이행,건조,맑음,단일로 - 기타,화물,남,47세,상해없음,보행자,여,70세,경상
2012102400100116,2012년 10월 24일 07시,수요일,경상남도 진주시 명석면,경상사고,0,0,1,0,차대차 - 기타,안전운전불이행,건조,맑음,단일로 - 기타,화물,남,55세,상해없음,승용,남,28세,경상
2012102400100151,2012년 10월 24일 08시,수요일,경상남도 창원시 마산합포구 진동면,경상사고,0,0,1,0,차대사람 - 기타,안전운전불이행,습기,비,단일로 - 기타,승합,남,53세,상해없음,보행자,여,60세,경상
2012102400100152,2012년 10월 24일 08시,수요일,경상남도 김해시 진영읍,경상사고,0,0,1,0,차대차 - 기타,안전운전불이행,건조,맑음,단일로 - 기타,승용,여,58세,상해없음,승용,남,33세,경상
2012102400100186,2012년 10월 24일 09시,수요일,경상남도 고성군 하일면,중상사고,0,1,0,0,차대차 - 정면충돌,중앙선침범,건조,맑음,단일로 - 기타,승용,여,53세,상해없음,화물,남,54세,상해없음
2012102400100187,2012년 10월 24일 09시,수요일,경상남도 거제시 고현동,중상사고,0,1,0,0,차대차 - 추돌 - 진행중,안전운전불이행,건조,맑음,교차로 - 교차로안,승용,여,51세,상해없음,승용,여,39세,중상
2012102400100205,2012년 10월 24일 10시,수요일,경상남도 사천시 곤양면,경상사고,0,0,1,0,차량단독 - 기타,안전운전불이행,건조,맑음,단일로 - 기타,원동기,여,70세,경상,,,,
2012102400100206,2012년 10월 24일 10시,수요일,경상남도 김해시 장유면,중상사고,0,1,0,0,차대차 - 기타,안전운전불이행,건조,맑음,미분류 - 미분류,건설기계,남,42세,상해없음,승용,남,49세,상해없음
2012102400100239,2012년 10월 24일 11시,수요일,경상남도 창원시 마산합포구 두월동1가,중상사고,0,1,0,0,차대사람 - 차도통행중,안전운전불이행,건조,맑음,단일로 - 기타,승합,여,28세,상해없음,보행자,남,55세,중상
2012102400100264,2012년 10월 24일 12시,수요일,경상남도 창원시 마산합포구 자산동,중상사고,0,1,0,0,차대차 - 측면직각충돌,안전운전불이행,건조,맑음,교차로 - 교차로부근,승용,남,75세,상해없음,이륜,남,23세,중상
2012102400100265,2012년 10월 24일 12시,수요일,경상남도 함안군 군북면,중상사고,0,1,0,0,차대차 - 기타,안전운전불이행,건조,맑음,단일로 - 기타,화물,남,53세,상해없음,이륜,남,87세,중상
2012102400100283,2012년 10월 24일 13시,수요일,경상남도 통영시 정량동,중상사고,0,1,0,0,차대차 - 측면직각충돌,교차로운행방법위반,건조,맑음,교차로 - 교차로안,화물,남,44세,상해없음,승용,여,48세,중상
2012102400100284,2012년 10월 24일 13시,수요일,경상남도 밀양시 청도면,중상사고,0,1,0,0,차대차 - 정면충돌,중앙선침범,건조,맑음,단일로 - 기타,승용,남,55세,상해없음,화물,여,44세,중상
2012102400100285,2012년 10월 24일 13시,수요일,경상남도 거창군 거창읍,중상사고,0,1,0,0,차대차 - 측면직각충돌,교차로운행방법위반,건조,맑음,교차로 - 교차로안,화물,남,44세,상해없음,원동기,여,51세,중상
2012102400100286,2012년 10월 24일 13시,수요일,경상남도 의령군 정곡면,중상사고,0,1,0,0,차대차 - 추돌 - 진행중,안전운전불이행,건조,맑음,단일로 - 기타,이륜,남,84세,중상,승용,남,54세,상해없음
2012102400100367,2012년 10월 24일 16시,수요일,경상남도 창원시 의창구 팔용동,중상사고,0,2,3,0,차대차 - 추돌 - 주정차중,안전운전불이행,건조,맑음,단일로 - 기타,화물,남,51세,상해없음,승용,남,41세,중상
2012102400100399,2012년 10월 24일 17시,수요일,경상남도 김해시 상동면,경상사고,0,0,2,0,차량단독 - 공작물충돌,안전운전불이행,건조,맑음,단일로 - 기타,승용,남,19세,경상,,,,
2012102400100400,2012년 10월 24일 17시,수요일,경상남도 양산시 물금읍,경상사고,0,0,1,0,차대차 - 기타,안전거리미확보,건조,맑음,단일로 - 기타,승용,남,44세,상해없음,원동기,남,16세,경상
2012102400100401,2012년 10월 24일 17시,수요일,경상남도 거제시 연초면,중상사고,0,1,0,0,차대사람 - 차도통행중,중앙선침범,건조,맑음,단일로 - 횡단보도부근,승용,여,39세,상해없음,보행자,남,40세,중상
2012102400100402,2012년 10월 24일 17시,수요일,경상남도 창원시 마산회원구 석전동,경상사고,0,0,1,0,차대사람 - 횡단중,안전운전불이행,건조,맑음,교차로 - 교차로안,승용,여,50세,상해없음,보행자,남,9세,경상
2012102400100442,2012년 10월 24일 18시,수요일,경상남도 양산시 물금읍,중상사고,0,1,0,0,차대사람 - 횡단중,안전운전불이행,건조,맑음,기타 - 기타,승용,여,37세,기타불명,보행자,남,50세,중상
2012102400100443,2012년 10월 24일 18시,수요일,경상남도 고성군 마암면,경상사고,0,0,2,0,차대차 - 추돌 - 진행중,안전운전불이행,건조,맑음,단일로 - 기타,승용,남,58세,상해없음,승용,남,39세,경상
2012102400100444,2012년 10월 24일 18시,수요일,경상남도 고성군 동해면,중상사고,0,1,0,0,차대사람 - 횡단중,안전운전불이행,건조,맑음,단일로 - 기타,승용,남,43세,상해없음,보행자,여,74세,중상
2012102400100445,2012년 10월 24일 18시,수요일,경상남도 김해시 진영읍,경상사고,0,0,2,0,차대차 - 기타,안전운전불이행,건조,맑음,단일로 - 기타,승용,여,39세,상해없음,승용,남,55세,경상
2012102400100522,2012년 10월 24일 20시,수요일,경상남도 창원시 의창구 도계동,경상사고,0,0,1,0,차대차 - 추돌 - 진행중,안전운전불이행,건조,흐림,교차로 - 교차로부근,승용,남,51세,상해없음,승용,남,38세,경상
2012102400100587,2012년 10월 24일 22시,수요일,경상남도 김해시 삼계동,경상사고,0,0,1,0,차대차 - 측면직각충돌,신호위반,건조,맑음,교차로 - 교차로안,승용,여,33세,상해없음,승합,남,41세,상해없음
2012102400100614,2012년 10월 24일 23시,수요일,경상남도 통영시 중앙동,중상사고,0,1,0,0,차대차 - 정면충돌,중앙선침범,건조,맑음,교차로 - 교차로부근,승용,남,33세,상해없음,승용,남,46세,중상
2012102400100615,2012년 10월 24일 23시,수요일,경상남도 양산시 북정동,중상사고,0,2,1,0,차대차 - 기타,교차로운행방법위반,건조,맑음,교차로 - 교차로안,승용,남,57세,상해없음,승용,남,37세,중상
2012102500100015,2012년 10월 25일 00시,목요일,경상남도 진주시 봉곡동,중상사고,0,4,3,0,차대차 - 추돌 - 주정차중,안전운전불이행,건조,맑음,단일로 - 기타,승용,남,56세,상해없음,승용,남,38세,상해없음
2012102500100016,2012년 10월 25일 00시,목요일,경상남도 창원시 성산구 남양동,중상사고,0,1,0,0,차대사람 - 차도통행중,안전운전불이행,건조,맑음,교차로 - 교차로안,승용,남,60세,상해없음,보행자,여,33세,중상
2012102500100017,2012년 10월 25일 00시,목요일,경상남도 창원시 마산회원구 두척동,중상사고,0,2,0,0,차대차 - 정면충돌,중앙선침범,건조,맑음,단일로 - 교량,승용,여,22세,상해없음,승용,남,24세,중상
2012102500100072,2012년 10월 25일 05시,목요일,경상남도 거제시 수월동,중상사고,0,1,1,0,차대차 - 추돌 - 진행중,안전운전불이행,건조,맑음,단일로 - 기타,이륜,남,24세,경상,승용,여,43세,상해없음
2012102500100089,2012년 10월 25일 06시,목요일,경상남도 창원시 의창구 동읍,경상사고,0,0,2,0,차대차 - 추돌 - 주정차중,안전거리미확보,건조,맑음,단일로 - 기타,화물,남,46세,상해없음,승용,남,32세,경상
2012102500100117,2012년 10월 25일 07시,목요일,경상남도 거제시 장평동,중상사고,0,1,0,0,차대차 - 기타,기타,건조,맑음,교차로 - 교차로안,화물,남,60세,상해없음,이륜,남,45세,중상
2012102500100118,2012년 10월 25일 07시,목요일,경상남도 거제시 사등면,중상사고,0,1,0,0,차대차 - 정면충돌,중앙선침범,건조,맑음,단일로 - 기타,화물,남,22세,상해없음,승용,남,43세,중상
2012102500100165,2012년 10월 25일 08시,목요일,경상남도 진주시 수정동,경상사고,0,0,1,0,차대차 - 추돌 - 진행중,안전운전불이행,건조,맑음,단일로 - 기타,승용,남,49세,상해없음,승용,남,45세,경상
2012102500100166,2012년 10월 25일 08시,목요일,경상남도 김해시 삼정동,중상사고,0,1,0,0,차대차 - 측면직각충돌,교차로운행방법위반,건조,맑음,교차로 - 교차로안,원동기,남,72세,상해없음,승용,남,37세,상해없음
2012102500100167,2012년 10월 25일 08시,목요일,경상남도 거창군 거창읍,중상사고,0,1,0,0,차대차 - 측면직각충돌,안전운전불이행,건조,맑음,교차로 - 교차로안,승용,여,54세,상해없음,이륜,여,43세,중상
2012102500100188,2012년 10월 25일 09시,목요일,경상남도 창원시 마산회원구 내서읍,경상사고,0,0,1,0,차량단독 - 기타,안전운전불이행,건조,맑음,기타 - 기타,승용,남,57세,상해없음,,,,
2012102500100213,2012년 10월 25일 10시,목요일,경상남도 김해시 어방동,중상사고,0,3,0,0,차대차 - 측면직각충돌,안전거리미확보,건조,맑음,단일로 - 기타,승용,남,44세,상해없음,이륜,남,17세,중상
2012102500100214,2012년 10월 25일 10시,목요일,경상남도 양산시 중부동,경상사고,0,0,3,0,차대차 - 기타,신호위반,건조,맑음,교차로 - 교차로안,화물,남,45세,상해없음,승용,남,33세,경상
2012102500100237,2012년 10월 25일 11시,목요일,경상남도 창원시 진해구 석동,경상사고,0,0,1,0,차대차 - 측면직각충돌,교차로운행방법위반,건조,맑음,교차로 - 교차로안,원동기,여,32세,경상,승용,남,60세,상해없음
2012102500100265,2012년 10월 25일 12시,목요일,경상남도 진주시 칠암동,중상사고,0,3,0,0,차대차 - 기타,불법유턴,건조,맑음,단일로 - 기타,화물,남,33세,상해없음,승합,남,38세,중상
2012102500100266,2012년 10월 25일 12시,목요일,경상남도 김해시 어방동,경상사고,0,0,1,0,차대차 - 추돌 - 진행중,안전운전불이행,건조,맑음,교차로 - 교차로부근,화물,남,42세,상해없음,승용,남,35세,경상
2012102500100293,2012년 10월 25일 13시,목요일,경상남도 김해시 삼방동,중상사고,0,1,0,0,차대사람 - 횡단중,안전운전불이행,건조,맑음,단일로 - 기타,승용,여,33세,상해없음,보행자,여,55세,중상
2012102500100294,2012년 10월 25일 13시,목요일,경상남도 거창군 거창읍,경상사고,0,0,1,0,차대차 - 측면직각충돌,안전운전불이행,건조,맑음,교차로 - 교차로부근,승용,여,59세,상해없음,이륜,남,76세,경상
2012102500100295,2012년 10월 25일 13시,목요일,경상남도 양산시 북부동,중상사고,0,1,0,0,차대차 - 추돌 - 진행중,안전운전불이행,건조,맑음,단일로 - 기타,승용,남,31세,상해없음,이륜,남,49세,중상
2012102500100323,2012년 10월 25일 14시,목요일,경상남도 함양군 서상면,경상사고,0,0,1,1,차량단독 - 공작물충돌,안전운전불이행,건조,맑음,단일로 - 기타,승용,남,52세,부상신고,,,,
2012102500100324,2012년 10월 25일 14시,목요일,경상남도 양산시 삼호동,중상사고,0,1,0,1,차대차 - 측면직각충돌,신호위반,건조,맑음,교차로 - 교차로안,화물,남,52세,상해없음,승합,남,49세,중상
2012102500100325,2012년 10월 25일 14시,목요일,경상남도 김해시 진영읍,중상사고,0,1,1,0,차대차 - 추돌 - 주정차중,안전거리미확보,건조,맑음,교차로 - 교차로부근,화물,남,33세,상해없음,승용,남,57세,경상
2012102500100348,2012년 10월 25일 15시,목요일,경상남도 밀양시 교동,중상사고,0,1,0,0,차대사람 - 횡단중,보행자보호의무위반,건조,맑음,단일로 - 횡단보도부근,승용,남,34세,상해없음,보행자,여,10세,중상
2012102500100349,2012년 10월 25일 15시,목요일,경상남도 김해시 동상동,경상사고,0,0,1,0,차량단독 - 기타,안전운전불이행,건조,맑음,단일로 - 기타,승용,남,52세,상해없음,,,,
2012102500100367,2012년 10월 25일 16시,목요일,경상남도 통영시 항남동,경상사고,0,0,2,0,차대사람 - 횡단중,보행자보호의무위반,건조,맑음,단일로 - 기타,승용,남,66세,상해없음,보행자,여,24세,경상
2012102500100368,2012년 10월 25일 16시,목요일,경상남도 사천시 사남면,부상신고사고,0,0,0,1,차대차 - 추돌 - 진행중,안전운전불이행,건조,맑음,단일로 - 기타,승용,남,52세,상해없음,승용,여,41세,부상신고
2012102500100369,2012년 10월 25일 16시,목요일,경상남도 양산시 덕계동,중상사고,0,1,0,0,차대사람 - 횡단중,보행자보호의무위반,건조,맑음,교차로 - 교차로안,화물,남,52세,상해없음,보행자,남,68세,중상
2012102500100454,2012년 10월 25일 18시,목요일,경상남도 진주시 문산읍,중상사고,0,3,1,0,차대차 - 기타,안전거리미확보,건조,맑음,단일로 - 기타,승용,남,48세,상해없음,승용,남,25세,중상
2012102500100455,2012년 10월 25일 18시,목요일,경상남도 통영시 광도면,경상사고,0,0,3,0,차대차 - 추돌 - 진행중,안전거리미확보,건조,맑음,단일로 - 기타,승용,남,39세,상해없음,승용,남,37세,경상
2012102500100456,2012년 10월 25일 18시,목요일,경상남도 김해시 생림면,중상사고,0,1,0,0,차량단독 - 도로외이탈 - 추락,안전운전불이행,건조,맑음,단일로 - 기타,승용,여,28세,중상,,,,
2012102500100457,2012년 10월 25일 18시,목요일,경상남도 양산시 신기동,경상사고,0,0,2,0,차대사람 - 기타,안전운전불이행,건조,맑음,기타 - 기타,승용,여,32세,상해없음,보행자,여,27세,경상
2012102500100491,2012년 10월 25일 19시,목요일,경상남도 진주시 상평동,중상사고,0,1,0,0,차대사람 - 횡단중,보행자보호의무위반,건조,맑음,단일로 - 횡단보도상,승용,남,38세,상해없음,보행자,여,58세,중상
2012102500100492,2012년 10월 25일 19시,목요일,경상남도 창원시 성산구 상남동,경상사고,0,0,1,0,차대사람 - 횡단중,안전운전불이행,건조,맑음,단일로 - 기타,이륜,기타불명,기타불명,기타불명,보행자,여,56세,경상
2012102500100493,2012년 10월 25일 19시,목요일,경상남도 창원시 의창구 대산면,중상사고,0,1,0,0,차대사람 - 기타,안전운전불이행,건조,맑음,교차로 - 교차로안,화물,남,64세,상해없음,보행자,여,59세,중상
2012102500100494,2012년 10월 25일 19시,목요일,경상남도 김해시 진영읍,경상사고,0,0,2,0,차대차 - 기타,안전운전불이행,건조,맑음,단일로 - 기타,화물,남,61세,상해없음,승용,남,49세,상해없음
2012102500100557,2012년 10월 25일 21시,목요일,경상남도 김해시 어방동,중상사고,0,1,0,0,차대사람 - 차도통행중,안전운전불이행,건조,맑음,단일로 - 기타,승용,여,48세,상해없음,보행자,남,59세,중상
2012102500100593,2012년 10월 25일 22시,목요일,경상남도 진주시 하대동,중상사고,0,1,0,0,차대차 - 기타,안전운전불이행,건조,맑음,단일로 - 기타,이륜,남,16세,중상,승용,남,34세,상해없음
2012102500100612,2012년 10월 25일 23시,목요일,경상남도 양산시 소주동,경상사고,0,0,4,0,차대차 - 측면직각충돌,신호위반,건조,맑음,교차로 - 교차로안,승용,남,33세,상해없음,승용,남,57세,경상
2012102600100080,2012년 10월 26일 04시,금요일,경상남도 진주시 가좌동,중상사고,0,2,1,0,차대차 - 추돌 - 진행중,안전거리미확보,건조,맑음,단일로 - 기타,승용,남,29세,상해없음,승용,남,44세,중상
2012102600100081,2012년 10월 26일 04시,금요일,경상남도 김해시 장유면,중상사고,0,4,0,0,차량단독 - 공작물충돌,안전운전불이행,건조,맑음,단일로 - 기타,승용,남,22세,중상,,,,
2012102600100106,2012년 10월 26일 06시,금요일,경상남도 김해시 봉황동,중상사고,0,1,0,0,차대차 - 측면직각충돌,교차로운행방법위반,건조,맑음,교차로 - 교차로안,승용,남,69세,중상,기타불명,미분류,기타불명,기타불명
2012102600100141,2012년 10월 26일 07시,금요일,경상남도 김해시 삼방동,중상사고,0,1,1,0,차대차 - 추돌 - 진행중,안전운전불이행,건조,맑음,단일로 - 기타,화물,남,39세,경상,승용,남,40세,상해없음
2012102600100142,2012년 10월 26일 07시,금요일,경상남도 양산시 덕계동,경상사고,0,0,1,0,차대차 - 측면직각충돌,안전운전불이행,건조,맑음,단일로 - 기타,승합,남,31세,상해없음,원동기,남,27세,경상
2012102600100226,2012년 10월 26일 09시,금요일,경상남도 진주시 하대동,중상사고,0,1,1,0,차대차 - 추돌 - 주정차중,안전운전불이행,건조,맑음,교차로 - 교차로부근,건설기계,남,31세,상해없음,화물,남,43세,경상
2012102600100227,2012년 10월 26일 09시,금요일,경상남도 창원시 진해구 경화동,경상사고,0,0,3,0,차대차 - 측면직각충돌,안전운전불이행,건조,맑음,교차로 - 교차로안,승용,여,45세,상해없음,승용,남,59세,경상
2012102600100228,2012년 10월 26일 09시,금요일,경상남도 밀양시 내이동,중상사고,0,1,0,0,차대사람 - 기타,안전운전불이행,건조,맑음,기타 - 기타,화물,남,59세,상해없음,보행자,남,86세,중상
2012102600100229,2012년 10월 26일 09시,금요일,경상남도 김해시 상동면,중상사고,0,1,3,0,차대차 - 측면직각충돌,중앙선침범,건조,맑음,단일로 - 기타,승용,여,46세,경상,화물,남,49세,경상
2012102600100256,2012년 10월 26일 10시,금요일,경상남도 진주시 동성동,경상사고,0,0,2,0,차대사람 - 길가장자리구역통행중,안전운전불이행,건조,맑음,교차로 - 교차로안,승용,남,20세,상해없음,보행자,남,32세,경상
2012102600100303,2012년 10월 26일 12시,금요일,경상남도 양산시 주남동,경상사고,0,0,1,0,차대차 - 측면직각충돌,안전운전불이행,건조,맑음,교차로 - 교차로부근,승용,남,52세,상해없음,화물,남,30세,경상
2012102600100329,2012년 10월 26일 13시,금요일,경상남도 진주시 옥봉동,중상사고,0,1,0,0,차대사람 - 기타,불법유턴,건조,맑음,단일로 - 기타,승용,남,37세,상해없음,보행자,여,52세,중상
2012102600100330,2012년 10월 26일 13시,금요일,경상남도 창원시 진해구 용원동,중상사고,0,1,0,0,차대차 - 측면직각충돌,교차로운행방법위반,건조,맑음,교차로 - 교차로안,승용,여,33세,상해없음,자전거,여,46세,중상
2012102600100331,2012년 10월 26일 13시,금요일,경상남도 사천시 서포면,경상사고,0,0,2,0,차대차 - 기타,안전운전불이행,건조,맑음,단일로 - 기타,화물,남,44세,기타불명,승합,남,44세,경상
2012102600100332,2012년 10월 26일 13시,금요일,경상남도 김해시 외동,경상사고,0,0,1,0,차대사람 - 횡단중,신호위반,건조,맑음,단일로 - 횡단보도상,승용,남,61세,상해없음,보행자,남,34세,경상
2012102600100388,2012년 10월 26일 15시,금요일,경상남도 거제시 고현동,경상사고,0,0,3,0,차대차 - 추돌 - 진행중,안전운전불이행,건조,맑음,기타 - 기타,승용,여,51세,상해없음,승용,여,31세,경상
2012102600100429,2012년 10월 26일 16시,금요일,경상남도 양산시 삼호동,경상사고,0,0,1,0,차대차 - 측면직각충돌,교차로운행방법위반,건조,맑음,교차로 - 교차로안,화물,남,51세,상해없음,승합,남,37세,경상
2012102600100430,2012년 10월 26일 16시,금요일,경상남도 하동군 진교면,중상사고,0,1,1,0,차대차 - 기타,안전운전불이행,건조,맑음,단일로 - 기타,화물,남,58세,상해없음,이륜,남,47세,상해없음
2012102600100469,2012년 10월 26일 17시,금요일,경상남도 창원시 진해구 충무동,중상사고,0,1,0,0,차대사람 - 기타,안전운전불이행,건조,맑음,단일로 - 기타,화물,여,29세,상해없음,보행자,남,52세,중상
2012102600100470,2012년 10월 26일 17시,금요일,경상남도 창원시 진해구 용원동,중상사고,0,1,0,0,차대차 - 추돌 - 진행중,안전운전불이행,건조,맑음,단일로 - 기타,승용,여,47세,상해없음,승용,여,45세,중상
2012102600100471,2012년 10월 26일 17시,금요일,경상남도 통영시 무전동,중상사고,0,1,0,0,차대사람 - 기타,안전운전불이행,건조,맑음,교차로 - 교차로안,승용,남,42세,상해없음,보행자,여,15세,중상
2012102600100472,2012년 10월 26일 17시,금요일,경상남도 통영시 명정동,경상사고,0,0,1,0,차대사람 - 횡단중,안전운전불이행,건조,맑음,교차로 - 교차로부근,화물,여,58세,상해없음,보행자,여,71세,경상
2012102600100473,2012년 10월 26일 17시,금요일,경상남도 산청군 신안면,중상사고,0,1,0,0,차대사람 - 횡단중,보행자보호의무위반,건조,맑음,단일로 - 기타,화물,남,64세,상해없음,보행자,남,12세,중상
2012102600100507,2012년 10월 26일 18시,금요일,경상남도 진주시 하대동,중상사고,0,1,0,0,차대차 - 추돌 - 주정차중,안전운전불이행,건조,맑음,교차로 - 교차로부근,승용,남,56세,상해없음,승용,여,55세,중상
2012102600100508,2012년 10월 26일 18시,금요일,경상남도 김해시 내동,경상사고,0,0,1,0,차대사람 - 기타,안전운전불이행,건조,맑음,단일로 - 기타,승용,남,37세,상해없음,보행자,남,7세,경상
2012102600100509,2012년 10월 26일 18시,금요일,경상남도 거창군 거창읍,중상사고,0,1,0,0,차대차 - 측면직각충돌,교차로운행방법위반,건조,맑음,교차로 - 교차로안,승용,남,54세,상해없음,이륜,남,18세,중상
2012102600100510,2012년 10월 26일 18시,금요일,경상남도 거창군 북상면,중상사고,0,1,0,0,차대사람 - 길가장자리구역통행중,안전운전불이행,건조,맑음,단일로 - 기타,화물,남,55세,상해없음,보행자,여,73세,중상
2012102600100511,2012년 10월 26일 18시,금요일,경상남도 창녕군 성산면,중상사고,0,1,0,0,차대차 - 기타,중앙선침범,건조,맑음,단일로 - 기타,승합,남,45세,상해없음,화물,남,26세,중상
2012102600100512,2012년 10월 26일 18시,금요일,경상남도 양산시 남부동,중상사고,0,1,0,0,차대차 - 측면직각충돌,안전운전불이행,건조,맑음,단일로 - 횡단보도상,승합,여,34세,상해없음,자전거,여,69세,중상
2012102600100513,2012년 10월 26일 18시,금요일,경상남도 하동군 적량면,중상사고,0,4,1,0,차량단독 - 공작물충돌,안전운전불이행,건조,맑음,단일로 - 기타,승용,남,55세,중상,,,,
2012102600100549,2012년 10월 26일 19시,금요일,경상남도 창원시 마산합포구 두월동2가,경상사고,0,0,1,0,차대차 - 추돌 - 주정차중,안전운전불이행,건조,맑음,교차로 - 교차로부근,화물,남,38세,상해없음,이륜,남,52세,경상
2012102600100550,2012년 10월 26일 19시,금요일,경상남도 통영시 광도면,경상사고,0,0,3,0,차대차 - 측면직각충돌,안전운전불이행,건조,맑음,교차로 - 교차로안,승용,남,51세,경상,승용,남,52세,경상
2012102600100551,2012년 10월 26일 19시,금요일,경상남도 사천시 사천읍,경상사고,0,0,5,0,차대차 - 추돌 - 주정차중,안전운전불이행,건조,맑음,단일로 - 기타,승용,여,25세,상해없음,승용,남,33세,경상
2012102600100552,2012년 10월 26일 19시,금요일,경상남도 김해시 삼방동,경상사고,0,0,1,0,차대차 - 측면직각충돌,안전거리미확보,건조,맑음,단일로 - 기타,승용,여,41세,상해없음,승용,남,34세,경상
2012102600100553,2012년 10월 26일 19시,금요일,경상남도 김해시 삼계동,중상사고,0,1,0,0,차대차 - 측면직각충돌,안전운전불이행,건조,맑음,교차로 - 교차로부근,승용,여,56세,상해없음,이륜,남,23세,중상