사고번호,사고일시,요일,시군구,사고내용,사망자수,중상자수,경상자수,부상신고자수,사고유형,법규위반,노면상태,기상상태,도로형태,가해운전자 차종,가해운전자 성별,가해운전자 연령,가해운전자 상해정도,피해운전자 차종,피해운전자 성별,피해운전자 연령,피해운전자 상해정도
2012102600100554,2012년 10월 26일 19시,금요일,경상남도 김해시 외동,경상사고,0,0,1,0,차대사람 - 기타,안전운전불이행,건조,맑음,교차로 - 교차로부근,승합,여,43세,상해없음,보행자,남,17세,경상
2012102600100555,2012년 10월 26일 19시,금요일,경상남도 창녕군 영산면,경상사고,0,0,1,0,차대사람 - 기타,안전운전불이행,건조,맑음,교차로 - 교차로부근,기타불명,기타불명,기타불명,기타불명,보행자,남,46세,경상
2012102600100556,2012년 10월 26일 19시,금요일,경상남도 창원시 성산구 신촌동,중상사고,0,1,0,0,차대차 - 추돌 - 진행중,직진우회전진행방해,건조,맑음,교차로 - 교차로안,승용,남,45세,상해없음,승용,남,28세,중상
2012102600100557,2012년 10월 26일 19시,금요일,경상남도 창원시 마산회원구 양덕동,경상사고,0,0,1,0,차대차 - 추돌 - 주정차중,안전운전불이행,건조,맑음,단일로 - 기타,승용,남,43세,상해없음,승용,여,35세,경상
2012102600100558,2012년 10월 26일 19시,금요일,경상남도 창원시 의창구 팔용동,중상사고,0,1,0,0,차대사람 - 기타,안전운전불이행,건조,맑음,단일로 - 기타,화물,남,41세,상해없음,보행자,여,39세,중상
2012102600100590,2012년 10월 26일 20시,금요일,경상남도 창원시 마산합포구 문화동,중상사고,0,1,1,0,차대차 - 측면직각충돌,안전운전불이행,건조,맑음,교차로 - 교차로부근,승용,여,41세,상해없음,승용,남,57세,경상
2012102600100591,2012년 10월 26일 20시,금요일,경상남도 진주시 옥봉동,중상사고,0,1,1,0,차대차 - 측면직각충돌,신호위반,건조,맑음,교차로 - 교차로안,승용,남,40세,상해없음,승용,남,28세,중상
2012102600100592,2012년 10월 26일 20시,금요일,경상남도 창원시 의창구 팔용동,중상사고,0,1,0,0,차대차 - 측면직각충돌,안전운전불이행,건조,맑음,교차로 - 교차로안,승용,남,33세,상해없음,자전거,남,31세,중상
2012102600100631,2012년 10월 26일 21시,금요일,경상남도 남해군 이동면,경상사고,0,0,2,0,차대차 - 추돌 - 진행중,안전운전불이행,건조,맑음,교차로 - 교차로부근,화물,남,33세,상해없음,승용,남,54세,상해없음
2012102600100659,2012년 10월 26일 22시,금요일,경상남도 사천시 좌룡동,중상사고,0,1,1,0,차대차 - 추돌 - 진행중,안전운전불이행,건조,맑음,교차로 - 교차로부근,승용,남,35세,상해없음,승합,남,35세,경상
2012102600100660,2012년 10월 26일 22시,금요일,경상남도 김해시 내동,경상사고,0,0,2,0,차대차 - 추돌 - 주정차중,안전거리미확보,건조,맑음,교차로 - 교차로부근,승용,남,52세,기타불명,승용,남,35세,경상
2012102600100661,2012년 10월 26일 22시,금요일,경상남도 창원시 의창구 명서동,경상사고,0,0,2,0,차대차 - 추돌 - 진행중,안전거리미확보,건조,맑음,단일로 - 기타,승합,남,48세,상해없음,승용,남,22세,경상
2012102600100689,2012년 10월 26일 23시,금요일,경상남도 거제시 장승포동,경상사고,0,0,1,0,차대사람 - 기타,안전운전불이행,기타,맑음,단일로 - 기타,승용,남,31세,상해없음,보행자,남,45세,경상
2012102600100690,2012년 10월 26일 23시,금요일,경상남도 거제시 고현동,중상사고,0,1,0,0,차대사람 - 기타,안전운전불이행,건조,맑음,단일로 - 횡단보도상,기타불명,기타불명,기타불명,기타불명,보행자,남,30세,중상
2012102600100691,2012년 10월 26일 23시,금요일,경상남도 창원시 마산회원구 합성동,중상사고,0,1,1,0,차대차 - 추돌 - 주정차중,안전운전불이행,건조,맑음,단일로 - 기타,승용,남,62세,상해없음,승용,남,50세,중상
2012102700100084,2012년 10월 27일 03시,토요일,경상남도 창원시 진해구 서중동,중상사고,0,1,0,0,차량단독 - 공작물충돌,안전운전불이행,습기,흐림,단일로 - 기타,승용,남,25세,중상,,,,
2012102700100101,2012년 10월 27일 04시,토요일,경상남도 남해군 고현면,중상사고,0,1,0,1,차량단독 - 공작물충돌,안전운전불이행,습기,비,기타 - 기타,승용,남,45세,상해없음,,,,
2012102700100102,2012년 10월 27일 04시,토요일,경상남도 창원시 의창구 신월동,중상사고,0,1,0,0,차대차 - 측면직각충돌,신호위반,건조,맑음,교차로 - 교차로안,원동기,남,16세,상해없음,승용,남,54세,상해없음
2012102700100125,2012년 10월 27일 05시,토요일,경상남도 창원시 마산합포구 수성동,경상사고,0,0,1,0,차대사람 - 차도통행중,안전운전불이행,습기,비,단일로 - 기타,승용,남,67세,상해없음,보행자,남,43세,경상
2012102700100126,2012년 10월 27일 05시,토요일,경상남도 고성군 회화면,사망사고,1,1,0,0,차대차 - 정면충돌,중앙선침범,습기,비,교차로 - 교차로안,승용,남,28세,상해없음,화물,남,60세,사망
2012102700100127,2012년 10월 27일 05시,토요일,경상남도 창원시 성산구 반림동,경상사고,0,0,4,0,차대차 - 추돌 - 주정차중,안전운전불이행,습기,비,단일로 - 기타,승용,남,60세,상해없음,승용,여,25세,경상
2012102700100157,2012년 10월 27일 06시,토요일,경상남도 창원시 마산회원구 회성동,중상사고,0,1,0,0,차대사람 - 보도통행중,신호위반,건조,맑음,교차로 - 교차로부근,승용,남,25세,상해없음,보행자,여,62세,중상
2012102700100179,2012년 10월 27일 07시,토요일,경상남도 거제시 사등면,경상사고,0,0,1,0,차대차 - 기타,안전운전불이행,기타,비,단일로 - 기타,승용,여,51세,상해없음,승용,남,26세,경상
2012102700100196,2012년 10월 27일 08시,토요일,경상남도 사천시 송포동,경상사고,0,0,3,0,차대차 - 측면직각충돌,안전운전불이행,습기,비,단일로 - 기타,승용,여,52세,상해없음,승용,여,50세,경상
2012102700100197,2012년 10월 27일 08시,토요일,경상남도 양산시 덕계동,중상사고,0,1,0,0,차대사람 - 기타,안전운전불이행,습기,비,교차로 - 교차로부근,승합,남,53세,상해없음,보행자,남,56세,중상
2012102700100198,2012년 10월 27일 08시,토요일,경상남도 김해시 진례면,중상사고,0,1,0,0,차대차 - 기타,직진우회전진행방해,습기,비,교차로 - 교차로안,화물,남,62세,상해없음,승용,남,42세,중상
2012102700100226,2012년 10월 27일 09시,토요일,경상남도 거창군 북상면,중상사고,0,1,0,0,차대사람 - 기타,안전운전불이행,습기,비,단일로 - 기타,화물,남,71세,상해없음,보행자,남,81세,중상
2012102700100227,2012년 10월 27일 09시,토요일,경상남도 거제시 사등면,사망사고,1,0,0,0,차대차 - 기타,안전운전불이행,습기,비,단일로 - 기타,승합,남,61세,사망,승용,남,56세,상해없음
2012102700100265,2012년 10월 27일 10시,토요일,경상남도 사천시 선구동,경상사고,0,0,1,0,차대사람 - 기타,안전운전불이행,습기,비,단일로 - 기타,이륜,남,72세,상해없음,보행자,여,63세,경상
2012102700100266,2012년 10월 27일 10시,토요일,경상남도 김해시 진례면,경상사고,0,0,4,0,차대차 - 측면직각충돌,신호위반,습기,비,교차로 - 교차로안,화물,남,69세,경상,승용,남,51세,경상
2012102700100267,2012년 10월 27일 10시,토요일,경상남도 함안군 칠서면,중상사고,0,2,0,0,차대차 - 추돌 - 진행중,안전거리미확보,습기,비,단일로 - 기타,승용,남,72세,상해없음,화물,남,47세,상해없음
2012102700100301,2012년 10월 27일 11시,토요일,경상남도 창원시 의창구 팔용동,경상사고,0,0,1,0,차대차 - 추돌 - 진행중,안전운전불이행,습기,비,단일로 - 기타,화물,남,37세,상해없음,승용,여,50세,경상
2012102700100334,2012년 10월 27일 12시,토요일,경상남도 창원시 마산합포구 진북면,중상사고,0,3,0,0,차대차 - 측면직각충돌,교차로운행방법위반,습기,비,교차로 - 교차로안,승용,남,42세,중상,승용,남,56세,중상
2012102700100335,2012년 10월 27일 12시,토요일,경상남도 창원시 마산합포구 예곡동,중상사고,0,2,0,0,차대차 - 추돌 - 진행중,안전거리미확보,습기,비,단일로 - 기타,건설기계,남,55세,상해없음,승용,남,34세,중상
2012102700100336,2012년 10월 27일 12시,토요일,경상남도 진주시 명석면,경상사고,0,0,1,0,차량단독 - 공작물충돌,안전운전불이행,습기,비,단일로 - 기타,승용,남,23세,경상,,,,
2012102700100337,2012년 10월 27일 12시,토요일,경상남도 창원시 성산구 중앙동,경상사고,0,0,1,0,차대차 - 정면충돌,안전운전불이행,건조,맑음,교차로 - 교차로안,승용,남,29세,상해없음,승용,남,76세,경상
2012102700100338,2012년 10월 27일 12시,토요일,경상남도 창원시 의창구 동읍,경상사고,0,0,2,1,차대차 - 추돌 - 진행중,안전거리미확보,습기,비,단일로 - 기타,승용,남,37세,상해없음,승용,남,30세,경상
2012102700100369,2012년 10월 27일 13시,토요일,경상남도 창원시 마산합포구 교원동,중상사고,0,1,0,0,차대사람 - 기타,기타,습기,비,단일로 - 기타,승용,남,52세,상해없음,보행자,남,10세,중상
2012102700100370,2012년 10월 27일 13시,토요일,경상남도 김해시 삼계동,경상사고,0,0,1,0,차대차 - 기타,차로위반,건조,맑음,단일로 - 기타,승합,남,59세,상해없음,원동기,남,18세,경상
2012102700100371,2012년 10월 27일 13시,토요일,경상남도 거제시 옥포동,경상사고,0,0,1,0,차대차 - 기타,안전운전불이행,습기,비,교차로 - 교차로부근,승용,남,32세,상해없음,승용,남,29세,경상
2012102700100372,2012년 10월 27일 13시,토요일,경상남도 거제시 상동동,경상사고,0,0,2,0,차대차 - 기타,안전운전불이행,습기,비,교차로 - 교차로부근,화물,남,33세,상해없음,화물,남,55세,상해없음
2012102700100417,2012년 10월 27일 14시,토요일,경상남도 밀양시 내이동,중상사고,0,1,0,0,차대사람 - 횡단중,안전운전불이행,습기,비,단일로 - 기타,화물,남,64세,상해없음,보행자,남,81세,중상
2012102700100418,2012년 10월 27일 14시,토요일,경상남도 합천군 가야면,경상사고,0,0,1,0,차대차 - 기타,안전운전불이행,습기,흐림,단일로 - 기타,이륜,남,65세,경상,승용,남,44세,상해없음
2012102700100419,2012년 10월 27일 14시,토요일,경상남도 창녕군 이방면,경상사고,0,0,1,0,차량단독 - 도로외이탈 - 추락,안전운전불이행,습기,비,교차로 - 교차로안,승용,남,53세,경상,,,,
2012102700100420,2012년 10월 27일 14시,토요일,경상남도 창원시 의창구 용호동,경상사고,0,0,1,0,차대차 - 기타,중앙선침범,습기,비,단일로 - 기타,승용,남,53세,상해없음,원동기,남,37세,경상
2012102700100449,2012년 10월 27일 15시,토요일,경상남도 밀양시 삼문동,경상사고,0,0,1,0,차대사람 - 횡단중,보행자보호의무위반,습기,비,교차로 - 교차로부근,승용,여,55세,상해없음,보행자,여,30세,경상
2012102700100450,2012년 10월 27일 15시,토요일,경상남도 양산시 하북면,중상사고,0,1,0,0,차대차 - 기타,신호위반,습기,비,교차로 - 교차로안,승용,남,53세,기타불명,승용,남,54세,중상
2012102700100451,2012년 10월 27일 15시,토요일,경상남도 양산시 신기동,경상사고,0,0,1,0,차대차 - 추돌 - 진행중,안전운전불이행,습기,비,단일로 - 기타,화물,남,50세,상해없음,화물,남,61세,경상
2012102700100452,2012년 10월 27일 15시,토요일,경상남도 거제시 사등면,부상신고사고,0,0,0,1,차대차 - 기타,안전운전불이행,습기,비,단일로 - 기타,승용,남,31세,상해없음,승용,남,37세,부상신고
2012102700100453,2012년 10월 27일 15시,토요일,경상남도 창원시 의창구 사림동,중상사고,0,1,3,0,차대차 - 추돌 - 주정차중,안전운전불이행,습기,비,교차로 - 교차로부근,화물,남,51세,상해없음,승용,남,52세,경상
2012102700100454,2012년 10월 27일 15시,토요일,경상남도 창원시 의창구 북면,경상사고,0,0,1,0,차대사람 - 기타,안전운전불이행,습기,비,단일로 - 기타,승합,남,47세,상해없음,보행자,남,26세,경상
2012102700100500,2012년 10월 27일 16시,토요일,경상남도 창원시 마산합포구 신포동1가,경상사고,0,0,1,0,차대사람 - 길가장자리구역통행중,안전운전불이행,습기,비,단일로 - 기타,승용,남,67세,상해없음,보행자,남,59세,경상
2012102700100501,2012년 10월 27일 16시,토요일,경상남도 통영시 항남동,경상사고,0,0,4,0,차대차 - 추돌 - 주정차중,안전운전불이행,습기,비,단일로 - 기타,승용,남,41세,상해없음,승용,여,41세,경상
2012102700100502,2012년 10월 27일 16시,토요일,경상남도 의령군 대의면,경상사고,0,0,2,0,차대차 - 정면충돌,중앙선침범,습기,비,단일로 - 기타,화물,여,53세,상해없음,승용,남,31세,경상
2012102700100503,2012년 10월 27일 16시,토요일,경상남도 김해시 진영읍,경상사고,0,0,1,0,차대차 - 측면직각충돌,신호위반,습기,비,교차로 - 교차로안,화물,남,29세,상해없음,승용,남,42세,경상
2012102700100534,2012년 10월 27일 17시,토요일,경상남도 통영시 중앙동,경상사고,0,0,1,0,차대차 - 기타,신호위반,습기,비,교차로 - 교차로안,승용,남,45세,상해없음,승용,남,47세,경상
2012102700100535,2012년 10월 27일 17시,토요일,경상남도 거창군 거창읍,경상사고,0,0,2,0,차대차 - 측면직각충돌,신호위반,건조,맑음,교차로 - 교차로안,승용,남,55세,상해없음,화물,남,38세,경상
2012102700100536,2012년 10월 27일 17시,토요일,경상남도 창녕군 영산면,부상신고사고,0,0,0,1,차대차 - 추돌 - 주정차중,안전운전불이행,습기,비,교차로 - 교차로부근,원동기,남,46세,부상신고,승용,남,32세,상해없음
2012102700100537,2012년 10월 27일 17시,토요일,경상남도 함양군 서상면,중상사고,0,3,1,0,차대차 - 측면직각충돌,교차로운행방법위반,습기,비,교차로 - 교차로안,승용,남,60세,중상,승용,남,34세,상해없음
2012102700100538,2012년 10월 27일 17시,토요일,경상남도 거제시 고현동,중상사고,0,1,0,0,차대차 - 기타,안전운전불이행,습기,비,교차로 - 교차로부근,승용,여,45세,상해없음,이륜,남,43세,중상
2012102700100539,2012년 10월 27일 17시,토요일,경상남도 창원시 마산회원구 양덕동,경상사고,0,0,2,0,차대차 - 기타,신호위반,습기,비,교차로 - 교차로안,승용,여,44세,상해없음,승용,남,51세,경상
2012102700100540,2012년 10월 27일 17시,토요일,경상남도 창원시 의창구 소계동,중상사고,0,1,0,0,차대사람 - 횡단중,안전운전불이행,습기,비,단일로 - 횡단보도상,승용,남,39세,상해없음,보행자,남,47세,중상
2012102700100541,2012년 10월 27일 17시,토요일,경상남도 창원시 의창구 팔용동,중상사고,0,1,1,0,차대차 - 추돌 - 주정차중,안전운전불이행,습기,비,교차로 - 교차로부근,승용,남,62세,상해없음,승용,남,25세,중상
2012102700100542,2012년 10월 27일 17시,토요일,경상남도 김해시 진영읍,경상사고,0,0,5,0,차대차 - 측면직각충돌,신호위반,습기,비,교차로 - 교차로안,승용,남,31세,상해없음,승합,남,46세,경상
2012102700100543,2012년 10월 27일 17시,토요일,경상남도 김해시 주촌면,중상사고,0,3,0,0,차대차 - 정면충돌,중앙선침범,습기,비,단일로 - 기타,화물,남,56세,중상,승용,남,40세,중상
2012102700100544,2012년 10월 27일 17시,토요일,경상남도 김해시 흥동,중상사고,0,1,0,0,차대차 - 추돌 - 진행중,안전운전불이행,습기,비,단일로 - 기타,승용,여,68세,상해없음,승용,남,64세,중상
2012102700100545,2012년 10월 27일 17시,토요일,경상남도 진주시 호탄동,중상사고,0,2,2,0,차대차 - 기타,차로위반,습기,비,단일로 - 기타,승용,기타불명,기타불명,기타불명,승용,남,30세,경상
2012102700100618,2012년 10월 27일 18시,토요일,경상남도 통영시 광도면,부상신고사고,0,0,0,1,차대차 - 추돌 - 주정차중,안전운전불이행,습기,비,교차로 - 교차로부근,승용,남,53세,상해없음,승합,여,47세,부상신고
2012102700100619,2012년 10월 27일 18시,토요일,경상남도 양산시 삼호동,경상사고,0,0,1,0,차대차 - 기타,신호위반,습기,비,교차로 - 교차로안,승용,남,49세,상해없음,원동기,남,46세,경상
2012102700100620,2012년 10월 27일 18시,토요일,경상남도 창원시 의창구 팔용동,중상사고,0,1,0,0,차대사람 - 횡단중,안전운전불이행,습기,비,교차로 - 교차로부근,승용,남,48세,상해없음,보행자,남,64세,중상
2012102700100667,2012년 10월 27일 19시,토요일,경상남도 사천시 곤양면,중상사고,0,1,0,0,차대사람 - 길가장자리구역통행중,안전운전불이행,습기,흐림,단일로 - 기타,승용,남,56세,상해없음,보행자,여,62세,중상
2012102700100668,2012년 10월 27일 19시,토요일,경상남도 김해시 구산동,중상사고,0,1,0,0,차대사람 - 기타,안전운전불이행,습기,비,기타 - 기타,화물,남,61세,상해없음,보행자,여,21세,중상
2012102700100669,2012년 10월 27일 19시,토요일,경상남도 창원시 의창구 용호동,중상사고,0,1,0,0,차대사람 - 횡단중,안전운전불이행,습기,비,교차로 - 교차로안,승용,남,44세,상해없음,보행자,여,54세,중상
2012102700100670,2012년 10월 27일 19시,토요일,경상남도 창원시 의창구 도계동,사망사고,1,0,0,0,차대사람 - 기타,안전운전불이행,습기,비,단일로 - 기타,승용,여,43세,상해없음,보행자,남,38세,사망
2012102700100671,2012년 10월 27일 19시,토요일,경상남도 김해시 흥동,경상사고,0,0,1,0,차대차 - 추돌 - 주정차중,안전거리미확보,습기,비,단일로 - 기타,승용,남,52세,상해없음,승용,남,41세,경상
2012102700100721,2012년 10월 27일 20시,토요일,경상남도 창원시 진해구 용원동,경상사고,0,0,1,0,차대차 - 정면충돌,중앙선침범,건조,맑음,단일로 - 기타,승용,남,35세,상해없음,승용,남,53세,경상
2012102700100722,2012년 10월 27일 20시,토요일,경상남도 사천시 서포면,경상사고,0,0,1,0,차량단독 - 공작물충돌,안전운전불이행,건조,흐림,단일로 - 기타,승용,남,39세,경상,,,,
2012102700100723,2012년 10월 27일 20시,토요일,경상남도 김해시 동상동,중상사고,0,1,0,0,차대차 - 추돌 - 진행중,안전운전불이행,습기,비,교차로 - 교차로부근,승용,남,44세,상해없음,승용,남,52세,상해없음
2012102700100724,2012년 10월 27일 20시,토요일,경상남도 남해군 이동면,경상사고,0,0,1,0,차대차 - 정면충돌,중앙선침범,습기,흐림,기타 - 기타,승용,남,42세,상해없음,승용,여,54세,경상
2012102700100725,2012년 10월 27일 20시,토요일,경상남도 창원시 의창구 용호동,중상사고,0,1,0,0,차대사람 - 횡단중,안전운전불이행,건조,맑음,교차로 - 교차로안,승용,남,51세,상해없음,보행자,여,46세,중상
2012102700100774,2012년 10월 27일 21시,토요일,경상남도 밀양시 내이동,중상사고,0,1,0,0,차대차 - 추돌 - 주정차중,안전운전불이행,건조,흐림,교차로 - 교차로안,승용,남,41세,상해없음,승용,남,44세,상해없음
2012102700100775,2012년 10월 27일 21시,토요일,경상남도 김해시 어방동,경상사고,0,0,1,0,차대차 - 추돌 - 주정차중,안전거리미확보,습기,비,단일로 - 기타,승용,남,50세,상해없음,승용,남,51세,경상
2012102700100807,2012년 10월 27일 22시,토요일,경상남도 진주시 칠암동,경상사고,0,0,1,0,차대차 - 측면직각충돌,신호위반,건조,맑음,교차로 - 교차로안,승용,남,44세,상해없음,승용,남,54세,경상
2012102700100808,2012년 10월 27일 22시,토요일,경상남도 김해시 삼방동,경상사고,0,0,1,0,차대차 - 기타,안전운전불이행,습기,비,단일로 - 기타,승용,남,54세,상해없음,원동기,남,21세,경상
2012102700100809,2012년 10월 27일 22시,토요일,경상남도 함안군 군북면,경상사고,0,0,1,0,차대차 - 기타,안전운전불이행,습기,비,단일로 - 기타,승용,남,32세,상해없음,승용,남,29세,상해없음
2012102700100840,2012년 10월 27일 23시,토요일,경상남도 창원시 진해구 이동,경상사고,0,0,2,0,차대차 - 정면충돌,교차로운행방법위반,습기,비,교차로 - 교차로안,승용,남,61세,상해없음,승용,남,54세,경상
2012102800100057,2012년 10월 28일 02시,일요일,경상남도 김해시 외동,경상사고,0,0,1,0,차대차 - 측면직각충돌,중앙선침범,습기,비,단일로 - 기타,승용,남,42세,상해없음,승용,남,50세,경상
2012102800100058,2012년 10월 28일 02시,일요일,경상남도 양산시 중부동,경상사고,0,0,1,0,차대차 - 기타,안전운전불이행,건조,맑음,교차로 - 교차로부근,승용,여,44세,기타불명,승용,여,34세,경상
2012102800100072,2012년 10월 28일 03시,일요일,경상남도 하동군 진교면,부상신고사고,0,0,0,1,차량단독 - 도로외이탈 - 추락,안전운전불이행,건조,맑음,단일로 - 기타,승용,여,44세,상해없음,,,,
2012102800100073,2012년 10월 28일 03시,일요일,경상남도 거제시 옥포동,경상사고,0,0,1,0,차량단독 - 기타,안전운전불이행,건조,맑음,단일로 - 기타,원동기,여,18세,경상,,,,
2012102800100087,2012년 10월 28일 04시,일요일,경상남도 창원시 성산구 상남동,중상사고,0,1,0,0,차대사람 - 길가장자리구역통행중,안전운전불이행,건조,맑음,단일로 - 기타,승용,남,28세,상해없음,보행자,남,29세,중상
2012102800100099,2012년 10월 28일 05시,일요일,경상남도 김해시 진례면,중상사고,0,1,0,0,차대사람 - 기타,안전운전불이행,건조,맑음,단일로 - 기타,기타불명,기타불명,기타불명,기타불명,보행자,남,63세,중상
2012102800100110,2012년 10월 28일 06시,일요일,경상남도 창원시 의창구 팔용동,경상사고,0,0,1,0,차대차 - 측면직각충돌,안전운전불이행,습기,흐림,교차로 - 교차로안,승용,남,62세,상해없음,승용,여,50세,경상
2012102800100144,2012년 10월 28일 08시,일요일,경상남도 거제시 장평동,경상사고,0,0,1,0,차대차 - 추돌 - 주정차중,안전운전불이행,건조,맑음,교차로 - 교차로부근,승합,남,44세,상해없음,승합,남,43세,경상
2012102800100161,2012년 10월 28일 09시,일요일,경상남도 거제시 양정동,중상사고,0,1,0,0,차대사람 - 차도통행중,안전운전불이행,건조,맑음,단일로 - 기타,승용,남,42세,상해없음,보행자,남,4세,중상
2012102800100181,2012년 10월 28일 10시,일요일,경상남도 밀양시 부북면,중상사고,0,1,1,0,차대차 - 측면직각충돌,신호위반,건조,맑음,교차로 - 교차로안,화물,남,49세,경상,승용,남,81세,중상
2012102800100182,2012년 10월 28일 10시,일요일,경상남도 하동군 횡천면,중상사고,0,2,0,0,차대차 - 측면직각충돌,교차로운행방법위반,건조,맑음,교차로 - 교차로안,승용,여,54세,상해없음,승합,남,48세,중상
2012102800100208,2012년 10월 28일 11시,일요일,경상남도 진주시 인사동,경상사고,0,0,1,0,차대차 - 추돌 - 진행중,안전거리미확보,건조,맑음,단일로 - 기타,승용,남,32세,상해없음,승용,남,60세,경상
2012102800100232,2012년 10월 28일 12시,일요일,경상남도 창원시 마산합포구 산호동,부상신고사고,0,0,0,1,차대차 - 기타,안전운전불이행,건조,맑음,단일로 - 기타,자전거,남,57세,부상신고,승용,남,65세,상해없음
2012102800100233,2012년 10월 28일 12시,일요일,경상남도 창원시 의창구 명서동,경상사고,0,0,1,0,차대차 - 기타,안전운전불이행,건조,맑음,교차로 - 교차로안,승용,여,63세,상해없음,승용,남,68세,경상
2012102800100234,2012년 10월 28일 12시,일요일,경상남도 창원시 의창구 소계동,경상사고,0,0,1,0,차대차 - 기타,안전거리미확보,건조,맑음,단일로 - 기타,승용,남,25세,상해없음,승용,남,27세,경상
2012102800100261,2012년 10월 28일 13시,일요일,경상남도 통영시 북신동,경상사고,0,0,1,0,차대차 - 측면직각충돌,안전운전불이행,건조,맑음,단일로 - 기타,승합,남,70세,상해없음,승합,남,38세,경상
2012102800100262,2012년 10월 28일 13시,일요일,경상남도 창원시 의창구 명서동,경상사고,0,0,1,0,차대차 - 추돌 - 주정차중,안전거리미확보,건조,맑음,단일로 - 기타,승용,남,56세,상해없음,승용,남,62세,경상
2012102800100287,2012년 10월 28일 14시,일요일,경상남도 창원시 의창구 북면,경상사고,0,0,1,0,차대사람 - 기타,안전운전불이행,건조,맑음,단일로 - 기타,승용,여,53세,상해없음,보행자,남,57세,경상
2012102800100288,2012년 10월 28일 14시,일요일,경상남도 창원시 의창구 팔용동,경상사고,0,0,1,0,차대사람 - 기타,안전운전불이행,건조,맑음,교차로 - 교차로부근,승용,남,30세,상해없음,보행자,남,2세,경상
2012102800100331,2012년 10월 28일 15시,일요일,경상남도 사천시 곤명면,경상사고,0,0,1,0,차대차 - 정면충돌,안전운전불이행,건조,맑음,단일로 - 기타,승용,남,71세,상해없음,승용,남,62세,경상
2012102800100332,2012년 10월 28일 15시,일요일,경상남도 사천시 향촌동,경상사고,0,0,2,0,차대차 - 측면직각충돌,안전운전불이행,건조,흐림,단일로 - 기타,승용,남,24세,상해없음,승용,남,64세,경상
2012102800100333,2012년 10월 28일 15시,일요일,경상남도 양산시 하북면,경상사고,0,0,2,0,차대차 - 기타,중앙선침범,건조,맑음,단일로 - 기타,승용,남,54세,상해없음,승용,남,27세,경상
2012102800100334,2012년 10월 28일 15시,일요일,경상남도 창원시 마산회원구 봉암동,경상사고,0,0,2,0,차대차 - 추돌 - 주정차중,안전운전불이행,건조,맑음,교차로 - 교차로부근,승용,남,58세,상해없음,승용,남,32세,경상
2012102800100335,2012년 10월 28일 15시,일요일,경상남도 창원시 의창구 도계동,경상사고,0,0,1,0,차대차 - 기타,안전거리미확보,건조,맑음,단일로 - 기타,승용,남,52세,상해없음,승용,남,22세,경상
2012102800100374,2012년 10월 28일 16시,일요일,경상남도 밀양시 교동,경상사고,0,0,1,0,차대차 - 추돌 - 주정차중,안전운전불이행,건조,맑음,단일로 - 기타,승용,남,70세,상해없음,승합,남,59세,상해없음
2012102800100375,2012년 10월 28일 16시,일요일,경상남도 양산시 중부동,경상사고,0,0,1,0,차대차 - 기타,안전거리미확보,건조,맑음,교차로 - 교차로안,승용,남,42세,상해없음,승용,남,27세,경상
2012102800100407,2012년 10월 28일 17시,일요일,경상남도 진주시 인사동,중상사고,0,2,0,0,차대차 - 추돌 - 주정차중,교차로운행방법위반,건조,맑음,교차로 - 교차로부근,화물,남,56세,상해없음,승용,남,41세,상해없음
2012102800100408,2012년 10월 28일 17시,일요일,경상남도 통영시 무전동,경상사고,0,0,1,0,차대차 - 측면직각충돌,안전운전불이행,건조,맑음,단일로 - 기타,승용,여,51세,상해없음,승용,여,30세,경상
2012102800100409,2012년 10월 28일 17시,일요일,경상남도 창원시 의창구 도계동,경상사고,0,0,1,0,차대차 - 기타,안전운전불이행,건조,맑음,교차로 - 교차로안,승용,남,51세,상해없음,승용,남,55세,상해없음
2012102800100455,2012년 10월 28일 18시,일요일,경상남도 창원시 마산합포구 진전면,경상사고,0,0,1,0,차대차 - 기타,안전운전불이행,건조,맑음,단일로 - 기타,승용,여,51세,상해없음,승용,남,33세,상해없음
2012102800100456,2012년 10월 28일 18시,일요일,경상남도 양산시 물금읍,중상사고,0,1,0,0,차대사람 - 기타,안전운전불이행,건조,맑음,단일로 - 기타,승용,남,54세,상해없음,보행자,남,56세,중상
2012102800100457,2012년 10월 28일 18시,일요일,경상남도 거제시 일운면,경상사고,0,0,1,0,차대사람 - 기타,중앙선침범,건조,맑음,교차로 - 교차로부근,승합,남,50세,상해없음,보행자,남,15세,경상
2012102800100458,2012년 10월 28일 18시,일요일,경상남도 거제시 고현동,중상사고,0,1,0,0,차대차 - 기타,중앙선침범,건조,맑음,단일로 - 기타,자전거,남,18세,중상,이륜,남,17세,상해없음
2012102800100459,2012년 10월 28일 18시,일요일,경상남도 창원시 의창구 팔용동,경상사고,0,0,1,0,차대사람 - 횡단중,안전운전불이행,건조,맑음,단일로 - 기타,원동기,여,29세,상해없음,보행자,여,26세,경상