사고번호,사고일시,요일,시군구,사고내용,사망자수,중상자수,경상자수,부상신고자수,사고유형,법규위반,노면상태,기상상태,도로형태,가해운전자 차종,가해운전자 성별,가해운전자 연령,가해운전자 상해정도,피해운전자 차종,피해운전자 성별,피해운전자 연령,피해운전자 상해정도
2012103100100512,2012년 10월 31일 19시,수요일,경상남도 양산시 명동,경상사고,0,0,1,0,차량단독 - 기타,기타,건조,맑음,단일로 - 기타,승합,남,49세,상해없음,,,,
2012103100100513,2012년 10월 31일 19시,수요일,경상남도 거제시 고현동,중상사고,0,2,1,0,차대차 - 기타,안전운전불이행,건조,맑음,교차로 - 교차로안,승용,남,51세,상해없음,승용,남,32세,경상
2012103100100514,2012년 10월 31일 19시,수요일,경상남도 거제시 장승포동,경상사고,0,0,1,0,차대차 - 기타,안전운전불이행,건조,맑음,단일로 - 기타,화물,남,51세,상해없음,승용,남,36세,경상
2012103100100547,2012년 10월 31일 20시,수요일,경상남도 김해시 내동,중상사고,0,1,0,0,차대사람 - 기타,안전운전불이행,건조,맑음,교차로 - 교차로안,승용,남,59세,상해없음,보행자,남,33세,중상
2012103100100548,2012년 10월 31일 20시,수요일,경상남도 양산시 하북면,사망사고,1,0,0,0,차대차 - 측면직각충돌,안전운전불이행,건조,맑음,기타 - 기타,이륜,남,47세,사망,화물,남,44세,상해없음
2012103100100549,2012년 10월 31일 20시,수요일,경상남도 의령군 가례면,중상사고,0,2,2,0,차대차 - 추돌 - 진행중,안전운전불이행,건조,맑음,단일로 - 기타,승용,남,23세,경상,승용,남,59세,중상
2012103100100550,2012년 10월 31일 20시,수요일,경상남도 창원시 의창구 용호동,중상사고,0,2,1,0,차대차 - 측면직각충돌,교차로운행방법위반,건조,맑음,교차로 - 교차로안,승용,남,51세,상해없음,승용,여,49세,중상
2012103100100586,2012년 10월 31일 21시,수요일,경상남도 통영시 북신동,경상사고,0,0,1,0,차대차 - 기타,안전거리미확보,건조,맑음,단일로 - 기타,원동기,남,31세,상해없음,승용,남,32세,경상
2012103100100587,2012년 10월 31일 21시,수요일,경상남도 고성군 거류면,경상사고,0,0,3,0,차대차 - 측면직각충돌,중앙선침범,건조,맑음,단일로 - 기타,승용,남,41세,상해없음,승용,남,36세,경상
2012103100100624,2012년 10월 31일 22시,수요일,경상남도 양산시 신기동,경상사고,0,0,1,0,차대차 - 측면직각충돌,신호위반,건조,맑음,교차로 - 교차로안,승용,남,26세,상해없음,승용,여,40세,경상
2012103100100625,2012년 10월 31일 22시,수요일,경상남도 거제시 장승포동,중상사고,0,2,0,0,차대차 - 추돌 - 주정차중,안전운전불이행,기타,맑음,기타 - 기타,승용,남,47세,기타불명,승용,남,42세,중상
2012103100100626,2012년 10월 31일 22시,수요일,경상남도 창원시 의창구 도계동,중상사고,0,1,2,0,차대차 - 측면직각충돌,신호위반,건조,맑음,교차로 - 교차로안,승용,남,42세,상해없음,승용,남,53세,경상
2012110100100080,2012년 11월 1일 05시,목요일,경상남도 양산시 물금읍,중상사고,0,1,0,1,차대차 - 측면직각충돌,신호위반,건조,맑음,교차로 - 교차로안,승용,남,36세,상해없음,승용,남,62세,중상
2012110100100120,2012년 11월 1일 07시,목요일,경상남도 창원시 마산합포구 월영동,경상사고,0,0,2,0,차대차 - 측면직각충돌,안전운전불이행,건조,맑음,교차로 - 교차로부근,승용,남,37세,상해없음,승용,여,34세,경상
2012110100100121,2012년 11월 1일 07시,목요일,경상남도 창녕군 부곡면,중상사고,0,1,0,0,차대차 - 기타,교차로운행방법위반,건조,맑음,교차로 - 교차로안,승용,남,23세,상해없음,원동기,여,52세,중상
2012110100100122,2012년 11월 1일 07시,목요일,경상남도 남해군 이동면,중상사고,0,1,0,0,차대사람 - 기타,기타,건조,맑음,기타 - 기타,승합,남,58세,상해없음,보행자,여,81세,중상
2012110100100123,2012년 11월 1일 07시,목요일,경상남도 창원시 의창구 팔용동,중상사고,0,1,0,0,차대차 - 측면직각충돌,안전운전불이행,건조,맑음,교차로 - 교차로안,승용,남,63세,상해없음,승용,남,32세,상해없음
2012110100100154,2012년 11월 1일 08시,목요일,경상남도 통영시 산양읍,중상사고,0,1,0,0,차대차 - 기타,중앙선침범,건조,맑음,단일로 - 기타,승용,여,43세,상해없음,화물,남,43세,중상
2012110100100155,2012년 11월 1일 08시,목요일,경상남도 함양군 함양읍,경상사고,0,0,1,0,차대사람 - 횡단중,보행자보호의무위반,건조,맑음,교차로 - 교차로부근,승용,여,41세,상해없음,보행자,남,23세,경상
2012110100100156,2012년 11월 1일 08시,목요일,경상남도 양산시 중부동,경상사고,0,0,1,0,차대차 - 측면직각충돌,교차로운행방법위반,건조,맑음,교차로 - 교차로안,승용,남,42세,상해없음,승용,여,26세,경상
2012110100100157,2012년 11월 1일 08시,목요일,경상남도 하동군 하동읍,중상사고,0,1,0,0,차대사람 - 횡단중,보행자보호의무위반,건조,맑음,단일로 - 횡단보도상,승합,남,42세,상해없음,보행자,남,7세,중상
2012110100100310,2012년 11월 1일 13시,목요일,경상남도 양산시 동면,경상사고,0,0,1,0,차대차 - 추돌 - 진행중,안전운전불이행,건조,맑음,단일로 - 기타,화물,남,47세,상해없음,승용,남,48세,경상
2012110100100311,2012년 11월 1일 13시,목요일,경상남도 남해군 남해읍,부상신고사고,0,0,0,1,차대차 - 측면직각충돌,교차로운행방법위반,건조,맑음,교차로 - 교차로안,이륜,남,22세,부상신고,승용,남,50세,상해없음
2012110100100353,2012년 11월 1일 15시,목요일,경상남도 통영시 용남면,부상신고사고,0,0,0,1,차대사람 - 기타,안전운전불이행,건조,맑음,단일로 - 기타,기타불명,기타불명,기타불명,기타불명,보행자,여,11세,부상신고
2012110100100354,2012년 11월 1일 15시,목요일,경상남도 밀양시 내일동,중상사고,0,1,0,0,차대사람 - 횡단중,보행자보호의무위반,건조,맑음,교차로 - 교차로안,승용,여,57세,상해없음,보행자,여,46세,중상
2012110100100355,2012년 11월 1일 15시,목요일,경상남도 창원시 마산회원구 석전동,부상신고사고,0,0,0,1,차대사람 - 차도통행중,안전운전불이행,건조,맑음,단일로 - 기타,승용,남,39세,상해없음,보행자,남,49세,부상신고
2012110100100391,2012년 11월 1일 16시,목요일,경상남도 김해시 동상동,중상사고,0,1,0,0,차대차 - 정면충돌,신호위반,건조,맑음,교차로 - 교차로부근,승용,남,33세,상해없음,원동기,남,18세,중상
2012110100100392,2012년 11월 1일 16시,목요일,경상남도 양산시 유산동,중상사고,0,1,0,0,차대사람 - 기타,안전운전불이행,건조,맑음,교차로 - 교차로안,승합,여,50세,상해없음,보행자,남,84세,중상
2012110100100393,2012년 11월 1일 16시,목요일,경상남도 양산시 물금읍,경상사고,0,0,2,5,차대차 - 측면직각충돌,안전운전불이행,건조,맑음,교차로 - 교차로안,화물,남,38세,상해없음,승합,남,58세,경상
2012110100100394,2012년 11월 1일 16시,목요일,경상남도 김해시 진영읍,중상사고,0,1,0,0,차대차 - 기타,안전운전불이행,건조,맑음,단일로 - 기타,화물,남,56세,상해없음,원동기,여,43세,중상
2012110100100431,2012년 11월 1일 17시,목요일,경상남도 창원시 마산합포구 남성동,경상사고,0,0,1,0,차대차 - 측면직각충돌,교차로운행방법위반,건조,맑음,교차로 - 교차로안,원동기,남,32세,경상,승용,남,48세,상해없음
2012110100100432,2012년 11월 1일 17시,목요일,경상남도 김해시 외동,경상사고,0,0,1,0,차대차 - 추돌 - 진행중,안전거리미확보,건조,맑음,교차로 - 교차로부근,승용,남,26세,상해없음,승용,여,31세,경상
2012110100100492,2012년 11월 1일 18시,목요일,경상남도 창원시 마산합포구 추산동,경상사고,0,0,1,0,차대차 - 측면직각충돌,교차로운행방법위반,건조,맑음,교차로 - 교차로안,화물,남,35세,상해없음,원동기,남,31세,경상
2012110100100493,2012년 11월 1일 18시,목요일,경상남도 진주시 상대동,중상사고,0,1,0,0,차대사람 - 횡단중,안전운전불이행,건조,맑음,단일로 - 기타,승용,여,25세,상해없음,보행자,여,60세,중상
2012110100100494,2012년 11월 1일 18시,목요일,경상남도 창원시 진해구 용원동,중상사고,0,1,0,0,차대차 - 기타,안전운전불이행,건조,맑음,교차로 - 교차로안,승용,여,45세,상해없음,원동기,남,39세,중상
2012110100100495,2012년 11월 1일 18시,목요일,경상남도 통영시 광도면,부상신고사고,0,0,0,1,차대차 - 측면직각충돌,안전운전불이행,건조,맑음,단일로 - 기타,자전거,남,28세,부상신고,화물,남,30세,상해없음
2012110100100541,2012년 11월 1일 19시,목요일,경상남도 거제시 아주동,경상사고,0,0,1,0,차대차 - 기타,안전운전불이행,건조,맑음,교차로 - 교차로안,승합,남,57세,상해없음,승합,여,38세,경상
2012110100100542,2012년 11월 1일 19시,목요일,경상남도 함안군 칠원면,경상사고,0,0,2,0,차대차 - 추돌 - 주정차중,안전운전불이행,건조,맑음,교차로 - 교차로부근,승용,남,51세,상해없음,승용,여,32세,경상
2012110100100580,2012년 11월 1일 20시,목요일,경상남도 진주시 가좌동,중상사고,0,1,0,0,차대사람 - 횡단중,보행자보호의무위반,건조,맑음,교차로 - 교차로부근,화물,남,31세,상해없음,보행자,남,62세,중상
2012110100100581,2012년 11월 1일 20시,목요일,경상남도 함안군 칠원면,경상사고,0,0,1,0,차대차 - 기타,안전거리미확보,건조,맑음,단일로 - 기타,승용,여,50세,상해없음,승용,남,62세,경상
2012110100100607,2012년 11월 1일 21시,목요일,경상남도 김해시 외동,경상사고,0,0,1,0,차대차 - 추돌 - 주정차중,안전운전불이행,건조,맑음,교차로 - 교차로부근,승용,남,34세,상해없음,승용,남,25세,경상
2012110100100608,2012년 11월 1일 21시,목요일,경상남도 창원시 마산회원구 구암동,경상사고,0,0,1,0,차대차 - 측면직각충돌,안전운전불이행,건조,맑음,교차로 - 교차로부근,승용,여,49세,상해없음,이륜,남,22세,경상
2012110100100609,2012년 11월 1일 21시,목요일,경상남도 김해시 장유면,경상사고,0,0,2,0,차대차 - 기타,안전운전불이행,건조,맑음,교차로 - 교차로부근,승용,여,46세,상해없음,승용,남,59세,경상
2012110100100645,2012년 11월 1일 22시,목요일,경상남도 창원시 의창구 명서동,중상사고,0,1,0,0,차대사람 - 길가장자리구역통행중,안전운전불이행,건조,맑음,교차로 - 교차로부근,화물,남,39세,상해없음,보행자,남,35세,중상
2012110100100646,2012년 11월 1일 22시,목요일,경상남도 창원시 의창구 봉곡동,경상사고,0,0,2,0,차대차 - 기타,안전운전불이행,건조,맑음,단일로 - 기타,기타불명,기타불명,기타불명,기타불명,화물,남,47세,기타불명
2012110100100677,2012년 11월 1일 23시,목요일,경상남도 사천시 향촌동,경상사고,0,0,2,0,차대차 - 측면직각충돌,교차로운행방법위반,건조,맑음,교차로 - 교차로안,승용,여,53세,상해없음,승용,여,47세,경상
2012110100100678,2012년 11월 1일 23시,목요일,경상남도 창원시 성산구 중앙동,중상사고,0,1,0,0,차대차 - 측면직각충돌,안전운전불이행,건조,맑음,단일로 - 기타,이륜,남,18세,상해없음,승용,남,50세,상해없음
2012110200100013,2012년 11월 2일 00시,금요일,경상남도 김해시 외동,경상사고,0,0,1,0,차대사람 - 횡단중,안전운전불이행,건조,맑음,단일로 - 기타,승용,남,34세,상해없음,보행자,여,33세,경상
2012110200100014,2012년 11월 2일 00시,금요일,경상남도 함안군 군북면,경상사고,0,0,2,0,차대차 - 추돌 - 진행중,안전운전불이행,건조,맑음,교차로 - 교차로부근,승용,남,23세,상해없음,승용,남,25세,경상
2012110200100015,2012년 11월 2일 00시,금요일,경상남도 김해시 진영읍,경상사고,0,0,1,0,차대사람 - 기타,안전운전불이행,건조,맑음,기타 - 기타,승용,남,30세,상해없음,보행자,남,52세,경상
2012110200100079,2012년 11월 2일 06시,금요일,경상남도 거제시 옥포동,중상사고,0,1,0,0,차대차 - 기타,신호위반,건조,맑음,교차로 - 교차로안,승용,남,32세,상해없음,자전거,남,38세,중상
2012110200100104,2012년 11월 2일 07시,금요일,경상남도 양산시 물금읍,중상사고,0,2,0,0,차대차 - 측면직각충돌,신호위반,건조,맑음,교차로 - 교차로안,화물,남,30세,상해없음,승용,남,45세,중상
2012110200100139,2012년 11월 2일 08시,금요일,경상남도 창녕군 영산면,경상사고,0,0,2,0,차대차 - 측면직각충돌,안전운전불이행,건조,맑음,교차로 - 교차로안,승합,여,42세,상해없음,승용,남,34세,경상
2012110200100140,2012년 11월 2일 08시,금요일,경상남도 함안군 칠서면,중상사고,0,1,0,0,차대사람 - 횡단중,안전운전불이행,건조,맑음,단일로 - 기타,승용,여,47세,상해없음,보행자,남,78세,중상
2012110200100241,2012년 11월 2일 11시,금요일,경상남도 김해시 안동,경상사고,0,0,1,0,차량단독 - 기타,안전운전불이행,건조,맑음,단일로 - 기타,이륜,남,17세,상해없음,,,,
2012110200100242,2012년 11월 2일 11시,금요일,경상남도 김해시 내동,경상사고,0,0,1,0,차대차 - 측면직각충돌,중앙선침범,건조,맑음,단일로 - 기타,승용,여,39세,상해없음,승용,여,44세,경상
2012110200100243,2012년 11월 2일 11시,금요일,경상남도 남해군 창선면,경상사고,0,0,2,3,차대차 - 기타,안전운전불이행,습기,비,교차로 - 교차로부근,승용,남,57세,부상신고,승용,여,40세,부상신고
2012110200100244,2012년 11월 2일 11시,금요일,경상남도 창원시 의창구 북면,중상사고,0,1,1,0,차대차 - 기타,교차로운행방법위반,건조,맑음,교차로 - 교차로안,건설기계,남,52세,상해없음,농기계,남,79세,경상
2012110200100278,2012년 11월 2일 12시,금요일,경상남도 김해시 상동면,중상사고,0,1,0,0,차대차 - 정면충돌,중앙선침범,건조,맑음,단일로 - 기타,승용,여,55세,상해없음,승용,남,48세,중상
2012110200100279,2012년 11월 2일 12시,금요일,경상남도 창원시 마산회원구 석전동,중상사고,0,1,0,0,차량단독 - 기타,기타,건조,맑음,단일로 - 기타,승용,남,55세,상해없음,,,,
2012110200100280,2012년 11월 2일 12시,금요일,경상남도 김해시 장유면,중상사고,0,1,2,0,차대차 - 측면직각충돌,차로위반,건조,맑음,단일로 - 기타,승용,여,46세,상해없음,승용,여,51세,중상
2012110200100341,2012년 11월 2일 14시,금요일,경상남도 밀양시 교동,경상사고,0,0,1,0,차대차 - 측면직각충돌,안전운전불이행,건조,맑음,교차로 - 교차로안,승용,남,68세,상해없음,승용,남,47세,상해없음
2012110200100342,2012년 11월 2일 14시,금요일,경상남도 밀양시 산내면,중상사고,0,1,0,0,차량단독 - 도로외이탈 - 기타,안전운전불이행,건조,맑음,단일로 - 기타,승용,여,45세,상해없음,,,,
2012110200100343,2012년 11월 2일 14시,금요일,경상남도 합천군 합천읍,중상사고,0,1,1,0,차대차 - 측면직각충돌,중앙선침범,건조,맑음,단일로 - 기타,승용,남,75세,상해없음,승용,남,60세,중상
2012110200100344,2012년 11월 2일 14시,금요일,경상남도 창원시 의창구 대원동,경상사고,0,0,2,0,차대차 - 추돌 - 진행중,안전운전불이행,건조,맑음,단일로 - 기타,승용,남,34세,상해없음,화물,남,69세,경상
2012110200100377,2012년 11월 2일 15시,금요일,경상남도 하동군 고전면,중상사고,0,2,0,0,차대차 - 측면직각충돌,신호위반,건조,맑음,교차로 - 교차로안,화물,남,55세,상해없음,원동기,남,84세,중상
2012110200100407,2012년 11월 2일 16시,금요일,경상남도 진주시 상대동,중상사고,0,1,0,0,차대사람 - 횡단중,안전운전불이행,건조,맑음,단일로 - 기타,승용,여,57세,상해없음,보행자,남,61세,중상
2012110200100408,2012년 11월 2일 16시,금요일,경상남도 양산시 덕계동,경상사고,0,0,1,0,차대사람 - 횡단중,안전운전불이행,건조,맑음,단일로 - 기타,원동기,남,53세,상해없음,보행자,여,13세,경상
2012110200100409,2012년 11월 2일 16시,금요일,경상남도 창원시 의창구 사림동,중상사고,0,2,0,0,차량단독 - 공작물충돌,안전운전불이행,건조,맑음,단일로 - 기타,승용,남,38세,중상,,,,
2012110200100444,2012년 11월 2일 17시,금요일,경상남도 창원시 마산합포구 월영동,경상사고,0,0,2,0,차대차 - 측면직각충돌,안전운전불이행,건조,맑음,단일로 - 기타,화물,남,65세,상해없음,승용,여,36세,경상
2012110200100445,2012년 11월 2일 17시,금요일,경상남도 함양군 수동면,사망사고,1,0,0,0,차대차 - 추돌 - 진행중,안전운전불이행,건조,맑음,단일로 - 기타,승용,남,38세,상해없음,농기계,남,46세,사망
2012110200100446,2012년 11월 2일 17시,금요일,경상남도 함안군 군북면,경상사고,0,0,1,0,차대차 - 측면직각충돌,교차로운행방법위반,건조,맑음,교차로 - 교차로안,승용,여,39세,상해없음,화물,남,44세,경상
2012110200100501,2012년 11월 2일 18시,금요일,경상남도 진주시 가좌동,중상사고,0,1,0,0,차대사람 - 횡단중,보행자보호의무위반,건조,맑음,교차로 - 교차로부근,화물,남,62세,상해없음,보행자,여,42세,중상
2012110200100502,2012년 11월 2일 18시,금요일,경상남도 양산시 중부동,중상사고,0,1,0,0,차대사람 - 횡단중,보행자보호의무위반,건조,맑음,교차로 - 교차로부근,승용,남,47세,상해없음,보행자,남,61세,중상
2012110200100503,2012년 11월 2일 18시,금요일,경상남도 양산시 소주동,중상사고,0,1,0,0,차대사람 - 차도통행중,안전운전불이행,건조,맑음,교차로 - 교차로안,승용,남,55세,상해없음,보행자,여,75세,중상
2012110200100504,2012년 11월 2일 18시,금요일,경상남도 김해시 장유면,중상사고,0,1,0,0,차대차 - 정면충돌,신호위반,건조,맑음,교차로 - 교차로안,승합,남,68세,상해없음,이륜,남,41세,중상
2012110200100559,2012년 11월 2일 19시,금요일,경상남도 김해시 생림면,중상사고,0,1,0,0,차대차 - 측면직각충돌,교차로운행방법위반,습기,흐림,교차로 - 교차로안,특수,남,50세,상해없음,특수,남,52세,중상
2012110200100560,2012년 11월 2일 19시,금요일,경상남도 고성군 회화면,중상사고,0,1,0,0,차대차 - 정면충돌,중앙선침범,건조,맑음,교차로 - 교차로부근,승용,남,51세,상해없음,승용,남,52세,중상
2012110200100561,2012년 11월 2일 19시,금요일,경상남도 거제시 장평동,경상사고,0,0,1,0,차대차 - 기타,불법유턴,건조,맑음,기타 - 기타,자전거,남,19세,경상,이륜,남,17세,기타불명
2012110200100609,2012년 11월 2일 20시,금요일,경상남도 진주시 칠암동,중상사고,0,1,1,0,차대사람 - 보도통행중,신호위반,건조,맑음,기타 - 기타,원동기,남,65세,상해없음,보행자,여,60세,중상
2012110200100610,2012년 11월 2일 20시,금요일,경상남도 함안군 칠원면,경상사고,0,0,4,0,차대차 - 추돌 - 주정차중,안전운전불이행,건조,맑음,교차로 - 교차로부근,화물,남,69세,상해없음,승용,남,35세,경상
2012110200100611,2012년 11월 2일 20시,금요일,경상남도 창원시 성산구 성산동,중상사고,0,3,0,0,차대차 - 측면직각충돌,직진우회전진행방해,건조,맑음,교차로 - 교차로안,승용,여,43세,상해없음,승용,남,29세,중상
2012110200100644,2012년 11월 2일 21시,금요일,경상남도 창원시 진해구 여좌동,경상사고,0,0,1,0,차대차 - 추돌 - 진행중,안전운전불이행,건조,맑음,교차로 - 교차로안,승용,남,42세,상해없음,승용,남,46세,경상
2012110200100676,2012년 11월 2일 22시,금요일,경상남도 창원시 진해구 이동,중상사고,0,2,3,0,차대차 - 측면직각충돌,교차로운행방법위반,건조,맑음,교차로 - 교차로안,승용,여,44세,중상,승용,남,47세,중상
2012110200100677,2012년 11월 2일 22시,금요일,경상남도 통영시 광도면,경상사고,0,0,3,0,차대차 - 기타,신호위반,건조,맑음,교차로 - 교차로안,승용,남,48세,상해없음,승용,남,46세,경상
2012110200100678,2012년 11월 2일 22시,금요일,경상남도 통영시 광도면,경상사고,0,0,2,0,차대차 - 기타,안전운전불이행,건조,맑음,단일로 - 기타,승용,남,48세,상해없음,승용,남,25세,경상
2012110200100679,2012년 11월 2일 22시,금요일,경상남도 거창군 거창읍,경상사고,0,0,1,0,차대차 - 측면직각충돌,교차로운행방법위반,건조,맑음,교차로 - 교차로부근,화물,남,50세,상해없음,승용,여,60세,경상
2012110200100680,2012년 11월 2일 22시,금요일,경상남도 김해시 장유면,중상사고,0,1,0,2,차대차 - 추돌 - 주정차중,안전거리미확보,건조,맑음,교차로 - 교차로부근,승용,남,45세,상해없음,승용,남,34세,부상신고
2012110300100022,2012년 11월 3일 00시,토요일,경상남도 밀양시 무안면,중상사고,0,1,0,0,차대차 - 측면직각충돌,안전운전불이행,건조,맑음,단일로 - 기타,승합,남,60세,상해없음,원동기,남,17세,중상
2012110300100023,2012년 11월 3일 00시,토요일,경상남도 김해시 외동,중상사고,0,1,0,0,차대사람 - 횡단중,안전운전불이행,건조,맑음,단일로 - 횡단보도상,승용,남,45세,상해없음,보행자,남,43세,중상
2012110300100097,2012년 11월 3일 04시,토요일,경상남도 함양군 병곡면,중상사고,0,1,0,0,차량단독 - 도로외이탈 - 기타,안전운전불이행,건조,맑음,단일로 - 기타,승용,남,21세,상해없음,,,,
2012110300100098,2012년 11월 3일 04시,토요일,경상남도 거제시 사등면,중상사고,0,1,0,0,차대차 - 기타,중앙선침범,건조,맑음,기타 - 기타,승용,남,57세,상해없음,승용,여,53세,중상
2012110300100115,2012년 11월 3일 05시,토요일,경상남도 통영시 당동,경상사고,0,0,1,0,차대차 - 기타,안전운전불이행,건조,맑음,교차로 - 교차로안,승용,여,58세,경상,승용,남,65세,상해없음
2012110300100116,2012년 11월 3일 05시,토요일,경상남도 사천시 곤양면,경상사고,0,0,1,0,차량단독 - 전도전복,안전운전불이행,건조,맑음,단일로 - 기타,승용,남,27세,경상,,,,
2012110300100133,2012년 11월 3일 06시,토요일,경상남도 거제시 연초면,중상사고,0,1,0,0,차대사람 - 기타,신호위반,건조,맑음,단일로 - 횡단보도상,승용,남,33세,상해없음,보행자,여,57세,중상
2012110300100134,2012년 11월 3일 06시,토요일,경상남도 거제시 고현동,경상사고,0,0,2,0,차대차 - 추돌 - 진행중,교차로운행방법위반,건조,맑음,교차로 - 교차로부근,승용,남,36세,경상,승합,남,45세,경상
2012110300100156,2012년 11월 3일 07시,토요일,경상남도 함양군 수동면,사망사고,1,4,0,0,차대차 - 측면직각충돌,신호위반,건조,맑음,교차로 - 교차로안,화물,남,34세,상해없음,승용,여,55세,중상
2012110300100186,2012년 11월 3일 08시,토요일,경상남도 함양군 함양읍,경상사고,0,0,1,0,차대차 - 추돌 - 주정차중,안전운전불이행,건조,맑음,단일로 - 기타,승용,남,49세,상해없음,승용,여,43세,경상
2012110300100187,2012년 11월 3일 08시,토요일,경상남도 거제시 동부면,중상사고,0,1,0,0,차대차 - 기타,기타,건조,맑음,교차로 - 교차로안,승용,남,64세,상해없음,승합,남,66세,중상
2012110300100188,2012년 11월 3일 08시,토요일,경상남도 창원시 의창구 북면,경상사고,0,0,3,0,차대차 - 추돌 - 진행중,안전운전불이행,건조,맑음,교차로 - 교차로부근,승용,남,65세,상해없음,승용,여,42세,상해없음
2012110300100210,2012년 11월 3일 09시,토요일,경상남도 김해시 내동,경상사고,0,0,2,0,차대차 - 추돌 - 진행중,교차로운행방법위반,건조,맑음,교차로 - 교차로부근,승용,남,23세,상해없음,승용,남,56세,경상
2012110300100211,2012년 11월 3일 09시,토요일,경상남도 김해시 내동,중상사고,0,1,0,0,차대사람 - 횡단중,안전운전불이행,건조,맑음,단일로 - 기타,승용,여,35세,상해없음,보행자,여,74세,중상
2012110300100247,2012년 11월 3일 10시,토요일,경상남도 함양군 함양읍,중상사고,0,1,0,0,차대차 - 기타,안전운전불이행,건조,맑음,단일로 - 기타,승용,남,46세,상해없음,자전거,남,40세,상해없음
2012110300100248,2012년 11월 3일 10시,토요일,경상남도 하동군 옥종면,중상사고,0,1,0,0,차대사람 - 길가장자리구역통행중,안전운전불이행,건조,맑음,단일로 - 기타,승용,남,63세,상해없음,보행자,여,58세,중상
2012110300100249,2012년 11월 3일 10시,토요일,경상남도 함안군 가야읍,중상사고,0,1,0,0,차대사람 - 기타,안전운전불이행,건조,맑음,단일로 - 기타,화물,남,37세,상해없음,보행자,여,59세,중상
2012110300100286,2012년 11월 3일 11시,토요일,경상남도 창원시 마산합포구 자산동,경상사고,0,0,1,0,차대사람 - 횡단중,안전운전불이행,건조,맑음,단일로 - 기타,화물,남,42세,상해없음,보행자,남,11세,경상
2012110300100287,2012년 11월 3일 11시,토요일,경상남도 고성군 고성읍,경상사고,0,0,1,0,차대차 - 추돌 - 진행중,안전운전불이행,건조,맑음,단일로 - 기타,건설기계,남,44세,상해없음,승용,남,22세,경상
2012110300100288,2012년 11월 3일 11시,토요일,경상남도 창원시 마산회원구 회원동,경상사고,0,0,3,0,차대차 - 측면직각충돌,안전운전불이행,건조,맑음,단일로 - 기타,승용,남,65세,상해없음,승용,남,49세,경상
2012110300100289,2012년 11월 3일 11시,토요일,경상남도 창원시 마산회원구 양덕동,경상사고,0,0,4,0,차대차 - 추돌 - 진행중,안전운전불이행,건조,맑음,교차로 - 교차로안,승용,여,43세,상해없음,승용,여,44세,경상
2012110300100290,2012년 11월 3일 11시,토요일,경상남도 창원시 의창구 북면,중상사고,0,2,7,0,차대차 - 추돌 - 진행중,안전거리미확보,건조,맑음,단일로 - 기타,승합,남,46세,상해없음,승용,남,34세,중상
2012110300100330,2012년 11월 3일 12시,토요일,경상남도 통영시 용남면,중상사고,0,1,6,0,차대차 - 측면직각충돌,안전운전불이행,건조,맑음,단일로 - 기타,승용,남,29세,상해없음,승용,남,54세,경상
2012110300100331,2012년 11월 3일 12시,토요일,경상남도 김해시 화목동,사망사고,1,0,0,0,차대차 - 측면직각충돌,불법유턴,건조,맑음,단일로 - 기타,자전거,남,77세,사망,화물,남,37세,상해없음
2012110300100364,2012년 11월 3일 13시,토요일,경상남도 밀양시 초동면,사망사고,1,0,0,0,차대사람 - 기타,안전운전불이행,건조,맑음,단일로 - 기타,건설기계,남,45세,상해없음,보행자,남,59세,사망
2012110300100412,2012년 11월 3일 14시,토요일,경상남도 진주시 계동,중상사고,0,1,0,0,차대사람 - 차도통행중,안전운전불이행,건조,맑음,단일로 - 기타,승용,여,43세,상해없음,보행자,여,20세,중상
2012110300100413,2012년 11월 3일 14시,토요일,경상남도 양산시 물금읍,경상사고,0,0,1,0,차대사람 - 횡단중,신호위반,건조,맑음,단일로 - 횡단보도상,승용,남,48세,상해없음,보행자,여,58세,경상
2012110300100414,2012년 11월 3일 14시,토요일,경상남도 거제시 고현동,경상사고,0,0,1,0,차대차 - 측면직각충돌,안전운전불이행,건조,맑음,교차로 - 교차로안,승용,남,43세,상해없음,승용,여,51세,경상
2012110300100455,2012년 11월 3일 15시,토요일,경상남도 고성군 고성읍,경상사고,0,0,1,0,차대차 - 추돌 - 진행중,안전운전불이행,건조,맑음,단일로 - 횡단보도부근,화물,남,49세,상해없음,승용,남,45세,경상
2012110300100489,2012년 11월 3일 16시,토요일,경상남도 밀양시 산내면,경상사고,0,0,1,0,차대차 - 기타,안전운전불이행,건조,맑음,단일로 - 기타,승용,남,25세,상해없음,승용,남,48세,경상
2012110300100490,2012년 11월 3일 16시,토요일,경상남도 김해시 외동,중상사고,0,1,0,0,차대차 - 측면직각충돌,교차로운행방법위반,건조,맑음,교차로 - 교차로안,승용,남,61세,상해없음,이륜,남,27세,상해없음
2012110300100491,2012년 11월 3일 16시,토요일,경상남도 김해시 어방동,중상사고,0,1,0,0,차대사람 - 기타,안전운전불이행,건조,맑음,단일로 - 기타,승합,남,38세,상해없음,보행자,여,72세,중상
2012110300100492,2012년 11월 3일 16시,토요일,경상남도 양산시 남부동,경상사고,0,0,2,0,차대차 - 추돌 - 주정차중,안전운전불이행,건조,맑음,교차로 - 교차로부근,화물,남,30세,상해없음,승용,남,55세,경상
2012110300100527,2012년 11월 3일 17시,토요일,경상남도 통영시 광도면,경상사고,0,0,1,0,차대차 - 측면직각충돌,직진우회전진행방해,건조,맑음,교차로 - 교차로안,승용,여,18세,상해없음,승용,남,41세,상해없음