사고번호,사고일시,요일,시군구,사고내용,사망자수,중상자수,경상자수,부상신고자수,사고유형,법규위반,노면상태,기상상태,도로형태,가해운전자 차종,가해운전자 성별,가해운전자 연령,가해운전자 상해정도,피해운전자 차종,피해운전자 성별,피해운전자 연령,피해운전자 상해정도
2012110600100283,2012년 11월 6일 12시,화요일,경상남도 창원시 의창구 용호동,중상사고,0,1,0,0,차대차 - 기타,안전운전불이행,기타,맑음,교차로 - 교차로안,승용,여,54세,상해없음,자전거,여,58세,중상
2012110600100305,2012년 11월 6일 13시,화요일,경상남도 창원시 마산합포구 상남동,중상사고,0,1,0,0,차대차 - 추돌 - 주정차중,안전운전불이행,건조,맑음,교차로 - 교차로안,승용,여,58세,상해없음,원동기,남,50세,중상
2012110600100306,2012년 11월 6일 13시,화요일,경상남도 통영시 동호동,부상신고사고,0,0,0,1,차대사람 - 횡단중,신호위반,건조,맑음,교차로 - 교차로안,기타불명,기타불명,기타불명,기타불명,보행자,여,61세,부상신고
2012110600100307,2012년 11월 6일 13시,화요일,경상남도 통영시 태평동,중상사고,0,1,0,0,차대사람 - 횡단중,안전운전불이행,건조,맑음,단일로 - 기타,승용,남,65세,상해없음,보행자,여,80세,중상
2012110600100308,2012년 11월 6일 13시,화요일,경상남도 거제시 고현동,경상사고,0,0,1,0,차대차 - 기타,직진우회전진행방해,건조,맑음,교차로 - 교차로안,기타불명,기타불명,기타불명,기타불명,이륜,남,48세,경상
2012110600100309,2012년 11월 6일 13시,화요일,경상남도 창원시 의창구 팔용동,경상사고,0,0,1,0,차대차 - 추돌 - 진행중,안전거리미확보,건조,맑음,단일로 - 기타,화물,남,28세,상해없음,승용,남,27세,경상
2012110600100338,2012년 11월 6일 14시,화요일,경상남도 거창군 거창읍,중상사고,0,1,1,0,차대차 - 정면충돌,중앙선침범,습기,비,단일로 - 기타,화물,남,34세,상해없음,승용,남,58세,경상
2012110600100339,2012년 11월 6일 14시,화요일,경상남도 창녕군 이방면,중상사고,0,1,0,0,차대사람 - 기타,안전운전불이행,건조,맑음,단일로 - 기타,건설기계,남,47세,상해없음,보행자,여,78세,중상
2012110600100340,2012년 11월 6일 14시,화요일,경상남도 김해시 장유면,중상사고,0,2,0,1,차대차 - 정면충돌,중앙선침범,건조,맑음,단일로 - 기타,승용,여,44세,부상신고,승용,여,36세,중상
2012110600100377,2012년 11월 6일 15시,화요일,경상남도 밀양시 상남면,중상사고,0,1,0,0,차대차 - 추돌 - 주정차중,안전운전불이행,건조,맑음,단일로 - 기타,승용,남,52세,상해없음,승용,남,37세,상해없음
2012110600100378,2012년 11월 6일 15시,화요일,경상남도 김해시 내동,중상사고,0,1,0,0,차대차 - 기타,안전운전불이행,건조,맑음,교차로 - 교차로안,승합,남,54세,상해없음,이륜,남,32세,중상
2012110600100404,2012년 11월 6일 16시,화요일,경상남도 거제시 연초면,경상사고,0,0,2,0,차대차 - 추돌 - 주정차중,안전운전불이행,건조,맑음,교차로 - 교차로부근,화물,남,56세,상해없음,승용,남,34세,경상
2012110600100442,2012년 11월 6일 17시,화요일,경상남도 거제시 사등면,중상사고,0,1,0,0,차대차 - 기타,안전운전불이행,건조,맑음,단일로 - 기타,승용,남,19세,상해없음,승용,남,34세,중상
2012110600100495,2012년 11월 6일 18시,화요일,경상남도 진주시 집현면,경상사고,0,0,1,0,차대차 - 측면직각충돌,교차로운행방법위반,건조,맑음,교차로 - 교차로안,승용,여,37세,경상,승용,남,65세,상해없음
2012110600100496,2012년 11월 6일 18시,화요일,경상남도 통영시 용남면,중상사고,0,1,0,0,차량단독 - 기타,안전운전불이행,건조,맑음,교차로 - 교차로부근,승합,남,62세,상해없음,,,,
2012110600100497,2012년 11월 6일 18시,화요일,경상남도 양산시 물금읍,중상사고,0,1,0,0,차대차 - 측면직각충돌,안전운전불이행,건조,맑음,단일로 - 기타,승용,남,59세,상해없음,원동기,남,53세,중상
2012110600100498,2012년 11월 6일 18시,화요일,경상남도 거제시 장평동,중상사고,0,1,0,0,차대차 - 기타,안전운전불이행,건조,맑음,단일로 - 기타,승용,여,27세,상해없음,이륜,남,49세,중상
2012110600100533,2012년 11월 6일 19시,화요일,경상남도 김해시 대성동,중상사고,0,1,0,0,차대차 - 추돌 - 진행중,안전운전불이행,건조,맑음,단일로 - 기타,이륜,남,15세,상해없음,이륜,남,29세,중상
2012110600100534,2012년 11월 6일 19시,화요일,경상남도 김해시 장유면,부상신고사고,0,0,0,1,차대차 - 측면직각충돌,안전운전불이행,건조,맑음,단일로 - 기타,이륜,남,18세,부상신고,승용,남,35세,상해없음
2012110600100567,2012년 11월 6일 20시,화요일,경상남도 거제시 장목면,중상사고,0,1,0,0,차대차 - 기타,안전운전불이행,건조,맑음,단일로 - 기타,승용,남,30세,상해없음,승용,남,36세,중상
2012110600100568,2012년 11월 6일 20시,화요일,경상남도 의령군 봉수면,경상사고,0,0,1,0,차대사람 - 차도통행중,안전운전불이행,건조,맑음,단일로 - 교량,기타불명,기타불명,기타불명,기타불명,보행자,여,45세,경상
2012110600100569,2012년 11월 6일 20시,화요일,경상남도 창원시 의창구 명서동,중상사고,0,1,0,0,차대사람 - 기타,안전운전불이행,건조,맑음,교차로 - 교차로안,승용,남,52세,상해없음,보행자,남,53세,중상
2012110600100622,2012년 11월 6일 22시,화요일,경상남도 진주시 상봉동,중상사고,0,1,0,0,차대사람 - 횡단중,보행자보호의무위반,건조,맑음,단일로 - 기타,이륜,남,30세,상해없음,보행자,여,47세,중상
2012110600100623,2012년 11월 6일 22시,화요일,경상남도 진주시 옥봉동,경상사고,0,0,2,0,차대차 - 측면직각충돌,안전운전불이행,건조,맑음,교차로 - 교차로안,승용,여,42세,상해없음,승용,남,26세,경상
2012110600100655,2012년 11월 6일 23시,화요일,경상남도 창원시 마산합포구 오동동,경상사고,0,0,2,0,차량단독 - 기타,안전운전불이행,건조,맑음,단일로 - 기타,승용,남,45세,상해없음,,,,
2012110600100656,2012년 11월 6일 23시,화요일,경상남도 창원시 마산회원구 봉암동,중상사고,0,1,0,0,차대차 - 기타,신호위반,건조,맑음,교차로 - 교차로부근,승용,남,31세,상해없음,자전거,남,19세,중상
2012110700100020,2012년 11월 7일 00시,수요일,경상남도 창원시 진해구 석동,경상사고,0,0,1,0,차대차 - 추돌 - 주정차중,안전운전불이행,건조,맑음,단일로 - 기타,승용,남,41세,상해없음,승용,남,41세,경상
2012110700100035,2012년 11월 7일 01시,수요일,경상남도 통영시 한산면,사망사고,1,0,0,0,차량단독 - 공작물충돌,안전운전불이행,건조,맑음,교차로 - 교차로안,화물,남,41세,사망,,,,
2012110700100055,2012년 11월 7일 03시,수요일,경상남도 김해시 어방동,경상사고,0,0,1,0,차대차 - 측면직각충돌,신호위반,건조,맑음,교차로 - 교차로안,승용,여,42세,상해없음,승용,남,44세,상해없음
2012110700100056,2012년 11월 7일 03시,수요일,경상남도 양산시 중부동,부상신고사고,0,0,0,1,차대사람 - 길가장자리구역통행중,안전운전불이행,건조,맑음,단일로 - 기타,기타불명,기타불명,기타불명,기타불명,보행자,남,47세,부상신고
2012110700100062,2012년 11월 7일 04시,수요일,경상남도 창원시 마산회원구 내서읍,중상사고,0,1,0,0,차대차 - 기타,신호위반,건조,맑음,교차로 - 교차로안,승용,남,32세,상해없음,승용,여,62세,중상
2012110700100063,2012년 11월 7일 04시,수요일,경상남도 창원시 마산회원구 두척동,경상사고,0,0,1,0,차대차 - 추돌 - 진행중,안전운전불이행,건조,맑음,단일로 - 기타,승용,남,33세,상해없음,화물,남,44세,경상
2012110700100093,2012년 11월 7일 06시,수요일,경상남도 사천시 벌리동,경상사고,0,0,2,0,차대차 - 측면직각충돌,신호위반,건조,맑음,교차로 - 교차로안,승용,남,70세,상해없음,승용,여,64세,경상
2012110700100113,2012년 11월 7일 07시,수요일,경상남도 창원시 진해구 풍호동,경상사고,0,0,2,0,차대차 - 측면직각충돌,신호위반,건조,맑음,교차로 - 교차로안,승용,여,57세,상해없음,승용,여,40세,경상
2012110700100114,2012년 11월 7일 07시,수요일,경상남도 거제시 연초면,경상사고,0,0,1,0,차대사람 - 길가장자리구역통행중,안전운전불이행,건조,맑음,단일로 - 기타,승용,남,49세,상해없음,보행자,여,28세,경상
2012110700100115,2012년 11월 7일 07시,수요일,경상남도 창원시 마산회원구 내서읍,중상사고,0,1,2,0,차대차 - 추돌 - 주정차중,안전운전불이행,건조,맑음,단일로 - 기타,승용,남,46세,상해없음,승용,남,31세,중상
2012110700100116,2012년 11월 7일 07시,수요일,경상남도 김해시 진영읍,중상사고,0,3,6,0,차량단독 - 전도전복,안전운전불이행,건조,맑음,단일로 - 기타,승합,남,46세,상해없음,,,,
2012110700100117,2012년 11월 7일 07시,수요일,경상남도 김해시 한림면,중상사고,0,1,0,0,차대차 - 측면직각충돌,교차로운행방법위반,건조,맑음,교차로 - 교차로안,화물,남,54세,상해없음,승용,남,43세,중상
2012110700100149,2012년 11월 7일 08시,수요일,경상남도 창원시 진해구 풍호동,경상사고,0,0,1,0,차대차 - 기타,안전운전불이행,건조,맑음,단일로 - 기타,승용,남,33세,상해없음,승용,남,42세,경상
2012110700100150,2012년 11월 7일 08시,수요일,경상남도 창원시 진해구 광화동,중상사고,0,1,0,0,차대차 - 기타,교차로운행방법위반,건조,맑음,교차로 - 교차로안,승용,남,50세,상해없음,이륜,남,63세,중상
2012110700100181,2012년 11월 7일 09시,수요일,경상남도 통영시 북신동,중상사고,0,1,0,0,차대사람 - 기타,안전운전불이행,건조,맑음,단일로 - 기타,화물,여,56세,상해없음,보행자,여,57세,중상
2012110700100206,2012년 11월 7일 10시,수요일,경상남도 함안군 군북면,경상사고,0,0,1,0,차대차 - 측면직각충돌,안전운전불이행,건조,맑음,교차로 - 교차로안,승용,여,57세,상해없음,승용,남,34세,경상
2012110700100207,2012년 11월 7일 10시,수요일,경상남도 김해시 장유면,사망사고,1,0,0,0,차대차 - 측면직각충돌,안전운전불이행,건조,맑음,단일로 - 기타,승용,여,53세,상해없음,자전거,남,84세,사망
2012110700100236,2012년 11월 7일 11시,수요일,경상남도 창녕군 이방면,경상사고,0,0,1,0,차량단독 - 주차차량충돌,안전운전불이행,건조,맑음,단일로 - 기타,승용,남,53세,경상,,,,
2012110700100237,2012년 11월 7일 11시,수요일,경상남도 창원시 의창구 소계동,중상사고,0,1,1,0,차대차 - 측면직각충돌,교차로운행방법위반,건조,맑음,교차로 - 교차로안,승용,남,58세,상해없음,승용,여,30세,중상
2012110700100238,2012년 11월 7일 11시,수요일,경상남도 김해시 한림면,경상사고,0,0,1,0,차대차 - 측면직각충돌,신호위반,건조,맑음,교차로 - 교차로안,승용,남,51세,상해없음,승합,남,56세,경상
2012110700100263,2012년 11월 7일 12시,수요일,경상남도 창원시 의창구 대산면,중상사고,0,1,0,0,차대차 - 측면직각충돌,안전운전불이행,건조,맑음,단일로 - 기타,화물,남,31세,기타불명,자전거,여,76세,중상
2012110700100284,2012년 11월 7일 13시,수요일,경상남도 창녕군 부곡면,중상사고,0,1,0,0,차대차 - 측면직각충돌,안전운전불이행,건조,맑음,단일로 - 기타,화물,남,51세,상해없음,원동기,남,77세,중상
2012110700100305,2012년 11월 7일 14시,수요일,경상남도 통영시 북신동,중상사고,0,2,0,1,차대차 - 추돌 - 진행중,신호위반,건조,맑음,교차로 - 교차로안,승용,남,48세,부상신고,승용,남,58세,중상
2012110700100306,2012년 11월 7일 14시,수요일,경상남도 김해시 외동,경상사고,0,0,1,0,차대사람 - 횡단중,안전운전불이행,건조,맑음,단일로 - 기타,승용,남,54세,상해없음,보행자,남,24세,경상
2012110700100307,2012년 11월 7일 14시,수요일,경상남도 양산시 용당동,경상사고,0,0,1,0,차대차 - 측면직각충돌,중앙선침범,건조,맑음,단일로 - 기타,승용,남,37세,상해없음,화물,남,48세,경상
2012110700100330,2012년 11월 7일 15시,수요일,경상남도 진주시 하대동,중상사고,0,1,0,0,차대사람 - 횡단중,안전운전불이행,건조,맑음,단일로 - 기타,승용,여,34세,상해없음,보행자,여,74세,중상
2012110700100358,2012년 11월 7일 16시,수요일,경상남도 창원시 진해구 경화동,중상사고,0,2,4,0,차대차 - 추돌 - 진행중,안전운전불이행,건조,맑음,교차로 - 교차로부근,승용,남,38세,기타불명,승용,남,60세,중상
2012110700100359,2012년 11월 7일 16시,수요일,경상남도 거제시 아주동,중상사고,0,1,0,0,차대사람 - 횡단중,보행자보호의무위반,건조,맑음,단일로 - 횡단보도상,승용,여,58세,상해없음,보행자,남,8세,중상
2012110700100405,2012년 11월 7일 17시,수요일,경상남도 밀양시 내이동,경상사고,0,0,1,0,차대차 - 측면직각충돌,안전운전불이행,건조,맑음,교차로 - 교차로부근,승용,남,41세,상해없음,승용,남,49세,경상
2012110700100406,2012년 11월 7일 17시,수요일,경상남도 밀양시 하남읍,경상사고,0,0,2,0,차대차 - 측면직각충돌,교차로운행방법위반,건조,맑음,교차로 - 교차로안,승용,남,71세,상해없음,승합,남,57세,경상
2012110700100407,2012년 11월 7일 17시,수요일,경상남도 김해시 동상동,중상사고,0,1,0,0,차대차 - 측면직각충돌,교차로운행방법위반,건조,맑음,교차로 - 교차로안,승합,남,50세,상해없음,자전거,남,24세,중상
2012110700100408,2012년 11월 7일 17시,수요일,경상남도 거제시 아주동,중상사고,0,1,1,0,차대차 - 측면직각충돌,중앙선침범,건조,맑음,단일로 - 기타,승용,여,40세,상해없음,승용,여,46세,경상
2012110700100409,2012년 11월 7일 17시,수요일,경상남도 함안군 법수면,경상사고,0,0,2,0,차대차 - 측면직각충돌,중앙선침범,건조,맑음,단일로 - 기타,승용,남,23세,경상,화물,남,60세,경상
2012110700100463,2012년 11월 7일 18시,수요일,경상남도 진주시 장재동,중상사고,0,1,0,0,차대사람 - 보도통행중,보행자보호의무위반,건조,맑음,단일로 - 횡단보도상,승용,남,53세,상해없음,보행자,여,62세,중상
2012110700100464,2012년 11월 7일 18시,수요일,경상남도 창원시 진해구 태백동,경상사고,0,0,1,0,차대차 - 추돌 - 진행중,안전운전불이행,건조,맑음,단일로 - 기타,승용,남,43세,상해없음,승용,남,47세,경상
2012110700100465,2012년 11월 7일 18시,수요일,경상남도 밀양시 단장면,경상사고,0,0,1,0,차대사람 - 기타,안전운전불이행,건조,맑음,단일로 - 기타,승용,남,69세,상해없음,보행자,여,54세,경상
2012110700100466,2012년 11월 7일 18시,수요일,경상남도 창원시 의창구 북면,중상사고,0,1,2,0,차대차 - 추돌 - 진행중,안전거리미확보,건조,맑음,단일로 - 기타,승용,남,57세,상해없음,승용,남,29세,중상
2012110700100512,2012년 11월 7일 19시,수요일,경상남도 진주시 강남동,중상사고,0,1,0,0,차대사람 - 기타,안전운전불이행,건조,맑음,교차로 - 교차로안,승용,남,30세,상해없음,보행자,여,56세,중상
2012110700100513,2012년 11월 7일 19시,수요일,경상남도 거창군 가조면,중상사고,0,1,0,0,차대차 - 측면직각충돌,교차로운행방법위반,건조,맑음,교차로 - 교차로부근,화물,남,47세,상해없음,승용,남,43세,중상
2012110700100514,2012년 11월 7일 19시,수요일,경상남도 창녕군 영산면,중상사고,0,1,0,0,차대사람 - 횡단중,안전운전불이행,건조,맑음,단일로 - 기타,승용,남,45세,상해없음,보행자,남,53세,중상
2012110700100515,2012년 11월 7일 19시,수요일,경상남도 양산시 삼호동,경상사고,0,0,1,0,차대사람 - 횡단중,안전운전불이행,건조,맑음,단일로 - 기타,승용,남,58세,상해없음,보행자,여,67세,경상
2012110700100516,2012년 11월 7일 19시,수요일,경상남도 거제시 능포동,중상사고,0,1,0,0,차대차 - 측면직각충돌,안전운전불이행,건조,맑음,교차로 - 교차로안,승용,여,41세,상해없음,이륜,남,41세,중상
2012110700100517,2012년 11월 7일 19시,수요일,경상남도 거제시 상동동,경상사고,0,0,2,0,차대차 - 추돌 - 주정차중,안전운전불이행,건조,맑음,단일로 - 기타,승용,남,37세,상해없음,승합,남,50세,경상
2012110700100553,2012년 11월 7일 20시,수요일,경상남도 합천군 청덕면,부상신고사고,0,0,0,1,차량단독 - 공작물충돌,안전운전불이행,건조,맑음,단일로 - 기타,승용,남,43세,부상신고,,,,
2012110700100581,2012년 11월 7일 21시,수요일,경상남도 창원시 의창구 소답동,경상사고,0,0,1,0,차대차 - 정면충돌,안전운전불이행,건조,맑음,단일로 - 기타,승용,남,52세,상해없음,승용,남,34세,경상
2012110700100605,2012년 11월 7일 22시,수요일,경상남도 양산시 신기동,중상사고,0,1,0,0,차대사람 - 횡단중,안전운전불이행,건조,맑음,교차로 - 교차로부근,승용,남,26세,상해없음,보행자,남,53세,중상
2012110800100020,2012년 11월 8일 00시,목요일,경상남도 진주시 강남동,부상신고사고,0,0,0,1,차대차 - 기타,안전운전불이행,건조,맑음,단일로 - 기타,승용,기타불명,기타불명,기타불명,자전거,남,22세,부상신고
2012110800100115,2012년 11월 8일 07시,목요일,경상남도 창원시 마산합포구 월영동,중상사고,0,1,2,0,차대차 - 추돌 - 진행중,안전거리미확보,건조,맑음,단일로 - 기타,승용,남,33세,중상,승용,여,50세,경상
2012110800100116,2012년 11월 8일 07시,목요일,경상남도 김해시 구산동,경상사고,0,0,1,0,차대차 - 추돌 - 진행중,안전운전불이행,건조,맑음,단일로 - 기타,화물,남,49세,상해없음,승용,남,47세,경상
2012110800100117,2012년 11월 8일 07시,목요일,경상남도 창원시 마산회원구 봉암동,중상사고,0,2,2,0,차대차 - 추돌 - 주정차중,안전운전불이행,건조,맑음,단일로 - 기타,승용,남,24세,상해없음,승용,남,31세,경상
2012110800100168,2012년 11월 8일 09시,목요일,경상남도 거제시 능포동,중상사고,0,1,0,0,차대사람 - 기타,안전운전불이행,건조,맑음,교차로 - 교차로부근,기타불명,기타불명,기타불명,기타불명,보행자,여,65세,중상
2012110800100189,2012년 11월 8일 10시,목요일,경상남도 거창군 거창읍,중상사고,0,1,1,0,차대차 - 측면직각충돌,교차로운행방법위반,건조,맑음,교차로 - 교차로안,화물,여,43세,상해없음,화물,남,73세,중상
2012110800100190,2012년 11월 8일 10시,목요일,경상남도 합천군 가야면,경상사고,0,0,3,0,차대차 - 추돌 - 진행중,안전거리미확보,건조,맑음,교차로 - 교차로부근,승용,남,50세,상해없음,승용,남,41세,경상
2012110800100191,2012년 11월 8일 10시,목요일,경상남도 양산시 어곡동,경상사고,0,0,1,0,차대차 - 측면직각충돌,안전운전불이행,건조,맑음,기타 - 기타,승용,남,22세,상해없음,승용,남,49세,경상
2012110800100192,2012년 11월 8일 10시,목요일,경상남도 남해군 남해읍,경상사고,0,0,1,0,차대차 - 측면직각충돌,신호위반,건조,맑음,교차로 - 교차로안,농기계,남,62세,경상,승합,남,62세,상해없음
2012110800100228,2012년 11월 8일 12시,목요일,경상남도 밀양시 단장면,중상사고,0,2,0,0,차량단독 - 공작물충돌,안전운전불이행,건조,맑음,단일로 - 기타,승용,남,58세,상해없음,,,,
2012110800100229,2012년 11월 8일 12시,목요일,경상남도 거제시 동부면,중상사고,0,1,0,0,차대사람 - 기타,안전운전불이행,건조,맑음,교차로 - 교차로부근,승용,여,41세,상해없음,보행자,남,52세,중상
2012110800100287,2012년 11월 8일 14시,목요일,경상남도 창원시 진해구 자은동,중상사고,0,1,0,0,차대사람 - 기타,안전운전불이행,건조,맑음,단일로 - 기타,승용,남,47세,상해없음,보행자,남,7세,중상
2012110800100311,2012년 11월 8일 15시,목요일,경상남도 김해시 삼계동,경상사고,0,0,1,0,차대차 - 기타,안전운전불이행,건조,맑음,교차로 - 교차로부근,승용,여,40세,상해없음,이륜,남,45세,경상
2012110800100312,2012년 11월 8일 15시,목요일,경상남도 김해시 진례면,중상사고,0,1,0,0,차대차 - 측면직각충돌,안전거리미확보,건조,맑음,단일로 - 기타,화물,남,31세,중상,농기계,남,25세,상해없음
2012110800100338,2012년 11월 8일 16시,목요일,경상남도 함양군 유림면,중상사고,0,1,0,0,차대차 - 기타,중앙선침범,건조,맑음,단일로 - 기타,화물,남,58세,상해없음,자전거,남,74세,중상
2012110800100339,2012년 11월 8일 16시,목요일,경상남도 합천군 야로면,중상사고,0,1,0,0,차량단독 - 기타,안전운전불이행,건조,맑음,단일로 - 기타,화물,남,56세,중상,,,,
2012110800100377,2012년 11월 8일 17시,목요일,경상남도 사천시 서포면,중상사고,0,2,0,0,차대차 - 측면직각충돌,교차로운행방법위반,건조,맑음,교차로 - 교차로안,원동기,남,42세,중상,승용,남,61세,중상
2012110800100378,2012년 11월 8일 17시,목요일,경상남도 함양군 유림면,부상신고사고,0,0,0,1,차량단독 - 전도전복,안전운전불이행,건조,맑음,단일로 - 기타,원동기,남,56세,부상신고,,,,
2012110800100379,2012년 11월 8일 17시,목요일,경상남도 김해시 진례면,중상사고,0,1,0,0,차대차 - 측면직각충돌,안전운전불이행,건조,맑음,단일로 - 기타,화물,남,33세,상해없음,이륜,남,54세,중상
2012110800100428,2012년 11월 8일 18시,목요일,경상남도 진주시 옥봉동,경상사고,0,0,2,0,차대차 - 측면직각충돌,안전거리미확보,건조,맑음,단일로 - 기타,승용,남,58세,상해없음,승용,남,49세,경상
2012110800100429,2012년 11월 8일 18시,목요일,경상남도 창원시 성산구 신촌동,중상사고,0,1,0,0,차대사람 - 횡단중,안전운전불이행,건조,맑음,단일로 - 횡단보도부근,승용,여,41세,상해없음,보행자,여,67세,중상
2012110800100467,2012년 11월 8일 19시,목요일,경상남도 김해시 상동면,경상사고,0,0,1,0,차대차 - 측면직각충돌,안전운전불이행,건조,맑음,단일로 - 기타,승용,남,71세,상해없음,화물,남,41세,경상
2012110800100496,2012년 11월 8일 20시,목요일,경상남도 김해시 부원동,경상사고,0,0,2,0,차대차 - 추돌 - 진행중,안전운전불이행,건조,맑음,교차로 - 교차로부근,승용,남,52세,상해없음,승용,남,52세,경상
2012110800100497,2012년 11월 8일 20시,목요일,경상남도 창원시 마산회원구 양덕동,중상사고,0,1,0,0,차대차 - 측면직각충돌,신호위반,건조,맑음,교차로 - 교차로안,승용,남,63세,상해없음,승용,남,30세,중상
2012110800100551,2012년 11월 8일 22시,목요일,경상남도 통영시 광도면,경상사고,0,0,2,0,차대차 - 추돌 - 주정차중,안전운전불이행,건조,맑음,단일로 - 기타,승용,여,55세,상해없음,승용,남,31세,경상
2012110800100583,2012년 11월 8일 23시,목요일,경상남도 진주시 가좌동,경상사고,0,0,1,0,차대차 - 추돌 - 주정차중,안전운전불이행,건조,맑음,단일로 - 기타,화물,남,20세,상해없음,승용,여,24세,상해없음
2012110800100584,2012년 11월 8일 23시,목요일,경상남도 창원시 성산구 상남동,경상사고,0,0,1,0,차대차 - 측면직각충돌,안전운전불이행,건조,맑음,교차로 - 교차로안,승용,남,46세,상해없음,자전거,남,34세,경상
2012110900100012,2012년 11월 9일 00시,금요일,경상남도 창원시 진해구 용원동,중상사고,0,1,0,0,차대사람 - 기타,안전운전불이행,건조,맑음,교차로 - 교차로안,승용,여,35세,상해없음,보행자,남,36세,중상
2012110900100060,2012년 11월 9일 03시,금요일,경상남도 거제시 고현동,중상사고,0,1,0,0,차대차 - 기타,안전운전불이행,건조,맑음,기타 - 기타,승용,남,25세,상해없음,승합,남,48세,기타불명
2012110900100068,2012년 11월 9일 04시,금요일,경상남도 통영시 북신동,경상사고,0,0,1,0,차대차 - 측면직각충돌,신호위반,건조,맑음,교차로 - 교차로안,승용,여,33세,상해없음,승용,남,61세,경상
2012110900100111,2012년 11월 9일 07시,금요일,경상남도 창원시 진해구 풍호동,중상사고,0,1,0,0,차대사람 - 기타,안전운전불이행,건조,맑음,단일로 - 기타,승용,여,39세,상해없음,보행자,여,10세,중상
2012110900100112,2012년 11월 9일 07시,금요일,경상남도 창원시 진해구 청안동,경상사고,0,0,2,0,차대차 - 측면직각충돌,교차로운행방법위반,건조,맑음,교차로 - 교차로안,승용,남,44세,경상,원동기,남,34세,경상
2012110900100154,2012년 11월 9일 08시,금요일,경상남도 진주시 상평동,경상사고,0,0,1,0,차대차 - 측면직각충돌,신호위반,건조,맑음,단일로 - 기타,승용,남,34세,상해없음,승용,남,47세,경상
2012110900100155,2012년 11월 9일 08시,금요일,경상남도 통영시 서호동,중상사고,0,1,0,0,차대차 - 측면직각충돌,교차로운행방법위반,건조,맑음,교차로 - 교차로안,승합,남,54세,상해없음,승용,남,29세,중상
2012110900100209,2012년 11월 9일 10시,금요일,경상남도 창원시 마산합포구 자산동,경상사고,0,0,1,0,차대차 - 측면직각충돌,교차로운행방법위반,건조,맑음,교차로 - 교차로안,승용,여,29세,상해없음,원동기,남,27세,경상
2012110900100210,2012년 11월 9일 10시,금요일,경상남도 진주시 신안동,중상사고,0,1,0,0,차대차 - 기타,직진우회전진행방해,건조,맑음,교차로 - 교차로안,승용,남,40세,상해없음,승용,여,44세,중상
2012110900100233,2012년 11월 9일 11시,금요일,경상남도 양산시 어곡동,경상사고,0,0,1,7,차대차 - 추돌 - 진행중,안전운전불이행,건조,맑음,교차로 - 교차로안,승용,여,62세,상해없음,승용,여,37세,부상신고
2012110900100234,2012년 11월 9일 11시,금요일,경상남도 김해시 장유면,경상사고,0,0,1,0,차대사람 - 횡단중,보행자보호의무위반,건조,맑음,교차로 - 교차로부근,화물,남,58세,상해없음,보행자,여,56세,경상
2012110900100277,2012년 11월 9일 13시,금요일,경상남도 창원시 진해구 태백동,중상사고,0,1,0,0,차대사람 - 보도통행중,안전운전불이행,건조,맑음,단일로 - 기타,승용,여,53세,기타불명,보행자,여,78세,중상
2012110900100278,2012년 11월 9일 13시,금요일,경상남도 함양군 함양읍,부상신고사고,0,0,0,1,차대차 - 추돌 - 진행중,차로위반,건조,맑음,단일로 - 기타,원동기,남,74세,부상신고,승용,남,19세,상해없음
2012110900100279,2012년 11월 9일 13시,금요일,경상남도 함안군 칠원면,사망사고,1,2,0,0,차대차 - 정면충돌,안전운전불이행,건조,맑음,교차로 - 교차로안,건설기계,남,64세,상해없음,승용,남,38세,중상
2012110900100280,2012년 11월 9일 13시,금요일,경상남도 김해시 풍유동,경상사고,0,0,1,0,차대차 - 기타,안전운전불이행,건조,맑음,교차로 - 교차로안,이륜,남,18세,상해없음,승용,여,50세,경상
2012110900100313,2012년 11월 9일 14시,금요일,경상남도 함양군 백전면,경상사고,0,0,1,0,차대차 - 정면충돌,중앙선침범,건조,맑음,단일로 - 기타,승합,남,51세,상해없음,승합,남,50세,경상
2012110900100351,2012년 11월 9일 15시,금요일,경상남도 통영시 산양읍,부상신고사고,0,0,0,1,차대차 - 정면충돌,안전운전불이행,건조,맑음,단일로 - 기타,원동기,남,68세,상해없음,승용,남,69세,상해없음
2012110900100352,2012년 11월 9일 15시,금요일,경상남도 통영시 도천동,경상사고,0,0,1,0,차대차 - 기타,안전운전불이행,건조,맑음,교차로 - 교차로안,승용,남,26세,상해없음,승합,남,50세,상해없음
2012110900100353,2012년 11월 9일 15시,금요일,경상남도 김해시 삼방동,중상사고,0,1,0,0,차대차 - 측면직각충돌,교차로운행방법위반,건조,맑음,교차로 - 교차로안,승용,여,37세,중상,승용,남,56세,기타불명
2012110900100355,2012년 11월 9일 15시,금요일,경상남도 거제시 고현동,경상사고,0,0,1,0,차대차 - 정면충돌,신호위반,건조,맑음,교차로 - 교차로안,승용,여,37세,상해없음,승용,남,56세,경상
2012110900100356,2012년 11월 9일 15시,금요일,경상남도 창원시 마산회원구 내서읍,중상사고,0,1,0,0,차대사람 - 차도통행중,안전운전불이행,건조,맑음,교차로 - 교차로안,화물,남,35세,상해없음,보행자,여,74세,중상
2012110900100393,2012년 11월 9일 16시,금요일,경상남도 김해시 삼계동,중상사고,0,1,0,0,차대차 - 측면직각충돌,차로위반,건조,맑음,단일로 - 기타,화물,남,51세,상해없음,승용,남,62세,중상