사고번호,사고일시,요일,시군구,사고내용,사망자수,중상자수,경상자수,부상신고자수,사고유형,법규위반,노면상태,기상상태,도로형태,가해운전자 차종,가해운전자 성별,가해운전자 연령,가해운전자 상해정도,피해운전자 차종,피해운전자 성별,피해운전자 연령,피해운전자 상해정도
2012111500100266,2012년 11월 15일 12시,목요일,경상남도 창원시 진해구 용원동,중상사고,0,1,0,0,차대사람 - 보도통행중,보행자보호의무위반,건조,맑음,단일로 - 횡단보도상,승용,여,47세,상해없음,보행자,여,56세,중상
2012111500100268,2012년 11월 15일 12시,목요일,경상남도 함양군 함양읍,중상사고,0,1,0,0,차대사람 - 기타,안전운전불이행,건조,맑음,단일로 - 기타,승용,여,44세,상해없음,보행자,여,71세,중상
2012111500100318,2012년 11월 15일 14시,목요일,경상남도 통영시 항남동,중상사고,0,1,0,0,차대사람 - 횡단중,보행자보호의무위반,건조,맑음,단일로 - 횡단보도상,승용,남,51세,상해없음,보행자,남,81세,중상
2012111500100319,2012년 11월 15일 14시,목요일,경상남도 밀양시 초동면,중상사고,0,2,0,0,차대차 - 측면직각충돌,중앙선침범,건조,맑음,단일로 - 기타,승합,남,58세,상해없음,승용,남,34세,중상
2012111500100320,2012년 11월 15일 14시,목요일,경상남도 창원시 성산구 안민동,경상사고,0,0,1,0,차대사람 - 횡단중,안전운전불이행,기타,맑음,교차로 - 교차로안,이륜,남,60세,상해없음,보행자,여,42세,경상
2012111500100348,2012년 11월 15일 15시,목요일,경상남도 사천시 서포면,중상사고,0,1,0,0,차대차 - 기타,안전운전불이행,건조,맑음,단일로 - 기타,건설기계,남,32세,상해없음,농기계,남,74세,중상
2012111500100387,2012년 11월 15일 16시,목요일,경상남도 거제시 연초면,경상사고,0,0,1,0,차대차 - 정면충돌,교차로운행방법위반,건조,맑음,교차로 - 교차로안,승용,남,59세,상해없음,자전거,남,10세,경상
2012111500100388,2012년 11월 15일 16시,목요일,경상남도 창원시 의창구 팔용동,경상사고,0,0,1,0,차대차 - 기타,안전운전불이행,건조,맑음,교차로 - 교차로부근,기타불명,기타불명,기타불명,기타불명,승합,남,48세,상해없음
2012111500100428,2012년 11월 15일 17시,목요일,경상남도 창원시 마산회원구 합성동,경상사고,0,0,1,0,차대차 - 측면직각충돌,안전운전불이행,건조,맑음,교차로 - 교차로안,승용,남,55세,상해없음,원동기,남,60세,경상
2012111500100489,2012년 11월 15일 18시,목요일,경상남도 양산시 북정동,중상사고,0,1,0,0,차대차 - 측면직각충돌,안전운전불이행,건조,맑음,교차로 - 교차로부근,승용,남,45세,상해없음,자전거,여,61세,중상
2012111500100491,2012년 11월 15일 18시,목요일,경상남도 창원시 의창구 사림동,경상사고,0,0,1,0,차대차 - 기타,안전운전불이행,기타,맑음,교차로 - 교차로안,승용,남,52세,상해없음,이륜,남,30세,경상
2012111500100526,2012년 11월 15일 19시,목요일,경상남도 통영시 정량동,경상사고,0,0,1,0,차대차 - 추돌 - 진행중,안전운전불이행,건조,맑음,교차로 - 교차로안,승용,남,55세,상해없음,승용,남,56세,경상
2012111500100527,2012년 11월 15일 19시,목요일,경상남도 사천시 용현면,중상사고,0,1,3,0,차대차 - 기타,안전거리미확보,건조,맑음,교차로 - 교차로부근,승용,남,42세,중상,승용,남,46세,경상
2012111500100528,2012년 11월 15일 19시,목요일,경상남도 창원시 의창구 명서동,경상사고,0,0,1,0,차대사람 - 횡단중,보행자보호의무위반,건조,맑음,단일로 - 횡단보도상,승용,남,41세,상해없음,보행자,여,8세,경상
2012111500100559,2012년 11월 15일 20시,목요일,경상남도 창원시 진해구 용원동,경상사고,0,0,1,0,차대사람 - 횡단중,보행자보호의무위반,건조,맑음,교차로 - 교차로부근,승용,여,36세,상해없음,보행자,남,9세,경상
2012111500100560,2012년 11월 15일 20시,목요일,경상남도 김해시 안동,경상사고,0,0,1,0,차대차 - 정면충돌,안전운전불이행,건조,맑음,교차로 - 교차로안,승용,남,59세,상해없음,이륜,남,16세,경상
2012111500100561,2012년 11월 15일 20시,목요일,경상남도 김해시 어방동,경상사고,0,0,1,0,차대사람 - 차도통행중,안전운전불이행,건조,맑음,단일로 - 기타,승용,남,30세,상해없음,보행자,남,26세,경상
2012111500100562,2012년 11월 15일 20시,목요일,경상남도 김해시 삼정동,경상사고,0,0,1,0,차대사람 - 횡단중,보행자보호의무위반,건조,맑음,단일로 - 횡단보도상,승용,남,37세,상해없음,보행자,남,36세,경상
2012111500100563,2012년 11월 15일 20시,목요일,경상남도 함안군 함안면,중상사고,0,1,0,0,차대차 - 측면직각충돌,안전운전불이행,건조,맑음,교차로 - 교차로안,승용,남,27세,상해없음,승용,남,24세,상해없음
2012111500100564,2012년 11월 15일 20시,목요일,경상남도 창원시 성산구 신촌동,중상사고,0,1,0,0,차대차 - 기타,안전운전불이행,기타,맑음,단일로 - 기타,승용,남,26세,상해없음,이륜,남,47세,중상
2012111500100565,2012년 11월 15일 20시,목요일,경상남도 김해시 주촌면,경상사고,0,0,2,0,차대차 - 기타,교차로운행방법위반,건조,맑음,교차로 - 교차로안,화물,남,47세,상해없음,승용,여,28세,경상
2012111500100626,2012년 11월 15일 22시,목요일,경상남도 창원시 의창구 팔용동,중상사고,0,1,0,0,차대차 - 측면직각충돌,교차로운행방법위반,건조,맑음,교차로 - 교차로안,화물,남,67세,상해없음,원동기,남,14세,중상
2012111500100656,2012년 11월 15일 23시,목요일,경상남도 통영시 광도면,중상사고,0,1,1,0,차대차 - 측면직각충돌,안전거리미확보,건조,맑음,단일로 - 기타,이륜,남,16세,중상,이륜,남,18세,경상
2012111600100018,2012년 11월 16일 00시,금요일,경상남도 밀양시 내이동,경상사고,0,0,1,1,차대차 - 측면직각충돌,교차로운행방법위반,건조,맑음,교차로 - 교차로안,승용,남,58세,상해없음,승용,남,19세,경상
2012111600100019,2012년 11월 16일 00시,금요일,경상남도 김해시 어방동,경상사고,0,0,1,0,차대차 - 추돌 - 진행중,안전운전불이행,건조,맑음,단일로 - 기타,승용,남,58세,상해없음,승용,남,42세,상해없음
2012111600100020,2012년 11월 16일 00시,금요일,경상남도 양산시 북부동,중상사고,0,1,0,0,차대사람 - 차도통행중,안전운전불이행,건조,맑음,단일로 - 기타,승용,남,47세,상해없음,보행자,여,39세,중상
2012111600100036,2012년 11월 16일 01시,금요일,경상남도 사천시 용현면,중상사고,0,1,0,0,차량단독 - 공작물충돌,안전운전불이행,건조,맑음,교차로 - 교차로안,승용,남,30세,상해없음,,,,
2012111600100051,2012년 11월 16일 02시,금요일,경상남도 진주시 문산읍,중상사고,0,1,1,0,차량단독 - 공작물충돌,안전운전불이행,건조,맑음,단일로 - 기타,승용,남,22세,상해없음,,,,
2012111600100069,2012년 11월 16일 03시,금요일,경상남도 창원시 마산합포구 산호동,경상사고,0,0,1,0,차대차 - 추돌 - 진행중,안전운전불이행,건조,맑음,단일로 - 기타,승용,남,30세,상해없음,승용,남,43세,경상
2012111600100110,2012년 11월 16일 06시,금요일,경상남도 양산시 명동,중상사고,0,2,2,0,차대차 - 측면직각충돌,직진우회전진행방해,건조,맑음,교차로 - 교차로안,승용,여,49세,경상,화물,남,35세,중상
2012111600100111,2012년 11월 16일 06시,금요일,경상남도 거제시 장평동,중상사고,0,1,0,0,차대차 - 추돌 - 진행중,안전운전불이행,건조,맑음,교차로 - 교차로부근,승용,남,47세,상해없음,승용,남,50세,중상
2012111600100112,2012년 11월 16일 06시,금요일,경상남도 김해시 진영읍,경상사고,0,0,1,0,차대차 - 추돌 - 진행중,안전거리미확보,건조,맑음,단일로 - 기타,화물,남,51세,상해없음,화물,남,47세,경상
2012111600100135,2012년 11월 16일 07시,금요일,경상남도 김해시 동상동,중상사고,0,1,0,0,차대차 - 측면직각충돌,교차로운행방법위반,건조,맑음,단일로 - 기타,승용,남,44세,상해없음,승용,여,43세,중상
2012111600100136,2012년 11월 16일 07시,금요일,경상남도 거제시 장평동,중상사고,0,1,0,0,차대차 - 기타,안전운전불이행,건조,맑음,단일로 - 기타,원동기,남,46세,상해없음,자전거,남,36세,중상
2012111600100137,2012년 11월 16일 07시,금요일,경상남도 거제시 사등면,중상사고,0,1,1,0,차대차 - 측면직각충돌,교차로운행방법위반,건조,맑음,교차로 - 교차로안,승합,남,47세,상해없음,승용,여,34세,경상
2012111600100177,2012년 11월 16일 08시,금요일,경상남도 밀양시 가곡동,경상사고,0,0,1,0,차대사람 - 횡단중,안전운전불이행,건조,맑음,교차로 - 교차로안,화물,남,50세,상해없음,보행자,여,30세,경상
2012111600100178,2012년 11월 16일 08시,금요일,경상남도 김해시 구산동,경상사고,0,0,1,0,차대차 - 측면직각충돌,안전운전불이행,건조,맑음,단일로 - 기타,승용,여,30세,상해없음,승용,여,50세,경상
2012111600100179,2012년 11월 16일 08시,금요일,경상남도 양산시 소주동,경상사고,0,0,1,0,차대차 - 측면직각충돌,직진우회전진행방해,건조,맑음,교차로 - 교차로안,승용,남,41세,상해없음,승용,남,44세,경상
2012111600100210,2012년 11월 16일 09시,금요일,경상남도 창원시 마산합포구 신포동1가,경상사고,0,0,1,0,차대차 - 추돌 - 주정차중,안전운전불이행,건조,맑음,교차로 - 교차로부근,승용,남,50세,상해없음,승용,남,38세,경상
2012111600100211,2012년 11월 16일 09시,금요일,경상남도 밀양시 가곡동,중상사고,0,1,0,0,차대사람 - 횡단중,안전운전불이행,건조,맑음,교차로 - 교차로안,승용,남,49세,상해없음,보행자,여,64세,중상
2012111600100212,2012년 11월 16일 09시,금요일,경상남도 진주시 판문동,중상사고,0,1,0,0,차대차 - 기타,안전운전불이행,건조,맑음,단일로 - 기타,화물,남,43세,상해없음,승합,남,58세,중상
2012111600100252,2012년 11월 16일 11시,금요일,경상남도 거창군 가조면,중상사고,0,1,1,0,차대차 - 측면직각충돌,교차로운행방법위반,건조,맑음,교차로 - 교차로안,화물,남,49세,상해없음,승용,여,48세,중상
2012111600100253,2012년 11월 16일 11시,금요일,경상남도 양산시 덕계동,중상사고,0,1,0,0,차대차 - 측면직각충돌,신호위반,건조,맑음,교차로 - 교차로안,화물,남,68세,상해없음,승합,남,51세,중상
2012111600100277,2012년 11월 16일 12시,금요일,경상남도 양산시 물금읍,경상사고,0,0,2,0,차대사람 - 기타,안전운전불이행,건조,맑음,기타 - 기타,승용,여,47세,상해없음,보행자,여,59세,경상
2012111600100313,2012년 11월 16일 14시,금요일,경상남도 김해시 삼방동,중상사고,0,1,0,0,차대사람 - 횡단중,보행자보호의무위반,건조,맑음,단일로 - 횡단보도부근,승용,여,32세,상해없음,보행자,남,7세,중상
2012111600100332,2012년 11월 16일 15시,금요일,경상남도 진주시 판문동,중상사고,0,2,0,0,차대차 - 기타,안전운전불이행,건조,맑음,단일로 - 기타,승합,남,49세,상해없음,화물,남,40세,기타불명
2012111600100333,2012년 11월 16일 15시,금요일,경상남도 김해시 장유면,중상사고,0,1,0,0,차대차 - 기타,안전운전불이행,건조,맑음,단일로 - 기타,승용,남,45세,상해없음,화물,남,54세,중상
2012111600100358,2012년 11월 16일 16시,금요일,경상남도 진주시 인사동,중상사고,0,1,0,0,차대사람 - 기타,안전운전불이행,건조,맑음,교차로 - 교차로안,화물,남,49세,상해없음,보행자,남,65세,중상
2012111600100403,2012년 11월 16일 17시,금요일,경상남도 창원시 마산합포구 완월동,경상사고,0,0,1,0,차대차 - 추돌 - 주정차중,안전운전불이행,건조,맑음,단일로 - 기타,이륜,남,19세,상해없음,승용,남,68세,상해없음
2012111600100404,2012년 11월 16일 17시,금요일,경상남도 진주시 칠암동,중상사고,0,1,1,0,차대차 - 추돌 - 진행중,안전운전불이행,건조,맑음,단일로 - 교량,승용,여,36세,상해없음,승용,남,57세,중상
2012111600100405,2012년 11월 16일 17시,금요일,경상남도 창원시 진해구 자은동,중상사고,0,1,0,0,차대차 - 기타,안전운전불이행,건조,맑음,교차로 - 교차로안,화물,남,44세,상해없음,이륜,남,63세,중상
2012111600100406,2012년 11월 16일 17시,금요일,경상남도 사천시 동림동,경상사고,0,0,3,0,차대차 - 추돌 - 주정차중,안전운전불이행,건조,맑음,단일로 - 기타,승용,여,46세,경상,승용,여,37세,경상
2012111600100407,2012년 11월 16일 17시,금요일,경상남도 김해시 대성동,경상사고,0,0,2,0,차대차 - 추돌 - 진행중,안전운전불이행,건조,흐림,단일로 - 횡단보도상,원동기,남,17세,경상,승합,남,69세,상해없음
2012111600100408,2012년 11월 16일 17시,금요일,경상남도 거창군 웅양면,중상사고,0,1,0,1,차대차 - 추돌 - 진행중,안전운전불이행,건조,맑음,단일로 - 기타,화물,남,52세,부상신고,농기계,남,75세,중상
2012111600100409,2012년 11월 16일 17시,금요일,경상남도 양산시 교동,중상사고,0,1,0,0,차대사람 - 횡단중,신호위반,습기,흐림,기타 - 기타,승용,여,49세,상해없음,보행자,여,23세,중상
2012111600100410,2012년 11월 16일 17시,금요일,경상남도 하동군 금성면,경상사고,0,0,2,0,차대차 - 측면직각충돌,안전운전불이행,건조,맑음,단일로 - 기타,화물,남,52세,상해없음,승용,남,60세,경상
2012111600100440,2012년 11월 16일 18시,금요일,경상남도 김해시 주촌면,사망사고,1,0,3,0,차대차 - 추돌 - 주정차중,안전거리미확보,건조,맑음,단일로 - 기타,승합,남,58세,사망,승용,남,53세,경상
2012111600100484,2012년 11월 16일 18시,금요일,경상남도 창원시 마산합포구 중앙동1가,중상사고,0,1,2,0,차대차 - 측면직각충돌,교차로운행방법위반,건조,흐림,교차로 - 교차로안,승용,남,53세,상해없음,승용,여,51세,경상
2012111600100485,2012년 11월 16일 18시,금요일,경상남도 거제시 옥포동,중상사고,0,1,0,0,차대차 - 측면직각충돌,안전운전불이행,건조,맑음,교차로 - 교차로부근,승용,남,32세,상해없음,자전거,남,12세,중상
2012111600100486,2012년 11월 16일 18시,금요일,경상남도 거제시 옥포동,중상사고,0,1,0,0,차대사람 - 횡단중,안전운전불이행,건조,맑음,단일로 - 기타,승합,남,39세,상해없음,보행자,남,64세,상해없음
2012111600100487,2012년 11월 16일 18시,금요일,경상남도 산청군 산청읍,중상사고,0,2,0,0,차대차 - 측면직각충돌,안전운전불이행,습기,비,단일로 - 기타,화물,남,61세,상해없음,화물,여,43세,중상
2012111600100488,2012년 11월 16일 18시,금요일,경상남도 사천시 곤양면,경상사고,0,0,1,0,차대사람 - 횡단중,안전운전불이행,습기,비,단일로 - 기타,승용,남,30세,상해없음,보행자,여,51세,경상
2012111600100560,2012년 11월 16일 19시,금요일,경상남도 진주시 호탄동,중상사고,0,1,0,0,차대차 - 측면직각충돌,안전운전불이행,습기,비,교차로 - 교차로안,승용,남,42세,상해없음,승용,여,25세,중상
2012111600100561,2012년 11월 16일 19시,금요일,경상남도 창녕군 남지읍,경상사고,0,0,2,0,차대사람 - 기타,안전운전불이행,습기,비,교차로 - 교차로안,화물,남,56세,상해없음,보행자,남,16세,경상
2012111600100616,2012년 11월 16일 20시,금요일,경상남도 창원시 진해구 자은동,경상사고,0,0,1,0,차대사람 - 기타,안전운전불이행,건조,맑음,기타 - 기타,화물,남,50세,상해없음,보행자,남,59세,경상
2012111600100617,2012년 11월 16일 20시,금요일,경상남도 통영시 도천동,부상신고사고,0,0,0,1,차대차 - 측면직각충돌,신호위반,습기,비,교차로 - 교차로안,이륜,남,35세,부상신고,승용,여,38세,상해없음
2012111600100618,2012년 11월 16일 20시,금요일,경상남도 통영시 미수동,경상사고,0,0,1,0,차대차 - 측면직각충돌,직진우회전진행방해,습기,비,교차로 - 교차로안,승용,남,58세,상해없음,이륜,남,17세,경상
2012111600100619,2012년 11월 16일 20시,금요일,경상남도 통영시 광도면,경상사고,0,0,1,0,차대차 - 정면충돌,중앙선침범,습기,비,교차로 - 교차로부근,화물,남,57세,상해없음,승용,남,34세,경상
2012111600100620,2012년 11월 16일 20시,금요일,경상남도 창원시 의창구 용호동,경상사고,0,0,1,0,차대사람 - 횡단중,보행자보호의무위반,습기,비,단일로 - 횡단보도상,승용,남,51세,상해없음,보행자,여,37세,경상
2012111600100621,2012년 11월 16일 20시,금요일,경상남도 창원시 마산회원구 구암동,경상사고,0,0,3,0,차대차 - 추돌 - 주정차중,안전운전불이행,습기,비,단일로 - 기타,승용,남,56세,상해없음,승용,남,52세,경상
2012111600100682,2012년 11월 16일 21시,금요일,경상남도 진주시 상대동,중상사고,0,1,0,0,차대차 - 정면충돌,중앙선침범,습기,비,단일로 - 기타,승용,여,44세,상해없음,이륜,남,25세,중상
2012111600100683,2012년 11월 16일 21시,금요일,경상남도 진주시 수정동,중상사고,0,1,0,0,차대사람 - 횡단중,보행자보호의무위반,건조,맑음,교차로 - 교차로안,승용,남,45세,상해없음,보행자,여,53세,중상
2012111600100684,2012년 11월 16일 21시,금요일,경상남도 양산시 유산동,경상사고,0,0,4,0,차대차 - 측면직각충돌,안전운전불이행,습기,비,기타 - 기타,화물,남,54세,상해없음,승용,여,29세,경상
2012111600100685,2012년 11월 16일 21시,금요일,경상남도 거제시 고현동,중상사고,0,1,0,0,차대차 - 기타,안전운전불이행,습기,비,교차로 - 교차로안,승용,남,34세,상해없음,이륜,남,31세,중상
2012111600100759,2012년 11월 16일 22시,금요일,경상남도 김해시 어방동,중상사고,0,2,0,0,차대사람 - 횡단중,안전운전불이행,건조,맑음,단일로 - 횡단보도부근,승용,남,35세,상해없음,보행자,남,26세,중상
2012111600100760,2012년 11월 16일 22시,금요일,경상남도 거제시 고현동,중상사고,0,1,0,0,차대차 - 측면직각충돌,신호위반,습기,비,교차로 - 교차로안,승용,남,37세,기타불명,승용,남,28세,중상
2012111600100761,2012년 11월 16일 22시,금요일,경상남도 창원시 마산회원구 봉암동,경상사고,0,0,1,0,차대차 - 측면직각충돌,신호위반,습기,비,교차로 - 교차로안,승용,여,28세,상해없음,승용,남,60세,경상
2012111600100762,2012년 11월 16일 22시,금요일,경상남도 창원시 의창구 팔용동,중상사고,0,2,0,0,차대차 - 측면직각충돌,신호위반,습기,비,교차로 - 교차로안,승용,남,35세,상해없음,승용,남,44세,중상
2012111600100829,2012년 11월 16일 23시,금요일,경상남도 진주시 신안동,경상사고,0,0,1,0,차대사람 - 기타,안전운전불이행,습기,비,단일로 - 기타,화물,남,37세,상해없음,보행자,여,59세,경상
2012111600100830,2012년 11월 16일 23시,금요일,경상남도 통영시 광도면,경상사고,0,0,4,0,차대차 - 측면직각충돌,직진우회전진행방해,습기,비,교차로 - 교차로안,승용,남,57세,상해없음,승용,남,48세,경상
2012111600100831,2012년 11월 16일 23시,금요일,경상남도 창녕군 부곡면,중상사고,0,1,2,0,차대차 - 기타,중앙선침범,습기,비,단일로 - 기타,승용,남,55세,중상,승용,여,45세,경상
2012111600100832,2012년 11월 16일 23시,금요일,경상남도 창원시 의창구 용호동,중상사고,0,1,0,0,차대사람 - 횡단중,신호위반,습기,비,단일로 - 횡단보도상,이륜,남,31세,상해없음,보행자,여,49세,중상
2012111700100046,2012년 11월 17일 00시,토요일,경상남도 통영시 북신동,중상사고,0,1,0,0,차대차 - 측면직각충돌,중앙선침범,습기,비,단일로 - 기타,승용,남,25세,상해없음,승용,남,31세,중상
2012111700100178,2012년 11월 17일 03시,토요일,경상남도 창원시 진해구 여좌동,경상사고,0,0,2,0,차대차 - 기타,안전운전불이행,습기,비,기타 - 기타,승용,여,47세,상해없음,승용,여,34세,경상
2012111700100179,2012년 11월 17일 03시,토요일,경상남도 김해시 삼정동,중상사고,0,1,2,1,차대차 - 측면직각충돌,교차로운행방법위반,건조,맑음,교차로 - 교차로안,승용,남,25세,중상,승용,남,51세,경상
2012111700100180,2012년 11월 17일 03시,토요일,경상남도 거창군 거창읍,중상사고,0,2,0,0,차대차 - 추돌 - 진행중,교차로운행방법위반,습기,비,교차로 - 교차로안,승용,남,59세,상해없음,승용,남,24세,중상
2012111700100193,2012년 11월 17일 04시,토요일,경상남도 양산시 북정동,경상사고,0,0,1,0,차대차 - 측면직각충돌,안전운전불이행,습기,맑음,단일로 - 기타,승용,남,35세,상해없음,승용,남,46세,경상
2012111700100204,2012년 11월 17일 04시,토요일,경상남도 창원시 마산회원구 회원동,경상사고,0,0,2,0,차대차 - 측면직각충돌,안전운전불이행,습기,비,단일로 - 기타,화물,남,25세,상해없음,승용,남,48세,경상
2012111700100224,2012년 11월 17일 05시,토요일,경상남도 고성군 상리면,중상사고,0,1,0,0,차대차 - 측면직각충돌,신호위반,습기,비,교차로 - 교차로안,승용,남,30세,상해없음,화물,남,36세,상해없음
2012111700100270,2012년 11월 17일 07시,토요일,경상남도 사천시 서동,중상사고,0,1,0,0,차대사람 - 기타,안전운전불이행,건조,맑음,단일로 - 기타,승용,남,65세,상해없음,보행자,여,63세,중상
2012111700100291,2012년 11월 17일 08시,토요일,경상남도 창원시 진해구 덕산동,경상사고,0,0,1,0,차대차 - 기타,신호위반,습기,흐림,교차로 - 교차로부근,승용,남,65세,상해없음,자전거,남,29세,경상
2012111700100292,2012년 11월 17일 08시,토요일,경상남도 창원시 의창구 팔용동,중상사고,0,1,1,0,차대차 - 추돌 - 진행중,안전운전불이행,건조,맑음,교차로 - 교차로안,승용,남,28세,상해없음,승용,남,51세,경상
2012111700100309,2012년 11월 17일 09시,토요일,경상남도 진주시 평거동,중상사고,0,2,0,0,차대차 - 측면직각충돌,신호위반,건조,맑음,교차로 - 교차로안,승용,여,52세,상해없음,승용,남,46세,중상
2012111700100331,2012년 11월 17일 10시,토요일,경상남도 창원시 마산합포구 신포동1가,중상사고,0,1,0,0,차대차 - 기타,교차로운행방법위반,건조,맑음,교차로 - 교차로안,원동기,남,60세,중상,승용,여,50세,상해없음
2012111700100332,2012년 11월 17일 10시,토요일,경상남도 창원시 진해구 풍호동,경상사고,0,0,2,0,차대차 - 추돌 - 진행중,안전운전불이행,건조,맑음,단일로 - 기타,건설기계,남,38세,상해없음,승용,여,43세,경상
2012111700100346,2012년 11월 17일 11시,토요일,경상남도 김해시 부원동,경상사고,0,0,4,0,차대차 - 추돌 - 주정차중,안전운전불이행,건조,맑음,단일로 - 기타,승용,기타불명,기타불명,기타불명,승용,남,42세,경상
2012111700100400,2012년 11월 17일 12시,토요일,경상남도 진주시 가좌동,경상사고,0,0,1,0,차대사람 - 차도통행중,안전운전불이행,건조,맑음,기타 - 기타,화물,남,47세,상해없음,보행자,남,50세,경상
2012111700100401,2012년 11월 17일 12시,토요일,경상남도 김해시 부원동,경상사고,0,0,1,0,차대차 - 추돌 - 주정차중,안전운전불이행,건조,맑음,단일로 - 기타,승용,여,41세,상해없음,승용,여,22세,경상
2012111700100402,2012년 11월 17일 12시,토요일,경상남도 창원시 성산구 웅남동,경상사고,0,0,1,0,차대차 - 측면직각충돌,신호위반,건조,맑음,교차로 - 교차로안,승용,남,48세,상해없음,승용,남,56세,경상
2012111700100403,2012년 11월 17일 12시,토요일,경상남도 창원시 의창구 동읍,경상사고,0,0,2,0,차대차 - 추돌 - 주정차중,안전거리미확보,건조,맑음,단일로 - 기타,승용,여,29세,상해없음,승용,남,25세,경상
2012111700100434,2012년 11월 17일 13시,토요일,경상남도 진주시 이현동,중상사고,0,1,0,0,차대차 - 측면직각충돌,신호위반,건조,맑음,교차로 - 교차로안,승용,남,54세,상해없음,승용,여,35세,중상
2012111700100435,2012년 11월 17일 13시,토요일,경상남도 진주시 옥봉동,중상사고,0,1,0,0,차대차 - 기타,기타,건조,맑음,교차로 - 교차로부근,승용,남,63세,상해없음,승용,남,69세,중상
2012111700100436,2012년 11월 17일 13시,토요일,경상남도 통영시 욕지면,중상사고,0,1,0,0,차대사람 - 기타,안전운전불이행,건조,맑음,단일로 - 기타,화물,남,45세,상해없음,보행자,여,59세,중상
2012111700100437,2012년 11월 17일 13시,토요일,경상남도 통영시 도남동,중상사고,0,1,1,0,차대차 - 측면직각충돌,차로위반,건조,맑음,단일로 - 기타,화물,남,49세,상해없음,원동기,남,73세,경상
2012111700100438,2012년 11월 17일 13시,토요일,경상남도 밀양시 상동면,사망사고,1,0,0,0,차대사람 - 기타,안전운전불이행,건조,맑음,단일로 - 기타,화물,남,57세,기타불명,보행자,여,83세,사망
2012111700100439,2012년 11월 17일 13시,토요일,경상남도 김해시 삼방동,경상사고,0,0,1,0,차대차 - 측면직각충돌,교차로운행방법위반,건조,맑음,교차로 - 교차로안,이륜,남,40세,경상,승용,남,27세,상해없음
2012111700100440,2012년 11월 17일 13시,토요일,경상남도 창원시 의창구 명서동,부상신고사고,0,0,0,1,차대사람 - 기타,안전운전불이행,건조,맑음,단일로 - 기타,승용,남,41세,기타불명,보행자,남,69세,부상신고
2012111700100476,2012년 11월 17일 14시,토요일,경상남도 창원시 마산회원구 봉암동,중상사고,0,1,0,0,차대사람 - 횡단중,안전운전불이행,건조,맑음,단일로 - 기타,이륜,남,31세,상해없음,보행자,남,78세,중상
2012111700100477,2012년 11월 17일 14시,토요일,경상남도 창원시 마산회원구 구암동,중상사고,0,1,0,0,차대차 - 추돌 - 진행중,안전운전불이행,건조,맑음,단일로 - 기타,승용,남,33세,상해없음,승용,남,55세,중상
2012111700100512,2012년 11월 17일 15시,토요일,경상남도 산청군 시천면,중상사고,0,2,1,0,차대차 - 측면직각충돌,교차로운행방법위반,건조,맑음,단일로 - 기타,화물,남,64세,중상,승용,남,28세,경상
2012111700100544,2012년 11월 17일 16시,토요일,경상남도 창녕군 도천면,중상사고,0,1,0,0,차량단독 - 전도전복,안전운전불이행,건조,맑음,단일로 - 기타,원동기,남,46세,중상,,,,
2012111700100590,2012년 11월 17일 17시,토요일,경상남도 창원시 의창구 동읍,경상사고,0,0,5,0,차대차 - 추돌 - 진행중,안전거리미확보,건조,맑음,단일로 - 기타,승용,남,19세,경상,승용,남,47세,경상
2012111700100591,2012년 11월 17일 17시,토요일,경상남도 함안군 칠원면,경상사고,0,0,2,0,차대차 - 추돌 - 주정차중,안전거리미확보,건조,맑음,단일로 - 기타,승용,남,55세,상해없음,승용,남,26세,경상
2012111700100644,2012년 11월 17일 18시,토요일,경상남도 창원시 진해구 경화동,경상사고,0,0,1,0,차대차 - 기타,중앙선침범,건조,맑음,단일로 - 기타,승용,남,61세,기타불명,승용,여,39세,경상
2012111700100645,2012년 11월 17일 18시,토요일,경상남도 통영시 정량동,경상사고,0,0,2,0,차대차 - 추돌 - 주정차중,안전운전불이행,건조,맑음,단일로 - 기타,승용,남,33세,상해없음,화물,여,52세,기타불명
2012111700100646,2012년 11월 17일 18시,토요일,경상남도 김해시 불암동,중상사고,0,1,3,0,차대차 - 추돌 - 주정차중,안전운전불이행,건조,맑음,단일로 - 기타,화물,남,22세,상해없음,화물,남,43세,중상
2012111700100647,2012년 11월 17일 18시,토요일,경상남도 거제시 옥포동,중상사고,0,1,0,0,차대사람 - 횡단중,안전운전불이행,건조,맑음,교차로 - 교차로부근,이륜,남,18세,상해없음,보행자,남,9세,중상
2012111700100706,2012년 11월 17일 20시,토요일,경상남도 통영시 무전동,경상사고,0,0,1,0,차대사람 - 횡단중,안전운전불이행,건조,맑음,단일로 - 기타,승용,남,41세,상해없음,보행자,남,30세,경상
2012111700100707,2012년 11월 17일 20시,토요일,경상남도 고성군 거류면,경상사고,0,0,1,0,차대사람 - 길가장자리구역통행중,안전운전불이행,건조,맑음,단일로 - 기타,승용,남,39세,상해없음,보행자,남,43세,경상
2012111700100708,2012년 11월 17일 20시,토요일,경상남도 창원시 성산구 성주동,경상사고,0,0,1,0,차대차 - 측면직각충돌,안전운전불이행,건조,맑음,교차로 - 교차로부근,승용,남,38세,상해없음,승용,남,39세,상해없음