사고번호,사고일시,요일,시군구,사고내용,사망자수,중상자수,경상자수,부상신고자수,사고유형,법규위반,노면상태,기상상태,도로형태,가해운전자 차종,가해운전자 성별,가해운전자 연령,가해운전자 상해정도,피해운전자 차종,피해운전자 성별,피해운전자 연령,피해운전자 상해정도
2012112400100326,2012년 11월 24일 13시,토요일,경상남도 김해시 내동,경상사고,0,0,1,0,차대차 - 측면직각충돌,교차로운행방법위반,건조,맑음,교차로 - 교차로안,승용,여,41세,상해없음,승용,여,42세,경상
2012112400100327,2012년 11월 24일 13시,토요일,경상남도 함안군 군북면,경상사고,0,0,1,0,차대차 - 측면직각충돌,안전운전불이행,건조,맑음,단일로 - 기타,승용,남,29세,상해없음,이륜,남,73세,경상
2012112400100394,2012년 11월 24일 15시,토요일,경상남도 창원시 마산합포구 월영동,중상사고,0,1,0,0,차대사람 - 차도통행중,안전운전불이행,건조,맑음,단일로 - 기타,건설기계,남,45세,상해없음,보행자,여,86세,중상
2012112400100395,2012년 11월 24일 15시,토요일,경상남도 창원시 마산합포구 완월동,중상사고,0,1,0,0,차량단독 - 기타,안전운전불이행,건조,맑음,교차로 - 교차로부근,승용,남,65세,기타불명,,,,
2012112400100396,2012년 11월 24일 15시,토요일,경상남도 진주시 하대동,경상사고,0,0,1,0,차대차 - 기타,중앙선침범,건조,맑음,단일로 - 기타,이륜,남,49세,경상,승용,여,48세,상해없음
2012112400100397,2012년 11월 24일 15시,토요일,경상남도 거제시 고현동,중상사고,0,1,0,0,차대차 - 기타,안전운전불이행,건조,맑음,교차로 - 교차로안,승용,여,27세,상해없음,이륜,여,42세,중상
2012112400100398,2012년 11월 24일 15시,토요일,경상남도 김해시 주촌면,경상사고,0,0,1,0,차대차 - 측면직각충돌,중앙선침범,건조,맑음,단일로 - 기타,승용,남,48세,상해없음,승용,여,57세,경상
2012112400100426,2012년 11월 24일 16시,토요일,경상남도 진주시 초전동,경상사고,0,0,1,0,차대사람 - 횡단중,보행자보호의무위반,건조,맑음,교차로 - 교차로부근,승용,남,39세,상해없음,보행자,여,11세,경상
2012112400100427,2012년 11월 24일 16시,토요일,경상남도 고성군 회화면,경상사고,0,0,1,0,차대사람 - 횡단중,보행자보호의무위반,건조,맑음,교차로 - 교차로부근,승용,남,32세,상해없음,보행자,여,14세,경상
2012112400100428,2012년 11월 24일 16시,토요일,경상남도 창원시 성산구 내동,경상사고,0,0,1,0,차대차 - 추돌 - 주정차중,안전운전불이행,기타,맑음,단일로 - 기타,승용,남,68세,상해없음,승용,여,50세,경상
2012112400100457,2012년 11월 24일 17시,토요일,경상남도 양산시 어곡동,경상사고,0,0,1,0,차대차 - 측면직각충돌,안전거리미확보,건조,맑음,기타 - 기타,화물,남,29세,상해없음,승용,남,35세,경상
2012112400100458,2012년 11월 24일 17시,토요일,경상남도 창원시 의창구 대원동,중상사고,0,1,0,0,차대차 - 기타,교차로운행방법위반,기타,맑음,교차로 - 교차로안,승용,남,48세,상해없음,자전거,남,59세,중상
2012112400100474,2012년 11월 24일 18시,토요일,경상남도 김해시 대동면,중상사고,0,1,0,0,차대차 - 추돌 - 주정차중,안전운전불이행,건조,맑음,단일로 - 기타,화물,남,48세,상해없음,승용,남,25세,중상
2012112400100503,2012년 11월 24일 18시,토요일,경상남도 창원시 진해구 여좌동,경상사고,0,0,1,0,차대차 - 기타,안전운전불이행,건조,맑음,교차로 - 교차로안,승용,여,50세,상해없음,원동기,남,16세,경상
2012112400100504,2012년 11월 24일 18시,토요일,경상남도 김해시 구산동,경상사고,0,0,1,0,차대차 - 측면직각충돌,안전운전불이행,건조,맑음,교차로 - 교차로안,이륜,남,30세,상해없음,이륜,남,23세,경상
2012112400100505,2012년 11월 24일 18시,토요일,경상남도 김해시 지내동,경상사고,0,0,1,0,차대사람 - 차도통행중,안전운전불이행,건조,맑음,단일로 - 기타,승용,남,48세,상해없음,보행자,여,82세,경상
2012112400100506,2012년 11월 24일 18시,토요일,경상남도 함안군 군북면,중상사고,0,1,0,0,차대차 - 측면직각충돌,중앙선침범,건조,맑음,교차로 - 교차로부근,화물,남,63세,상해없음,승용,여,55세,중상
2012112400100537,2012년 11월 24일 19시,토요일,경상남도 창원시 진해구 속천동,중상사고,0,1,0,0,차대사람 - 기타,안전운전불이행,건조,맑음,단일로 - 기타,승용,남,27세,상해없음,보행자,남,66세,중상
2012112400100538,2012년 11월 24일 19시,토요일,경상남도 양산시 물금읍,경상사고,0,0,1,0,차대차 - 측면직각충돌,안전운전불이행,건조,맑음,기타 - 기타,승용,남,44세,상해없음,화물,남,51세,상해없음
2012112400100539,2012년 11월 24일 19시,토요일,경상남도 거제시 고현동,경상사고,0,0,2,0,차대차 - 기타,안전운전불이행,건조,맑음,교차로 - 교차로안,승용,남,42세,상해없음,승용,여,32세,경상
2012112400100540,2012년 11월 24일 19시,토요일,경상남도 창원시 마산회원구 봉암동,경상사고,0,0,1,0,차대사람 - 기타,안전운전불이행,건조,맑음,단일로 - 기타,화물,남,53세,상해없음,보행자,남,47세,경상
2012112400100566,2012년 11월 24일 20시,토요일,경상남도 진주시 상봉동,중상사고,0,1,0,0,차대사람 - 기타,안전운전불이행,건조,맑음,단일로 - 기타,승용,남,48세,상해없음,보행자,남,51세,중상
2012112400100567,2012년 11월 24일 20시,토요일,경상남도 김해시 외동,경상사고,0,0,1,0,차대차 - 추돌 - 주정차중,안전운전불이행,건조,맑음,단일로 - 기타,승용,여,50세,상해없음,이륜,남,17세,경상
2012112400100568,2012년 11월 24일 20시,토요일,경상남도 양산시 북부동,중상사고,0,1,2,0,차대차 - 측면직각충돌,신호위반,건조,맑음,교차로 - 교차로안,승용,남,47세,상해없음,승용,남,47세,경상
2012112400100569,2012년 11월 24일 20시,토요일,경상남도 김해시 풍유동,중상사고,0,1,0,0,차대차 - 기타,교차로운행방법위반,건조,맑음,교차로 - 교차로안,승용,남,57세,상해없음,승용,여,29세,중상
2012112400100588,2012년 11월 24일 21시,토요일,경상남도 김해시 대동면,경상사고,0,0,2,0,차대차 - 기타,안전거리미확보,건조,맑음,단일로 - 기타,기타불명,기타불명,기타불명,기타불명,승용,남,55세,경상
2012112400100609,2012년 11월 24일 21시,토요일,경상남도 진주시 초전동,경상사고,0,0,1,0,차대사람 - 기타,보행자보호의무위반,건조,맑음,단일로 - 기타,승용,남,30세,상해없음,보행자,남,7세,경상
2012112400100610,2012년 11월 24일 21시,토요일,경상남도 창원시 진해구 이동,경상사고,0,0,2,0,차대차 - 정면충돌,중앙선침범,건조,맑음,단일로 - 기타,승용,남,44세,상해없음,승용,남,43세,경상
2012112400100611,2012년 11월 24일 21시,토요일,경상남도 사천시 사천읍,중상사고,0,2,0,0,차대차 - 측면직각충돌,교차로운행방법위반,건조,맑음,교차로 - 교차로안,승용,남,31세,상해없음,승용,여,43세,중상
2012112400100670,2012년 11월 24일 23시,토요일,경상남도 창원시 진해구 용원동,경상사고,0,0,1,0,차대차 - 추돌 - 주정차중,안전운전불이행,건조,맑음,교차로 - 교차로안,승용,남,44세,상해없음,승용,남,50세,경상
2012112400100671,2012년 11월 24일 23시,토요일,경상남도 거제시 동부면,경상사고,0,0,2,0,차대차 - 기타,중앙선침범,건조,맑음,단일로 - 기타,승용,남,42세,상해없음,승합,남,43세,상해없음
2012112500100025,2012년 11월 25일 00시,일요일,경상남도 진주시 옥봉동,경상사고,0,0,3,0,차대차 - 기타,신호위반,건조,맑음,교차로 - 교차로안,승용,남,55세,상해없음,승용,남,30세,경상
2012112500100047,2012년 11월 25일 01시,일요일,경상남도 창원시 진해구 용원동,경상사고,0,0,1,0,차대차 - 기타,안전운전불이행,건조,맑음,교차로 - 교차로부근,승용,남,46세,상해없음,승용,남,61세,경상
2012112500100062,2012년 11월 25일 02시,일요일,경상남도 창원시 마산합포구 월영동,경상사고,0,0,1,0,차대차 - 측면직각충돌,안전운전불이행,건조,맑음,교차로 - 교차로안,승용,여,53세,경상,승용,남,58세,상해없음
2012112500100080,2012년 11월 25일 03시,일요일,경상남도 양산시 하북면,사망사고,1,0,0,0,차대사람 - 횡단중,안전운전불이행,건조,맑음,단일로 - 기타,화물,남,37세,상해없음,보행자,남,38세,사망
2012112500100098,2012년 11월 25일 05시,일요일,경상남도 창원시 마산회원구 합성동,사망사고,1,1,0,0,차대사람 - 횡단중,안전운전불이행,건조,맑음,단일로 - 기타,승합,남,53세,상해없음,보행자,남,48세,사망
2012112500100119,2012년 11월 25일 07시,일요일,경상남도 밀양시 부북면,중상사고,0,1,0,0,차대차 - 정면충돌,중앙선침범,건조,맑음,단일로 - 기타,승용,남,60세,상해없음,화물,남,47세,중상
2012112500100152,2012년 11월 25일 09시,일요일,경상남도 양산시 중부동,경상사고,0,0,1,0,차대차 - 기타,직진우회전진행방해,건조,맑음,교차로 - 교차로안,승용,남,66세,상해없음,승용,남,53세,상해없음
2012112500100153,2012년 11월 25일 09시,일요일,경상남도 남해군 창선면,경상사고,0,0,1,0,차대차 - 추돌 - 주정차중,안전운전불이행,건조,맑음,단일로 - 기타,승합,남,62세,상해없음,승용,남,33세,상해없음
2012112500100154,2012년 11월 25일 09시,일요일,경상남도 창원시 마산회원구 회원동,부상신고사고,0,0,0,3,차대차 - 추돌 - 진행중,안전운전불이행,건조,맑음,단일로 - 기타,승용,남,44세,상해없음,승용,남,40세,부상신고
2012112500100172,2012년 11월 25일 10시,일요일,경상남도 통영시 서호동,경상사고,0,0,1,0,차대차 - 추돌 - 진행중,안전운전불이행,건조,맑음,단일로 - 기타,승용,남,53세,상해없음,원동기,남,24세,상해없음
2012112500100192,2012년 11월 25일 11시,일요일,경상남도 창원시 마산합포구 월남동2가,중상사고,0,1,0,0,차대사람 - 횡단중,보행자보호의무위반,건조,맑음,교차로 - 교차로안,승용,여,56세,상해없음,보행자,여,67세,중상
2012112500100193,2012년 11월 25일 11시,일요일,경상남도 밀양시 부북면,경상사고,0,0,1,0,차대차 - 측면직각충돌,교차로운행방법위반,건조,맑음,교차로 - 교차로안,승용,남,47세,상해없음,승용,여,44세,경상
2012112500100194,2012년 11월 25일 11시,일요일,경상남도 함안군 가야읍,중상사고,0,1,0,0,차대사람 - 기타,안전운전불이행,건조,맑음,단일로 - 기타,승용,여,64세,상해없음,보행자,남,51세,중상
2012112500100195,2012년 11월 25일 11시,일요일,경상남도 함안군 대산면,경상사고,0,0,3,0,차대차 - 기타,중앙선침범,건조,맑음,단일로 - 기타,승용,남,55세,상해없음,승용,남,29세,경상
2012112500100215,2012년 11월 25일 12시,일요일,경상남도 양산시 물금읍,부상신고사고,0,0,0,3,차대차 - 측면직각충돌,직진우회전진행방해,건조,맑음,교차로 - 교차로안,화물,남,55세,상해없음,승용,여,47세,부상신고
2012112500100290,2012년 11월 25일 15시,일요일,경상남도 창원시 마산합포구 교방동,경상사고,0,0,1,0,차대차 - 측면직각충돌,교차로운행방법위반,건조,맑음,교차로 - 교차로안,원동기,남,26세,경상,승용,남,46세,상해없음
2012112500100291,2012년 11월 25일 15시,일요일,경상남도 통영시 광도면,중상사고,0,2,2,0,차대차 - 추돌 - 진행중,안전운전불이행,건조,맑음,단일로 - 기타,승용,남,54세,상해없음,승용,남,36세,상해없음
2012112500100325,2012년 11월 25일 16시,일요일,경상남도 창원시 마산합포구 진동면,사망사고,1,0,0,0,차대차 - 추돌 - 진행중,안전거리미확보,건조,맑음,단일로 - 기타,원동기,남,49세,사망,화물,남,21세,상해없음
2012112500100356,2012년 11월 25일 17시,일요일,경상남도 남해군 이동면,부상신고사고,0,0,0,1,차대차 - 측면직각충돌,안전운전불이행,습기,흐림,단일로 - 기타,농기계,남,67세,부상신고,화물,남,47세,상해없음
2012112500100379,2012년 11월 25일 18시,일요일,경상남도 고성군 마암면,경상사고,0,0,3,0,차대차 - 측면직각충돌,안전운전불이행,건조,맑음,단일로 - 기타,승용,여,28세,상해없음,승합,남,52세,상해없음
2012112500100448,2012년 11월 25일 20시,일요일,경상남도 창원시 마산합포구 현동,중상사고,0,3,2,0,차대차 - 추돌 - 진행중,안전거리미확보,건조,맑음,단일로 - 기타,승용,남,31세,상해없음,승용,남,34세,중상
2012112500100449,2012년 11월 25일 20시,일요일,경상남도 양산시 덕계동,경상사고,0,0,1,0,차량단독 - 공작물충돌,안전운전불이행,습기,비,단일로 - 교량,승용,여,51세,상해없음,,,,
2012112500100494,2012년 11월 25일 21시,일요일,경상남도 통영시 항남동,부상신고사고,0,0,0,1,차대사람 - 횡단중,보행자보호의무위반,습기,비,교차로 - 교차로부근,기타불명,기타불명,기타불명,기타불명,보행자,남,14세,부상신고
2012112500100495,2012년 11월 25일 21시,일요일,경상남도 거제시 연초면,경상사고,0,0,1,0,차대차 - 추돌 - 주정차중,안전운전불이행,건조,맑음,교차로 - 교차로안,승용,남,48세,상해없음,승용,여,33세,경상
2012112500100496,2012년 11월 25일 21시,일요일,경상남도 창원시 의창구 북면,경상사고,0,0,4,0,차대차 - 추돌 - 주정차중,안전운전불이행,건조,흐림,단일로 - 기타,화물,남,38세,상해없음,승용,남,47세,경상
2012112500100532,2012년 11월 25일 22시,일요일,경상남도 창원시 의창구 봉곡동,부상신고사고,0,0,0,1,차대차 - 기타,안전운전불이행,습기,비,교차로 - 교차로안,원동기,남,18세,부상신고,승용,남,46세,상해없음
2012112500100552,2012년 11월 25일 23시,일요일,경상남도 진주시 가좌동,중상사고,0,1,0,0,차대사람 - 길가장자리구역통행중,안전운전불이행,습기,비,교차로 - 교차로부근,화물,남,28세,상해없음,보행자,남,27세,중상
2012112500100553,2012년 11월 25일 23시,일요일,경상남도 창원시 진해구 이동,경상사고,0,0,2,0,차대차 - 기타,안전운전불이행,습기,비,단일로 - 기타,승용,여,29세,기타불명,승용,남,49세,기타불명
2012112500100554,2012년 11월 25일 23시,일요일,경상남도 통영시 당동,중상사고,0,1,2,0,차대차 - 추돌 - 진행중,안전운전불이행,습기,비,단일로 - 기타,승용,남,36세,상해없음,승용,남,30세,경상
2012112500100555,2012년 11월 25일 23시,일요일,경상남도 김해시 동상동,중상사고,0,1,0,0,차대차 - 추돌 - 주정차중,안전운전불이행,습기,비,교차로 - 교차로부근,승합,남,32세,상해없음,승합,여,44세,상해없음
2012112500100556,2012년 11월 25일 23시,일요일,경상남도 김해시 부원동,중상사고,0,3,2,0,차대차 - 측면직각충돌,신호위반,습기,비,교차로 - 교차로안,승용,남,34세,상해없음,승용,남,51세,경상
2012112500100557,2012년 11월 25일 23시,일요일,경상남도 거창군 거창읍,부상신고사고,0,0,0,1,차량단독 - 전도전복,안전운전불이행,건조,맑음,교차로 - 교차로부근,이륜,남,18세,부상신고,,,,
2012112500100558,2012년 11월 25일 23시,일요일,경상남도 함안군 군북면,중상사고,0,1,0,0,차량단독 - 공작물충돌,안전운전불이행,습기,비,단일로 - 기타,승용,여,55세,중상,,,,
2012112500100559,2012년 11월 25일 23시,일요일,경상남도 창원시 의창구 용호동,중상사고,0,1,0,0,차대사람 - 횡단중,보행자보호의무위반,습기,비,교차로 - 교차로부근,기타불명,기타불명,기타불명,기타불명,보행자,여,26세,중상
2012112600100019,2012년 11월 26일 00시,월요일,경상남도 사천시 축동면,경상사고,0,0,2,0,차대차 - 추돌 - 주정차중,안전운전불이행,습기,비,단일로 - 기타,승용,남,36세,상해없음,승용,여,50세,경상
2012112600100047,2012년 11월 26일 03시,월요일,경상남도 통영시 북신동,중상사고,0,1,0,0,차대차 - 측면직각충돌,중앙선침범,습기,비,교차로 - 교차로부근,승용,남,42세,상해없음,승용,남,47세,중상
2012112600100048,2012년 11월 26일 03시,월요일,경상남도 창원시 의창구 대원동,중상사고,0,1,0,0,차대차 - 정면충돌,중앙선침범,습기,비,미분류 - 미분류,승용,남,25세,상해없음,승용,남,28세,중상
2012112600100049,2012년 11월 26일 03시,월요일,경상남도 김해시 한림면,사망사고,2,1,0,0,차대차 - 측면직각충돌,안전거리미확보,습기,비,교차로 - 교차로부근,건설기계,남,50세,상해없음,승용,남,34세,중상
2012112600100054,2012년 11월 26일 04시,월요일,경상남도 양산시 중부동,중상사고,0,1,0,0,차량단독 - 공작물충돌,안전운전불이행,습기,비,단일로 - 기타,승용,여,54세,상해없음,,,,
2012112600100060,2012년 11월 26일 05시,월요일,경상남도 김해시 장유면,부상신고사고,0,0,0,1,차량단독 - 공작물충돌,안전운전불이행,습기,비,단일로 - 기타,승용,여,71세,부상신고,,,,
2012112600100082,2012년 11월 26일 06시,월요일,경상남도 김해시 생림면,중상사고,0,1,0,0,차대사람 - 횡단중,안전운전불이행,습기,흐림,단일로 - 기타,화물,남,46세,상해없음,보행자,여,79세,중상
2012112600100110,2012년 11월 26일 07시,월요일,경상남도 김해시 장유면,경상사고,0,0,3,0,차대차 - 추돌 - 주정차중,안전거리미확보,건조,맑음,단일로 - 터널,승합,남,34세,상해없음,승용,남,42세,경상
2012112600100125,2012년 11월 26일 08시,월요일,경상남도 양산시 다방동,사망사고,1,0,0,0,차대차 - 추돌 - 진행중,안전운전불이행,건조,맑음,단일로 - 기타,승용,남,41세,사망,화물,남,48세,상해없음
2012112600100146,2012년 11월 26일 08시,월요일,경상남도 통영시 무전동,경상사고,0,0,1,0,차대차 - 기타,안전운전불이행,건조,흐림,교차로 - 교차로안,승용,여,32세,상해없음,승용,여,30세,경상
2012112600100172,2012년 11월 26일 09시,월요일,경상남도 합천군 합천읍,중상사고,0,1,0,0,차대차 - 추돌 - 진행중,중앙선침범,습기,흐림,단일로 - 기타,이륜,남,72세,중상,화물,남,46세,상해없음
2012112600100173,2012년 11월 26일 09시,월요일,경상남도 함양군 함양읍,경상사고,0,0,2,0,차대차 - 측면직각충돌,교차로운행방법위반,습기,흐림,교차로 - 교차로안,승용,남,52세,상해없음,승용,남,75세,경상
2012112600100174,2012년 11월 26일 09시,월요일,경상남도 하동군 양보면,중상사고,0,1,0,0,차대차 - 정면충돌,안전운전불이행,습기,맑음,단일로 - 기타,화물,남,60세,상해없음,승용,여,60세,중상
2012112600100205,2012년 11월 26일 10시,월요일,경상남도 남해군 남면,경상사고,0,0,2,0,차대차 - 정면충돌,안전운전불이행,건조,맑음,기타 - 기타,농기계,남,73세,경상,승용,남,70세,상해없음
2012112600100231,2012년 11월 26일 11시,월요일,경상남도 거제시 일운면,경상사고,0,0,1,0,차대차 - 추돌 - 진행중,안전운전불이행,건조,맑음,단일로 - 기타,이륜,남,14세,상해없음,이륜,남,68세,기타불명
2012112600100280,2012년 11월 26일 13시,월요일,경상남도 창원시 마산합포구 월남동5가,중상사고,0,1,0,0,차대사람 - 기타,보행자보호의무위반,건조,맑음,교차로 - 교차로안,승용,여,53세,상해없음,보행자,남,75세,중상
2012112600100281,2012년 11월 26일 13시,월요일,경상남도 창원시 마산합포구 산호동,경상사고,0,0,1,0,차대차 - 측면직각충돌,안전운전불이행,건조,흐림,단일로 - 기타,화물,남,58세,상해없음,이륜,남,40세,경상
2012112600100313,2012년 11월 26일 14시,월요일,경상남도 통영시 광도면,경상사고,0,0,2,0,차대차 - 기타,안전운전불이행,건조,맑음,교차로 - 교차로안,승합,남,36세,상해없음,승용,여,39세,경상
2012112600100314,2012년 11월 26일 14시,월요일,경상남도 고성군 고성읍,경상사고,0,0,1,0,차대차 - 정면충돌,안전운전불이행,건조,맑음,단일로 - 기타,승용,남,50세,상해없음,원동기,남,52세,경상
2012112600100315,2012년 11월 26일 14시,월요일,경상남도 창원시 마산회원구 회원동,경상사고,0,0,1,0,차대차 - 추돌 - 진행중,안전운전불이행,건조,맑음,단일로 - 기타,승용,남,32세,상해없음,승용,남,47세,경상
2012112600100349,2012년 11월 26일 15시,월요일,경상남도 거제시 일운면,경상사고,0,0,1,0,차대차 - 추돌 - 진행중,안전운전불이행,건조,맑음,단일로 - 기타,승용,여,34세,상해없음,승용,여,27세,경상
2012112600100387,2012년 11월 26일 16시,월요일,경상남도 창원시 마산합포구 진동면,경상사고,0,0,1,0,차대사람 - 기타,안전운전불이행,건조,맑음,단일로 - 기타,승합,남,49세,상해없음,보행자,여,16세,경상
2012112600100428,2012년 11월 26일 17시,월요일,경상남도 밀양시 내이동,경상사고,0,0,1,0,차대차 - 측면직각충돌,안전운전불이행,건조,맑음,단일로 - 기타,승용,남,51세,상해없음,승용,여,52세,경상
2012112600100429,2012년 11월 26일 17시,월요일,경상남도 합천군 가야면,중상사고,0,1,0,0,차대사람 - 길가장자리구역통행중,안전운전불이행,건조,기타,단일로 - 기타,기타불명,기타불명,기타불명,기타불명,보행자,여,49세,중상
2012112600100430,2012년 11월 26일 17시,월요일,경상남도 하동군 금남면,경상사고,0,0,1,0,차대차 - 추돌 - 진행중,안전운전불이행,건조,맑음,단일로 - 기타,승용,남,65세,상해없음,승용,남,55세,경상
2012112600100431,2012년 11월 26일 17시,월요일,경상남도 함안군 가야읍,부상신고사고,0,0,0,1,차대사람 - 기타,안전운전불이행,건조,맑음,교차로 - 교차로부근,승용,기타불명,기타불명,기타불명,보행자,남,15세,부상신고
2012112600100478,2012년 11월 26일 18시,월요일,경상남도 진주시 이현동,중상사고,0,1,0,0,차대차 - 측면직각충돌,신호위반,건조,맑음,교차로 - 교차로안,화물,남,50세,상해없음,이륜,여,52세,중상
2012112600100479,2012년 11월 26일 18시,월요일,경상남도 밀양시 삼랑진읍,중상사고,0,1,0,0,차대차 - 추돌 - 진행중,안전운전불이행,건조,맑음,단일로 - 기타,화물,남,45세,상해없음,자전거,남,59세,중상
2012112600100480,2012년 11월 26일 18시,월요일,경상남도 거창군 거창읍,중상사고,0,1,0,0,차대차 - 추돌 - 주정차중,안전운전불이행,건조,맑음,단일로 - 기타,승용,여,38세,상해없음,승용,남,41세,중상
2012112600100481,2012년 11월 26일 18시,월요일,경상남도 양산시 물금읍,중상사고,0,1,0,0,차대차 - 측면직각충돌,중앙선침범,건조,맑음,단일로 - 기타,승용,여,58세,상해없음,원동기,남,17세,중상
2012112600100482,2012년 11월 26일 18시,월요일,경상남도 함안군 칠원면,중상사고,0,1,0,0,차대사람 - 횡단중,신호위반,건조,맑음,단일로 - 횡단보도부근,승합,여,43세,상해없음,보행자,여,12세,중상
2012112600100483,2012년 11월 26일 18시,월요일,경상남도 김해시 진영읍,경상사고,0,0,1,0,차대차 - 기타,차로위반,건조,맑음,교차로 - 교차로안,승용,여,37세,상해없음,승용,여,55세,경상
2012112600100484,2012년 11월 26일 18시,월요일,경상남도 창원시 마산회원구 구암동,경상사고,0,0,1,0,차대차 - 기타,안전운전불이행,건조,맑음,단일로 - 기타,화물,남,48세,상해없음,승용,여,48세,경상
2012112600100523,2012년 11월 26일 19시,월요일,경상남도 김해시 외동,경상사고,0,0,2,0,차대차 - 측면직각충돌,교차로운행방법위반,건조,맑음,교차로 - 교차로안,화물,남,66세,상해없음,승용,남,54세,경상
2012112600100524,2012년 11월 26일 19시,월요일,경상남도 함안군 칠원면,사망사고,2,1,0,0,차대차 - 측면직각충돌,안전운전불이행,건조,맑음,단일로 - 기타,특수,남,43세,상해없음,승용,남,33세,중상
2012112600100525,2012년 11월 26일 19시,월요일,경상남도 창원시 의창구 봉곡동,중상사고,0,1,0,0,차대사람 - 횡단중,보행자보호의무위반,건조,맑음,단일로 - 횡단보도상,승용,남,45세,상해없음,보행자,여,20세,중상
2012112600100557,2012년 11월 26일 20시,월요일,경상남도 창원시 마산합포구 월영동,경상사고,0,0,1,0,차대차 - 측면직각충돌,안전운전불이행,건조,맑음,단일로 - 기타,화물,남,47세,상해없음,승용,남,45세,경상
2012112600100558,2012년 11월 26일 20시,월요일,경상남도 거제시 상동동,경상사고,0,0,1,0,차대차 - 측면직각충돌,안전운전불이행,건조,맑음,단일로 - 기타,화물,남,54세,상해없음,승합,여,46세,경상
2012112600100559,2012년 11월 26일 20시,월요일,경상남도 창원시 성산구 상남동,경상사고,0,0,1,0,차대사람 - 기타,안전운전불이행,건조,맑음,단일로 - 기타,승용,남,25세,상해없음,보행자,여,47세,경상
2012112600100584,2012년 11월 26일 21시,월요일,경상남도 통영시 도남동,경상사고,0,0,1,0,차대차 - 추돌 - 주정차중,안전운전불이행,건조,맑음,단일로 - 기타,승용,여,51세,경상,승용,남,54세,상해없음
2012112600100585,2012년 11월 26일 21시,월요일,경상남도 거제시 고현동,부상신고사고,0,0,0,1,차대사람 - 기타,보행자보호의무위반,건조,맑음,교차로 - 교차로부근,기타불명,기타불명,기타불명,기타불명,보행자,여,14세,부상신고
2012112600100623,2012년 11월 26일 22시,월요일,경상남도 창원시 진해구 성내동,사망사고,1,0,0,0,차대사람 - 횡단중,안전운전불이행,건조,맑음,단일로 - 기타,승합,남,57세,상해없음,보행자,남,41세,사망
2012112600100658,2012년 11월 26일 23시,월요일,경상남도 진주시 봉곡동,중상사고,0,2,0,0,차대차 - 측면직각충돌,중앙선침범,습기,비,교차로 - 교차로부근,승용,남,39세,상해없음,승용,남,33세,중상
2012112600100659,2012년 11월 26일 23시,월요일,경상남도 창원시 성산구 반지동,중상사고,0,2,1,0,차대차 - 정면충돌,중앙선침범,건조,맑음,단일로 - 기타,승용,남,30세,상해없음,승용,남,56세,중상
2012112700100014,2012년 11월 27일 00시,화요일,경상남도 고성군 동해면,중상사고,0,2,0,0,차대차 - 기타,중앙선침범,건조,맑음,단일로 - 기타,승용,남,55세,상해없음,승용,남,67세,중상
2012112700100015,2012년 11월 27일 00시,화요일,경상남도 창원시 성산구 성주동,경상사고,0,0,1,0,차대차 - 추돌 - 진행중,안전운전불이행,건조,맑음,단일로 - 기타,승용,남,26세,상해없음,승용,남,53세,경상
2012112700100016,2012년 11월 27일 00시,화요일,경상남도 창원시 마산회원구 회원동,경상사고,0,0,1,0,차대차 - 측면직각충돌,안전운전불이행,건조,맑음,교차로 - 교차로안,승용,남,48세,상해없음,승용,남,55세,상해없음
2012112700100017,2012년 11월 27일 00시,화요일,경상남도 창원시 마산회원구 합성동,경상사고,0,0,1,0,차대차 - 추돌 - 주정차중,안전운전불이행,건조,맑음,단일로 - 기타,승용,여,28세,상해없음,화물,남,54세,상해없음
2012112700100045,2012년 11월 27일 03시,화요일,경상남도 사천시 곤양면,중상사고,0,3,0,0,차대차 - 추돌 - 진행중,안전운전불이행,건조,맑음,단일로 - 기타,승합,남,23세,중상,화물,남,40세,상해없음
2012112700100085,2012년 11월 27일 06시,화요일,경상남도 거제시 옥포동,중상사고,0,1,0,0,차대사람 - 기타,안전운전불이행,건조,맑음,단일로 - 기타,이륜,남,45세,상해없음,보행자,여,45세,중상
2012112700100115,2012년 11월 27일 07시,화요일,경상남도 양산시 북정동,중상사고,0,1,0,0,차대차 - 측면직각충돌,안전운전불이행,건조,맑음,교차로 - 교차로안,승용,남,25세,상해없음,승용,여,44세,중상
2012112700100116,2012년 11월 27일 07시,화요일,경상남도 거제시 장평동,중상사고,0,1,0,0,차대차 - 추돌 - 진행중,안전운전불이행,건조,맑음,기타 - 기타,자전거,남,29세,상해없음,자전거,남,37세,중상
2012112700100161,2012년 11월 27일 08시,화요일,경상남도 양산시 상북면,중상사고,0,3,8,0,차대사람 - 차도통행중,안전운전불이행,결빙,맑음,단일로 - 기타,승합,여,56세,상해없음,보행자,남,68세,경상
2012112700100162,2012년 11월 27일 08시,화요일,경상남도 김해시 장유면,경상사고,0,0,1,0,차대차 - 측면직각충돌,교차로운행방법위반,건조,맑음,교차로 - 교차로부근,승용,남,41세,상해없음,승합,여,40세,경상
2012112700100188,2012년 11월 27일 09시,화요일,경상남도 김해시 어방동,중상사고,0,1,0,0,차대차 - 측면직각충돌,신호위반,건조,맑음,교차로 - 교차로안,화물,남,49세,상해없음,승용,남,47세,중상