사고번호,사고일시,요일,시군구,사고내용,사망자수,중상자수,경상자수,부상신고자수,사고유형,법규위반,노면상태,기상상태,도로형태,가해운전자 차종,가해운전자 성별,가해운전자 연령,가해운전자 상해정도,피해운전자 차종,피해운전자 성별,피해운전자 연령,피해운전자 상해정도
2012112900100511,2012년 11월 29일 20시,목요일,경상남도 창원시 의창구 도계동,중상사고,0,1,0,0,차대차 - 기타,안전운전불이행,건조,맑음,교차로 - 교차로안,승용,남,52세,상해없음,원동기,남,16세,중상
2012112900100512,2012년 11월 29일 20시,목요일,경상남도 진주시 가좌동,중상사고,0,2,0,0,차대차 - 측면직각충돌,안전운전불이행,건조,맑음,단일로 - 기타,승용,남,46세,중상,화물,남,61세,상해없음
2012112900100547,2012년 11월 29일 21시,목요일,경상남도 김해시 대성동,경상사고,0,0,2,0,차대차 - 측면직각충돌,교차로운행방법위반,건조,맑음,단일로 - 기타,승용,남,58세,상해없음,승용,여,45세,경상
2012112900100548,2012년 11월 29일 21시,목요일,경상남도 거제시 상동동,중상사고,0,2,0,0,차대차 - 기타,안전운전불이행,건조,맑음,교차로 - 교차로안,이륜,남,27세,상해없음,이륜,남,39세,중상
2012112900100585,2012년 11월 29일 22시,목요일,경상남도 창원시 의창구 봉곡동,중상사고,0,1,1,0,차대차 - 기타,안전거리미확보,건조,맑음,교차로 - 교차로안,승용,남,45세,상해없음,승용,남,44세,경상
2012112900100614,2012년 11월 29일 23시,목요일,경상남도 진주시 신안동,중상사고,0,3,2,0,차대차 - 추돌 - 주정차중,안전운전불이행,건조,맑음,교차로 - 교차로부근,승용,남,52세,경상,승용,남,46세,중상
2012112900100615,2012년 11월 29일 23시,목요일,경상남도 거제시 고현동,경상사고,0,0,1,0,차대차 - 기타,안전운전불이행,건조,맑음,교차로 - 교차로안,승용,여,40세,상해없음,원동기,남,18세,경상
2012113000100012,2012년 11월 30일 00시,금요일,경상남도 진주시 평거동,경상사고,0,0,1,0,차대사람 - 기타,안전운전불이행,건조,맑음,교차로 - 교차로안,승용,남,39세,상해없음,보행자,여,32세,경상
2012113000100013,2012년 11월 30일 00시,금요일,경상남도 창원시 마산회원구 내서읍,경상사고,0,0,1,0,차량단독 - 공작물충돌,안전운전불이행,건조,맑음,단일로 - 교량,승용,남,37세,경상,,,,
2012113000100034,2012년 11월 30일 01시,금요일,경상남도 창원시 의창구 도계동,경상사고,0,0,2,0,차대차 - 추돌 - 주정차중,안전거리미확보,건조,맑음,교차로 - 교차로부근,승용,여,40세,상해없음,승용,남,35세,경상
2012113000100087,2012년 11월 30일 06시,금요일,경상남도 창원시 의창구 두대동,경상사고,0,0,1,0,차대차 - 측면직각충돌,안전운전불이행,건조,맑음,단일로 - 기타,승용,남,19세,상해없음,승합,남,45세,경상
2012113000100103,2012년 11월 30일 07시,금요일,경상남도 남해군 남면,중상사고,0,2,1,0,차량단독 - 전도전복,안전운전불이행,건조,맑음,단일로 - 기타,농기계,남,68세,경상,,,,
2012113000100245,2012년 11월 30일 13시,금요일,경상남도 통영시 북신동,중상사고,0,1,0,0,차대차 - 측면직각충돌,안전운전불이행,건조,맑음,단일로 - 기타,승용,남,47세,상해없음,이륜,남,39세,중상
2012113000100246,2012년 11월 30일 13시,금요일,경상남도 밀양시 삼문동,경상사고,0,0,1,0,차대차 - 측면직각충돌,교차로운행방법위반,건조,맑음,교차로 - 교차로안,화물,남,62세,상해없음,자전거,여,58세,경상
2012113000100266,2012년 11월 30일 14시,금요일,경상남도 창원시 마산합포구 진전면,경상사고,0,0,2,2,차대차 - 측면직각충돌,안전거리미확보,건조,흐림,단일로 - 기타,화물,남,67세,상해없음,승용,남,37세,경상
2012113000100295,2012년 11월 30일 15시,금요일,경상남도 밀양시 내이동,중상사고,0,1,0,0,차대차 - 측면직각충돌,중앙선침범,건조,맑음,단일로 - 기타,승용,여,51세,상해없음,이륜,남,55세,중상
2012113000100324,2012년 11월 30일 16시,금요일,경상남도 창원시 진해구 여좌동,중상사고,0,1,2,0,차대차 - 기타,안전운전불이행,건조,맑음,단일로 - 기타,승용,여,51세,상해없음,승합,남,51세,상해없음
2012113000100325,2012년 11월 30일 16시,금요일,경상남도 거창군 거창읍,중상사고,0,1,0,0,차대차 - 측면직각충돌,안전운전불이행,건조,맑음,교차로 - 교차로안,승용,남,65세,상해없음,이륜,남,79세,중상
2012113000100326,2012년 11월 30일 16시,금요일,경상남도 하동군 하동읍,중상사고,0,1,0,1,차대차 - 측면직각충돌,안전운전불이행,건조,맑음,교차로 - 교차로안,이륜,남,28세,부상신고,승용,남,46세,상해없음
2012113000100373,2012년 11월 30일 17시,금요일,경상남도 고성군 고성읍,중상사고,0,1,0,0,차대차 - 추돌 - 진행중,안전거리미확보,건조,맑음,교차로 - 교차로부근,화물,남,69세,상해없음,승용,남,70세,상해없음
2012113000100374,2012년 11월 30일 17시,금요일,경상남도 거제시 상동동,중상사고,0,2,2,0,차대차 - 기타,안전운전불이행,건조,맑음,교차로 - 교차로안,화물,남,61세,상해없음,승용,남,50세,상해없음
2012113000100375,2012년 11월 30일 17시,금요일,경상남도 창원시 성산구 성산동,중상사고,0,1,0,0,차대차 - 측면직각충돌,중앙선침범,건조,맑음,교차로 - 교차로부근,승용,남,49세,상해없음,승용,남,42세,중상
2012113000100425,2012년 11월 30일 18시,금요일,경상남도 창원시 마산합포구 월영동,중상사고,0,1,0,0,차대사람 - 횡단중,안전운전불이행,건조,맑음,단일로 - 기타,승용,남,58세,상해없음,보행자,여,14세,중상
2012113000100426,2012년 11월 30일 18시,금요일,경상남도 거제시 아주동,경상사고,0,0,1,0,차대차 - 측면직각충돌,신호위반,건조,맑음,단일로 - 횡단보도상,승용,남,42세,상해없음,자전거,남,40세,경상
2012113000100466,2012년 11월 30일 19시,금요일,경상남도 통영시 북신동,경상사고,0,0,1,0,차대사람 - 길가장자리구역통행중,안전운전불이행,건조,맑음,기타 - 기타,승용,여,34세,상해없음,보행자,남,40세,경상
2012113000100467,2012년 11월 30일 19시,금요일,경상남도 김해시 풍유동,중상사고,0,1,0,0,차대차 - 추돌 - 진행중,안전운전불이행,건조,맑음,단일로 - 기타,승용,남,23세,상해없음,승용,여,42세,중상
2012113000100468,2012년 11월 30일 19시,금요일,경상남도 김해시 진영읍,경상사고,0,0,1,0,차대차 - 추돌 - 주정차중,안전운전불이행,건조,맑음,단일로 - 기타,화물,남,53세,상해없음,승용,남,53세,경상
2012113000100506,2012년 11월 30일 20시,금요일,경상남도 김해시 삼방동,중상사고,0,1,0,0,차대차 - 측면직각충돌,중앙선침범,건조,흐림,단일로 - 기타,원동기,남,18세,상해없음,승용,남,35세,상해없음
2012113000100507,2012년 11월 30일 20시,금요일,경상남도 양산시 소주동,경상사고,0,0,1,0,차대차 - 추돌 - 주정차중,안전운전불이행,건조,맑음,교차로 - 교차로안,승용,남,33세,상해없음,승용,남,28세,경상
2012113000100508,2012년 11월 30일 20시,금요일,경상남도 거제시 거제면,사망사고,1,0,0,0,차대사람 - 기타,안전운전불이행,건조,맑음,교차로 - 교차로안,화물,남,58세,상해없음,보행자,남,48세,사망
2012113000100509,2012년 11월 30일 20시,금요일,경상남도 창원시 마산회원구 석전동,경상사고,0,0,1,0,차대사람 - 기타,기타,건조,맑음,기타 - 기타,승용,남,46세,상해없음,보행자,남,58세,경상
2012113000100527,2012년 11월 30일 21시,금요일,경상남도 김해시 대동면,중상사고,0,1,0,0,차량단독 - 기타,안전운전불이행,건조,맑음,단일로 - 기타,승합,남,68세,상해없음,,,,
2012113000100544,2012년 11월 30일 21시,금요일,경상남도 창원시 마산합포구 해운동,경상사고,0,0,1,0,차대차 - 측면직각충돌,안전운전불이행,건조,흐림,교차로 - 교차로부근,승용,남,65세,상해없음,승용,남,34세,경상
2012113000100545,2012년 11월 30일 21시,금요일,경상남도 김해시 삼정동,중상사고,0,1,1,0,차대차 - 측면직각충돌,교차로운행방법위반,건조,맑음,교차로 - 교차로안,승용,남,23세,상해없음,원동기,여,60세,경상
2012113000100546,2012년 11월 30일 21시,금요일,경상남도 양산시 중부동,중상사고,0,1,0,0,차대차 - 측면직각충돌,안전운전불이행,건조,맑음,교차로 - 교차로안,승용,남,29세,기타불명,승용,남,39세,기타불명
2012113000100547,2012년 11월 30일 21시,금요일,경상남도 거제시 고현동,중상사고,0,1,0,0,차대차 - 측면직각충돌,안전운전불이행,건조,맑음,교차로 - 교차로안,승용,여,43세,상해없음,이륜,남,28세,중상
2012113000100628,2012년 11월 30일 23시,금요일,경상남도 창원시 진해구 석동,경상사고,0,0,1,0,차대사람 - 횡단중,교차로운행방법위반,건조,맑음,교차로 - 교차로안,승용,남,48세,상해없음,보행자,남,32세,경상
2012113000100629,2012년 11월 30일 23시,금요일,경상남도 양산시 덕계동,사망사고,1,0,0,0,차대사람 - 차도통행중,안전운전불이행,건조,맑음,단일로 - 기타,승용,남,32세,상해없음,보행자,남,22세,사망
2012113000100630,2012년 11월 30일 23시,금요일,경상남도 거제시 고현동,중상사고,0,1,0,0,차대차 - 추돌 - 주정차중,안전운전불이행,건조,맑음,단일로 - 기타,화물,남,42세,상해없음,이륜,남,33세,기타불명
2012113000100631,2012년 11월 30일 23시,금요일,경상남도 거제시 연초면,중상사고,0,1,0,0,차대사람 - 보도통행중,보행자보호의무위반,건조,맑음,단일로 - 횡단보도상,승용,남,40세,상해없음,보행자,남,43세,중상
2012113000100632,2012년 11월 30일 23시,금요일,경상남도 창원시 마산회원구 회원동,경상사고,0,0,1,0,차대사람 - 횡단중,신호위반,건조,맑음,단일로 - 기타,승용,남,51세,상해없음,보행자,여,35세,경상
2012120100100020,2012년 12월 1일 00시,토요일,경상남도 거제시 장평동,중상사고,0,2,0,0,차대차 - 추돌 - 진행중,안전운전불이행,건조,맑음,단일로 - 기타,승용,여,48세,상해없음,화물,남,44세,중상
2012120100100086,2012년 12월 1일 02시,토요일,경상남도 통영시 항남동,경상사고,0,0,1,0,차대차 - 측면직각충돌,안전운전불이행,건조,맑음,단일로 - 기타,이륜,남,26세,경상,승용,남,43세,상해없음
2012120100100087,2012년 12월 1일 02시,토요일,경상남도 김해시 어방동,경상사고,0,0,1,0,차대사람 - 보도통행중,안전운전불이행,건조,맑음,교차로 - 교차로부근,승용,여,29세,상해없음,보행자,남,62세,경상
2012120100100101,2012년 12월 1일 03시,토요일,경상남도 창원시 마산회원구 봉암동,중상사고,0,1,2,0,차대차 - 정면충돌,중앙선침범,건조,맑음,교차로 - 교차로부근,승용,남,29세,상해없음,승용,남,42세,경상
2012120100100126,2012년 12월 1일 05시,토요일,경상남도 거제시 고현동,경상사고,0,0,2,0,차대차 - 추돌 - 주정차중,안전운전불이행,건조,맑음,단일로 - 기타,승용,남,44세,상해없음,승용,남,32세,경상
2012120100100143,2012년 12월 1일 06시,토요일,경상남도 진주시 상대동,사망사고,1,0,0,0,차대사람 - 횡단중,안전운전불이행,건조,맑음,단일로 - 기타,승합,남,52세,상해없음,보행자,여,78세,사망
2012120100100144,2012년 12월 1일 06시,토요일,경상남도 창원시 진해구 장천동,경상사고,0,0,2,0,차대차 - 추돌 - 진행중,안전운전불이행,건조,맑음,단일로 - 기타,승용,남,29세,상해없음,승용,남,52세,경상
2012120100100145,2012년 12월 1일 06시,토요일,경상남도 통영시 광도면,중상사고,0,1,0,0,차대차 - 추돌 - 진행중,안전운전불이행,건조,맑음,단일로 - 기타,승합,남,43세,상해없음,이륜,남,37세,중상
2012120100100162,2012년 12월 1일 07시,토요일,경상남도 창원시 의창구 북면,중상사고,0,1,0,0,차대사람 - 기타,안전운전불이행,건조,맑음,교차로 - 교차로안,건설기계,남,55세,상해없음,보행자,남,44세,중상
2012120100100243,2012년 12월 1일 10시,토요일,경상남도 산청군 단성면,중상사고,0,1,1,0,차대차 - 측면직각충돌,중앙선침범,건조,맑음,단일로 - 기타,건설기계,남,39세,상해없음,승용,남,70세,중상
2012120100100244,2012년 12월 1일 10시,토요일,경상남도 창원시 성산구 남양동,중상사고,0,1,0,0,차대차 - 측면직각충돌,직진우회전진행방해,건조,맑음,교차로 - 교차로안,승용,남,49세,상해없음,승용,여,41세,중상
2012120100100302,2012년 12월 1일 12시,토요일,경상남도 양산시 물금읍,경상사고,0,0,2,0,차대차 - 측면직각충돌,교차로운행방법위반,건조,맑음,교차로 - 교차로안,승용,여,47세,상해없음,승용,남,57세,경상
2012120100100303,2012년 12월 1일 12시,토요일,경상남도 창원시 마산회원구 합성동,경상사고,0,0,1,0,차대사람 - 길가장자리구역통행중,안전운전불이행,건조,맑음,교차로 - 교차로안,승용,남,24세,상해없음,보행자,남,50세,경상
2012120100100304,2012년 12월 1일 12시,토요일,경상남도 창원시 의창구 봉곡동,중상사고,0,1,1,0,차대차 - 추돌 - 진행중,안전거리미확보,건조,맑음,교차로 - 교차로부근,화물,남,42세,상해없음,승용,여,60세,중상
2012120100100351,2012년 12월 1일 14시,토요일,경상남도 사천시 벌리동,경상사고,0,0,1,0,차대사람 - 횡단중,보행자보호의무위반,건조,맑음,단일로 - 기타,승용,남,43세,상해없음,보행자,남,7세,경상
2012120100100352,2012년 12월 1일 14시,토요일,경상남도 김해시 내동,중상사고,0,1,0,0,차대사람 - 기타,안전운전불이행,건조,맑음,단일로 - 기타,원동기,남,34세,상해없음,보행자,남,11세,중상
2012120100100353,2012년 12월 1일 14시,토요일,경상남도 김해시 내동,경상사고,0,0,1,0,차대차 - 추돌 - 진행중,안전운전불이행,건조,맑음,교차로 - 교차로안,화물,여,55세,상해없음,승용,남,39세,경상
2012120100100354,2012년 12월 1일 14시,토요일,경상남도 김해시 대동면,중상사고,0,1,0,0,차대차 - 측면직각충돌,교차로운행방법위반,건조,맑음,교차로 - 교차로안,화물,남,57세,상해없음,원동기,남,60세,중상
2012120100100355,2012년 12월 1일 14시,토요일,경상남도 거제시 장평동,경상사고,0,0,1,0,차대차 - 기타,안전운전불이행,건조,맑음,단일로 - 기타,승용,여,40세,상해없음,이륜,남,44세,경상
2012120100100356,2012년 12월 1일 14시,토요일,경상남도 진주시 가좌동,중상사고,0,1,0,0,차대차 - 측면직각충돌,안전거리미확보,건조,맑음,단일로 - 기타,특수,기타불명,기타불명,기타불명,승용,남,31세,상해없음
2012120100100388,2012년 12월 1일 15시,토요일,경상남도 거창군 가조면,중상사고,0,1,1,0,차대차 - 측면직각충돌,교차로운행방법위반,건조,맑음,교차로 - 교차로안,승용,남,54세,상해없음,승용,남,37세,경상
2012120100100389,2012년 12월 1일 15시,토요일,경상남도 창녕군 도천면,경상사고,0,0,1,0,차대차 - 추돌 - 진행중,안전운전불이행,건조,맑음,단일로 - 기타,승용,남,48세,상해없음,화물,남,55세,상해없음
2012120100100390,2012년 12월 1일 15시,토요일,경상남도 창원시 마산회원구 내서읍,경상사고,0,0,2,0,차대차 - 추돌 - 진행중,안전운전불이행,건조,맑음,교차로 - 교차로안,승용,여,44세,상해없음,승용,여,41세,경상
2012120100100391,2012년 12월 1일 15시,토요일,경상남도 김해시 한림면,중상사고,0,1,0,0,차대차 - 기타,안전운전불이행,건조,맑음,단일로 - 기타,화물,남,27세,중상,건설기계,남,40세,상해없음
2012120100100431,2012년 12월 1일 16시,토요일,경상남도 통영시 욕지면,사망사고,1,2,0,0,차량단독 - 도로외이탈 - 추락,안전운전불이행,건조,맑음,단일로 - 기타,승용,여,49세,사망,,,,
2012120100100432,2012년 12월 1일 16시,토요일,경상남도 거제시 능포동,중상사고,0,2,2,0,차대차 - 측면직각충돌,신호위반,건조,맑음,교차로 - 교차로안,승용,여,30세,상해없음,승용,남,42세,중상
2012120100100433,2012년 12월 1일 16시,토요일,경상남도 창원시 마산합포구 상남동,부상신고사고,0,0,0,1,차대차 - 측면직각충돌,교차로운행방법위반,건조,맑음,교차로 - 교차로안,승용,남,52세,상해없음,원동기,남,17세,부상신고
2012120100100471,2012년 12월 1일 17시,토요일,경상남도 거제시 연초면,중상사고,0,1,0,0,차대사람 - 횡단중,안전운전불이행,건조,맑음,단일로 - 기타,승용,남,51세,상해없음,보행자,여,77세,중상
2012120100100472,2012년 12월 1일 17시,토요일,경상남도 함안군 칠원면,부상신고사고,0,0,0,1,차대사람 - 기타,안전운전불이행,건조,맑음,교차로 - 교차로부근,승용,남,24세,상해없음,보행자,여,60세,부상신고
2012120100100473,2012년 12월 1일 17시,토요일,경상남도 창원시 의창구 북면,중상사고,0,1,0,0,차대차 - 측면직각충돌,교차로운행방법위반,건조,맑음,교차로 - 교차로안,승용,남,68세,상해없음,화물,남,49세,중상
2012120100100474,2012년 12월 1일 17시,토요일,경상남도 창원시 의창구 명서동,중상사고,0,1,0,0,차대차 - 추돌 - 진행중,안전거리미확보,건조,맑음,단일로 - 기타,승용,남,33세,상해없음,승용,여,60세,중상
2012120100100475,2012년 12월 1일 17시,토요일,경상남도 창원시 의창구 동읍,경상사고,0,0,1,0,차대사람 - 기타,안전운전불이행,건조,맑음,교차로 - 교차로부근,화물,남,58세,상해없음,보행자,남,20세,경상
2012120100100476,2012년 12월 1일 17시,토요일,경상남도 김해시 장유면,중상사고,0,1,0,0,차대차 - 측면직각충돌,안전운전불이행,건조,맑음,단일로 - 기타,승용,남,21세,상해없음,이륜,남,34세,중상
2012120100100535,2012년 12월 1일 18시,토요일,경상남도 창원시 마산합포구 완월동,중상사고,0,2,1,0,차대차 - 측면직각충돌,교차로운행방법위반,건조,맑음,교차로 - 교차로안,승용,여,50세,상해없음,승용,여,50세,경상
2012120100100536,2012년 12월 1일 18시,토요일,경상남도 사천시 곤명면,중상사고,0,2,1,0,차대차 - 측면직각충돌,안전운전불이행,건조,맑음,단일로 - 기타,화물,남,50세,상해없음,승용,남,58세,중상
2012120100100537,2012년 12월 1일 18시,토요일,경상남도 거제시 장승포동,중상사고,0,1,0,0,차대사람 - 차도통행중,기타,건조,맑음,단일로 - 기타,승용,남,29세,상해없음,보행자,남,44세,중상
2012120100100563,2012년 12월 1일 19시,토요일,경상남도 밀양시 삼문동,경상사고,0,0,1,0,차대차 - 측면직각충돌,안전운전불이행,건조,맑음,단일로 - 기타,승용,남,28세,상해없음,화물,남,33세,경상
2012120100100597,2012년 12월 1일 20시,토요일,경상남도 창원시 진해구 덕산동,경상사고,0,0,1,0,차대차 - 측면직각충돌,직진우회전진행방해,습기,비,교차로 - 교차로안,승용,남,47세,상해없음,승용,남,22세,경상
2012120100100598,2012년 12월 1일 20시,토요일,경상남도 함양군 수동면,중상사고,0,1,0,0,차대차 - 정면충돌,중앙선침범,건조,맑음,단일로 - 기타,승용,남,60세,상해없음,원동기,남,51세,중상
2012120100100599,2012년 12월 1일 20시,토요일,경상남도 김해시 전하동,경상사고,0,0,2,0,차대차 - 측면직각충돌,신호위반,건조,맑음,교차로 - 교차로안,화물,남,58세,상해없음,승용,남,58세,경상
2012120100100630,2012년 12월 1일 21시,토요일,경상남도 김해시 내동,중상사고,0,1,0,0,차대사람 - 횡단중,안전운전불이행,건조,맑음,교차로 - 교차로부근,승용,여,42세,상해없음,보행자,여,12세,중상
2012120100100631,2012년 12월 1일 21시,토요일,경상남도 양산시 신기동,경상사고,0,0,3,0,차대차 - 측면직각충돌,안전운전불이행,습기,비,교차로 - 교차로부근,화물,남,38세,상해없음,승용,남,35세,경상
2012120100100632,2012년 12월 1일 21시,토요일,경상남도 창원시 성산구 상남동,중상사고,0,1,0,0,차대차 - 기타,안전거리미확보,건조,맑음,교차로 - 교차로부근,승용,남,43세,상해없음,원동기,남,18세,중상
2012120200100018,2012년 12월 2일 00시,일요일,경상남도 창원시 진해구 이동,경상사고,0,0,5,0,차대차 - 측면직각충돌,직진우회전진행방해,건조,맑음,교차로 - 교차로안,승용,남,52세,상해없음,승용,남,50세,경상
2012120200100019,2012년 12월 2일 00시,일요일,경상남도 창원시 성산구 사파동,경상사고,0,0,1,0,차대차 - 측면직각충돌,신호위반,건조,맑음,교차로 - 교차로안,승용,남,40세,상해없음,승용,남,38세,경상
2012120200100038,2012년 12월 2일 01시,일요일,경상남도 진주시 문산읍,사망사고,1,0,0,0,차대차 - 추돌 - 진행중,안전운전불이행,건조,맑음,단일로 - 기타,승용,남,63세,상해없음,농기계,남,69세,사망
2012120200100063,2012년 12월 2일 02시,일요일,경상남도 창녕군 창녕읍,부상신고사고,0,0,0,1,차량단독 - 공작물충돌,안전운전불이행,건조,맑음,단일로 - 기타,화물,남,33세,부상신고,,,,
2012120200100064,2012년 12월 2일 02시,일요일,경상남도 창원시 의창구 봉곡동,중상사고,0,1,0,0,차대차 - 측면직각충돌,교차로운행방법위반,건조,맑음,교차로 - 교차로안,승용,남,56세,상해없음,승용,여,32세,상해없음
2012120200100080,2012년 12월 2일 03시,일요일,경상남도 남해군 창선면,중상사고,0,1,1,0,차량단독 - 공작물충돌,안전운전불이행,건조,맑음,기타 - 기타,승용,남,50세,경상,,,,
2012120200100081,2012년 12월 2일 03시,일요일,경상남도 창원시 의창구 신월동,경상사고,0,0,1,0,차대차 - 측면직각충돌,직진우회전진행방해,건조,맑음,교차로 - 교차로안,승용,남,52세,상해없음,화물,남,47세,경상
2012120200100082,2012년 12월 2일 03시,일요일,경상남도 창원시 의창구 대산면,사망사고,1,0,0,0,차량단독 - 도로외이탈 - 추락,안전운전불이행,건조,맑음,교차로 - 교차로부근,승용,남,59세,사망,,,,
2012120200100140,2012년 12월 2일 09시,일요일,경상남도 창원시 마산합포구 진동면,중상사고,0,1,0,0,차대사람 - 기타,안전운전불이행,습기,비,기타 - 기타,승용,남,51세,상해없음,보행자,여,76세,중상
2012120200100141,2012년 12월 2일 09시,일요일,경상남도 창원시 진해구 이동,부상신고사고,0,0,0,1,차대차 - 기타,신호위반,습기,비,교차로 - 교차로안,원동기,남,52세,부상신고,승용,남,36세,상해없음
2012120200100167,2012년 12월 2일 10시,일요일,경상남도 창녕군 남지읍,부상신고사고,0,0,0,1,차대차 - 추돌 - 주정차중,안전운전불이행,습기,비,교차로 - 교차로안,원동기,여,53세,부상신고,승용,남,53세,상해없음
2012120200100168,2012년 12월 2일 10시,일요일,경상남도 창원시 의창구 봉곡동,중상사고,0,1,1,0,차대차 - 추돌 - 진행중,안전운전불이행,습기,비,교차로 - 교차로부근,승용,남,64세,상해없음,승용,남,63세,경상
2012120200100183,2012년 12월 2일 11시,일요일,경상남도 창원시 의창구 팔용동,중상사고,0,1,3,0,차대차 - 추돌 - 주정차중,안전운전불이행,건조,맑음,교차로 - 교차로부근,승합,남,55세,상해없음,승용,남,31세,경상
2012120200100230,2012년 12월 2일 13시,일요일,경상남도 통영시 항남동,경상사고,0,0,1,0,차대차 - 기타,안전운전불이행,건조,흐림,단일로 - 기타,승용,남,22세,상해없음,승용,남,50세,상해없음
2012120200100231,2012년 12월 2일 13시,일요일,경상남도 통영시 광도면,경상사고,0,0,1,0,차대차 - 기타,안전운전불이행,건조,흐림,교차로 - 교차로안,승용,여,38세,상해없음,승용,여,38세,경상
2012120200100232,2012년 12월 2일 13시,일요일,경상남도 김해시 어방동,중상사고,0,1,0,0,차대차 - 측면직각충돌,신호위반,습기,비,교차로 - 교차로안,승용,여,43세,상해없음,이륜,남,69세,중상
2012120200100249,2012년 12월 2일 14시,일요일,경상남도 통영시 중앙동,경상사고,0,0,1,0,차대차 - 측면직각충돌,안전운전불이행,건조,맑음,단일로 - 기타,화물,남,35세,상해없음,승용,남,33세,경상
2012120200100250,2012년 12월 2일 14시,일요일,경상남도 밀양시 내일동,중상사고,0,1,0,0,차대차 - 추돌 - 진행중,안전운전불이행,건조,맑음,단일로 - 기타,승용,남,54세,상해없음,승용,여,47세,중상
2012120200100274,2012년 12월 2일 15시,일요일,경상남도 양산시 명동,중상사고,0,1,1,0,차대차 - 측면직각충돌,신호위반,건조,맑음,교차로 - 교차로안,승용,남,49세,상해없음,승용,남,36세,경상
2012120200100298,2012년 12월 2일 16시,일요일,경상남도 진주시 옥봉동,중상사고,0,1,2,0,차대차 - 측면직각충돌,안전거리미확보,건조,맑음,단일로 - 기타,승용,남,60세,상해없음,화물,남,53세,경상
2012120200100299,2012년 12월 2일 16시,일요일,경상남도 창원시 진해구 용원동,경상사고,0,0,1,0,차대사람 - 기타,안전운전불이행,건조,맑음,기타 - 기타,승용,여,54세,상해없음,보행자,남,33세,경상
2012120200100330,2012년 12월 2일 17시,일요일,경상남도 통영시 무전동,중상사고,0,1,0,0,차대차 - 기타,안전운전불이행,건조,흐림,교차로 - 교차로안,승합,남,61세,상해없음,원동기,남,36세,중상
2012120200100331,2012년 12월 2일 17시,일요일,경상남도 김해시 삼정동,경상사고,0,0,1,0,차대사람 - 차도통행중,안전운전불이행,건조,흐림,단일로 - 기타,승용,남,44세,상해없음,보행자,남,58세,경상
2012120200100356,2012년 12월 2일 18시,일요일,경상남도 진주시 상대동,경상사고,0,0,1,0,차대차 - 측면직각충돌,안전운전불이행,건조,맑음,단일로 - 기타,승용,남,20세,상해없음,승용,남,33세,경상
2012120200100357,2012년 12월 2일 18시,일요일,경상남도 통영시 무전동,경상사고,0,0,3,0,차대차 - 기타,교차로운행방법위반,건조,맑음,교차로 - 교차로부근,승용,남,49세,상해없음,승용,여,47세,경상
2012120200100358,2012년 12월 2일 18시,일요일,경상남도 통영시 태평동,중상사고,0,1,0,0,차대사람 - 횡단중,안전운전불이행,건조,맑음,교차로 - 교차로안,승용,남,28세,상해없음,보행자,남,61세,중상
2012120200100359,2012년 12월 2일 18시,일요일,경상남도 창원시 성산구 반림동,중상사고,0,1,0,0,차대사람 - 기타,안전운전불이행,건조,맑음,단일로 - 기타,이륜,남,26세,상해없음,보행자,여,65세,중상
2012120200100383,2012년 12월 2일 19시,일요일,경상남도 사천시 동림동,경상사고,0,0,1,0,차대사람 - 기타,안전운전불이행,건조,맑음,단일로 - 기타,화물,남,44세,상해없음,보행자,여,61세,경상
2012120200100384,2012년 12월 2일 19시,일요일,경상남도 사천시 사천읍,경상사고,0,0,2,0,차대차 - 추돌 - 주정차중,안전운전불이행,건조,맑음,교차로 - 교차로부근,승용,남,26세,경상,화물,남,32세,상해없음
2012120200100385,2012년 12월 2일 19시,일요일,경상남도 창원시 의창구 사림동,중상사고,0,1,0,0,차대차 - 기타,신호위반,건조,맑음,교차로 - 교차로안,승용,남,26세,상해없음,승용,남,25세,중상
2012120200100386,2012년 12월 2일 19시,일요일,경상남도 창원시 성산구 외동,중상사고,0,1,0,0,차대차 - 기타,안전운전불이행,건조,맑음,단일로 - 기타,승용,남,26세,상해없음,승용,여,45세,중상
2012120200100422,2012년 12월 2일 20시,일요일,경상남도 창녕군 도천면,중상사고,0,2,0,1,차대차 - 측면직각충돌,교차로운행방법위반,건조,맑음,교차로 - 교차로안,승용,남,51세,부상신고,승용,남,25세,중상
2012120200100449,2012년 12월 2일 21시,일요일,경상남도 창원시 의창구 팔용동,경상사고,0,0,3,0,차대차 - 추돌 - 주정차중,안전운전불이행,건조,맑음,교차로 - 교차로부근,화물,남,50세,상해없음,승용,남,27세,경상
2012120200100458,2012년 12월 2일 22시,일요일,경상남도 김해시 진례면,중상사고,0,3,0,0,차대차 - 추돌 - 진행중,안전거리미확보,건조,맑음,단일로 - 기타,특수,남,58세,상해없음,승용,여,39세,중상
2012120200100467,2012년 12월 2일 22시,일요일,경상남도 창녕군 영산면,중상사고,0,1,0,0,차대차 - 추돌 - 진행중,안전운전불이행,건조,맑음,단일로 - 기타,승용,여,32세,상해없음,농기계,남,53세,중상
2012120200100484,2012년 12월 2일 23시,일요일,경상남도 창원시 마산합포구 구산면,부상신고사고,0,0,0,1,차량단독 - 기타,안전운전불이행,건조,맑음,단일로 - 기타,승용,남,46세,부상신고,,,,