사고번호,사고일시,요일,시군구,사고내용,사망자수,중상자수,경상자수,부상신고자수,사고유형,법규위반,노면상태,기상상태,도로형태,가해운전자 차종,가해운전자 성별,가해운전자 연령,가해운전자 상해정도,피해운전자 차종,피해운전자 성별,피해운전자 연령,피해운전자 상해정도
2012120200100485,2012년 12월 2일 23시,일요일,경상남도 양산시 주진동,중상사고,0,2,0,0,차대차 - 추돌 - 진행중,안전운전불이행,건조,맑음,교차로 - 교차로부근,승용,남,36세,상해없음,승용,남,34세,중상
2012120300100007,2012년 12월 3일 00시,월요일,경상남도 김해시 삼정동,중상사고,0,1,0,0,차량단독 - 공작물충돌,안전운전불이행,건조,맑음,단일로 - 기타,승용,여,38세,중상,,,,
2012120300100020,2012년 12월 3일 02시,월요일,경상남도 김해시 장유면,경상사고,0,0,1,0,차량단독 - 공작물충돌,안전운전불이행,습기,안개,단일로 - 기타,승용,남,44세,경상,,,,
2012120300100066,2012년 12월 3일 06시,월요일,경상남도 김해시 삼정동,경상사고,0,0,5,0,차대차 - 추돌 - 진행중,안전운전불이행,건조,맑음,교차로 - 교차로안,승용,남,38세,상해없음,승용,남,19세,경상
2012120300100087,2012년 12월 3일 07시,월요일,경상남도 함양군 안의면,중상사고,0,1,0,0,차대차 - 정면충돌,중앙선침범,건조,맑음,단일로 - 기타,원동기,남,37세,상해없음,자전거,남,73세,중상
2012120300100146,2012년 12월 3일 09시,월요일,경상남도 통영시 무전동,경상사고,0,0,1,0,차대사람 - 기타,안전운전불이행,건조,맑음,단일로 - 기타,승합,남,57세,상해없음,보행자,여,56세,경상
2012120300100147,2012년 12월 3일 09시,월요일,경상남도 함안군 가야읍,경상사고,0,0,1,0,차대차 - 측면직각충돌,교차로운행방법위반,습기,안개,교차로 - 교차로안,화물,남,56세,상해없음,승용,남,73세,상해없음
2012120300100172,2012년 12월 3일 10시,월요일,경상남도 거창군 거창읍,중상사고,0,1,0,0,차대사람 - 횡단중,안전운전불이행,건조,맑음,교차로 - 교차로안,승용,여,68세,상해없음,보행자,남,83세,중상
2012120300100217,2012년 12월 3일 12시,월요일,경상남도 진주시 장대동,경상사고,0,0,1,0,차대차 - 측면직각충돌,교차로운행방법위반,건조,맑음,교차로 - 교차로안,이륜,남,82세,경상,승용,여,54세,상해없음
2012120300100218,2012년 12월 3일 12시,월요일,경상남도 거창군 거창읍,중상사고,0,1,0,0,차대사람 - 기타,안전운전불이행,건조,맑음,단일로 - 기타,승용,여,45세,상해없음,보행자,여,70세,중상
2012120300100256,2012년 12월 3일 13시,월요일,경상남도 거제시 상동동,경상사고,0,0,3,0,차대차 - 추돌 - 진행중,안전운전불이행,건조,맑음,기타 - 기타,승용,남,29세,상해없음,승용,여,39세,경상
2012120300100257,2012년 12월 3일 13시,월요일,경상남도 김해시 진영읍,중상사고,0,1,0,0,차대사람 - 차도통행중,안전운전불이행,건조,맑음,교차로 - 교차로안,승용,여,46세,상해없음,보행자,여,81세,중상
2012120300100347,2012년 12월 3일 16시,월요일,경상남도 통영시 북신동,경상사고,0,0,1,0,차대사람 - 횡단중,보행자보호의무위반,건조,맑음,교차로 - 교차로부근,승용,여,39세,상해없음,보행자,여,18세,경상
2012120300100348,2012년 12월 3일 16시,월요일,경상남도 함양군 함양읍,사망사고,1,0,0,0,차대차 - 측면직각충돌,교차로운행방법위반,습기,비,교차로 - 교차로안,화물,남,61세,상해없음,원동기,남,76세,사망
2012120300100349,2012년 12월 3일 16시,월요일,경상남도 양산시 덕계동,중상사고,0,1,0,0,차대사람 - 기타,안전운전불이행,건조,맑음,단일로 - 기타,승합,남,41세,상해없음,보행자,남,13세,중상
2012120300100350,2012년 12월 3일 16시,월요일,경상남도 창원시 성산구 사파동,중상사고,0,1,0,0,차대차 - 추돌 - 주정차중,안전운전불이행,기타,맑음,단일로 - 기타,승용,남,52세,상해없음,화물,여,46세,중상
2012120300100384,2012년 12월 3일 17시,월요일,경상남도 거창군 거창읍,경상사고,0,0,1,0,차대차 - 측면직각충돌,안전운전불이행,습기,흐림,교차로 - 교차로안,자전거,남,13세,상해없음,승용,남,37세,상해없음
2012120300100385,2012년 12월 3일 17시,월요일,경상남도 양산시 물금읍,중상사고,0,1,1,0,차대차 - 기타,신호위반,건조,흐림,교차로 - 교차로안,승용,남,59세,상해없음,승용,남,44세,경상
2012120300100386,2012년 12월 3일 17시,월요일,경상남도 창원시 의창구 동읍,경상사고,0,0,2,0,차대차 - 측면직각충돌,교차로운행방법위반,건조,맑음,교차로 - 교차로안,화물,남,65세,상해없음,승합,여,43세,경상
2012120300100467,2012년 12월 3일 19시,월요일,경상남도 통영시 무전동,중상사고,0,1,0,0,차대사람 - 횡단중,안전운전불이행,건조,맑음,교차로 - 교차로안,승용,남,28세,상해없음,보행자,여,65세,중상
2012120300100468,2012년 12월 3일 19시,월요일,경상남도 김해시 생림면,중상사고,0,1,0,0,차대차 - 측면직각충돌,신호위반,건조,맑음,교차로 - 교차로안,승용,남,52세,상해없음,화물,남,30세,중상
2012120300100469,2012년 12월 3일 19시,월요일,경상남도 양산시 상북면,중상사고,0,1,1,0,차대차 - 기타,안전운전불이행,건조,맑음,단일로 - 교량,승합,남,50세,상해없음,승용,여,30세,중상
2012120300100506,2012년 12월 3일 20시,월요일,경상남도 거창군 거창읍,경상사고,0,0,2,0,차대사람 - 길가장자리구역통행중,안전운전불이행,습기,비,단일로 - 기타,승용,남,48세,상해없음,보행자,여,18세,경상
2012120300100507,2012년 12월 3일 20시,월요일,경상남도 창원시 성산구 웅남동,중상사고,0,1,0,0,차대차 - 기타,교차로운행방법위반,기타,맑음,교차로 - 교차로안,화물,남,44세,상해없음,승용,남,56세,상해없음
2012120300100546,2012년 12월 3일 21시,월요일,경상남도 창원시 마산합포구 서성동,사망사고,1,0,2,0,차대차 - 추돌 - 주정차중,안전운전불이행,건조,맑음,단일로 - 기타,승용,여,29세,상해없음,승용,남,36세,경상
2012120300100547,2012년 12월 3일 21시,월요일,경상남도 창원시 진해구 충무동,중상사고,0,1,1,0,차대차 - 측면직각충돌,신호위반,건조,맑음,교차로 - 교차로안,원동기,남,17세,중상,승용,남,57세,경상
2012120300100548,2012년 12월 3일 21시,월요일,경상남도 거창군 거창읍,중상사고,0,1,0,0,차대차 - 추돌 - 진행중,안전운전불이행,습기,눈,교차로 - 교차로안,화물,남,36세,상해없음,승용,남,63세,중상
2012120300100622,2012년 12월 3일 23시,월요일,경상남도 창원시 마산합포구 중앙동3가,중상사고,0,1,0,0,차대사람 - 횡단중,보행자보호의무위반,건조,맑음,단일로 - 횡단보도상,승용,남,63세,상해없음,보행자,남,42세,중상
2012120300100623,2012년 12월 3일 23시,월요일,경상남도 김해시 봉황동,경상사고,0,0,1,0,차대사람 - 기타,안전운전불이행,건조,맑음,단일로 - 기타,승용,남,26세,상해없음,보행자,남,43세,경상
2012120400100063,2012년 12월 4일 05시,화요일,경상남도 김해시 부원동,중상사고,0,1,0,0,차대차 - 측면직각충돌,신호위반,건조,맑음,교차로 - 교차로안,승합,남,41세,상해없음,승용,남,58세,중상
2012120400100151,2012년 12월 4일 08시,화요일,경상남도 창원시 진해구 여좌동,중상사고,0,1,0,0,차량단독 - 전도전복,안전운전불이행,건조,맑음,단일로 - 기타,승용,남,59세,중상,,,,
2012120400100152,2012년 12월 4일 08시,화요일,경상남도 창녕군 남지읍,경상사고,0,0,2,0,차대차 - 측면직각충돌,안전운전불이행,건조,맑음,교차로 - 교차로안,승용,여,29세,경상,승용,남,45세,경상
2012120400100153,2012년 12월 4일 08시,화요일,경상남도 양산시 북정동,경상사고,0,0,1,0,차대차 - 기타,안전운전불이행,건조,흐림,단일로 - 기타,화물,남,58세,상해없음,승용,남,24세,경상
2012120400100154,2012년 12월 4일 08시,화요일,경상남도 의령군 의령읍,사망사고,1,0,0,0,차대차 - 측면직각충돌,안전운전불이행,건조,맑음,단일로 - 기타,건설기계,남,46세,상해없음,자전거,남,49세,사망
2012120400100188,2012년 12월 4일 09시,화요일,경상남도 창원시 마산합포구 신월동,경상사고,0,0,1,0,차대차 - 측면직각충돌,교차로운행방법위반,건조,맑음,교차로 - 교차로안,화물,남,38세,상해없음,자전거,남,73세,경상
2012120400100250,2012년 12월 4일 11시,화요일,경상남도 양산시 주남동,경상사고,0,0,1,0,차대차 - 측면직각충돌,안전운전불이행,건조,맑음,단일로 - 기타,화물,남,45세,기타불명,농기계,남,47세,경상
2012120400100276,2012년 12월 4일 12시,화요일,경상남도 사천시 용현면,중상사고,0,1,1,0,차대차 - 추돌 - 주정차중,안전운전불이행,건조,맑음,단일로 - 기타,승합,남,41세,상해없음,화물,남,61세,중상
2012120400100277,2012년 12월 4일 12시,화요일,경상남도 사천시 정동면,경상사고,0,0,1,0,차대차 - 추돌 - 주정차중,안전운전불이행,건조,맑음,기타 - 기타,승용,여,45세,상해없음,승용,여,40세,경상
2012120400100278,2012년 12월 4일 12시,화요일,경상남도 사천시 서포면,중상사고,0,1,0,0,차대차 - 측면직각충돌,안전운전불이행,건조,맑음,교차로 - 교차로안,이륜,남,62세,중상,화물,남,28세,상해없음
2012120400100279,2012년 12월 4일 12시,화요일,경상남도 김해시 삼계동,중상사고,0,1,0,0,차대차 - 측면직각충돌,교차로운행방법위반,건조,맑음,교차로 - 교차로안,화물,남,23세,상해없음,승용,여,30세,중상
2012120400100280,2012년 12월 4일 12시,화요일,경상남도 함양군 함양읍,중상사고,0,1,0,0,차대차 - 측면직각충돌,교차로운행방법위반,건조,맑음,교차로 - 교차로안,화물,남,70세,상해없음,화물,남,77세,중상
2012120400100281,2012년 12월 4일 12시,화요일,경상남도 양산시 삼호동,경상사고,0,0,1,0,차대차 - 측면직각충돌,안전운전불이행,건조,맑음,단일로 - 기타,승용,남,70세,상해없음,승용,여,35세,경상
2012120400100282,2012년 12월 4일 12시,화요일,경상남도 김해시 장유면,경상사고,0,0,1,0,차대차 - 측면직각충돌,안전운전불이행,건조,맑음,단일로 - 기타,승용,남,70세,상해없음,승용,남,30세,경상
2012120400100300,2012년 12월 4일 13시,화요일,경상남도 남해군 창선면,경상사고,0,0,1,0,차대차 - 기타,안전운전불이행,건조,맑음,기타 - 기타,승용,남,51세,상해없음,원동기,남,73세,경상
2012120400100326,2012년 12월 4일 14시,화요일,경상남도 밀양시 상남면,경상사고,0,0,1,0,차대차 - 기타,안전운전불이행,건조,맑음,단일로 - 기타,승용,여,47세,상해없음,이륜,남,49세,경상
2012120400100366,2012년 12월 4일 15시,화요일,경상남도 진주시 호탄동,경상사고,0,0,1,0,차대차 - 기타,중앙선침범,건조,맑음,단일로 - 기타,자전거,남,59세,경상,화물,남,45세,상해없음
2012120400100367,2012년 12월 4일 15시,화요일,경상남도 양산시 상북면,경상사고,0,0,3,0,차대차 - 기타,안전운전불이행,건조,맑음,단일로 - 기타,화물,남,59세,상해없음,승용,남,60세,경상
2012120400100368,2012년 12월 4일 15시,화요일,경상남도 창원시 마산회원구 석전동,중상사고,0,1,2,0,차대차 - 추돌 - 주정차중,안전운전불이행,건조,맑음,단일로 - 기타,승용,남,60세,상해없음,승용,여,50세,상해없음
2012120400100397,2012년 12월 4일 16시,화요일,경상남도 거제시 장목면,중상사고,0,1,0,0,차대사람 - 기타,기타,건조,맑음,단일로 - 기타,승합,남,56세,상해없음,보행자,여,73세,중상
2012120400100398,2012년 12월 4일 16시,화요일,경상남도 김해시 장유면,중상사고,0,1,1,0,차대차 - 추돌 - 주정차중,안전운전불이행,건조,맑음,교차로 - 교차로부근,승용,남,70세,상해없음,승용,여,62세,중상
2012120400100440,2012년 12월 4일 17시,화요일,경상남도 진주시 상봉동,중상사고,0,1,0,0,차대차 - 기타,직진우회전진행방해,건조,맑음,교차로 - 교차로안,승용,여,52세,상해없음,승용,남,34세,중상
2012120400100441,2012년 12월 4일 17시,화요일,경상남도 사천시 정동면,경상사고,0,0,1,0,차대차 - 측면직각충돌,안전운전불이행,건조,맑음,교차로 - 교차로안,승용,여,47세,상해없음,승용,남,43세,경상
2012120400100442,2012년 12월 4일 17시,화요일,경상남도 거창군 거창읍,중상사고,0,1,0,0,차대차 - 측면직각충돌,교차로운행방법위반,건조,맑음,교차로 - 교차로안,화물,남,50세,상해없음,이륜,남,38세,중상
2012120400100493,2012년 12월 4일 18시,화요일,경상남도 창원시 진해구 자은동,경상사고,0,0,1,0,차대차 - 측면직각충돌,교차로운행방법위반,건조,맑음,교차로 - 교차로안,승용,남,40세,상해없음,원동기,남,20세,경상
2012120400100494,2012년 12월 4일 18시,화요일,경상남도 김해시 내동,중상사고,0,1,0,0,차대차 - 기타,안전거리미확보,건조,맑음,단일로 - 기타,승용,여,39세,상해없음,원동기,남,16세,중상
2012120400100495,2012년 12월 4일 18시,화요일,경상남도 거제시 장평동,중상사고,0,1,0,0,차대사람 - 기타,안전운전불이행,건조,맑음,단일로 - 기타,자전거,남,22세,상해없음,보행자,남,29세,중상
2012120400100496,2012년 12월 4일 18시,화요일,경상남도 거제시 옥포동,중상사고,0,1,0,0,차대차 - 기타,안전운전불이행,건조,맑음,단일로 - 기타,승용,남,68세,상해없음,이륜,남,28세,중상
2012120400100497,2012년 12월 4일 18시,화요일,경상남도 함안군 칠서면,경상사고,0,0,1,0,차대차 - 측면직각충돌,중앙선침범,건조,맑음,단일로 - 기타,승용,남,29세,상해없음,승용,남,32세,경상
2012120400100498,2012년 12월 4일 18시,화요일,경상남도 창원시 의창구 도계동,경상사고,0,0,3,0,차대차 - 추돌 - 주정차중,안전운전불이행,건조,맑음,단일로 - 기타,승합,남,38세,상해없음,승용,남,60세,경상
2012120400100499,2012년 12월 4일 18시,화요일,경상남도 김해시 진영읍,중상사고,0,1,0,0,차대차 - 추돌 - 진행중,안전거리미확보,건조,맑음,교차로 - 교차로안,승용,남,22세,상해없음,승용,남,27세,중상
2012120400100500,2012년 12월 4일 18시,화요일,경상남도 김해시 장유면,중상사고,0,1,0,0,차대차 - 추돌 - 주정차중,안전거리미확보,건조,맑음,교차로 - 교차로부근,승용,남,49세,상해없음,승용,여,35세,중상
2012120400100536,2012년 12월 4일 19시,화요일,경상남도 진주시 강남동,중상사고,0,1,0,0,차대사람 - 기타,보행자보호의무위반,건조,맑음,단일로 - 기타,승합,남,54세,상해없음,보행자,여,77세,중상
2012120400100537,2012년 12월 4일 19시,화요일,경상남도 밀양시 내이동,중상사고,0,1,0,0,차대차 - 기타,안전운전불이행,건조,맑음,교차로 - 교차로안,승용,남,53세,상해없음,승용,여,55세,중상
2012120400100538,2012년 12월 4일 19시,화요일,경상남도 양산시 물금읍,중상사고,0,1,0,0,차대차 - 측면직각충돌,신호위반,건조,맑음,교차로 - 교차로안,승용,남,52세,상해없음,승용,남,36세,중상
2012120400100539,2012년 12월 4일 19시,화요일,경상남도 양산시 중부동,경상사고,0,0,4,2,차대차 - 추돌 - 주정차중,안전운전불이행,건조,맑음,교차로 - 교차로부근,화물,남,62세,상해없음,화물,남,38세,경상
2012120400100540,2012년 12월 4일 19시,화요일,경상남도 거제시 옥포동,중상사고,0,1,1,0,차대차 - 측면직각충돌,안전운전불이행,건조,맑음,단일로 - 기타,승용,여,32세,경상,승용,여,46세,중상
2012120400100541,2012년 12월 4일 19시,화요일,경상남도 창원시 의창구 소계동,경상사고,0,0,1,0,차대차 - 기타,안전운전불이행,건조,맑음,단일로 - 기타,승용,남,29세,상해없음,승용,미분류,기타불명,기타불명
2012120400100572,2012년 12월 4일 20시,화요일,경상남도 김해시 봉황동,부상신고사고,0,0,0,1,차대차 - 추돌 - 진행중,안전운전불이행,건조,맑음,교차로 - 교차로부근,이륜,남,46세,상해없음,승용,남,67세,상해없음
2012120400100594,2012년 12월 4일 21시,화요일,경상남도 남해군 이동면,중상사고,0,2,0,0,차대차 - 추돌 - 주정차중,안전운전불이행,건조,기타,교차로 - 교차로부근,승용,남,50세,상해없음,화물,남,29세,중상
2012120400100628,2012년 12월 4일 22시,화요일,경상남도 김해시 안동,경상사고,0,0,1,0,차량단독 - 기타,안전운전불이행,건조,맑음,단일로 - 기타,승용,남,26세,경상,,,,
2012120500100015,2012년 12월 5일 00시,수요일,경상남도 거제시 옥포동,경상사고,0,0,2,0,차대차 - 정면충돌,안전운전불이행,건조,맑음,교차로 - 교차로안,승용,남,30세,상해없음,승용,남,30세,경상
2012120500100078,2012년 12월 5일 06시,수요일,경상남도 밀양시 상동면,사망사고,1,0,0,0,차대사람 - 횡단중,안전운전불이행,건조,맑음,단일로 - 기타,승용,남,33세,상해없음,보행자,남,60세,사망
2012120500100093,2012년 12월 5일 07시,수요일,경상남도 창원시 진해구 이동,중상사고,0,1,0,0,차대사람 - 횡단중,보행자보호의무위반,건조,맑음,단일로 - 횡단보도상,건설기계,남,50세,상해없음,보행자,여,58세,중상
2012120500100094,2012년 12월 5일 07시,수요일,경상남도 통영시 광도면,중상사고,0,1,0,0,차대차 - 측면직각충돌,안전운전불이행,건조,맑음,단일로 - 기타,원동기,남,67세,중상,승용,남,47세,상해없음
2012120500100095,2012년 12월 5일 07시,수요일,경상남도 고성군 거류면,중상사고,0,1,3,0,차대차 - 측면직각충돌,직진우회전진행방해,건조,맑음,교차로 - 교차로안,건설기계,남,44세,상해없음,승용,남,27세,경상
2012120500100135,2012년 12월 5일 09시,수요일,경상남도 통영시 무전동,경상사고,0,0,2,0,차대차 - 측면직각충돌,안전거리미확보,건조,맑음,단일로 - 기타,승용,남,53세,상해없음,승용,여,35세,경상
2012120500100153,2012년 12월 5일 10시,수요일,경상남도 의령군 지정면,경상사고,0,0,1,0,차대차 - 측면직각충돌,교차로운행방법위반,건조,맑음,교차로 - 교차로안,이륜,남,70세,경상,승합,남,55세,상해없음
2012120500100173,2012년 12월 5일 11시,수요일,경상남도 창원시 마산합포구 구산면,중상사고,0,1,0,0,차대차 - 추돌 - 진행중,기타,건조,맑음,단일로 - 기타,승용,남,77세,상해없음,이륜,남,59세,중상
2012120500100174,2012년 12월 5일 11시,수요일,경상남도 김해시 불암동,경상사고,0,0,1,0,차대차 - 측면직각충돌,차로위반,건조,맑음,단일로 - 기타,특수,남,60세,상해없음,승용,남,38세,경상
2012120500100175,2012년 12월 5일 11시,수요일,경상남도 합천군 초계면,중상사고,0,1,0,0,차대차 - 측면직각충돌,안전운전불이행,건조,맑음,단일로 - 기타,농기계,남,77세,중상,화물,남,48세,상해없음
2012120500100232,2012년 12월 5일 12시,수요일,경상남도 창원시 진해구 여좌동,경상사고,0,0,1,0,차대차 - 측면직각충돌,직진우회전진행방해,건조,맑음,교차로 - 교차로안,승용,여,45세,상해없음,승용,남,65세,경상
2012120500100233,2012년 12월 5일 12시,수요일,경상남도 밀양시 삼문동,중상사고,0,1,0,0,차대차 - 측면직각충돌,안전운전불이행,건조,맑음,교차로 - 교차로안,승용,여,29세,상해없음,이륜,남,54세,중상
2012120500100297,2012년 12월 5일 13시,수요일,경상남도 창원시 진해구 경화동,경상사고,0,0,1,0,차대사람 - 횡단중,보행자보호의무위반,건조,맑음,단일로 - 횡단보도상,승용,남,36세,상해없음,보행자,여,62세,경상
2012120500100384,2012년 12월 5일 16시,수요일,경상남도 거제시 장목면,경상사고,0,0,1,0,차대사람 - 기타,안전운전불이행,건조,맑음,단일로 - 횡단보도부근,승용,남,34세,상해없음,보행자,여,15세,경상
2012120500100385,2012년 12월 5일 16시,수요일,경상남도 김해시 진례면,경상사고,0,0,1,0,차대차 - 측면직각충돌,안전운전불이행,습기,비,교차로 - 교차로안,승용,남,59세,상해없음,화물,남,48세,경상
2012120500100417,2012년 12월 5일 17시,수요일,경상남도 창원시 진해구 여좌동,중상사고,0,1,0,0,차대차 - 추돌 - 주정차중,안전운전불이행,습기,비,단일로 - 기타,승용,남,35세,상해없음,화물,여,43세,중상
2012120500100418,2012년 12월 5일 17시,수요일,경상남도 창원시 진해구 경화동,중상사고,0,1,0,0,차대차 - 측면직각충돌,안전운전불이행,습기,비,교차로 - 교차로안,승용,여,54세,상해없음,원동기,남,53세,중상
2012120500100419,2012년 12월 5일 17시,수요일,경상남도 통영시 광도면,중상사고,0,1,0,0,차대차 - 추돌 - 진행중,안전운전불이행,습기,맑음,단일로 - 기타,화물,남,56세,상해없음,승용,남,34세,중상
2012120500100420,2012년 12월 5일 17시,수요일,경상남도 밀양시 부북면,중상사고,0,1,1,0,차대차 - 측면직각충돌,안전운전불이행,습기,비,단일로 - 기타,승용,남,38세,상해없음,화물,남,41세,경상
2012120500100421,2012년 12월 5일 17시,수요일,경상남도 양산시 평산동,중상사고,0,1,0,0,차대차 - 측면직각충돌,직진우회전진행방해,습기,비,교차로 - 교차로안,승용,남,48세,상해없음,원동기,남,17세,중상
2012120500100422,2012년 12월 5일 17시,수요일,경상남도 거제시 연초면,중상사고,0,1,0,0,차대사람 - 횡단중,신호위반,건조,맑음,단일로 - 횡단보도상,승합,남,54세,상해없음,보행자,여,14세,중상
2012120500100423,2012년 12월 5일 17시,수요일,경상남도 산청군 신안면,중상사고,0,1,1,0,차대차 - 추돌 - 주정차중,안전운전불이행,습기,비,단일로 - 기타,승용,남,58세,중상,화물,남,52세,경상
2012120500100424,2012년 12월 5일 17시,수요일,경상남도 창원시 성산구 내동,중상사고,0,1,0,0,차대사람 - 횡단중,안전운전불이행,습기,비,교차로 - 교차로안,승용,남,32세,상해없음,보행자,남,65세,중상
2012120500100425,2012년 12월 5일 17시,수요일,경상남도 창원시 마산회원구 합성동,경상사고,0,0,1,0,차대차 - 추돌 - 진행중,안전운전불이행,건조,맑음,교차로 - 교차로부근,승용,남,43세,상해없음,화물,남,39세,경상
2012120500100426,2012년 12월 5일 17시,수요일,경상남도 김해시 진영읍,중상사고,0,1,0,0,차대사람 - 기타,안전운전불이행,습기,비,단일로 - 기타,승용,여,33세,상해없음,보행자,남,68세,중상
2012120500100427,2012년 12월 5일 17시,수요일,경상남도 김해시 흥동,중상사고,0,1,0,0,차대차 - 추돌 - 주정차중,안전운전불이행,습기,비,단일로 - 기타,화물,남,47세,중상,화물,미분류,기타불명,기타불명
2012120500100428,2012년 12월 5일 17시,수요일,경상남도 김해시 풍유동,중상사고,0,1,0,0,차대차 - 측면직각충돌,안전운전불이행,습기,비,단일로 - 기타,화물,남,32세,상해없음,승용,여,26세,중상
2012120500100472,2012년 12월 5일 18시,수요일,경상남도 통영시 미수동,경상사고,0,0,1,0,차대차 - 측면직각충돌,교차로운행방법위반,건조,흐림,교차로 - 교차로안,승용,남,52세,상해없음,승용,남,30세,경상
2012120500100473,2012년 12월 5일 18시,수요일,경상남도 사천시 사남면,경상사고,0,0,2,0,차대차 - 추돌 - 주정차중,안전운전불이행,습기,비,교차로 - 교차로부근,화물,남,61세,상해없음,승용,남,47세,경상
2012120500100474,2012년 12월 5일 18시,수요일,경상남도 양산시 신기동,경상사고,0,0,1,0,차대차 - 추돌 - 진행중,안전운전불이행,결빙,흐림,단일로 - 기타,승용,남,56세,상해없음,승용,남,46세,경상
2012120500100475,2012년 12월 5일 18시,수요일,경상남도 창원시 의창구 팔용동,경상사고,0,0,1,0,차대차 - 추돌 - 진행중,안전거리미확보,습기,흐림,단일로 - 기타,승용,남,43세,상해없음,승용,여,55세,경상
2012120500100520,2012년 12월 5일 19시,수요일,경상남도 창원시 진해구 이동,경상사고,0,0,1,0,차대차 - 기타,안전운전불이행,습기,비,단일로 - 횡단보도부근,자전거,남,22세,상해없음,원동기,남,32세,경상
2012120500100521,2012년 12월 5일 19시,수요일,경상남도 창원시 진해구 충무동,경상사고,0,0,1,0,차대차 - 측면직각충돌,안전거리미확보,습기,비,교차로 - 교차로부근,화물,남,27세,상해없음,승용,남,47세,경상
2012120500100522,2012년 12월 5일 19시,수요일,경상남도 창원시 진해구 이동,중상사고,0,1,0,0,차대차 - 측면직각충돌,직진우회전진행방해,습기,비,교차로 - 교차로안,원동기,남,16세,중상,승용,여,55세,상해없음
2012120500100523,2012년 12월 5일 19시,수요일,경상남도 통영시 광도면,경상사고,0,0,6,0,차대차 - 추돌 - 진행중,안전거리미확보,습기,흐림,단일로 - 기타,이륜,남,19세,경상,승용,남,29세,경상
2012120500100524,2012년 12월 5일 19시,수요일,경상남도 사천시 곤양면,중상사고,0,1,0,0,차대차 - 기타,중앙선침범,습기,흐림,교차로 - 교차로부근,승용,여,43세,상해없음,화물,남,58세,상해없음
2012120500100525,2012년 12월 5일 19시,수요일,경상남도 김해시 외동,중상사고,0,1,0,0,차대차 - 기타,안전운전불이행,습기,비,교차로 - 교차로안,자전거,남,74세,중상,승용,남,51세,상해없음
2012120500100526,2012년 12월 5일 19시,수요일,경상남도 하동군 하동읍,사망사고,1,0,0,0,차량단독 - 공작물충돌,안전운전불이행,결빙,눈,단일로 - 기타,승용,남,58세,사망,,,,
2012120500100581,2012년 12월 5일 21시,수요일,경상남도 창원시 진해구 자은동,경상사고,0,0,1,0,차대사람 - 차도통행중,안전운전불이행,건조,맑음,단일로 - 기타,기타불명,기타불명,기타불명,기타불명,보행자,남,40세,경상
2012120500100582,2012년 12월 5일 21시,수요일,경상남도 양산시 동면,경상사고,0,0,2,0,차대차 - 측면직각충돌,직진우회전진행방해,건조,맑음,교차로 - 교차로안,승용,남,46세,경상,승합,남,60세,경상
2012120500100612,2012년 12월 5일 22시,수요일,경상남도 창원시 마산합포구 교방동,중상사고,0,1,0,0,차대차 - 측면직각충돌,신호위반,습기,흐림,교차로 - 교차로부근,승용,남,35세,상해없음,승용,여,44세,중상
2012120500100613,2012년 12월 5일 22시,수요일,경상남도 김해시 삼계동,경상사고,0,0,1,0,차대차 - 측면직각충돌,중앙선침범,건조,맑음,단일로 - 기타,승용,남,29세,상해없음,승용,남,34세,경상
2012120500100614,2012년 12월 5일 22시,수요일,경상남도 창원시 의창구 동읍,경상사고,0,0,1,0,차대차 - 추돌 - 주정차중,안전거리미확보,습기,비,단일로 - 기타,승용,여,41세,상해없음,승합,여,46세,상해없음
2012120600100073,2012년 12월 6일 04시,목요일,경상남도 진주시 문산읍,중상사고,0,1,0,0,차대차 - 추돌 - 진행중,안전운전불이행,건조,맑음,단일로 - 기타,승용,남,62세,상해없음,승용,남,29세,중상
2012120600100074,2012년 12월 6일 04시,목요일,경상남도 사천시 선구동,중상사고,0,1,0,0,차량단독 - 공작물충돌,안전운전불이행,결빙,흐림,교차로 - 교차로부근,화물,남,73세,상해없음,,,,
2012120600100097,2012년 12월 6일 06시,목요일,경상남도 고성군 고성읍,중상사고,0,1,0,0,차대차 - 측면직각충돌,안전운전불이행,결빙,눈,단일로 - 기타,승용,남,27세,중상,화물,남,59세,상해없음
2012120600100098,2012년 12월 6일 06시,목요일,경상남도 김해시 장유면,중상사고,0,1,0,0,차대사람 - 횡단중,안전운전불이행,건조,맑음,단일로 - 기타,승용,남,30세,상해없음,보행자,남,66세,중상
2012120600100119,2012년 12월 6일 07시,목요일,경상남도 양산시 동면,경상사고,0,0,1,0,차대차 - 기타,안전거리미확보,건조,맑음,단일로 - 기타,승용,남,37세,상해없음,승용,남,25세,경상
2012120600100120,2012년 12월 6일 07시,목요일,경상남도 창원시 의창구 동읍,경상사고,0,0,1,0,차대차 - 추돌 - 진행중,안전거리미확보,건조,맑음,단일로 - 기타,승용,남,52세,상해없음,승용,남,72세,경상
2012120600100159,2012년 12월 6일 08시,목요일,경상남도 진주시 가좌동,중상사고,0,1,0,0,차대사람 - 횡단중,신호위반,건조,맑음,교차로 - 교차로부근,승용,남,42세,상해없음,보행자,여,39세,중상
2012120600100160,2012년 12월 6일 08시,목요일,경상남도 진주시 가좌동,경상사고,0,0,1,0,차대차 - 추돌 - 주정차중,안전운전불이행,건조,맑음,단일로 - 기타,승용,남,22세,상해없음,승용,여,40세,경상