사고번호,사고일시,요일,시군구,사고내용,사망자수,중상자수,경상자수,부상신고자수,사고유형,법규위반,노면상태,기상상태,도로형태,가해운전자 차종,가해운전자 성별,가해운전자 연령,가해운전자 상해정도,피해운전자 차종,피해운전자 성별,피해운전자 연령,피해운전자 상해정도
2012120800100428,2012년 12월 8일 18시,토요일,경상남도 의령군 가례면,중상사고,0,1,0,0,차대사람 - 차도통행중,안전운전불이행,건조,맑음,단일로 - 기타,이륜,남,53세,상해없음,보행자,남,77세,중상
2012120800100429,2012년 12월 8일 18시,토요일,경상남도 창원시 마산회원구 구암동,중상사고,0,1,0,0,차대차 - 기타,안전운전불이행,건조,맑음,교차로 - 교차로부근,승용,남,45세,상해없음,이륜,여,53세,중상
2012120800100430,2012년 12월 8일 18시,토요일,경상남도 창원시 의창구 봉곡동,중상사고,0,1,0,0,차대사람 - 횡단중,보행자보호의무위반,건조,맑음,교차로 - 교차로안,화물,남,39세,상해없음,보행자,남,17세,중상
2012120800100458,2012년 12월 8일 19시,토요일,경상남도 창원시 진해구 용원동,경상사고,0,0,1,0,차대사람 - 기타,안전운전불이행,건조,맑음,단일로 - 기타,승용,남,61세,상해없음,보행자,남,33세,경상
2012120800100459,2012년 12월 8일 19시,토요일,경상남도 사천시 사천읍,경상사고,0,0,1,0,차대사람 - 횡단중,보행자보호의무위반,건조,맑음,교차로 - 교차로부근,이륜,남,31세,상해없음,보행자,남,11세,경상
2012120800100460,2012년 12월 8일 19시,토요일,경상남도 창녕군 계성면,중상사고,0,1,2,0,차대차 - 추돌 - 진행중,안전거리미확보,건조,맑음,단일로 - 기타,승용,남,63세,상해없음,승용,여,34세,경상
2012120800100499,2012년 12월 8일 21시,토요일,경상남도 양산시 북정동,경상사고,0,0,1,0,차대차 - 측면직각충돌,안전운전불이행,건조,맑음,교차로 - 교차로부근,기타불명,기타불명,기타불명,기타불명,자전거,남,31세,경상
2012120800100500,2012년 12월 8일 21시,토요일,경상남도 창원시 의창구 도계동,중상사고,0,1,0,0,차대사람 - 횡단중,보행자보호의무위반,건조,맑음,단일로 - 횡단보도상,승용,남,54세,상해없음,보행자,여,41세,중상
2012120800100524,2012년 12월 8일 22시,토요일,경상남도 창원시 의창구 도계동,경상사고,0,0,2,0,차대차 - 추돌 - 주정차중,안전운전불이행,건조,맑음,단일로 - 기타,승용,여,36세,상해없음,승용,남,45세,경상
2012120800100547,2012년 12월 8일 23시,토요일,경상남도 양산시 어곡동,중상사고,0,1,0,0,차대사람 - 기타,안전운전불이행,건조,맑음,단일로 - 기타,승용,여,29세,상해없음,보행자,남,38세,중상
2012120900100017,2012년 12월 9일 00시,일요일,경상남도 김해시 어방동,중상사고,0,1,0,0,차대차 - 측면직각충돌,차로위반,건조,맑음,단일로 - 기타,승용,남,41세,상해없음,원동기,남,16세,중상
2012120900100018,2012년 12월 9일 00시,일요일,경상남도 김해시 외동,경상사고,0,0,1,0,차대차 - 정면충돌,중앙선침범,건조,맑음,교차로 - 교차로부근,승용,남,27세,상해없음,승용,남,50세,경상
2012120900100061,2012년 12월 9일 02시,일요일,경상남도 거제시 상동동,중상사고,0,1,1,0,차대차 - 기타,안전운전불이행,건조,맑음,단일로 - 기타,승용,남,40세,상해없음,화물,남,43세,중상
2012120900100084,2012년 12월 9일 03시,일요일,경상남도 창원시 성산구 상남동,경상사고,0,0,1,0,차대차 - 추돌 - 주정차중,안전운전불이행,건조,맑음,교차로 - 교차로부근,승용,남,28세,상해없음,승용,남,55세,상해없음
2012120900100130,2012년 12월 9일 08시,일요일,경상남도 통영시 미수동,경상사고,0,0,2,0,차대차 - 측면직각충돌,안전운전불이행,건조,맑음,단일로 - 기타,승용,여,47세,상해없음,승용,남,65세,경상
2012120900100131,2012년 12월 9일 08시,일요일,경상남도 함안군 대산면,중상사고,0,1,0,0,차대차 - 측면직각충돌,직진우회전진행방해,건조,맑음,교차로 - 교차로안,승용,여,57세,상해없음,화물,여,56세,중상
2012120900100148,2012년 12월 9일 09시,일요일,경상남도 양산시 동면,경상사고,0,0,3,0,차대차 - 추돌 - 주정차중,안전운전불이행,건조,맑음,교차로 - 교차로부근,승용,남,41세,상해없음,승용,남,53세,상해없음
2012120900100165,2012년 12월 9일 10시,일요일,경상남도 거제시 장목면,경상사고,0,0,1,0,차대차 - 기타,기타,건조,맑음,교차로 - 교차로안,승용,남,52세,상해없음,화물,남,36세,상해없음
2012120900100186,2012년 12월 9일 11시,일요일,경상남도 고성군 고성읍,중상사고,0,1,2,0,차대차 - 정면충돌,안전거리미확보,건조,맑음,교차로 - 교차로안,승용,남,60세,상해없음,승용,남,47세,경상
2012120900100187,2012년 12월 9일 11시,일요일,경상남도 창원시 의창구 팔용동,중상사고,0,1,0,0,차대차 - 정면충돌,안전운전불이행,건조,맑음,기타 - 기타,승용,남,22세,상해없음,승용,남,56세,기타불명
2012120900100239,2012년 12월 9일 13시,일요일,경상남도 창원시 마산합포구 월영동,중상사고,0,1,0,0,차대차 - 정면충돌,안전운전불이행,건조,맑음,교차로 - 교차로안,승합,남,36세,상해없음,원동기,남,26세,중상
2012120900100240,2012년 12월 9일 13시,일요일,경상남도 거제시 동부면,중상사고,0,1,1,0,차대차 - 기타,중앙선침범,건조,맑음,기타 - 기타,화물,남,48세,상해없음,승용,남,39세,중상
2012120900100252,2012년 12월 9일 14시,일요일,경상남도 창원시 마산합포구 창동,중상사고,0,1,0,0,차대사람 - 횡단중,보행자보호의무위반,건조,맑음,교차로 - 교차로안,승용,남,65세,상해없음,보행자,여,77세,중상
2012120900100253,2012년 12월 9일 14시,일요일,경상남도 통영시 무전동,경상사고,0,0,4,0,차대차 - 측면직각충돌,안전운전불이행,건조,맑음,단일로 - 기타,승용,남,64세,상해없음,승용,남,23세,경상
2012120900100254,2012년 12월 9일 14시,일요일,경상남도 창원시 의창구 동읍,중상사고,0,1,0,0,차대차 - 기타,신호위반,건조,맑음,단일로 - 횡단보도상,승용,여,56세,상해없음,원동기,남,77세,중상
2012120900100272,2012년 12월 9일 15시,일요일,경상남도 통영시 항남동,중상사고,0,1,0,0,차대사람 - 횡단중,보행자보호의무위반,건조,맑음,단일로 - 횡단보도상,승용,여,31세,상해없음,보행자,남,74세,중상
2012120900100302,2012년 12월 9일 16시,일요일,경상남도 사천시 동금동,경상사고,0,0,1,0,차대사람 - 기타,안전운전불이행,건조,맑음,단일로 - 기타,화물,여,64세,상해없음,보행자,여,31세,경상
2012120900100303,2012년 12월 9일 16시,일요일,경상남도 김해시 서상동,중상사고,0,1,0,0,차대차 - 추돌 - 주정차중,안전운전불이행,건조,맑음,단일로 - 기타,승용,남,28세,상해없음,승용,여,50세,중상
2012120900100327,2012년 12월 9일 17시,일요일,경상남도 창원시 의창구 도계동,중상사고,0,1,0,0,차대사람 - 횡단중,보행자보호의무위반,건조,맑음,교차로 - 교차로부근,승용,남,39세,상해없음,보행자,남,8세,중상
2012120900100341,2012년 12월 9일 18시,일요일,경상남도 밀양시 상남면,중상사고,0,2,0,0,차대차 - 추돌 - 주정차중,안전운전불이행,건조,맑음,단일로 - 기타,승용,남,34세,상해없음,승용,여,33세,중상
2012120900100387,2012년 12월 9일 20시,일요일,경상남도 창녕군 창녕읍,경상사고,0,0,1,0,차대사람 - 기타,안전운전불이행,건조,맑음,단일로 - 기타,승용,남,60세,상해없음,보행자,여,18세,경상
2012120900100388,2012년 12월 9일 20시,일요일,경상남도 양산시 삼호동,경상사고,0,0,1,2,차대차 - 기타,직진우회전진행방해,건조,맑음,교차로 - 교차로안,승용,남,24세,상해없음,승용,남,45세,경상
2012120900100389,2012년 12월 9일 20시,일요일,경상남도 창원시 성산구 상남동,중상사고,0,1,1,0,차대차 - 측면직각충돌,신호위반,건조,맑음,교차로 - 교차로안,승용,남,45세,상해없음,승용,남,38세,경상
2012120900100390,2012년 12월 9일 20시,일요일,경상남도 창원시 의창구 동읍,경상사고,0,0,2,0,차대차 - 추돌 - 주정차중,안전운전불이행,건조,맑음,교차로 - 교차로부근,승합,남,49세,상해없음,승용,여,55세,경상
2012120900100410,2012년 12월 9일 21시,일요일,경상남도 김해시 장유면,중상사고,0,2,0,0,차대차 - 추돌 - 주정차중,안전운전불이행,건조,맑음,교차로 - 교차로부근,승용,남,32세,상해없음,승용,남,32세,중상
2012120900100427,2012년 12월 9일 22시,일요일,경상남도 김해시 외동,중상사고,0,2,1,0,차대차 - 추돌 - 진행중,안전운전불이행,건조,맑음,교차로 - 교차로안,승용,남,46세,상해없음,승용,여,38세,중상
2012120900100428,2012년 12월 9일 22시,일요일,경상남도 양산시 물금읍,경상사고,0,0,1,0,차대차 - 정면충돌,안전운전불이행,건조,맑음,단일로 - 기타,승용,남,48세,상해없음,승용,남,27세,경상
2012120900100447,2012년 12월 9일 23시,일요일,경상남도 통영시 광도면,부상신고사고,0,0,0,1,차대사람 - 차도통행중,안전운전불이행,건조,맑음,교차로 - 교차로안,승용,남,45세,상해없음,보행자,남,29세,부상신고
2012121000100018,2012년 12월 10일 02시,월요일,경상남도 창원시 의창구 팔용동,경상사고,0,0,1,1,차대차 - 추돌 - 진행중,안전운전불이행,건조,맑음,교차로 - 교차로부근,승용,남,27세,상해없음,승용,여,50세,경상
2012121000100033,2012년 12월 10일 05시,월요일,경상남도 김해시 외동,경상사고,0,0,4,0,차대차 - 추돌 - 진행중,안전거리미확보,건조,맑음,단일로 - 기타,승용,남,26세,상해없음,승용,남,19세,경상
2012121000100044,2012년 12월 10일 06시,월요일,경상남도 함안군 가야읍,중상사고,0,1,0,0,차대차 - 측면직각충돌,신호위반,결빙,안개,교차로 - 교차로안,승용,남,50세,상해없음,자전거,여,55세,중상
2012121000100060,2012년 12월 10일 07시,월요일,경상남도 양산시 동면,경상사고,0,0,1,0,차량단독 - 공작물충돌,안전운전불이행,건조,맑음,단일로 - 기타,특수,남,50세,경상,,,,
2012121000100061,2012년 12월 10일 07시,월요일,경상남도 양산시 남부동,경상사고,0,0,1,0,차대차 - 측면직각충돌,교차로운행방법위반,건조,맑음,교차로 - 교차로안,화물,남,42세,상해없음,승합,남,64세,경상
2012121000100095,2012년 12월 10일 08시,월요일,경상남도 밀양시 교동,중상사고,0,1,1,0,차대차 - 기타,신호위반,건조,맑음,교차로 - 교차로안,승용,남,52세,상해없음,승용,여,38세,중상
2012121000100096,2012년 12월 10일 08시,월요일,경상남도 밀양시 내이동,경상사고,0,0,1,0,차대차 - 측면직각충돌,안전운전불이행,건조,맑음,교차로 - 교차로부근,승합,남,54세,상해없음,승용,남,25세,경상
2012121000100097,2012년 12월 10일 08시,월요일,경상남도 김해시 진례면,경상사고,0,0,1,0,차대사람 - 기타,안전운전불이행,건조,맑음,단일로 - 기타,화물,남,25세,상해없음,보행자,남,34세,경상
2012121000100120,2012년 12월 10일 09시,월요일,경상남도 창원시 마산회원구 회성동,경상사고,0,0,1,0,차대차 - 추돌 - 진행중,안전운전불이행,건조,맑음,단일로 - 기타,승용,남,52세,상해없음,승용,남,28세,경상
2012121000100145,2012년 12월 10일 10시,월요일,경상남도 통영시 무전동,중상사고,0,1,0,0,차대차 - 측면직각충돌,교차로운행방법위반,건조,맑음,교차로 - 교차로안,승용,여,36세,상해없음,승용,남,31세,중상
2012121000100146,2012년 12월 10일 10시,월요일,경상남도 김해시 부원동,중상사고,0,1,0,0,차대사람 - 횡단중,안전운전불이행,건조,맑음,교차로 - 교차로부근,승용,남,57세,상해없음,보행자,남,66세,중상
2012121000100147,2012년 12월 10일 10시,월요일,경상남도 창원시 마산회원구 합성동,경상사고,0,0,1,0,차대사람 - 기타,안전운전불이행,건조,맑음,단일로 - 기타,승합,남,49세,상해없음,보행자,여,50세,경상
2012121000100148,2012년 12월 10일 10시,월요일,경상남도 창원시 의창구 도계동,경상사고,0,0,1,0,차대차 - 추돌 - 주정차중,안전운전불이행,건조,맑음,교차로 - 교차로부근,화물,남,58세,상해없음,승용,남,44세,경상
2012121000100177,2012년 12월 10일 11시,월요일,경상남도 김해시 내동,중상사고,0,1,0,0,차대차 - 추돌 - 주정차중,안전운전불이행,건조,맑음,단일로 - 기타,승합,남,49세,상해없음,승용,남,50세,중상
2012121000100178,2012년 12월 10일 11시,월요일,경상남도 양산시 교동,경상사고,0,0,1,0,차대차 - 측면직각충돌,교차로운행방법위반,건조,맑음,교차로 - 교차로부근,화물,남,54세,상해없음,승용,남,45세,경상
2012121000100179,2012년 12월 10일 11시,월요일,경상남도 창원시 마산회원구 회성동,중상사고,0,1,0,0,차대차 - 정면충돌,안전운전불이행,결빙,맑음,단일로 - 기타,화물,남,60세,상해없음,화물,남,59세,중상
2012121000100196,2012년 12월 10일 12시,월요일,경상남도 김해시 동상동,중상사고,0,1,0,0,차대차 - 측면직각충돌,안전운전불이행,건조,맑음,교차로 - 교차로안,승용,남,27세,상해없음,승용,남,53세,상해없음
2012121000100197,2012년 12월 10일 12시,월요일,경상남도 김해시 진례면,중상사고,0,1,0,0,차량단독 - 공작물충돌,안전운전불이행,건조,맑음,단일로 - 기타,승용,남,49세,중상,,,,
2012121000100224,2012년 12월 10일 13시,월요일,경상남도 김해시 장유면,중상사고,0,2,0,0,차대차 - 기타,안전운전불이행,건조,맑음,단일로 - 기타,승용,남,35세,상해없음,승용,여,34세,중상
2012121000100252,2012년 12월 10일 14시,월요일,경상남도 진주시 평거동,중상사고,0,1,0,0,차대차 - 측면직각충돌,안전운전불이행,건조,맑음,단일로 - 기타,화물,여,49세,상해없음,승용,여,38세,중상
2012121000100253,2012년 12월 10일 14시,월요일,경상남도 밀양시 삼문동,중상사고,0,1,0,0,차대사람 - 횡단중,신호위반,건조,맑음,단일로 - 횡단보도상,화물,남,71세,상해없음,보행자,여,55세,중상
2012121000100254,2012년 12월 10일 14시,월요일,경상남도 창원시 의창구 동정동,경상사고,0,0,3,5,차대차 - 추돌 - 주정차중,안전운전불이행,건조,맑음,교차로 - 교차로부근,승용,남,31세,상해없음,승용,남,75세,부상신고
2012121000100291,2012년 12월 10일 15시,월요일,경상남도 창원시 진해구 석동,중상사고,0,1,0,0,차대사람 - 횡단중,보행자보호의무위반,건조,맑음,단일로 - 횡단보도상,승용,여,44세,상해없음,보행자,여,83세,중상
2012121000100292,2012년 12월 10일 15시,월요일,경상남도 양산시 삼호동,경상사고,0,0,1,0,차대사람 - 횡단중,보행자보호의무위반,건조,맑음,교차로 - 교차로부근,승용,여,40세,상해없음,보행자,여,54세,경상
2012121000100335,2012년 12월 10일 16시,월요일,경상남도 창원시 의창구 동읍,경상사고,0,0,1,0,차대차 - 측면직각충돌,안전운전불이행,건조,맑음,교차로 - 교차로안,승용,남,65세,상해없음,승용,남,50세,경상
2012121000100363,2012년 12월 10일 17시,월요일,경상남도 진주시 평거동,경상사고,0,0,1,0,차대사람 - 횡단중,보행자보호의무위반,건조,맑음,교차로 - 교차로안,화물,남,50세,상해없음,보행자,여,24세,경상
2012121000100364,2012년 12월 10일 17시,월요일,경상남도 통영시 광도면,경상사고,0,0,1,0,차대사람 - 횡단중,안전운전불이행,건조,맑음,단일로 - 기타,원동기,남,36세,상해없음,보행자,여,71세,경상
2012121000100404,2012년 12월 10일 18시,월요일,경상남도 창원시 마산합포구 중앙동1가,중상사고,0,2,0,1,차대차 - 측면직각충돌,안전운전불이행,건조,맑음,단일로 - 기타,승용,남,54세,부상신고,승용,남,51세,중상
2012121000100405,2012년 12월 10일 18시,월요일,경상남도 창원시 마산합포구 완월동,경상사고,0,0,1,0,차대차 - 추돌 - 주정차중,안전운전불이행,건조,맑음,교차로 - 교차로안,승용,남,43세,상해없음,승용,남,58세,경상
2012121000100406,2012년 12월 10일 18시,월요일,경상남도 창녕군 부곡면,경상사고,0,0,1,0,차대차 - 측면직각충돌,중앙선침범,건조,맑음,단일로 - 기타,승합,남,47세,상해없음,승용,남,48세,기타불명
2012121000100407,2012년 12월 10일 18시,월요일,경상남도 함안군 가야읍,경상사고,0,0,1,0,차대차 - 측면직각충돌,교차로운행방법위반,건조,맑음,교차로 - 교차로안,승용,여,53세,상해없음,승용,여,57세,경상
2012121000100437,2012년 12월 10일 19시,월요일,경상남도 양산시 덕계동,경상사고,0,0,1,0,차대사람 - 차도통행중,안전운전불이행,건조,맑음,단일로 - 기타,승합,남,29세,상해없음,보행자,남,13세,경상
2012121000100464,2012년 12월 10일 20시,월요일,경상남도 김해시 삼계동,경상사고,0,0,1,0,차대차 - 추돌 - 주정차중,안전운전불이행,건조,맑음,단일로 - 기타,승용,남,49세,상해없음,승용,남,58세,경상
2012121000100465,2012년 12월 10일 20시,월요일,경상남도 창녕군 부곡면,중상사고,0,1,0,0,차대차 - 측면직각충돌,직진우회전진행방해,건조,맑음,교차로 - 교차로안,승용,남,21세,상해없음,승용,남,63세,상해없음
2012121000100466,2012년 12월 10일 20시,월요일,경상남도 함안군 가야읍,중상사고,0,1,0,0,차대사람 - 보도통행중,보행자보호의무위반,건조,맑음,단일로 - 횡단보도상,승합,남,18세,상해없음,보행자,여,43세,중상
2012121000100500,2012년 12월 10일 21시,월요일,경상남도 통영시 북신동,경상사고,0,0,1,0,차대차 - 측면직각충돌,중앙선침범,건조,맑음,단일로 - 기타,승용,남,34세,상해없음,원동기,남,18세,경상
2012121000100501,2012년 12월 10일 21시,월요일,경상남도 거제시 문동동,중상사고,0,1,0,0,차대사람 - 횡단중,안전운전불이행,건조,맑음,단일로 - 기타,승용,남,53세,상해없음,보행자,여,17세,중상
2012121000100502,2012년 12월 10일 21시,월요일,경상남도 창원시 마산회원구 석전동,경상사고,0,0,1,0,차대차 - 기타,안전운전불이행,건조,맑음,기타 - 기타,승용,남,31세,상해없음,화물,남,23세,경상
2012121000100529,2012년 12월 10일 22시,월요일,경상남도 김해시 삼계동,중상사고,0,2,0,0,차대사람 - 횡단중,안전운전불이행,건조,맑음,단일로 - 횡단보도상,승용,남,30세,상해없음,보행자,여,56세,중상
2012121100100038,2012년 12월 11일 01시,화요일,경상남도 진주시 상평동,중상사고,0,1,0,0,차량단독 - 공작물충돌,안전운전불이행,건조,맑음,교차로 - 교차로부근,승용,남,35세,중상,,,,
2012121100100039,2012년 12월 11일 01시,화요일,경상남도 창원시 진해구 석동,중상사고,0,1,1,0,차대차 - 기타,안전거리미확보,건조,맑음,교차로 - 교차로부근,승용,남,27세,상해없음,승합,남,57세,경상
2012121100100076,2012년 12월 11일 05시,화요일,경상남도 김해시 장유면,경상사고,0,0,1,0,차량단독 - 공작물충돌,안전운전불이행,건조,맑음,단일로 - 기타,승용,여,25세,경상,,,,
2012121100100113,2012년 12월 11일 07시,화요일,경상남도 창원시 마산합포구 신포동1가,경상사고,0,0,3,0,차대차 - 측면직각충돌,안전운전불이행,건조,맑음,교차로 - 교차로안,승용,남,25세,상해없음,승용,남,49세,경상
2012121100100141,2012년 12월 11일 08시,화요일,경상남도 거제시 고현동,중상사고,0,1,2,0,차대차 - 측면직각충돌,안전운전불이행,건조,맑음,교차로 - 교차로안,승용,여,36세,상해없음,승용,여,34세,중상
2012121100100142,2012년 12월 11일 08시,화요일,경상남도 함안군 대산면,중상사고,0,1,0,0,차대차 - 정면충돌,안전운전불이행,건조,맑음,교차로 - 교차로안,승용,남,55세,상해없음,승용,남,32세,상해없음
2012121100100143,2012년 12월 11일 08시,화요일,경상남도 창원시 성산구 중앙동,경상사고,0,0,1,0,차대차 - 기타,신호위반,건조,맑음,단일로 - 기타,승용,남,58세,상해없음,자전거,여,56세,경상
2012121100100169,2012년 12월 11일 09시,화요일,경상남도 창원시 진해구 석동,경상사고,0,0,4,0,차대차 - 측면직각충돌,교차로운행방법위반,건조,맑음,교차로 - 교차로안,승용,남,56세,경상,화물,남,30세,경상
2012121100100170,2012년 12월 11일 09시,화요일,경상남도 통영시 무전동,경상사고,0,0,1,0,차대차 - 측면직각충돌,교차로운행방법위반,건조,맑음,교차로 - 교차로안,승합,남,40세,경상,승용,여,46세,상해없음
2012121100100194,2012년 12월 11일 10시,화요일,경상남도 진주시 평거동,중상사고,0,1,0,0,차대사람 - 기타,안전운전불이행,건조,맑음,단일로 - 기타,이륜,남,65세,상해없음,보행자,여,72세,중상
2012121100100195,2012년 12월 11일 10시,화요일,경상남도 김해시 봉황동,중상사고,0,1,0,0,차대사람 - 기타,안전운전불이행,건조,맑음,단일로 - 기타,승용,남,39세,상해없음,보행자,여,81세,중상
2012121100100196,2012년 12월 11일 10시,화요일,경상남도 합천군 야로면,사망사고,1,0,1,0,차대차 - 정면충돌,중앙선침범,습기,맑음,단일로 - 기타,화물,남,49세,사망,승용,남,62세,경상
2012121100100251,2012년 12월 11일 12시,화요일,경상남도 창원시 의창구 동읍,중상사고,0,1,1,0,차대차 - 측면직각충돌,교차로운행방법위반,건조,맑음,교차로 - 교차로안,승용,여,53세,상해없음,승용,남,26세,경상
2012121100100271,2012년 12월 11일 13시,화요일,경상남도 진주시 초전동,경상사고,0,0,1,0,차대차 - 기타,안전운전불이행,건조,맑음,교차로 - 교차로안,이륜,남,33세,상해없음,승용,남,62세,경상
2012121100100272,2012년 12월 11일 13시,화요일,경상남도 고성군 거류면,사망사고,1,0,0,0,차대차 - 정면충돌,중앙선침범,건조,맑음,단일로 - 기타,원동기,남,81세,사망,특수,남,51세,상해없음
2012121100100273,2012년 12월 11일 13시,화요일,경상남도 거제시 일운면,경상사고,0,0,2,8,차대차 - 추돌 - 진행중,안전운전불이행,건조,맑음,교차로 - 교차로안,승용,남,56세,상해없음,승합,남,45세,경상
2012121100100298,2012년 12월 11일 14시,화요일,경상남도 창녕군 장마면,사망사고,1,1,0,0,차대차 - 추돌 - 진행중,안전운전불이행,건조,맑음,단일로 - 기타,승용,남,63세,상해없음,원동기,남,81세,사망
2012121100100399,2012년 12월 11일 17시,화요일,경상남도 창원시 의창구 소답동,부상신고사고,0,0,0,1,차대사람 - 횡단중,보행자보호의무위반,건조,맑음,단일로 - 횡단보도상,화물,남,59세,상해없음,보행자,남,12세,부상신고
2012121100100438,2012년 12월 11일 18시,화요일,경상남도 창원시 마산합포구 남성동,중상사고,0,1,0,0,차대사람 - 기타,안전운전불이행,건조,맑음,단일로 - 기타,승용,남,56세,상해없음,보행자,남,69세,중상
2012121100100439,2012년 12월 11일 18시,화요일,경상남도 통영시 항남동,경상사고,0,0,2,0,차대차 - 측면직각충돌,안전거리미확보,건조,맑음,단일로 - 기타,화물,남,59세,상해없음,승용,남,67세,경상
2012121100100440,2012년 12월 11일 18시,화요일,경상남도 거제시 장승포동,중상사고,0,1,1,0,차대차 - 측면직각충돌,안전운전불이행,건조,맑음,교차로 - 교차로부근,승용,여,51세,중상,승용,여,42세,경상
2012121100100441,2012년 12월 11일 18시,화요일,경상남도 창원시 마산회원구 봉암동,중상사고,0,1,0,0,차량단독 - 기타,기타,건조,흐림,단일로 - 기타,승합,남,47세,상해없음,,,,
2012121100100442,2012년 12월 11일 18시,화요일,경상남도 창원시 의창구 팔용동,중상사고,0,1,0,0,차대사람 - 횡단중,안전운전불이행,건조,맑음,단일로 - 횡단보도상,승용,남,32세,상해없음,보행자,여,46세,중상
2012121100100472,2012년 12월 11일 19시,화요일,경상남도 통영시 광도면,경상사고,0,0,3,0,차대차 - 추돌 - 주정차중,안전운전불이행,건조,맑음,단일로 - 기타,승용,남,36세,경상,승용,남,42세,경상
2012121100100473,2012년 12월 11일 19시,화요일,경상남도 김해시 외동,중상사고,0,1,0,0,차대사람 - 기타,안전운전불이행,건조,맑음,교차로 - 교차로부근,승용,여,28세,상해없음,보행자,여,59세,중상
2012121100100474,2012년 12월 11일 19시,화요일,경상남도 거제시 옥포동,중상사고,0,1,0,0,차대차 - 기타,안전운전불이행,건조,맑음,단일로 - 기타,이륜,남,52세,상해없음,이륜,남,30세,중상
2012121100100475,2012년 12월 11일 19시,화요일,경상남도 남해군 남해읍,중상사고,0,1,1,0,차대사람 - 길가장자리구역통행중,안전운전불이행,건조,맑음,단일로 - 기타,승용,남,47세,상해없음,보행자,남,16세,중상
2012121100100476,2012년 12월 11일 19시,화요일,경상남도 창원시 성산구 가음정동,중상사고,0,1,0,0,차대차 - 기타,신호위반,건조,맑음,교차로 - 교차로안,승용,여,29세,상해없음,원동기,여,64세,중상
2012121100100510,2012년 12월 11일 20시,화요일,경상남도 창원시 마산합포구 오동동,경상사고,0,0,1,0,차대차 - 측면직각충돌,신호위반,건조,맑음,교차로 - 교차로안,승용,남,51세,상해없음,승용,남,61세,경상
2012121100100511,2012년 12월 11일 20시,화요일,경상남도 김해시 진례면,중상사고,0,1,0,0,차대차 - 기타,안전운전불이행,건조,맑음,교차로 - 교차로안,승용,남,45세,상해없음,승합,여,43세,중상
2012121100100539,2012년 12월 11일 21시,화요일,경상남도 창원시 마산합포구 우산동,경상사고,0,0,1,0,차대차 - 측면직각충돌,안전거리미확보,건조,맑음,단일로 - 기타,화물,남,30세,상해없음,승용,남,31세,경상
2012121100100540,2012년 12월 11일 21시,화요일,경상남도 진주시 장대동,중상사고,0,1,0,0,차대사람 - 기타,안전운전불이행,건조,맑음,단일로 - 기타,승합,남,59세,상해없음,보행자,남,38세,중상
2012121100100541,2012년 12월 11일 21시,화요일,경상남도 거제시 장평동,경상사고,0,0,1,0,차대사람 - 기타,보행자보호의무위반,건조,맑음,교차로 - 교차로안,승용,남,30세,상해없음,보행자,남,22세,경상
2012121100100573,2012년 12월 11일 22시,화요일,경상남도 창원시 마산회원구 양덕동,중상사고,0,1,1,0,차대차 - 측면직각충돌,안전운전불이행,건조,흐림,단일로 - 기타,승용,여,33세,상해없음,승용,남,68세,경상
2012121100100592,2012년 12월 11일 23시,화요일,경상남도 창원시 성산구 천선동,중상사고,0,1,0,0,차량단독 - 공작물충돌,안전운전불이행,건조,맑음,단일로 - 기타,승용,남,31세,상해없음,,,,
2012121200100094,2012년 12월 12일 06시,수요일,경상남도 김해시 불암동,경상사고,0,0,1,0,차대차 - 측면직각충돌,신호위반,건조,맑음,교차로 - 교차로안,승용,남,51세,상해없음,승합,남,54세,경상
2012121200100117,2012년 12월 12일 07시,수요일,경상남도 창원시 마산합포구 교방동,경상사고,0,0,1,0,차대차 - 정면충돌,신호위반,건조,맑음,교차로 - 교차로안,화물,남,42세,상해없음,화물,남,34세,경상
2012121200100118,2012년 12월 12일 07시,수요일,경상남도 통영시 무전동,경상사고,0,0,1,0,차대차 - 측면직각충돌,교차로운행방법위반,건조,맑음,교차로 - 교차로안,승용,남,49세,상해없음,승용,남,28세,경상
2012121200100119,2012년 12월 12일 07시,수요일,경상남도 거창군 거창읍,경상사고,0,0,1,0,차대차 - 측면직각충돌,신호위반,건조,맑음,교차로 - 교차로안,승용,여,45세,상해없음,승용,남,35세,경상
2012121200100120,2012년 12월 12일 07시,수요일,경상남도 창원시 마산회원구 내서읍,경상사고,0,0,1,0,차대차 - 측면직각충돌,신호위반,건조,맑음,교차로 - 교차로안,승용,남,42세,상해없음,화물,남,62세,경상
2012121200100160,2012년 12월 12일 08시,수요일,경상남도 사천시 정동면,경상사고,0,0,1,0,차대차 - 기타,안전운전불이행,건조,맑음,교차로 - 교차로부근,자전거,남,13세,경상,승용,여,42세,상해없음
2012121200100161,2012년 12월 12일 08시,수요일,경상남도 김해시 한림면,경상사고,0,0,1,1,차대차 - 측면직각충돌,신호위반,건조,맑음,교차로 - 교차로안,승용,남,57세,부상신고,건설기계,남,57세,경상
2012121200100192,2012년 12월 12일 09시,수요일,경상남도 창녕군 이방면,중상사고,0,3,1,0,차대차 - 측면직각충돌,교차로운행방법위반,건조,맑음,교차로 - 교차로안,화물,남,30세,상해없음,승용,남,74세,중상