사고번호,사고일시,요일,시군구,사고내용,사망자수,중상자수,경상자수,부상신고자수,사고유형,법규위반,노면상태,기상상태,도로형태,가해운전자 차종,가해운전자 성별,가해운전자 연령,가해운전자 상해정도,피해운전자 차종,피해운전자 성별,피해운전자 연령,피해운전자 상해정도
2012121400100681,2012년 12월 14일 18시,금요일,경상남도 밀양시 내이동,경상사고,0,0,1,0,차대차 - 측면직각충돌,교차로운행방법위반,습기,비,교차로 - 교차로안,승용,여,57세,상해없음,승용,남,51세,경상
2012121400100682,2012년 12월 14일 18시,금요일,경상남도 양산시 명동,경상사고,0,0,1,0,차대사람 - 횡단중,안전운전불이행,습기,비,기타 - 기타,승용,여,43세,상해없음,보행자,여,16세,경상
2012121400100683,2012년 12월 14일 18시,금요일,경상남도 거제시 옥포동,경상사고,0,0,1,0,차대사람 - 횡단중,안전운전불이행,습기,비,교차로 - 교차로안,승용,여,35세,상해없음,보행자,남,63세,경상
2012121400100684,2012년 12월 14일 18시,금요일,경상남도 창원시 성산구 성주동,중상사고,0,1,0,0,차대사람 - 기타,기타,습기,비,단일로 - 기타,승합,남,44세,상해없음,보행자,여,77세,중상
2012121400100685,2012년 12월 14일 18시,금요일,경상남도 김해시 진영읍,중상사고,0,1,0,0,차대차 - 추돌 - 주정차중,안전운전불이행,습기,흐림,단일로 - 기타,승용,남,33세,상해없음,건설기계,남,47세,상해없음
2012121400100686,2012년 12월 14일 18시,금요일,경상남도 창원시 의창구 팔용동,경상사고,0,0,1,3,차대차 - 추돌 - 진행중,안전운전불이행,습기,흐림,단일로 - 기타,화물,여,18세,상해없음,승합,남,34세,상해없음
2012121400100723,2012년 12월 14일 19시,금요일,경상남도 거제시 동부면,경상사고,0,0,1,0,차대차 - 정면충돌,중앙선침범,습기,비,단일로 - 기타,승용,여,31세,상해없음,승합,남,51세,경상
2012121400100724,2012년 12월 14일 19시,금요일,경상남도 창원시 성산구 안민동,경상사고,0,0,1,0,차량단독 - 기타,안전운전불이행,습기,흐림,단일로 - 기타,승용,남,56세,상해없음,,,,
2012121400100725,2012년 12월 14일 19시,금요일,경상남도 창원시 마산회원구 석전동,경상사고,0,0,2,0,차대차 - 추돌 - 주정차중,안전운전불이행,습기,맑음,단일로 - 기타,승합,남,32세,상해없음,승용,남,26세,경상
2012121400100768,2012년 12월 14일 20시,금요일,경상남도 김해시 삼계동,경상사고,0,0,1,0,차대차 - 기타,안전거리미확보,습기,비,단일로 - 기타,승용,남,56세,상해없음,원동기,남,18세,경상
2012121400100769,2012년 12월 14일 20시,금요일,경상남도 양산시 북정동,경상사고,0,0,1,1,차대차 - 기타,중앙선침범,습기,비,단일로 - 기타,승용,남,36세,기타불명,승용,남,53세,경상
2012121400100816,2012년 12월 14일 21시,금요일,경상남도 창원시 마산합포구 진전면,경상사고,0,0,1,0,차대차 - 측면직각충돌,안전운전불이행,건조,맑음,단일로 - 기타,승용,남,26세,상해없음,승용,남,27세,경상
2012121400100817,2012년 12월 14일 21시,금요일,경상남도 사천시 사천읍,경상사고,0,0,1,0,차대차 - 추돌 - 주정차중,안전운전불이행,건조,맑음,교차로 - 교차로부근,승용,남,41세,상해없음,승용,남,30세,경상
2012121400100818,2012년 12월 14일 21시,금요일,경상남도 거제시 사등면,경상사고,0,0,1,0,차량단독 - 기타,기타,건조,맑음,교차로 - 교차로안,승합,남,49세,상해없음,,,,
2012121400100848,2012년 12월 14일 22시,금요일,경상남도 창원시 마산합포구 해운동,경상사고,0,0,1,0,차대사람 - 기타,안전운전불이행,건조,맑음,단일로 - 기타,승용,남,25세,상해없음,보행자,여,16세,경상
2012121400100849,2012년 12월 14일 22시,금요일,경상남도 창원시 진해구 장천동,중상사고,0,1,0,0,차대차 - 측면직각충돌,안전운전불이행,습기,비,단일로 - 기타,승용,남,30세,상해없음,원동기,남,18세,중상
2012121400100884,2012년 12월 14일 23시,금요일,경상남도 김해시 삼계동,경상사고,0,0,1,0,차량단독 - 기타,안전운전불이행,습기,비,단일로 - 기타,승용,남,50세,경상,,,,
2012121400100885,2012년 12월 14일 23시,금요일,경상남도 김해시 삼정동,중상사고,0,2,0,0,차대차 - 기타,교차로운행방법위반,습기,비,교차로 - 교차로안,원동기,남,15세,중상,승용,여,54세,중상
2012121500100034,2012년 12월 15일 00시,토요일,경상남도 양산시 상북면,경상사고,0,0,1,0,차대차 - 측면직각충돌,교차로운행방법위반,건조,맑음,교차로 - 교차로안,승용,남,45세,기타불명,승용,남,40세,경상
2012121500100035,2012년 12월 15일 00시,토요일,경상남도 진주시 정촌면,경상사고,0,0,1,0,차대차 - 추돌 - 진행중,안전운전불이행,건조,맑음,단일로 - 기타,승용,남,48세,상해없음,승용,남,30세,경상
2012121500100072,2012년 12월 15일 01시,토요일,경상남도 창원시 성산구 남양동,중상사고,0,2,0,0,차대차 - 추돌 - 주정차중,안전운전불이행,습기,흐림,교차로 - 교차로부근,승용,남,29세,상해없음,승용,남,55세,중상
2012121500100073,2012년 12월 15일 01시,토요일,경상남도 창원시 성산구 대방동,중상사고,0,1,0,0,차대차 - 측면직각충돌,안전운전불이행,건조,맑음,단일로 - 기타,승용,기타불명,기타불명,기타불명,승용,남,51세,중상
2012121500100074,2012년 12월 15일 01시,토요일,경상남도 창원시 마산회원구 양덕동,경상사고,0,0,1,0,차대사람 - 기타,안전운전불이행,습기,안개,단일로 - 기타,승용,남,54세,상해없음,보행자,남,49세,경상
2012121500100075,2012년 12월 15일 01시,토요일,경상남도 산청군 단성면,사망사고,1,0,0,0,차량단독 - 공작물충돌,안전운전불이행,습기,흐림,단일로 - 터널,건설기계,남,38세,사망,,,,
2012121500100100,2012년 12월 15일 02시,토요일,경상남도 창원시 의창구 팔용동,중상사고,0,1,0,0,차대사람 - 기타,안전운전불이행,건조,맑음,기타 - 기타,승합,남,52세,상해없음,보행자,남,65세,중상
2012121500100134,2012년 12월 15일 04시,토요일,경상남도 하동군 진교면,중상사고,0,1,0,0,차대차 - 기타,안전운전불이행,결빙,비,단일로 - 기타,승용,남,21세,상해없음,화물,남,74세,기타불명
2012121500100163,2012년 12월 15일 06시,토요일,경상남도 거제시 연초면,경상사고,0,0,1,0,차량단독 - 전도전복,안전운전불이행,건조,흐림,단일로 - 기타,이륜,남,37세,상해없음,,,,
2012121500100164,2012년 12월 15일 06시,토요일,경상남도 김해시 주촌면,중상사고,0,1,0,0,차대사람 - 차도통행중,안전운전불이행,습기,안개,단일로 - 기타,화물,남,25세,상해없음,보행자,남,64세,중상
2012121500100205,2012년 12월 15일 08시,토요일,경상남도 창원시 마산합포구 해운동,중상사고,0,1,1,0,차대차 - 측면직각충돌,직진우회전진행방해,습기,비,교차로 - 교차로안,승용,여,42세,상해없음,승용,여,36세,경상
2012121500100206,2012년 12월 15일 08시,토요일,경상남도 김해시 진영읍,중상사고,0,1,0,0,차대사람 - 보도통행중,보행자보호의무위반,습기,안개,교차로 - 교차로안,승용,여,60세,상해없음,보행자,여,27세,중상
2012121500100221,2012년 12월 15일 09시,토요일,경상남도 통영시 북신동,경상사고,0,0,1,0,차대사람 - 횡단중,보행자보호의무위반,습기,흐림,단일로 - 횡단보도상,승용,여,38세,상해없음,보행자,남,39세,경상
2012121500100237,2012년 12월 15일 10시,토요일,경상남도 창원시 진해구 용원동,중상사고,0,1,0,0,차대차 - 측면직각충돌,안전운전불이행,건조,맑음,교차로 - 교차로안,승용,남,30세,상해없음,자전거,여,39세,중상
2012121500100238,2012년 12월 15일 10시,토요일,경상남도 양산시 어곡동,경상사고,0,0,1,0,차대차 - 기타,안전거리미확보,건조,맑음,단일로 - 기타,승용,남,28세,상해없음,승용,여,38세,경상
2012121500100263,2012년 12월 15일 11시,토요일,경상남도 밀양시 산내면,중상사고,0,2,0,1,차대차 - 측면직각충돌,중앙선침범,습기,비,단일로 - 기타,승용,여,38세,상해없음,화물,남,63세,중상
2012121500100264,2012년 12월 15일 11시,토요일,경상남도 고성군 회화면,중상사고,0,2,1,0,차대차 - 측면직각충돌,교차로운행방법위반,건조,맑음,교차로 - 교차로안,승용,남,44세,상해없음,승용,남,37세,경상
2012121500100287,2012년 12월 15일 12시,토요일,경상남도 남해군 남해읍,중상사고,0,1,0,0,차량단독 - 도로외이탈 - 추락,안전운전불이행,습기,맑음,단일로 - 기타,화물,남,62세,상해없음,,,,
2012121500100306,2012년 12월 15일 13시,토요일,경상남도 거제시 수월동,중상사고,0,1,0,0,차대사람 - 횡단중,안전운전불이행,습기,흐림,기타 - 기타,이륜,남,41세,상해없음,보행자,여,70세,중상
2012121500100307,2012년 12월 15일 13시,토요일,경상남도 김해시 장유면,중상사고,0,1,0,0,차대차 - 측면직각충돌,안전운전불이행,건조,흐림,단일로 - 기타,승용,남,37세,상해없음,이륜,남,38세,중상
2012121500100334,2012년 12월 15일 14시,토요일,경상남도 창원시 마산합포구 신포동2가,중상사고,0,1,0,0,차대차 - 측면직각충돌,교차로운행방법위반,건조,맑음,교차로 - 교차로부근,승용,남,20세,상해없음,승용,남,38세,중상
2012121500100393,2012년 12월 15일 17시,토요일,경상남도 진주시 인사동,중상사고,0,1,0,0,차대차 - 기타,안전운전불이행,건조,맑음,교차로 - 교차로안,승용,남,53세,상해없음,자전거,남,69세,중상
2012121500100394,2012년 12월 15일 17시,토요일,경상남도 창원시 진해구 자은동,경상사고,0,0,5,0,차대차 - 추돌 - 진행중,안전운전불이행,건조,맑음,단일로 - 기타,승용,남,30세,상해없음,승용,남,39세,경상
2012121500100395,2012년 12월 15일 17시,토요일,경상남도 김해시 어방동,경상사고,0,0,1,0,차대차 - 추돌 - 주정차중,안전운전불이행,건조,맑음,교차로 - 교차로부근,승합,남,46세,기타불명,승용,여,40세,상해없음
2012121500100396,2012년 12월 15일 17시,토요일,경상남도 김해시 내동,중상사고,0,1,0,0,차대사람 - 횡단중,안전운전불이행,건조,흐림,단일로 - 기타,승용,여,39세,상해없음,보행자,남,10세,중상
2012121500100397,2012년 12월 15일 17시,토요일,경상남도 거제시 고현동,경상사고,0,0,1,0,차대차 - 기타,교차로운행방법위반,습기,흐림,교차로 - 교차로부근,승용,남,50세,상해없음,이륜,남,38세,경상
2012121500100435,2012년 12월 15일 18시,토요일,경상남도 양산시 평산동,중상사고,0,1,0,0,차대사람 - 기타,안전운전불이행,건조,맑음,단일로 - 기타,승합,남,25세,상해없음,보행자,여,48세,중상
2012121500100436,2012년 12월 15일 18시,토요일,경상남도 창원시 마산회원구 석전동,중상사고,0,1,1,0,차대차 - 추돌 - 주정차중,안전운전불이행,건조,맑음,단일로 - 기타,화물,남,42세,상해없음,승용,남,27세,경상
2012121500100437,2012년 12월 15일 18시,토요일,경상남도 창원시 의창구 소답동,경상사고,0,0,1,0,차량단독 - 기타,안전운전불이행,건조,맑음,단일로 - 기타,승합,남,42세,상해없음,,,,
2012121500100466,2012년 12월 15일 19시,토요일,경상남도 창녕군 영산면,경상사고,0,0,1,0,차대차 - 추돌 - 주정차중,안전운전불이행,건조,맑음,교차로 - 교차로부근,승용,남,29세,상해없음,승용,남,49세,경상
2012121500100498,2012년 12월 15일 20시,토요일,경상남도 김해시 구산동,중상사고,0,2,0,0,차대차 - 측면직각충돌,안전거리미확보,건조,맑음,단일로 - 기타,승용,여,39세,상해없음,승용,남,61세,중상
2012121500100499,2012년 12월 15일 20시,토요일,경상남도 고성군 고성읍,중상사고,0,1,1,0,차대사람 - 횡단중,안전운전불이행,건조,맑음,단일로 - 기타,화물,남,61세,상해없음,보행자,여,14세,중상
2012121500100527,2012년 12월 15일 21시,토요일,경상남도 양산시 중부동,경상사고,0,0,2,0,차량단독 - 전도전복,안전운전불이행,건조,맑음,교차로 - 교차로안,승합,여,49세,상해없음,,,,
2012121500100559,2012년 12월 15일 22시,토요일,경상남도 진주시 주약동,중상사고,0,1,0,0,차대사람 - 횡단중,안전운전불이행,건조,맑음,단일로 - 기타,승용,남,53세,상해없음,보행자,여,55세,중상
2012121500100560,2012년 12월 15일 22시,토요일,경상남도 거제시 고현동,중상사고,0,1,0,0,차대사람 - 기타,보행자보호의무위반,습기,흐림,교차로 - 교차로부근,승용,남,48세,상해없음,보행자,여,40세,중상
2012121500100561,2012년 12월 15일 22시,토요일,경상남도 의령군 용덕면,경상사고,0,0,1,0,차량단독 - 공작물충돌,안전운전불이행,습기,안개,단일로 - 교량,승용,남,35세,상해없음,,,,
2012121500100606,2012년 12월 15일 23시,토요일,경상남도 사천시 정동면,중상사고,0,1,0,0,차대사람 - 기타,안전운전불이행,건조,맑음,단일로 - 기타,이륜,남,37세,상해없음,보행자,남,69세,중상
2012121600100028,2012년 12월 16일 00시,일요일,경상남도 진주시 이현동,중상사고,0,1,2,0,차대차 - 추돌 - 진행중,안전운전불이행,건조,맑음,단일로 - 횡단보도부근,승용,남,43세,상해없음,승용,남,35세,중상
2012121600100029,2012년 12월 16일 00시,일요일,경상남도 양산시 삼호동,중상사고,0,1,0,0,차대사람 - 기타,안전운전불이행,건조,맑음,교차로 - 교차로안,승용,여,37세,상해없음,보행자,남,65세,중상
2012121600100030,2012년 12월 16일 00시,일요일,경상남도 창원시 의창구 명서동,중상사고,0,3,1,0,차대차 - 기타,교차로운행방법위반,건조,맑음,교차로 - 교차로안,승용,남,45세,상해없음,승용,남,55세,경상
2012121600100061,2012년 12월 16일 01시,일요일,경상남도 김해시 삼계동,경상사고,0,0,3,1,차대차 - 추돌 - 진행중,안전운전불이행,건조,흐림,교차로 - 교차로부근,승용,남,50세,상해없음,승용,남,34세,경상
2012121600100062,2012년 12월 16일 01시,일요일,경상남도 거제시 고현동,경상사고,0,0,1,0,차대차 - 추돌 - 진행중,안전운전불이행,건조,맑음,교차로 - 교차로부근,승용,남,33세,상해없음,승용,남,36세,경상
2012121600100063,2012년 12월 16일 01시,일요일,경상남도 창원시 마산회원구 회원동,중상사고,0,1,1,0,차대차 - 측면직각충돌,신호위반,건조,맑음,교차로 - 교차로안,승용,남,61세,상해없음,승용,남,67세,경상
2012121600100088,2012년 12월 16일 02시,일요일,경상남도 창원시 마산회원구 양덕동,경상사고,0,0,1,0,차대차 - 기타,안전운전불이행,건조,맑음,단일로 - 기타,승용,여,62세,상해없음,승용,남,56세,경상
2012121600100114,2012년 12월 16일 04시,일요일,경상남도 창원시 마산회원구 내서읍,경상사고,0,0,1,0,차대차 - 추돌 - 주정차중,안전운전불이행,건조,맑음,단일로 - 횡단보도상,승용,남,24세,경상,화물,남,68세,기타불명
2012121600100156,2012년 12월 16일 06시,일요일,경상남도 사천시 이홀동,사망사고,1,0,0,0,차대사람 - 횡단중,안전운전불이행,습기,맑음,교차로 - 교차로부근,승합,남,71세,상해없음,보행자,여,71세,사망
2012121600100191,2012년 12월 16일 07시,일요일,경상남도 창원시 마산합포구 해운동,경상사고,0,0,1,0,차대사람 - 차도통행중,안전운전불이행,건조,맑음,교차로 - 교차로안,승용,남,56세,상해없음,보행자,여,78세,경상
2012121600100192,2012년 12월 16일 07시,일요일,경상남도 창원시 진해구 여좌동,사망사고,1,0,0,0,차대사람 - 차도통행중,안전운전불이행,건조,맑음,교차로 - 교차로부근,승용,남,47세,상해없음,보행자,여,79세,사망
2012121600100224,2012년 12월 16일 08시,일요일,경상남도 창원시 마산합포구 오동동,중상사고,0,1,0,0,차대사람 - 기타,안전운전불이행,건조,맑음,단일로 - 기타,건설기계,남,47세,상해없음,보행자,여,74세,중상
2012121600100225,2012년 12월 16일 08시,일요일,경상남도 김해시 부원동,중상사고,0,1,0,0,차대사람 - 횡단중,보행자보호의무위반,건조,맑음,단일로 - 횡단보도상,승용,여,52세,상해없음,보행자,여,46세,중상
2012121600100232,2012년 12월 16일 09시,일요일,경상남도 김해시 상동면,중상사고,0,4,4,0,차대차 - 기타,안전운전불이행,습기,안개,단일로 - 기타,화물,남,40세,상해없음,화물,남,35세,경상
2012121600100246,2012년 12월 16일 09시,일요일,경상남도 창원시 진해구 용원동,중상사고,0,1,1,0,차대차 - 측면직각충돌,신호위반,건조,맑음,교차로 - 교차로안,승용,여,61세,중상,승용,남,54세,경상
2012121600100247,2012년 12월 16일 09시,일요일,경상남도 합천군 초계면,경상사고,0,0,1,0,차대차 - 측면직각충돌,안전운전불이행,습기,안개,단일로 - 기타,승용,남,26세,상해없음,원동기,남,70세,경상
2012121600100249,2012년 12월 16일 09시,일요일,경상남도 김해시 진례면,부상신고사고,0,0,0,1,차대차 - 측면직각충돌,교차로운행방법위반,건조,맑음,교차로 - 교차로안,이륜,남,53세,부상신고,승용,남,35세,상해없음
2012121600100269,2012년 12월 16일 10시,일요일,경상남도 창원시 의창구 사림동,경상사고,0,0,1,0,차대차 - 측면직각충돌,직진우회전진행방해,건조,맑음,교차로 - 교차로안,승용,남,62세,상해없음,이륜,남,28세,경상
2012121600100278,2012년 12월 16일 11시,일요일,경상남도 창원시 마산합포구 진동면,경상사고,0,0,1,0,차대차 - 측면직각충돌,교차로운행방법위반,건조,맑음,교차로 - 교차로안,승용,남,62세,상해없음,승합,남,56세,상해없음
2012121600100279,2012년 12월 16일 11시,일요일,경상남도 거제시 사등면,중상사고,0,2,3,0,차대차 - 정면충돌,중앙선침범,건조,맑음,단일로 - 기타,승용,남,56세,상해없음,승용,남,44세,중상
2012121600100298,2012년 12월 16일 12시,일요일,경상남도 통영시 광도면,경상사고,0,0,1,0,차대차 - 기타,차로위반,건조,맑음,단일로 - 기타,승용,여,44세,상해없음,승용,남,40세,경상
2012121600100299,2012년 12월 16일 12시,일요일,경상남도 김해시 내동,중상사고,0,1,3,0,차대차 - 측면직각충돌,신호위반,건조,맑음,교차로 - 교차로안,승용,여,42세,경상,승용,남,48세,중상
2012121600100312,2012년 12월 16일 13시,일요일,경상남도 진주시 봉곡동,부상신고사고,0,0,0,1,차대차 - 기타,안전운전불이행,건조,맑음,단일로 - 기타,자전거,여,53세,부상신고,화물,남,64세,상해없음
2012121600100313,2012년 12월 16일 13시,일요일,경상남도 통영시 도남동,경상사고,0,0,2,0,차대차 - 측면직각충돌,안전운전불이행,건조,맑음,단일로 - 기타,승용,남,42세,상해없음,승용,남,64세,경상
2012121600100404,2012년 12월 16일 17시,일요일,경상남도 사천시 사천읍,경상사고,0,0,3,0,차대차 - 측면직각충돌,교차로운행방법위반,건조,맑음,교차로 - 교차로안,승용,남,49세,상해없음,승용,남,24세,경상
2012121600100405,2012년 12월 16일 17시,일요일,경상남도 거제시 고현동,중상사고,0,1,0,0,차대사람 - 횡단중,신호위반,건조,맑음,교차로 - 교차로부근,승용,남,44세,상해없음,보행자,여,19세,중상
2012121600100431,2012년 12월 16일 18시,일요일,경상남도 합천군 삼가면,중상사고,0,1,0,0,차대차 - 기타,교차로운행방법위반,건조,맑음,교차로 - 교차로안,화물,남,56세,중상,화물,남,57세,상해없음
2012121600100457,2012년 12월 16일 19시,일요일,경상남도 남해군 상주면,사망사고,1,0,0,0,차량단독 - 전도전복,안전운전불이행,습기,맑음,교차로 - 교차로안,승용,남,40세,사망,,,,
2012121600100473,2012년 12월 16일 20시,일요일,경상남도 창원시 진해구 죽곡동,사망사고,1,0,0,0,차대사람 - 횡단중,안전거리미확보,건조,맑음,단일로 - 기타,승용,남,54세,상해없음,보행자,남,17세,사망
2012121600100474,2012년 12월 16일 20시,일요일,경상남도 거창군 거창읍,중상사고,0,1,1,0,차대차 - 측면직각충돌,기타,건조,맑음,교차로 - 교차로안,화물,남,56세,상해없음,이륜,남,15세,경상
2012121600100497,2012년 12월 16일 21시,일요일,경상남도 창원시 의창구 동읍,사망사고,1,1,0,0,차대차 - 정면충돌,중앙선침범,건조,맑음,단일로 - 기타,승용,남,30세,사망,승용,남,47세,중상
2012121600100513,2012년 12월 16일 22시,일요일,경상남도 거제시 옥포동,경상사고,0,0,1,0,차대사람 - 기타,안전운전불이행,건조,맑음,단일로 - 기타,승용,남,28세,상해없음,보행자,남,42세,경상
2012121700100035,2012년 12월 17일 03시,월요일,경상남도 김해시 어방동,중상사고,0,1,0,0,차량단독 - 기타,안전운전불이행,건조,맑음,단일로 - 기타,승용,남,21세,중상,,,,
2012121700100043,2012년 12월 17일 04시,월요일,경상남도 통영시 무전동,중상사고,0,2,1,0,차대차 - 측면직각충돌,교차로운행방법위반,건조,맑음,교차로 - 교차로안,승용,여,50세,상해없음,승합,남,53세,경상
2012121700100062,2012년 12월 17일 06시,월요일,경상남도 창원시 진해구 안골동,중상사고,0,1,0,0,차대차 - 추돌 - 주정차중,안전운전불이행,건조,맑음,단일로 - 기타,승용,남,46세,중상,특수,남,40세,기타불명
2012121700100063,2012년 12월 17일 06시,월요일,경상남도 밀양시 내이동,경상사고,0,0,1,0,차대차 - 정면충돌,교차로운행방법위반,건조,맑음,교차로 - 교차로안,승용,여,56세,상해없음,승용,남,25세,경상
2012121700100064,2012년 12월 17일 06시,월요일,경상남도 김해시 불암동,경상사고,0,0,1,0,차대차 - 측면직각충돌,신호위반,건조,맑음,교차로 - 교차로안,화물,남,56세,상해없음,승용,남,47세,경상
2012121700100065,2012년 12월 17일 06시,월요일,경상남도 김해시 삼계동,경상사고,0,0,1,0,차대차 - 추돌 - 진행중,안전운전불이행,건조,맑음,단일로 - 기타,승합,남,60세,상해없음,승용,남,54세,경상
2012121700100093,2012년 12월 17일 07시,월요일,경상남도 합천군 봉산면,중상사고,0,1,0,0,차대차 - 정면충돌,중앙선침범,결빙,기타,단일로 - 기타,화물,남,63세,상해없음,화물,남,58세,중상
2012121700100094,2012년 12월 17일 07시,월요일,경상남도 창원시 성산구 내동,중상사고,0,1,0,0,차대차 - 측면직각충돌,안전거리미확보,건조,맑음,단일로 - 기타,이륜,남,30세,중상,승용,남,40세,상해없음
2012121700100130,2012년 12월 17일 08시,월요일,경상남도 창녕군 창녕읍,중상사고,0,1,0,0,차대차 - 측면직각충돌,신호위반,건조,맑음,교차로 - 교차로안,승용,여,49세,상해없음,승용,여,46세,중상
2012121700100131,2012년 12월 17일 08시,월요일,경상남도 김해시 화목동,경상사고,0,0,1,0,차대차 - 측면직각충돌,신호위반,건조,맑음,교차로 - 교차로안,승용,남,33세,상해없음,승용,남,41세,경상
2012121700100152,2012년 12월 17일 09시,월요일,경상남도 창원시 마산회원구 구암동,중상사고,0,1,1,0,차대차 - 측면직각충돌,안전운전불이행,건조,맑음,교차로 - 교차로안,화물,남,70세,상해없음,승용,남,50세,경상
2012121700100185,2012년 12월 17일 11시,월요일,경상남도 통영시 광도면,경상사고,0,0,1,0,차량단독 - 공작물충돌,안전운전불이행,건조,맑음,단일로 - 기타,승용,남,45세,경상,,,,
2012121700100186,2012년 12월 17일 11시,월요일,경상남도 통영시 용남면,중상사고,0,1,1,0,차대차 - 측면직각충돌,안전거리미확보,건조,맑음,단일로 - 기타,승용,여,48세,경상,승용,여,50세,중상
2012121700100211,2012년 12월 17일 12시,월요일,경상남도 창원시 마산합포구 오동동,중상사고,0,1,1,0,차대차 - 측면직각충돌,신호위반,건조,흐림,교차로 - 교차로안,승용,남,54세,상해없음,승용,남,45세,중상
2012121700100242,2012년 12월 17일 14시,월요일,경상남도 사천시 동금동,경상사고,0,0,1,0,차대차 - 측면직각충돌,안전운전불이행,건조,맑음,교차로 - 교차로안,승용,여,50세,상해없음,화물,남,36세,경상
2012121700100243,2012년 12월 17일 14시,월요일,경상남도 양산시 하북면,경상사고,0,0,1,0,차대차 - 기타,중앙선침범,건조,맑음,단일로 - 기타,화물,여,52세,상해없음,승용,남,48세,경상
2012121700100267,2012년 12월 17일 15시,월요일,경상남도 김해시 삼계동,중상사고,0,1,0,0,차대차 - 측면직각충돌,신호위반,건조,맑음,교차로 - 교차로안,승합,남,62세,상해없음,이륜,남,22세,중상
2012121700100268,2012년 12월 17일 15시,월요일,경상남도 창녕군 남지읍,중상사고,0,4,0,0,차대차 - 정면충돌,중앙선침범,건조,맑음,단일로 - 기타,화물,남,28세,중상,화물,남,42세,중상
2012121700100295,2012년 12월 17일 16시,월요일,경상남도 통영시 도남동,경상사고,0,0,2,0,차대차 - 측면직각충돌,교차로운행방법위반,건조,맑음,교차로 - 교차로안,승용,여,57세,상해없음,승용,여,29세,경상
2012121700100296,2012년 12월 17일 16시,월요일,경상남도 거제시 남부면,경상사고,0,0,3,0,차대차 - 추돌 - 진행중,안전운전불이행,건조,맑음,단일로 - 기타,승용,남,63세,상해없음,승용,남,43세,경상
2012121700100322,2012년 12월 17일 17시,월요일,경상남도 고성군 고성읍,중상사고,0,1,0,0,차대사람 - 차도통행중,안전운전불이행,건조,맑음,교차로 - 교차로안,승용,남,78세,상해없음,보행자,여,71세,중상
2012121700100323,2012년 12월 17일 17시,월요일,경상남도 거제시 상동동,경상사고,0,0,1,0,차대차 - 기타,중앙선침범,건조,맑음,교차로 - 교차로부근,기타불명,기타불명,기타불명,기타불명,승용,남,69세,상해없음
2012121700100324,2012년 12월 17일 17시,월요일,경상남도 창원시 마산회원구 내서읍,중상사고,0,1,0,0,차대사람 - 기타,보행자보호의무위반,건조,맑음,교차로 - 교차로안,화물,남,56세,상해없음,보행자,남,40세,중상
2012121700100350,2012년 12월 17일 18시,월요일,경상남도 진주시 이현동,중상사고,0,2,0,0,차대차 - 추돌 - 진행중,안전거리미확보,건조,맑음,단일로 - 기타,승용,남,28세,상해없음,승용,남,64세,중상
2012121700100351,2012년 12월 17일 18시,월요일,경상남도 창원시 진해구 석동,중상사고,0,1,0,0,차대차 - 측면직각충돌,신호위반,건조,맑음,교차로 - 교차로안,승용,여,24세,기타불명,원동기,남,18세,중상
2012121700100352,2012년 12월 17일 18시,월요일,경상남도 사천시 사천읍,경상사고,0,0,1,0,차대사람 - 기타,안전운전불이행,건조,맑음,단일로 - 기타,승용,남,32세,상해없음,보행자,남,54세,경상
2012121700100353,2012년 12월 17일 18시,월요일,경상남도 김해시 내동,중상사고,0,1,0,0,차대사람 - 횡단중,신호위반,건조,맑음,교차로 - 교차로부근,승용,여,29세,상해없음,보행자,남,39세,중상
2012121700100354,2012년 12월 17일 18시,월요일,경상남도 양산시 물금읍,부상신고사고,0,0,0,1,차대사람 - 횡단중,안전운전불이행,건조,맑음,기타 - 기타,승합,남,42세,상해없음,보행자,남,58세,부상신고
2012121700100409,2012년 12월 17일 20시,월요일,경상남도 거제시 고현동,중상사고,0,1,0,0,차대차 - 기타,안전운전불이행,건조,맑음,단일로 - 기타,승용,남,31세,상해없음,이륜,남,24세,중상
2012121700100410,2012년 12월 17일 20시,월요일,경상남도 창원시 마산회원구 내서읍,중상사고,0,1,1,0,차대차 - 정면충돌,중앙선침범,건조,맑음,미분류 - 미분류,승용,여,27세,상해없음,승용,남,47세,상해없음
2012121700100411,2012년 12월 17일 20시,월요일,경상남도 김해시 장유면,사망사고,1,0,0,0,차대사람 - 횡단중,안전운전불이행,건조,맑음,단일로 - 기타,승용,남,38세,상해없음,보행자,남,54세,사망
2012121700100434,2012년 12월 17일 21시,월요일,경상남도 거제시 옥포동,중상사고,0,1,0,0,차대차 - 기타,안전운전불이행,건조,맑음,단일로 - 기타,승용,남,22세,상해없음,이륜,남,43세,중상
2012121800100019,2012년 12월 18일 00시,화요일,경상남도 창원시 성산구 상남동,중상사고,0,2,0,0,차대차 - 추돌 - 주정차중,안전운전불이행,건조,맑음,단일로 - 기타,승용,남,29세,상해없음,승용,남,44세,중상
2012121800100032,2012년 12월 18일 01시,화요일,경상남도 창원시 마산합포구 대외동,중상사고,0,1,0,0,차대사람 - 길가장자리구역통행중,안전운전불이행,건조,맑음,교차로 - 교차로안,승용,남,50세,상해없음,보행자,여,65세,중상