사고번호,사고일시,요일,시군구,사고내용,사망자수,중상자수,경상자수,부상신고자수,사고유형,법규위반,노면상태,기상상태,도로형태,가해운전자 차종,가해운전자 성별,가해운전자 연령,가해운전자 상해정도,피해운전자 차종,피해운전자 성별,피해운전자 연령,피해운전자 상해정도
2012121800100060,2012년 12월 18일 05시,화요일,경상남도 김해시 삼정동,사망사고,1,0,0,0,차량단독 - 공작물충돌,안전운전불이행,건조,맑음,기타 - 기타,이륜,남,57세,사망,,,,
2012121800100072,2012년 12월 18일 06시,화요일,경상남도 김해시 삼정동,중상사고,0,1,0,0,차대차 - 측면직각충돌,직진우회전진행방해,건조,맑음,교차로 - 교차로안,승용,남,62세,상해없음,승용,남,41세,상해없음
2012121800100090,2012년 12월 18일 07시,화요일,경상남도 창원시 마산합포구 구산면,중상사고,0,1,0,0,차대차 - 정면충돌,중앙선침범,건조,맑음,단일로 - 기타,화물,남,59세,상해없음,자전거,남,23세,중상
2012121800100091,2012년 12월 18일 07시,화요일,경상남도 창원시 진해구 용원동,중상사고,0,1,0,0,차대차 - 측면직각충돌,직진우회전진행방해,건조,맑음,교차로 - 교차로안,승용,남,32세,중상,화물,남,44세,상해없음
2012121800100115,2012년 12월 18일 08시,화요일,경상남도 진주시 상평동,중상사고,0,1,0,0,차대차 - 측면직각충돌,교차로운행방법위반,건조,맑음,교차로 - 교차로부근,화물,남,52세,상해없음,자전거,여,54세,중상
2012121800100116,2012년 12월 18일 08시,화요일,경상남도 창원시 진해구 석동,중상사고,0,1,0,0,차대사람 - 보도통행중,신호위반,건조,맑음,교차로 - 교차로부근,건설기계,남,60세,상해없음,보행자,여,55세,중상
2012121800100130,2012년 12월 18일 09시,화요일,경상남도 진주시 대곡면,경상사고,0,0,1,0,차대차 - 측면직각충돌,직진우회전진행방해,건조,맑음,교차로 - 교차로안,승용,여,34세,상해없음,승용,남,20세,기타불명
2012121800100195,2012년 12월 18일 12시,화요일,경상남도 합천군 율곡면,경상사고,0,0,1,0,차대차 - 기타,중앙선침범,건조,맑음,단일로 - 기타,승용,여,43세,상해없음,이륜,남,76세,경상
2012121800100213,2012년 12월 18일 13시,화요일,경상남도 사천시 사천읍,경상사고,0,0,2,0,차대차 - 추돌 - 주정차중,안전운전불이행,건조,맑음,교차로 - 교차로부근,승용,남,30세,상해없음,승용,남,54세,경상
2012121800100237,2012년 12월 18일 14시,화요일,경상남도 밀양시 내이동,중상사고,0,3,0,0,차대차 - 측면직각충돌,중앙선침범,건조,맑음,단일로 - 기타,승용,남,68세,상해없음,승용,남,25세,중상
2012121800100238,2012년 12월 18일 14시,화요일,경상남도 거제시 능포동,경상사고,0,0,1,0,차대차 - 추돌 - 진행중,안전운전불이행,건조,맑음,단일로 - 기타,승용,남,43세,상해없음,승용,여,58세,경상
2012121800100265,2012년 12월 18일 15시,화요일,경상남도 김해시 삼계동,경상사고,0,0,1,0,차대차 - 측면직각충돌,차로위반,건조,맑음,교차로 - 교차로부근,승용,남,52세,상해없음,특수,남,46세,상해없음
2012121800100266,2012년 12월 18일 15시,화요일,경상남도 김해시 삼계동,중상사고,0,1,0,0,차대차 - 측면직각충돌,안전운전불이행,건조,맑음,단일로 - 기타,화물,남,53세,상해없음,승용,남,55세,중상
2012121800100291,2012년 12월 18일 16시,화요일,경상남도 진주시 하대동,부상신고사고,0,0,0,1,차대사람 - 보도통행중,기타,건조,맑음,단일로 - 기타,승용,남,70세,상해없음,보행자,여,41세,부상신고
2012121800100292,2012년 12월 18일 16시,화요일,경상남도 김해시 봉황동,경상사고,0,0,1,0,차대차 - 측면직각충돌,교차로운행방법위반,건조,맑음,교차로 - 교차로안,승용,남,55세,상해없음,승용,여,42세,경상
2012121800100323,2012년 12월 18일 17시,화요일,경상남도 하동군 하동읍,경상사고,0,0,2,0,차대차 - 추돌 - 주정차중,안전운전불이행,건조,맑음,단일로 - 기타,승용,남,48세,상해없음,승용,남,30세,상해없음
2012121800100324,2012년 12월 18일 17시,화요일,경상남도 김해시 진영읍,중상사고,0,3,0,0,차대차 - 추돌 - 주정차중,안전운전불이행,건조,맑음,교차로 - 교차로안,건설기계,남,48세,상해없음,화물,남,31세,중상
2012121800100362,2012년 12월 18일 18시,화요일,경상남도 통영시 광도면,경상사고,0,0,1,0,차대차 - 정면충돌,안전운전불이행,건조,맑음,교차로 - 교차로안,원동기,남,26세,경상,승용,남,52세,상해없음
2012121800100363,2012년 12월 18일 18시,화요일,경상남도 김해시 동상동,경상사고,0,0,1,0,차대사람 - 횡단중,안전운전불이행,건조,맑음,단일로 - 기타,승용,여,38세,상해없음,보행자,여,48세,경상
2012121800100364,2012년 12월 18일 18시,화요일,경상남도 김해시 생림면,사망사고,1,0,0,0,차대차 - 측면직각충돌,안전운전불이행,건조,맑음,교차로 - 교차로부근,승용,남,50세,상해없음,승용,남,34세,상해없음
2012121800100393,2012년 12월 18일 19시,화요일,경상남도 창원시 마산회원구 합성동,경상사고,0,0,1,0,차대차 - 측면직각충돌,신호위반,건조,맑음,교차로 - 교차로안,승용,남,52세,상해없음,승용,여,61세,경상
2012121800100394,2012년 12월 18일 19시,화요일,경상남도 함안군 산인면,중상사고,0,1,0,0,차대차 - 추돌 - 진행중,안전운전불이행,건조,맑음,단일로 - 기타,특수,남,41세,상해없음,화물,남,54세,상해없음
2012121800100417,2012년 12월 18일 20시,화요일,경상남도 양산시 물금읍,경상사고,0,0,1,0,차대사람 - 기타,신호위반,건조,맑음,교차로 - 교차로부근,승용,남,40세,상해없음,보행자,여,24세,경상
2012121800100458,2012년 12월 18일 21시,화요일,경상남도 거제시 옥포동,경상사고,0,0,1,0,차대차 - 기타,신호위반,건조,맑음,단일로 - 기타,승용,남,34세,상해없음,승용,남,38세,경상
2012121800100459,2012년 12월 18일 21시,화요일,경상남도 거제시 옥포동,경상사고,0,0,1,0,차대차 - 기타,교차로운행방법위반,건조,맑음,교차로 - 교차로안,승용,남,53세,상해없음,원동기,남,17세,경상
2012121800100491,2012년 12월 18일 22시,화요일,경상남도 양산시 남부동,경상사고,0,0,2,0,차대차 - 측면직각충돌,안전운전불이행,건조,맑음,교차로 - 교차로부근,승용,남,40세,상해없음,승용,여,26세,경상
2012121800100492,2012년 12월 18일 22시,화요일,경상남도 거제시 옥포동,경상사고,0,0,1,0,차대차 - 추돌 - 진행중,안전운전불이행,건조,맑음,교차로 - 교차로안,승용,남,34세,상해없음,승용,남,25세,상해없음
2012121800100519,2012년 12월 18일 23시,화요일,경상남도 양산시 중부동,부상신고사고,0,0,0,1,차대차 - 측면직각충돌,안전운전불이행,건조,맑음,기타 - 기타,승용,남,24세,상해없음,승용,남,35세,부상신고
2012121900100019,2012년 12월 19일 00시,수요일,경상남도 창원시 의창구 팔용동,경상사고,0,0,4,0,차대차 - 추돌 - 주정차중,안전운전불이행,건조,맑음,교차로 - 교차로부근,승용,남,54세,상해없음,승용,남,43세,경상
2012121900100041,2012년 12월 19일 01시,수요일,경상남도 진주시 평거동,경상사고,0,0,1,0,차대차 - 측면직각충돌,차로위반,건조,맑음,단일로 - 기타,승용,남,26세,상해없음,승용,남,23세,경상
2012121900100042,2012년 12월 19일 01시,수요일,경상남도 거제시 고현동,중상사고,0,1,0,0,차대사람 - 기타,안전운전불이행,건조,맑음,단일로 - 기타,승용,남,28세,상해없음,보행자,남,30세,중상
2012121900100057,2012년 12월 19일 02시,수요일,경상남도 진주시 평거동,중상사고,0,1,0,0,차대차 - 정면충돌,중앙선침범,건조,맑음,단일로 - 기타,승용,남,50세,상해없음,승용,남,41세,중상
2012121900100078,2012년 12월 19일 04시,수요일,경상남도 창원시 진해구 용원동,사망사고,1,1,1,1,차대차 - 기타,안전운전불이행,건조,맑음,단일로 - 기타,승용,남,36세,상해없음,화물,남,59세,경상
2012121900100090,2012년 12월 19일 05시,수요일,경상남도 창원시 진해구 자은동,경상사고,0,0,3,1,차대차 - 기타,신호위반,건조,맑음,교차로 - 교차로안,특수,남,22세,부상신고,승용,여,38세,경상
2012121900100122,2012년 12월 19일 08시,수요일,경상남도 김해시 주촌면,중상사고,0,1,1,0,차대차 - 측면직각충돌,안전거리미확보,건조,맑음,단일로 - 기타,화물,남,42세,중상,화물,남,51세,상해없음
2012121900100125,2012년 12월 19일 08시,수요일,경상남도 거제시 아주동,중상사고,0,1,0,0,차대차 - 추돌 - 주정차중,안전운전불이행,결빙,맑음,단일로 - 기타,이륜,남,31세,상해없음,승용,남,43세,상해없음
2012121900100136,2012년 12월 19일 09시,수요일,경상남도 창원시 진해구 태평동,경상사고,0,0,1,0,차대차 - 측면직각충돌,안전운전불이행,건조,맑음,교차로 - 교차로부근,원동기,여,36세,경상,화물,남,25세,상해없음
2012121900100137,2012년 12월 19일 09시,수요일,경상남도 김해시 풍유동,중상사고,0,1,0,0,차대차 - 추돌 - 주정차중,안전운전불이행,건조,맑음,교차로 - 교차로부근,화물,남,53세,상해없음,승용,남,59세,중상
2012121900100159,2012년 12월 19일 10시,수요일,경상남도 진주시 상대동,경상사고,0,0,1,0,차대차 - 측면직각충돌,안전거리미확보,건조,맑음,단일로 - 기타,건설기계,남,56세,상해없음,승용,남,25세,경상
2012121900100177,2012년 12월 19일 11시,수요일,경상남도 합천군 용주면,중상사고,0,2,0,0,차대차 - 기타,안전거리미확보,건조,맑음,단일로 - 기타,화물,남,51세,상해없음,승용,여,52세,상해없음
2012121900100178,2012년 12월 19일 11시,수요일,경상남도 거제시 장목면,사망사고,1,0,0,0,차량단독 - 공작물충돌,안전운전불이행,건조,맑음,단일로 - 기타,승용,남,46세,상해없음,,,,
2012121900100203,2012년 12월 19일 12시,수요일,경상남도 진주시 상대동,중상사고,0,1,1,0,차대차 - 기타,직진우회전진행방해,건조,맑음,교차로 - 교차로안,승용,여,44세,경상,화물,남,56세,중상
2012121900100204,2012년 12월 19일 12시,수요일,경상남도 김해시 상동면,중상사고,0,1,0,0,차대차 - 기타,안전운전불이행,건조,맑음,단일로 - 기타,승용,여,44세,상해없음,원동기,남,56세,중상
2012121900100205,2012년 12월 19일 12시,수요일,경상남도 함양군 함양읍,중상사고,0,3,0,0,차대차 - 측면직각충돌,신호위반,건조,맑음,교차로 - 교차로안,특수,남,56세,상해없음,승용,여,44세,중상
2012121900100206,2012년 12월 19일 12시,수요일,경상남도 양산시 상북면,중상사고,0,1,0,0,차대차 - 기타,차로위반,건조,맑음,단일로 - 기타,이륜,남,88세,중상,승용,남,53세,상해없음
2012121900100227,2012년 12월 19일 13시,수요일,경상남도 밀양시 내이동,중상사고,0,1,0,0,차대차 - 측면직각충돌,안전운전불이행,건조,맑음,단일로 - 기타,화물,남,43세,상해없음,화물,남,32세,상해없음
2012121900100228,2012년 12월 19일 13시,수요일,경상남도 산청군 신안면,중상사고,0,2,0,0,차량단독 - 전도전복,안전운전불이행,건조,맑음,단일로 - 기타,승용,여,34세,중상,,,,
2012121900100255,2012년 12월 19일 14시,수요일,경상남도 김해시 외동,중상사고,0,1,0,0,차대차 - 측면직각충돌,안전거리미확보,건조,맑음,단일로 - 기타,건설기계,남,48세,상해없음,승용,남,37세,중상
2012121900100256,2012년 12월 19일 14시,수요일,경상남도 함안군 가야읍,중상사고,0,1,1,0,차대차 - 측면직각충돌,교차로운행방법위반,건조,맑음,교차로 - 교차로안,승용,여,46세,상해없음,이륜,남,68세,경상
2012121900100257,2012년 12월 19일 14시,수요일,경상남도 함안군 칠북면,경상사고,0,0,1,0,차대차 - 기타,안전운전불이행,건조,맑음,단일로 - 기타,승용,남,51세,상해없음,승용,여,49세,경상
2012121900100258,2012년 12월 19일 14시,수요일,경상남도 창원시 의창구 명서동,경상사고,0,0,9,0,차대차 - 측면직각충돌,신호위반,건조,맑음,교차로 - 교차로안,승용,남,53세,상해없음,승용,남,66세,경상
2012121900100276,2012년 12월 19일 15시,수요일,경상남도 창원시 마산합포구 오동동,경상사고,0,0,1,0,차대차 - 추돌 - 주정차중,안전운전불이행,건조,맑음,단일로 - 기타,승용,남,57세,상해없음,원동기,여,22세,경상
2012121900100277,2012년 12월 19일 15시,수요일,경상남도 창녕군 남지읍,중상사고,0,1,0,0,차대차 - 기타,직진우회전진행방해,건조,맑음,교차로 - 교차로안,원동기,남,70세,중상,승용,남,40세,상해없음
2012121900100305,2012년 12월 19일 16시,수요일,경상남도 고성군 영현면,경상사고,0,0,1,0,차대사람 - 횡단중,안전운전불이행,건조,맑음,단일로 - 기타,화물,남,37세,상해없음,보행자,여,56세,경상
2012121900100333,2012년 12월 19일 17시,수요일,경상남도 진주시 평거동,경상사고,0,0,1,0,차대차 - 측면직각충돌,직진우회전진행방해,건조,맑음,교차로 - 교차로안,승용,남,27세,상해없음,이륜,남,21세,경상
2012121900100334,2012년 12월 19일 17시,수요일,경상남도 김해시 서상동,중상사고,0,1,0,0,차대사람 - 횡단중,안전운전불이행,건조,맑음,단일로 - 기타,승용,여,57세,상해없음,보행자,여,77세,중상
2012121900100364,2012년 12월 19일 18시,수요일,경상남도 진주시 상평동,경상사고,0,0,1,0,차대차 - 측면직각충돌,안전거리미확보,건조,맑음,단일로 - 기타,승용,남,43세,상해없음,이륜,남,27세,경상
2012121900100391,2012년 12월 19일 19시,수요일,경상남도 함양군 함양읍,부상신고사고,0,0,0,1,차대차 - 측면직각충돌,신호위반,건조,맑음,교차로 - 교차로안,승용,여,48세,부상신고,승용,남,69세,상해없음
2012121900100457,2012년 12월 19일 22시,수요일,경상남도 창원시 진해구 경화동,중상사고,0,1,0,0,차대사람 - 기타,안전운전불이행,건조,맑음,교차로 - 교차로부근,승용,남,40세,상해없음,보행자,남,60세,중상
2012121900100458,2012년 12월 19일 22시,수요일,경상남도 사천시 선구동,경상사고,0,0,1,0,차대차 - 측면직각충돌,교차로운행방법위반,건조,맑음,교차로 - 교차로안,승용,여,48세,상해없음,자전거,남,51세,경상
2012121900100459,2012년 12월 19일 22시,수요일,경상남도 거제시 아주동,중상사고,0,1,0,0,차대사람 - 횡단중,보행자보호의무위반,건조,맑음,단일로 - 횡단보도상,승용,남,28세,상해없음,보행자,여,18세,중상
2012121900100483,2012년 12월 19일 23시,수요일,경상남도 양산시 교동,경상사고,0,0,3,0,차대차 - 기타,안전운전불이행,건조,맑음,교차로 - 교차로부근,승용,남,40세,상해없음,승용,남,51세,경상
2012122000100022,2012년 12월 20일 01시,목요일,경상남도 김해시 상동면,경상사고,0,0,1,0,차대차 - 추돌 - 주정차중,안전운전불이행,건조,맑음,단일로 - 기타,화물,남,45세,경상,화물,남,45세,상해없음
2012122000100034,2012년 12월 20일 02시,목요일,경상남도 창원시 마산회원구 양덕동,경상사고,0,0,1,0,차대차 - 측면직각충돌,신호위반,건조,맑음,교차로 - 교차로안,승용,남,46세,상해없음,승용,남,57세,경상
2012122000100042,2012년 12월 20일 03시,목요일,경상남도 창원시 성산구 상남동,중상사고,0,1,0,2,차대차 - 측면직각충돌,직진우회전진행방해,건조,맑음,교차로 - 교차로안,승용,남,25세,상해없음,승용,남,57세,중상
2012122000100058,2012년 12월 20일 05시,목요일,경상남도 김해시 부원동,중상사고,0,1,1,0,차대차 - 측면직각충돌,불법유턴,건조,맑음,교차로 - 교차로안,건설기계,남,42세,상해없음,승용,남,49세,경상
2012122000100059,2012년 12월 20일 05시,목요일,경상남도 김해시 삼계동,중상사고,0,1,0,0,차대차 - 측면직각충돌,안전운전불이행,건조,맑음,단일로 - 기타,승용,남,36세,상해없음,이륜,남,67세,중상
2012122000100062,2012년 12월 20일 06시,목요일,경상남도 김해시 주촌면,중상사고,0,1,0,0,차대차 - 기타,안전운전불이행,건조,맑음,단일로 - 기타,승용,남,49세,상해없음,승용,남,42세,중상
2012122000100066,2012년 12월 20일 06시,목요일,경상남도 김해시 구산동,중상사고,0,1,0,0,차량단독 - 기타,안전운전불이행,건조,맑음,교차로 - 교차로부근,승용,남,66세,중상,,,,
2012122000100090,2012년 12월 20일 07시,목요일,경상남도 진주시 평안동,경상사고,0,0,1,0,차대차 - 측면직각충돌,안전운전불이행,건조,맑음,단일로 - 횡단보도부근,승용,남,21세,상해없음,승용,여,58세,경상
2012122000100091,2012년 12월 20일 07시,목요일,경상남도 합천군 합천읍,중상사고,0,1,0,0,차대차 - 측면직각충돌,중앙선침범,건조,맑음,교차로 - 교차로안,자전거,여,68세,중상,승용,남,32세,상해없음
2012122000100092,2012년 12월 20일 07시,목요일,경상남도 양산시 어곡동,중상사고,0,1,0,0,차대차 - 기타,중앙선침범,건조,맑음,단일로 - 기타,승용,남,49세,상해없음,승용,남,41세,중상
2012122000100093,2012년 12월 20일 07시,목요일,경상남도 창원시 의창구 동읍,중상사고,0,1,0,0,차대차 - 추돌 - 진행중,안전운전불이행,건조,맑음,단일로 - 기타,기타불명,기타불명,기타불명,기타불명,승용,남,28세,중상
2012122000100117,2012년 12월 20일 08시,목요일,경상남도 거제시 옥포동,중상사고,0,1,0,0,차대사람 - 횡단중,안전운전불이행,건조,맑음,단일로 - 횡단보도상,화물,남,64세,상해없음,보행자,여,23세,중상
2012122000100118,2012년 12월 20일 08시,목요일,경상남도 산청군 산청읍,중상사고,0,1,0,0,차대차 - 측면직각충돌,안전운전불이행,건조,맑음,교차로 - 교차로안,화물,남,49세,상해없음,승용,여,47세,상해없음
2012122000100140,2012년 12월 20일 09시,목요일,경상남도 거창군 가조면,경상사고,0,0,1,0,차대차 - 측면직각충돌,교차로운행방법위반,건조,맑음,교차로 - 교차로안,화물,남,53세,상해없음,승용,여,50세,경상
2012122000100156,2012년 12월 20일 10시,목요일,경상남도 함안군 칠원면,경상사고,0,0,2,0,차대차 - 추돌 - 주정차중,안전운전불이행,건조,맑음,교차로 - 교차로부근,화물,남,58세,상해없음,화물,남,41세,경상
2012122000100177,2012년 12월 20일 11시,목요일,경상남도 창원시 마산합포구 진전면,중상사고,0,1,0,0,차대차 - 기타,신호위반,건조,맑음,교차로 - 교차로부근,승용,남,46세,상해없음,자전거,남,53세,중상
2012122000100178,2012년 12월 20일 11시,목요일,경상남도 진주시 본성동,중상사고,0,1,0,0,차대사람 - 기타,안전운전불이행,건조,맑음,단일로 - 기타,승용,여,52세,상해없음,보행자,남,36세,중상
2012122000100199,2012년 12월 20일 12시,목요일,경상남도 밀양시 내이동,경상사고,0,0,2,0,차대차 - 측면직각충돌,교차로운행방법위반,건조,맑음,교차로 - 교차로안,승합,남,28세,상해없음,승용,남,57세,상해없음
2012122000100200,2012년 12월 20일 12시,목요일,경상남도 김해시 외동,경상사고,0,0,1,0,차량단독 - 기타,안전운전불이행,건조,맑음,단일로 - 기타,승합,남,52세,상해없음,,,,
2012122000100216,2012년 12월 20일 13시,목요일,경상남도 밀양시 하남읍,중상사고,0,1,0,0,차대차 - 정면충돌,안전운전불이행,건조,맑음,단일로 - 기타,화물,남,51세,상해없음,화물,남,57세,중상
2012122000100238,2012년 12월 20일 14시,목요일,경상남도 양산시 동면,경상사고,0,0,1,0,차대차 - 추돌 - 주정차중,안전운전불이행,건조,맑음,교차로 - 교차로부근,화물,남,27세,상해없음,승용,남,45세,경상
2012122000100239,2012년 12월 20일 14시,목요일,경상남도 김해시 진영읍,경상사고,0,0,1,0,차대사람 - 횡단중,보행자보호의무위반,건조,맑음,단일로 - 횡단보도상,승용,여,61세,상해없음,보행자,여,77세,경상
2012122000100240,2012년 12월 20일 14시,목요일,경상남도 김해시 장유면,경상사고,0,0,1,0,차대차 - 측면직각충돌,안전거리미확보,건조,맑음,교차로 - 교차로부근,특수,남,46세,상해없음,승용,여,42세,경상
2012122000100257,2012년 12월 20일 15시,목요일,경상남도 진주시 호탄동,중상사고,0,1,0,0,차대차 - 추돌 - 진행중,교차로운행방법위반,건조,맑음,교차로 - 교차로안,승용,남,49세,상해없음,승용,남,24세,중상
2012122000100258,2012년 12월 20일 15시,목요일,경상남도 양산시 중부동,중상사고,0,1,0,0,차대차 - 추돌 - 진행중,안전운전불이행,건조,맑음,교차로 - 교차로부근,승합,남,45세,상해없음,화물,남,63세,중상
2012122000100283,2012년 12월 20일 16시,목요일,경상남도 창원시 진해구 용원동,중상사고,0,1,0,0,차대차 - 측면직각충돌,교차로운행방법위반,건조,맑음,교차로 - 교차로안,승용,남,26세,상해없음,승용,남,60세,중상
2012122000100315,2012년 12월 20일 17시,목요일,경상남도 통영시 서호동,경상사고,0,0,2,0,차대차 - 기타,교차로운행방법위반,건조,맑음,교차로 - 교차로안,승용,남,52세,상해없음,원동기,남,17세,경상
2012122000100316,2012년 12월 20일 17시,목요일,경상남도 사천시 축동면,경상사고,0,0,1,0,차대차 - 측면직각충돌,교차로운행방법위반,건조,맑음,교차로 - 교차로안,승용,여,49세,상해없음,승합,남,35세,경상
2012122000100355,2012년 12월 20일 18시,목요일,경상남도 거창군 마리면,중상사고,0,1,0,0,차대차 - 측면직각충돌,안전운전불이행,건조,맑음,단일로 - 기타,승용,남,28세,상해없음,승용,여,44세,중상
2012122000100356,2012년 12월 20일 18시,목요일,경상남도 양산시 중부동,부상신고사고,0,0,0,1,차대차 - 추돌 - 주정차중,안전운전불이행,건조,맑음,단일로 - 기타,원동기,기타불명,기타불명,기타불명,승용,남,53세,부상신고
2012122000100357,2012년 12월 20일 18시,목요일,경상남도 하동군 금남면,중상사고,0,1,0,0,차대사람 - 길가장자리구역통행중,기타,건조,맑음,단일로 - 기타,승용,남,65세,상해없음,보행자,남,68세,중상
2012122000100358,2012년 12월 20일 18시,목요일,경상남도 창원시 성산구 중앙동,중상사고,0,1,0,0,차대사람 - 기타,신호위반,건조,맑음,단일로 - 기타,승용,남,57세,상해없음,보행자,여,29세,중상
2012122000100385,2012년 12월 20일 19시,목요일,경상남도 사천시 서포면,경상사고,0,0,1,0,차대차 - 기타,안전운전불이행,건조,맑음,단일로 - 기타,화물,남,50세,경상,화물,여,47세,기타불명
2012122000100386,2012년 12월 20일 19시,목요일,경상남도 김해시 한림면,중상사고,0,1,0,0,차대차 - 정면충돌,중앙선침범,건조,맑음,교차로 - 교차로부근,승용,남,27세,상해없음,승용,남,53세,중상
2012122000100411,2012년 12월 20일 20시,목요일,경상남도 창원시 마산합포구 상남동,중상사고,0,2,0,0,차대사람 - 횡단중,안전운전불이행,건조,맑음,단일로 - 기타,승용,남,58세,상해없음,보행자,남,89세,중상
2012122000100412,2012년 12월 20일 20시,목요일,경상남도 창원시 마산합포구 월영동,경상사고,0,0,1,0,차대차 - 측면직각충돌,안전운전불이행,건조,맑음,단일로 - 기타,원동기,남,52세,경상,화물,남,34세,상해없음
2012122000100413,2012년 12월 20일 20시,목요일,경상남도 사천시 사천읍,경상사고,0,0,1,0,차대차 - 측면직각충돌,중앙선침범,건조,맑음,교차로 - 교차로부근,승용,남,43세,상해없음,승용,남,35세,경상
2012122000100414,2012년 12월 20일 20시,목요일,경상남도 창녕군 남지읍,경상사고,0,0,1,0,차대사람 - 기타,안전운전불이행,건조,맑음,교차로 - 교차로부근,승용,남,72세,상해없음,보행자,여,22세,경상
2012122000100415,2012년 12월 20일 20시,목요일,경상남도 거제시 장승포동,중상사고,0,1,0,0,차대차 - 기타,교차로운행방법위반,건조,맑음,교차로 - 교차로안,승용,남,67세,상해없음,이륜,남,53세,중상
2012122000100442,2012년 12월 20일 21시,목요일,경상남도 창원시 마산합포구 창포동3가,중상사고,0,1,0,0,차대차 - 추돌 - 주정차중,안전운전불이행,건조,맑음,단일로 - 기타,승용,남,27세,상해없음,승용,남,32세,중상
2012122000100465,2012년 12월 20일 22시,목요일,경상남도 진주시 지수면,사망사고,1,0,0,0,차량단독 - 전도전복,안전운전불이행,건조,맑음,단일로 - 기타,원동기,여,82세,사망,,,,
2012122000100466,2012년 12월 20일 22시,목요일,경상남도 사천시 사남면,경상사고,0,0,2,0,차대차 - 측면직각충돌,신호위반,건조,맑음,교차로 - 교차로안,승용,남,40세,상해없음,승용,남,54세,상해없음
2012122000100467,2012년 12월 20일 22시,목요일,경상남도 함안군 가야읍,경상사고,0,0,1,0,차대사람 - 횡단중,안전운전불이행,건조,맑음,단일로 - 기타,승용,여,51세,상해없음,보행자,여,43세,경상
2012122000100496,2012년 12월 20일 23시,목요일,경상남도 창원시 마산합포구 오동동,중상사고,0,1,0,0,차대사람 - 횡단중,보행자보호의무위반,건조,맑음,단일로 - 기타,승용,남,56세,상해없음,보행자,남,38세,중상
2012122100100012,2012년 12월 21일 00시,금요일,경상남도 창원시 의창구 중동,경상사고,0,0,2,0,차대차 - 측면직각충돌,안전거리미확보,건조,맑음,단일로 - 기타,승용,남,56세,상해없음,승용,여,25세,경상
2012122100100034,2012년 12월 21일 01시,금요일,경상남도 산청군 시천면,부상신고사고,0,0,0,1,차량단독 - 공작물충돌,안전운전불이행,건조,맑음,단일로 - 기타,승용,남,38세,부상신고,,,,
2012122100100062,2012년 12월 21일 04시,금요일,경상남도 양산시 북정동,중상사고,0,1,0,0,차대차 - 측면직각충돌,안전운전불이행,습기,맑음,교차로 - 교차로안,승용,남,61세,상해없음,승용,남,49세,중상
2012122100100067,2012년 12월 21일 05시,금요일,경상남도 김해시 풍유동,중상사고,0,1,0,0,차대차 - 기타,안전운전불이행,건조,맑음,교차로 - 교차로부근,승용,남,24세,상해없음,승용,남,54세,중상
2012122100100091,2012년 12월 21일 06시,금요일,경상남도 창원시 마산합포구 상남동,중상사고,0,1,1,0,차대차 - 기타,안전운전불이행,건조,흐림,단일로 - 기타,승용,남,68세,경상,승용,남,51세,기타불명
2012122100100092,2012년 12월 21일 06시,금요일,경상남도 김해시 화목동,중상사고,0,1,1,0,차대차 - 측면직각충돌,안전운전불이행,건조,맑음,교차로 - 교차로안,승합,남,46세,중상,건설기계,남,39세,경상
2012122100100100,2012년 12월 21일 07시,금요일,경상남도 밀양시 상동면,중상사고,0,1,0,0,차대차 - 측면직각충돌,안전운전불이행,결빙,비,단일로 - 기타,승용,여,27세,상해없음,화물,남,53세,중상
2012122100100117,2012년 12월 21일 07시,금요일,경상남도 양산시 용당동,중상사고,0,1,0,0,차대차 - 정면충돌,중앙선침범,습기,비,단일로 - 기타,건설기계,남,36세,상해없음,화물,남,44세,중상
2012122100100118,2012년 12월 21일 07시,금요일,경상남도 남해군 남해읍,중상사고,0,1,0,0,차대차 - 기타,안전운전불이행,결빙,비,기타 - 기타,화물,남,56세,상해없음,승용,여,22세,중상
2012122100100119,2012년 12월 21일 07시,금요일,경상남도 창원시 성산구 가음동,중상사고,0,1,0,0,차대차 - 기타,교차로운행방법위반,건조,맑음,교차로 - 교차로안,승용,남,63세,상해없음,원동기,남,39세,중상
2012122100100120,2012년 12월 21일 07시,금요일,경상남도 창원시 마산회원구 내서읍,중상사고,0,1,0,0,차대차 - 기타,안전운전불이행,건조,맑음,단일로 - 기타,승용,남,30세,상해없음,승합,남,49세,상해없음
2012122100100160,2012년 12월 21일 08시,금요일,경상남도 진주시 평거동,중상사고,0,1,0,0,차대차 - 추돌 - 주정차중,안전운전불이행,결빙,비,단일로 - 교량,승용,남,53세,상해없음,이륜,남,79세,중상
2012122100100161,2012년 12월 21일 08시,금요일,경상남도 사천시 곤명면,중상사고,0,3,0,0,차대사람 - 기타,안전운전불이행,결빙,비,단일로 - 기타,승용,여,43세,상해없음,보행자,남,45세,중상
2012122100100162,2012년 12월 21일 08시,금요일,경상남도 사천시 사남면,중상사고,0,1,3,0,차대차 - 기타,안전운전불이행,결빙,비,교차로 - 교차로부근,승용,여,37세,상해없음,화물,남,41세,상해없음