사고번호,사고일시,요일,시군구,사고내용,사망자수,중상자수,경상자수,부상신고자수,사고유형,법규위반,노면상태,기상상태,도로형태,가해운전자 차종,가해운전자 성별,가해운전자 연령,가해운전자 상해정도,피해운전자 차종,피해운전자 성별,피해운전자 연령,피해운전자 상해정도
2012122100100163,2012년 12월 21일 08시,금요일,경상남도 사천시 서포면,경상사고,0,0,1,0,차량단독 - 전도전복,안전운전불이행,결빙,비,단일로 - 기타,화물,남,50세,경상,,,,
2012122100100164,2012년 12월 21일 08시,금요일,경상남도 사천시 좌룡동,중상사고,0,1,0,0,차량단독 - 전도전복,안전운전불이행,결빙,맑음,단일로 - 기타,승용,남,60세,기타불명,,,,
2012122100100165,2012년 12월 21일 08시,금요일,경상남도 밀양시 상남면,사망사고,1,0,0,0,차량단독 - 공작물충돌,안전운전불이행,결빙,비,단일로 - 교량,화물,여,52세,사망,,,,
2012122100100166,2012년 12월 21일 08시,금요일,경상남도 밀양시 하남읍,중상사고,0,1,1,0,차대차 - 측면직각충돌,안전운전불이행,결빙,비,단일로 - 기타,승용,남,48세,상해없음,승용,남,47세,경상
2012122100100167,2012년 12월 21일 08시,금요일,경상남도 밀양시 초동면,중상사고,0,1,0,0,차대차 - 추돌 - 주정차중,안전운전불이행,결빙,비,단일로 - 기타,승용,여,53세,상해없음,승용,남,24세,중상
2012122100100168,2012년 12월 21일 08시,금요일,경상남도 밀양시 상남면,경상사고,0,0,1,0,차대차 - 추돌 - 주정차중,안전운전불이행,결빙,비,단일로 - 기타,승용,남,59세,상해없음,승용,여,39세,경상
2012122100100169,2012년 12월 21일 08시,금요일,경상남도 밀양시 상동면,경상사고,0,0,1,0,차대차 - 측면직각충돌,교차로운행방법위반,결빙,눈,교차로 - 교차로안,화물,남,44세,상해없음,승용,여,30세,경상
2012122100100170,2012년 12월 21일 08시,금요일,경상남도 창녕군 대합면,부상신고사고,0,0,0,1,차대차 - 측면직각충돌,안전운전불이행,결빙,눈,단일로 - 기타,자전거,남,74세,부상신고,화물,남,50세,상해없음
2012122100100171,2012년 12월 21일 08시,금요일,경상남도 양산시 하북면,사망사고,1,0,0,2,차량단독 - 공작물충돌,안전운전불이행,결빙,비,단일로 - 기타,승용,여,49세,부상신고,,,,
2012122100100172,2012년 12월 21일 08시,금요일,경상남도 고성군 영오면,사망사고,1,0,0,0,차대차 - 측면직각충돌,중앙선침범,결빙,비,단일로 - 기타,화물,남,63세,상해없음,자전거,여,69세,사망
2012122100100173,2012년 12월 21일 08시,금요일,경상남도 하동군 북천면,중상사고,0,1,0,0,차대사람 - 길가장자리구역통행중,안전운전불이행,결빙,눈,단일로 - 기타,승용,여,42세,상해없음,보행자,여,78세,중상
2012122100100174,2012년 12월 21일 08시,금요일,경상남도 하동군 진교면,중상사고,0,2,0,0,차대차 - 측면직각충돌,중앙선침범,결빙,맑음,단일로 - 기타,승용,여,55세,상해없음,화물,남,23세,중상
2012122100100175,2012년 12월 21일 08시,금요일,경상남도 함안군 칠서면,경상사고,0,0,4,0,차대차 - 기타,안전운전불이행,적설,눈,단일로 - 기타,화물,남,54세,상해없음,승용,여,33세,경상
2012122100100176,2012년 12월 21일 08시,금요일,경상남도 의령군 화정면,경상사고,0,0,1,0,차대차 - 정면충돌,안전운전불이행,결빙,눈,단일로 - 기타,승용,여,42세,상해없음,승용,남,54세,경상
2012122100100211,2012년 12월 21일 09시,금요일,경상남도 진주시 집현면,부상신고사고,0,0,0,1,차량단독 - 도로외이탈 - 기타,안전운전불이행,습기,비,단일로 - 기타,승합,여,39세,부상신고,,,,
2012122100100212,2012년 12월 21일 09시,금요일,경상남도 의령군 정곡면,사망사고,1,2,0,0,차량단독 - 기타,안전운전불이행,결빙,흐림,단일로 - 기타,승용,남,55세,중상,,,,
2012122100100213,2012년 12월 21일 09시,금요일,경상남도 김해시 한림면,중상사고,0,1,0,0,차대차 - 정면충돌,안전운전불이행,결빙,비,단일로 - 기타,승용,남,54세,상해없음,이륜,남,62세,중상
2012122100100237,2012년 12월 21일 10시,금요일,경상남도 거창군 가조면,중상사고,0,1,0,0,차량단독 - 전도전복,안전운전불이행,적설,눈,단일로 - 기타,승합,여,52세,상해없음,,,,
2012122100100285,2012년 12월 21일 11시,금요일,경상남도 창원시 마산합포구 중앙동3가,중상사고,0,1,0,0,차대차 - 추돌 - 주정차중,안전운전불이행,습기,비,단일로 - 기타,승용,여,55세,상해없음,승용,남,57세,중상
2012122100100286,2012년 12월 21일 11시,금요일,경상남도 창원시 진해구 장천동,경상사고,0,0,4,0,차대차 - 추돌 - 진행중,안전운전불이행,습기,비,단일로 - 기타,승용,남,59세,상해없음,화물,남,50세,경상
2012122100100287,2012년 12월 21일 11시,금요일,경상남도 밀양시 삼문동,중상사고,0,1,0,0,차대차 - 기타,신호위반,습기,비,교차로 - 교차로부근,화물,남,44세,상해없음,승용,남,37세,중상
2012122100100288,2012년 12월 21일 11시,금요일,경상남도 창녕군 대합면,경상사고,0,0,1,0,차대차 - 측면직각충돌,안전운전불이행,결빙,눈,단일로 - 기타,화물,남,75세,상해없음,승용,남,55세,경상
2012122100100289,2012년 12월 21일 11시,금요일,경상남도 함양군 서하면,경상사고,0,0,1,0,차대차 - 측면직각충돌,안전운전불이행,적설,눈,교차로 - 교차로안,화물,남,38세,상해없음,승용,여,45세,경상
2012122100100336,2012년 12월 21일 12시,금요일,경상남도 통영시 광도면,경상사고,0,0,1,0,차대차 - 추돌 - 주정차중,안전거리미확보,습기,비,단일로 - 기타,화물,남,41세,상해없음,승용,남,22세,경상
2012122100100337,2012년 12월 21일 12시,금요일,경상남도 김해시 외동,중상사고,0,1,1,0,차대차 - 측면직각충돌,신호위반,습기,비,단일로 - 기타,원동기,여,37세,중상,승용,남,27세,경상
2012122100100338,2012년 12월 21일 12시,금요일,경상남도 함안군 군북면,중상사고,0,1,0,0,차대차 - 기타,안전운전불이행,습기,눈,단일로 - 기타,승용,남,27세,상해없음,화물,남,65세,상해없음
2012122100100387,2012년 12월 21일 14시,금요일,경상남도 창원시 진해구 석동,경상사고,0,0,1,0,차대차 - 측면직각충돌,교차로운행방법위반,건조,흐림,교차로 - 교차로안,건설기계,남,58세,상해없음,승용,여,39세,경상
2012122100100388,2012년 12월 21일 14시,금요일,경상남도 사천시 사천읍,경상사고,0,0,2,0,차대차 - 기타,안전운전불이행,습기,비,단일로 - 터널,승용,남,37세,경상,특수,남,30세,경상
2012122100100413,2012년 12월 21일 15시,금요일,경상남도 김해시 삼계동,중상사고,0,1,0,0,차대사람 - 횡단중,안전운전불이행,습기,흐림,단일로 - 횡단보도부근,승용,여,42세,상해없음,보행자,남,13세,중상
2012122100100414,2012년 12월 21일 15시,금요일,경상남도 창원시 의창구 대원동,경상사고,0,0,1,0,차대차 - 추돌 - 주정차중,안전운전불이행,습기,비,단일로 - 기타,승합,남,31세,상해없음,승용,여,48세,경상
2012122100100430,2012년 12월 21일 16시,금요일,경상남도 양산시 물금읍,중상사고,0,1,0,0,차대차 - 추돌 - 진행중,안전거리미확보,건조,맑음,단일로 - 기타,화물,남,53세,상해없음,승용,여,41세,중상
2012122100100457,2012년 12월 21일 17시,금요일,경상남도 창원시 마산합포구 장군동3가,중상사고,0,1,0,0,차대사람 - 길가장자리구역통행중,안전운전불이행,습기,비,단일로 - 기타,승용,남,43세,상해없음,보행자,여,49세,중상
2012122100100458,2012년 12월 21일 17시,금요일,경상남도 진주시 상대동,중상사고,0,1,0,0,차대사람 - 횡단중,신호위반,습기,비,교차로 - 교차로안,이륜,남,43세,상해없음,보행자,여,58세,중상
2012122100100459,2012년 12월 21일 17시,금요일,경상남도 김해시 안동,경상사고,0,0,1,0,차대차 - 추돌 - 주정차중,안전거리미확보,습기,맑음,단일로 - 기타,승용,남,49세,상해없음,승용,남,40세,경상
2012122100100460,2012년 12월 21일 17시,금요일,경상남도 창원시 의창구 팔용동,중상사고,0,1,0,0,차대차 - 측면직각충돌,안전운전불이행,습기,비,단일로 - 기타,승용,여,48세,상해없음,승용,여,36세,중상
2012122100100527,2012년 12월 21일 19시,금요일,경상남도 창원시 진해구 석동,경상사고,0,0,1,0,차대차 - 추돌 - 주정차중,안전거리미확보,습기,비,교차로 - 교차로부근,승용,남,41세,상해없음,승용,남,28세,경상
2012122100100528,2012년 12월 21일 19시,금요일,경상남도 김해시 삼방동,경상사고,0,0,1,0,차대차 - 측면직각충돌,교차로운행방법위반,습기,비,교차로 - 교차로안,승용,남,39세,상해없음,이륜,남,17세,경상
2012122100100551,2012년 12월 21일 20시,금요일,경상남도 진주시 상대동,중상사고,0,1,0,0,차대사람 - 횡단중,신호위반,습기,비,교차로 - 교차로부근,이륜,남,17세,상해없음,보행자,여,17세,중상
2012122100100552,2012년 12월 21일 20시,금요일,경상남도 함안군 칠서면,중상사고,0,1,0,0,차대차 - 추돌 - 진행중,안전운전불이행,습기,비,교차로 - 교차로부근,특수,남,42세,상해없음,승용,남,35세,중상
2012122100100553,2012년 12월 21일 20시,금요일,경상남도 창원시 성산구 사파동,중상사고,0,1,0,0,차대차 - 추돌 - 주정차중,안전운전불이행,기타,맑음,단일로 - 기타,승용,남,54세,상해없음,이륜,남,37세,중상
2012122100100554,2012년 12월 21일 20시,금요일,경상남도 김해시 장유면,중상사고,0,1,0,0,차대차 - 측면직각충돌,안전운전불이행,습기,흐림,단일로 - 기타,화물,남,57세,상해없음,승용,남,33세,기타불명
2012122100100555,2012년 12월 21일 20시,금요일,경상남도 김해시 진영읍,경상사고,0,0,1,0,차대사람 - 기타,기타,습기,비,단일로 - 기타,승용,남,49세,상해없음,보행자,남,54세,경상
2012122100100556,2012년 12월 21일 20시,금요일,경상남도 함안군 칠원면,경상사고,0,0,1,0,차대차 - 측면직각충돌,안전거리미확보,습기,눈,단일로 - 기타,승용,여,50세,기타불명,화물,남,40세,경상
2012122100100591,2012년 12월 21일 21시,금요일,경상남도 양산시 상북면,경상사고,0,0,1,0,차대사람 - 횡단중,안전운전불이행,건조,흐림,단일로 - 기타,승용,남,47세,상해없음,보행자,남,52세,상해없음
2012122100100592,2012년 12월 21일 21시,금요일,경상남도 창원시 마산회원구 석전동,중상사고,0,2,1,0,차대차 - 추돌 - 진행중,안전운전불이행,습기,비,교차로 - 교차로부근,승용,남,48세,상해없음,승용,남,38세,중상
2012122100100593,2012년 12월 21일 21시,금요일,경상남도 창원시 의창구 팔용동,중상사고,0,1,0,0,차대사람 - 차도통행중,안전운전불이행,습기,비,교차로 - 교차로부근,승용,남,57세,상해없음,보행자,여,20세,중상
2012122100100604,2012년 12월 21일 22시,금요일,경상남도 양산시 다방동,경상사고,0,0,2,0,차대차 - 기타,안전운전불이행,건조,맑음,단일로 - 기타,승용,남,28세,상해없음,승용,여,25세,경상
2012122100100623,2012년 12월 21일 22시,금요일,경상남도 창녕군 영산면,사망사고,1,0,1,0,차대사람 - 기타,안전운전불이행,습기,흐림,단일로 - 기타,승용,남,23세,상해없음,보행자,남,18세,경상
2012122100100624,2012년 12월 21일 22시,금요일,경상남도 양산시 삼호동,경상사고,0,0,1,0,차대차 - 추돌 - 진행중,안전거리미확보,건조,맑음,단일로 - 기타,승용,남,32세,상해없음,승용,남,50세,경상
2012122100100625,2012년 12월 21일 22시,금요일,경상남도 양산시 교동,경상사고,0,0,1,0,차대차 - 추돌 - 진행중,안전운전불이행,건조,맑음,단일로 - 기타,승용,남,37세,상해없음,승용,여,31세,경상
2012122100100626,2012년 12월 21일 22시,금요일,경상남도 창원시 성산구 내동,경상사고,0,0,1,0,차대차 - 기타,중앙선침범,습기,비,단일로 - 기타,승용,여,46세,상해없음,승용,남,52세,경상
2012122100100665,2012년 12월 21일 23시,금요일,경상남도 창원시 진해구 석동,경상사고,0,0,1,0,차대차 - 측면직각충돌,안전운전불이행,건조,맑음,단일로 - 기타,승용,남,51세,상해없음,승용,남,31세,경상
2012122100100666,2012년 12월 21일 23시,금요일,경상남도 김해시 부원동,경상사고,0,0,3,0,차대차 - 측면직각충돌,교차로운행방법위반,건조,맑음,교차로 - 교차로안,승용,남,36세,경상,승용,여,44세,경상
2012122100100667,2012년 12월 21일 23시,금요일,경상남도 하동군 진교면,중상사고,0,1,1,0,차대차 - 측면직각충돌,안전운전불이행,건조,맑음,교차로 - 교차로안,승용,남,48세,상해없음,승용,남,32세,중상
2012122200100020,2012년 12월 22일 00시,토요일,경상남도 창원시 진해구 풍호동,경상사고,0,0,1,0,차대사람 - 횡단중,보행자보호의무위반,건조,맑음,교차로 - 교차로부근,승용,남,41세,상해없음,보행자,남,49세,경상
2012122200100021,2012년 12월 22일 00시,토요일,경상남도 거제시 고현동,중상사고,0,1,0,0,차대차 - 측면직각충돌,직진우회전진행방해,적설,비,교차로 - 교차로안,승용,남,50세,상해없음,이륜,남,39세,중상
2012122200100093,2012년 12월 22일 03시,토요일,경상남도 김해시 외동,중상사고,0,1,0,0,차대사람 - 횡단중,안전운전불이행,습기,맑음,교차로 - 교차로부근,승용,남,20세,상해없음,보행자,남,21세,중상
2012122200100117,2012년 12월 22일 05시,토요일,경상남도 거제시 장승포동,중상사고,0,1,0,0,차대사람 - 기타,안전운전불이행,건조,맑음,단일로 - 기타,승용,남,23세,상해없음,보행자,남,32세,중상
2012122200100151,2012년 12월 22일 07시,토요일,경상남도 창원시 의창구 봉곡동,경상사고,0,0,1,0,차대차 - 추돌 - 주정차중,안전운전불이행,건조,맑음,교차로 - 교차로부근,승용,남,51세,상해없음,승용,남,31세,경상
2012122200100152,2012년 12월 22일 07시,토요일,경상남도 김해시 진영읍,경상사고,0,0,2,0,차대차 - 측면직각충돌,직진우회전진행방해,습기,흐림,교차로 - 교차로안,화물,남,55세,상해없음,승용,남,44세,경상
2012122200100201,2012년 12월 22일 09시,토요일,경상남도 창원시 성산구 성주동,경상사고,0,0,1,0,차대차 - 측면직각충돌,신호위반,건조,맑음,교차로 - 교차로안,승용,남,71세,상해없음,승용,남,56세,경상
2012122200100243,2012년 12월 22일 12시,토요일,경상남도 김해시 서상동,중상사고,0,1,0,0,차대사람 - 차도통행중,안전운전불이행,건조,맑음,교차로 - 교차로부근,승용,여,47세,상해없음,보행자,여,50세,중상
2012122200100260,2012년 12월 22일 13시,토요일,경상남도 창원시 마산합포구 진전면,중상사고,0,1,1,0,차대차 - 측면직각충돌,교차로운행방법위반,건조,맑음,교차로 - 교차로안,화물,남,55세,상해없음,승용,여,51세,중상
2012122200100262,2012년 12월 22일 13시,토요일,경상남도 거창군 남상면,중상사고,0,2,1,0,차대차 - 정면충돌,중앙선침범,적설,맑음,단일로 - 기타,승용,남,51세,경상,승용,남,42세,중상
2012122200100263,2012년 12월 22일 13시,토요일,경상남도 양산시 중부동,경상사고,0,0,1,0,차대차 - 기타,안전운전불이행,건조,맑음,단일로 - 기타,승용,남,47세,기타불명,원동기,남,19세,경상
2012122200100264,2012년 12월 22일 13시,토요일,경상남도 하동군 적량면,경상사고,0,0,1,1,차대차 - 추돌 - 진행중,안전운전불이행,건조,맑음,교차로 - 교차로부근,원동기,남,76세,부상신고,원동기,남,38세,경상
2012122200100265,2012년 12월 22일 13시,토요일,경상남도 하동군 옥종면,경상사고,0,0,1,0,차대차 - 추돌 - 진행중,안전운전불이행,건조,맑음,단일로 - 기타,승용,여,39세,상해없음,원동기,남,73세,경상
2012122200100266,2012년 12월 22일 13시,토요일,경상남도 창원시 마산회원구 석전동,경상사고,0,0,1,0,차대사람 - 기타,안전운전불이행,건조,맑음,단일로 - 기타,화물,남,50세,상해없음,보행자,남,61세,경상
2012122200100267,2012년 12월 22일 13시,토요일,경상남도 창원시 의창구 소답동,경상사고,0,0,1,0,차대차 - 측면직각충돌,교차로운행방법위반,건조,맑음,교차로 - 교차로안,승용,여,25세,상해없음,원동기,남,50세,경상
2012122200100315,2012년 12월 22일 15시,토요일,경상남도 양산시 산막동,경상사고,0,0,3,0,차대차 - 기타,안전운전불이행,건조,맑음,교차로 - 교차로부근,화물,남,50세,기타불명,승용,여,49세,경상
2012122200100316,2012년 12월 22일 15시,토요일,경상남도 창원시 마산회원구 석전동,경상사고,0,0,1,0,차대차 - 추돌 - 진행중,안전운전불이행,건조,맑음,교차로 - 교차로부근,승용,남,56세,상해없음,승용,여,43세,경상
2012122200100335,2012년 12월 22일 16시,토요일,경상남도 거제시 수월동,중상사고,0,1,3,0,차대차 - 추돌 - 진행중,안전운전불이행,건조,맑음,단일로 - 기타,승용,남,51세,경상,승용,남,51세,상해없음
2012122200100336,2012년 12월 22일 16시,토요일,경상남도 거제시 수월동,중상사고,0,1,3,0,차대차 - 추돌 - 진행중,안전운전불이행,건조,맑음,단일로 - 기타,승용,남,45세,상해없음,승용,남,41세,경상
2012122200100369,2012년 12월 22일 18시,토요일,경상남도 창원시 진해구 풍호동,경상사고,0,0,1,0,차대차 - 기타,안전운전불이행,건조,맑음,교차로 - 교차로안,승용,여,52세,상해없음,이륜,남,17세,경상
2012122200100370,2012년 12월 22일 18시,토요일,경상남도 산청군 차황면,중상사고,0,1,0,0,차대사람 - 기타,안전운전불이행,건조,맑음,단일로 - 기타,화물,남,46세,상해없음,보행자,여,68세,중상
2012122200100408,2012년 12월 22일 19시,토요일,경상남도 창원시 마산회원구 합성동,경상사고,0,0,1,0,차대사람 - 기타,안전운전불이행,건조,맑음,단일로 - 기타,승용,남,48세,상해없음,보행자,남,16세,경상
2012122200100428,2012년 12월 22일 20시,토요일,경상남도 진주시 금산면,경상사고,0,0,1,0,차대차 - 측면직각충돌,중앙선침범,건조,맑음,단일로 - 기타,화물,남,41세,상해없음,승용,여,43세,경상
2012122200100429,2012년 12월 22일 20시,토요일,경상남도 창원시 의창구 도계동,경상사고,0,0,1,0,차대차 - 추돌 - 진행중,안전운전불이행,건조,맑음,단일로 - 기타,승합,남,54세,상해없음,승용,남,36세,경상
2012122200100464,2012년 12월 22일 21시,토요일,경상남도 진주시 칠암동,중상사고,0,2,0,0,차대차 - 측면직각충돌,중앙선침범,건조,맑음,단일로 - 기타,승용,남,21세,상해없음,승용,남,35세,중상
2012122200100465,2012년 12월 22일 21시,토요일,경상남도 밀양시 부북면,중상사고,0,2,0,0,차대사람 - 기타,안전운전불이행,건조,맑음,단일로 - 기타,승용,남,47세,상해없음,보행자,여,50세,중상
2012122200100466,2012년 12월 22일 21시,토요일,경상남도 양산시 동면,중상사고,0,2,2,0,차대차 - 기타,교차로운행방법위반,건조,맑음,교차로 - 교차로안,승용,남,41세,기타불명,승용,여,39세,중상
2012122200100467,2012년 12월 22일 21시,토요일,경상남도 김해시 진영읍,경상사고,0,0,1,0,차대차 - 추돌 - 주정차중,안전운전불이행,건조,맑음,단일로 - 기타,승용,남,51세,상해없음,승용,남,34세,경상
2012122200100493,2012년 12월 22일 22시,토요일,경상남도 김해시 삼방동,중상사고,0,1,0,0,차대차 - 측면직각충돌,안전운전불이행,건조,맑음,교차로 - 교차로안,승용,남,48세,상해없음,이륜,남,49세,중상
2012122200100494,2012년 12월 22일 22시,토요일,경상남도 창원시 마산회원구 회원동,중상사고,0,1,0,0,차대차 - 기타,안전운전불이행,건조,맑음,단일로 - 기타,승용,남,40세,상해없음,이륜,남,49세,중상
2012122200100495,2012년 12월 22일 22시,토요일,경상남도 김해시 장유면,경상사고,0,0,1,0,차대차 - 측면직각충돌,안전운전불이행,건조,맑음,단일로 - 기타,승용,남,20세,상해없음,승용,여,56세,상해없음
2012122300100023,2012년 12월 23일 00시,일요일,경상남도 양산시 하북면,중상사고,0,1,0,0,차대사람 - 길가장자리구역통행중,안전운전불이행,건조,맑음,단일로 - 기타,승용,남,39세,상해없음,보행자,남,52세,중상
2012122300100024,2012년 12월 23일 00시,일요일,경상남도 양산시 물금읍,경상사고,0,0,1,0,차량단독 - 전도전복,안전운전불이행,건조,맑음,단일로 - 기타,승용,남,54세,상해없음,,,,
2012122300100062,2012년 12월 23일 02시,일요일,경상남도 거제시 수월동,중상사고,0,1,1,0,차대차 - 정면충돌,교차로운행방법위반,건조,맑음,교차로 - 교차로안,승용,남,54세,상해없음,승용,남,28세,중상
2012122300100063,2012년 12월 23일 02시,일요일,경상남도 창원시 의창구 명서동,경상사고,0,0,1,0,차대사람 - 기타,안전운전불이행,건조,맑음,단일로 - 기타,승용,남,49세,상해없음,보행자,남,28세,경상
2012122300100082,2012년 12월 23일 03시,일요일,경상남도 거창군 거창읍,중상사고,0,1,0,0,차량단독 - 공작물충돌,안전운전불이행,건조,맑음,단일로 - 기타,승용,남,22세,중상,,,,
2012122300100101,2012년 12월 23일 05시,일요일,경상남도 양산시 평산동,중상사고,0,1,0,1,차대차 - 기타,안전운전불이행,건조,맑음,기타 - 기타,승용,남,28세,기타불명,승용,남,54세,부상신고
2012122300100119,2012년 12월 23일 07시,일요일,경상남도 거제시 연초면,중상사고,0,1,0,0,차대차 - 추돌 - 진행중,교차로운행방법위반,건조,맑음,교차로 - 교차로안,승용,여,51세,상해없음,자전거,여,26세,중상
2012122300100172,2012년 12월 23일 11시,일요일,경상남도 창녕군 부곡면,중상사고,0,2,0,0,차대차 - 측면직각충돌,신호위반,건조,맑음,교차로 - 교차로안,승용,남,38세,상해없음,화물,남,27세,중상
2012122300100182,2012년 12월 23일 12시,일요일,경상남도 진주시 평안동,중상사고,0,3,1,0,차대차 - 측면직각충돌,신호위반,건조,맑음,교차로 - 교차로안,승용,남,58세,상해없음,승용,남,77세,중상
2012122300100183,2012년 12월 23일 12시,일요일,경상남도 통영시 도산면,중상사고,0,1,0,0,차량단독 - 공작물충돌,안전운전불이행,건조,맑음,단일로 - 기타,승용,남,66세,중상,,,,
2012122300100184,2012년 12월 23일 12시,일요일,경상남도 통영시 미수동,중상사고,0,1,0,0,차대차 - 측면직각충돌,안전거리미확보,건조,맑음,단일로 - 기타,화물,남,53세,상해없음,이륜,남,16세,중상
2012122300100185,2012년 12월 23일 12시,일요일,경상남도 양산시 물금읍,경상사고,0,0,2,1,차대차 - 기타,차로위반,건조,맑음,단일로 - 기타,승용,여,38세,상해없음,승용,남,57세,상해없음
2012122300100202,2012년 12월 23일 13시,일요일,경상남도 진주시 가좌동,중상사고,0,1,0,0,차대차 - 측면직각충돌,안전운전불이행,건조,맑음,교차로 - 교차로부근,자전거,남,9세,중상,승용,남,29세,상해없음
2012122300100248,2012년 12월 23일 15시,일요일,경상남도 하동군 진교면,중상사고,0,1,0,0,차대차 - 측면직각충돌,안전운전불이행,건조,맑음,단일로 - 기타,승용,남,69세,상해없음,이륜,여,70세,중상
2012122300100273,2012년 12월 23일 16시,일요일,경상남도 진주시 평거동,중상사고,0,3,1,0,차대차 - 정면충돌,교차로운행방법위반,건조,맑음,교차로 - 교차로안,승용,여,50세,상해없음,승용,남,61세,중상
2012122300100294,2012년 12월 23일 17시,일요일,경상남도 양산시 남부동,부상신고사고,0,0,0,1,차대사람 - 차도통행중,안전운전불이행,건조,맑음,교차로 - 교차로안,기타불명,기타불명,기타불명,기타불명,보행자,남,8세,부상신고
2012122300100295,2012년 12월 23일 17시,일요일,경상남도 산청군 산청읍,중상사고,0,1,0,0,차대차 - 추돌 - 주정차중,안전운전불이행,건조,흐림,교차로 - 교차로부근,승용,남,60세,상해없음,이륜,여,57세,중상
2012122300100314,2012년 12월 23일 18시,일요일,경상남도 김해시 부원동,중상사고,0,1,0,0,차대사람 - 차도통행중,안전운전불이행,건조,맑음,교차로 - 교차로부근,승용,남,51세,상해없음,보행자,남,96세,중상
2012122300100316,2012년 12월 23일 18시,일요일,경상남도 거제시 장승포동,중상사고,0,1,0,0,차대사람 - 기타,안전운전불이행,건조,맑음,교차로 - 교차로안,승용,남,41세,상해없음,보행자,여,52세,중상
2012122300100317,2012년 12월 23일 18시,일요일,경상남도 창원시 성산구 반지동,경상사고,0,0,1,0,차대차 - 추돌 - 주정차중,안전운전불이행,건조,맑음,교차로 - 교차로부근,승합,남,44세,상해없음,승용,남,31세,경상
2012122300100318,2012년 12월 23일 18시,일요일,경상남도 창원시 의창구 팔용동,중상사고,0,2,0,0,차대차 - 기타,안전운전불이행,건조,맑음,교차로 - 교차로부근,승용,남,57세,상해없음,승용,남,33세,중상
2012122300100346,2012년 12월 23일 19시,일요일,경상남도 진주시 가좌동,경상사고,0,0,1,0,차대차 - 추돌 - 진행중,안전거리미확보,건조,맑음,단일로 - 기타,승용,여,45세,상해없음,승용,남,42세,경상
2012122300100347,2012년 12월 23일 19시,일요일,경상남도 거제시 고현동,부상신고사고,0,0,0,1,차대차 - 측면직각충돌,안전운전불이행,건조,맑음,단일로 - 기타,화물,남,51세,상해없음,승용,남,36세,부상신고
2012122300100348,2012년 12월 23일 19시,일요일,경상남도 거제시 거제면,중상사고,0,1,0,1,차대차 - 정면충돌,중앙선침범,건조,맑음,단일로 - 기타,승용,남,53세,부상신고,승용,여,53세,중상
2012122300100374,2012년 12월 23일 20시,일요일,경상남도 거창군 거창읍,경상사고,0,0,1,0,차대차 - 정면충돌,안전운전불이행,결빙,맑음,단일로 - 기타,승합,남,45세,상해없음,승용,남,62세,상해없음
2012122300100390,2012년 12월 23일 21시,일요일,경상남도 사천시 사천읍,중상사고,0,1,1,0,차대차 - 측면직각충돌,안전운전불이행,건조,맑음,교차로 - 교차로부근,승용,남,58세,기타불명,승용,여,43세,중상
2012122300100424,2012년 12월 23일 23시,일요일,경상남도 진주시 하대동,경상사고,0,0,1,0,차대차 - 측면직각충돌,신호위반,건조,맑음,교차로 - 교차로안,승용,남,31세,상해없음,이륜,남,19세,경상
2012122300100425,2012년 12월 23일 23시,일요일,경상남도 김해시 어방동,중상사고,0,1,0,0,차대차 - 기타,안전운전불이행,건조,맑음,단일로 - 기타,승용,남,23세,상해없음,이륜,남,28세,중상
2012122400100055,2012년 12월 24일 06시,월요일,경상남도 양산시 소주동,부상신고사고,0,0,0,1,차대사람 - 기타,보행자보호의무위반,건조,맑음,단일로 - 횡단보도상,승용,남,49세,상해없음,보행자,남,51세,부상신고
2012122400100056,2012년 12월 24일 06시,월요일,경상남도 양산시 매곡동,중상사고,0,1,0,0,차대사람 - 기타,안전운전불이행,건조,맑음,단일로 - 기타,기타불명,기타불명,기타불명,기타불명,보행자,남,70세,중상
2012122400100057,2012년 12월 24일 06시,월요일,경상남도 창원시 마산회원구 합성동,경상사고,0,0,1,0,차대차 - 기타,안전운전불이행,건조,맑음,교차로 - 교차로부근,승용,남,60세,상해없음,이륜,남,17세,경상
2012122400100075,2012년 12월 24일 07시,월요일,경상남도 거창군 거창읍,중상사고,0,1,0,0,차대차 - 정면충돌,안전운전불이행,건조,맑음,교차로 - 교차로안,승용,남,42세,상해없음,원동기,여,18세,중상
2012122400100076,2012년 12월 24일 07시,월요일,경상남도 창원시 의창구 북면,경상사고,0,0,1,0,차대차 - 기타,안전거리미확보,건조,맑음,단일로 - 기타,승용,남,50세,상해없음,승용,남,48세,경상
2012122400100116,2012년 12월 24일 09시,월요일,경상남도 김해시 진영읍,경상사고,0,0,1,0,차대차 - 추돌 - 진행중,안전거리미확보,건조,맑음,단일로 - 기타,화물,남,42세,상해없음,승용,여,52세,경상
2012122400100134,2012년 12월 24일 10시,월요일,경상남도 창원시 진해구 여좌동,중상사고,0,1,0,0,차대사람 - 횡단중,보행자보호의무위반,건조,맑음,단일로 - 횡단보도상,승용,여,57세,상해없음,보행자,여,81세,중상