사고번호,사고일시,요일,시군구,사고내용,사망자수,중상자수,경상자수,부상신고자수,사고유형,법규위반,노면상태,기상상태,도로형태,가해운전자 차종,가해운전자 성별,가해운전자 연령,가해운전자 상해정도,피해운전자 차종,피해운전자 성별,피해운전자 연령,피해운전자 상해정도
2012122400100150,2012년 12월 24일 11시,월요일,경상남도 김해시 상동면,사망사고,1,0,0,0,차량단독 - 기타,안전운전불이행,건조,맑음,단일로 - 기타,화물,남,74세,사망,,,,
2012122400100165,2012년 12월 24일 11시,월요일,경상남도 창원시 마산합포구 남성동,경상사고,0,0,1,0,차량단독 - 기타,안전운전불이행,건조,맑음,단일로 - 기타,승합,남,51세,상해없음,,,,
2012122400100186,2012년 12월 24일 12시,월요일,경상남도 진주시 문산읍,경상사고,0,0,1,0,차대차 - 기타,직진우회전진행방해,건조,맑음,교차로 - 교차로안,승용,여,57세,상해없음,이륜,남,73세,경상
2012122400100187,2012년 12월 24일 12시,월요일,경상남도 밀양시 상남면,경상사고,0,0,1,0,차대차 - 측면직각충돌,신호위반,건조,맑음,교차로 - 교차로안,화물,남,54세,상해없음,화물,남,53세,경상
2012122400100188,2012년 12월 24일 12시,월요일,경상남도 창원시 의창구 북면,경상사고,0,0,1,0,차대사람 - 기타,안전운전불이행,건조,맑음,기타 - 기타,화물,남,40세,상해없음,보행자,남,36세,경상
2012122400100215,2012년 12월 24일 13시,월요일,경상남도 밀양시 무안면,사망사고,1,0,0,0,차량단독 - 공작물충돌,안전운전불이행,건조,맑음,단일로 - 기타,승용,남,50세,사망,,,,
2012122400100216,2012년 12월 24일 13시,월요일,경상남도 함안군 산인면,중상사고,0,11,6,0,차대차 - 기타,안전운전불이행,건조,맑음,단일로 - 기타,승용,남,47세,상해없음,화물,남,57세,경상
2012122400100244,2012년 12월 24일 14시,월요일,경상남도 창원시 의창구 동읍,경상사고,0,0,1,0,차대차 - 측면직각충돌,교차로운행방법위반,건조,맑음,교차로 - 교차로안,건설기계,남,41세,상해없음,자전거,남,52세,경상
2012122400100245,2012년 12월 24일 14시,월요일,경상남도 김해시 한림면,경상사고,0,0,2,0,차대차 - 추돌 - 진행중,안전운전불이행,건조,맑음,단일로 - 기타,화물,남,69세,상해없음,승용,남,45세,경상
2012122400100277,2012년 12월 24일 15시,월요일,경상남도 창원시 진해구 여좌동,중상사고,0,1,0,0,차대차 - 정면충돌,신호위반,건조,맑음,교차로 - 교차로안,승합,남,32세,상해없음,승용,여,52세,중상
2012122400100278,2012년 12월 24일 15시,월요일,경상남도 통영시 광도면,경상사고,0,0,3,0,차대차 - 측면직각충돌,직진우회전진행방해,건조,맑음,교차로 - 교차로안,승용,여,55세,상해없음,승용,남,44세,경상
2012122400100279,2012년 12월 24일 15시,월요일,경상남도 창녕군 영산면,경상사고,0,0,1,0,차대차 - 측면직각충돌,신호위반,건조,맑음,교차로 - 교차로안,화물,남,67세,경상,화물,남,54세,상해없음
2012122400100280,2012년 12월 24일 15시,월요일,경상남도 함양군 지곡면,중상사고,0,1,0,0,차량단독 - 전도전복,안전운전불이행,건조,맑음,단일로 - 기타,원동기,남,50세,중상,,,,
2012122400100309,2012년 12월 24일 16시,월요일,경상남도 밀양시 내일동,중상사고,0,1,0,0,차대차 - 측면직각충돌,안전운전불이행,건조,맑음,단일로 - 기타,승용,여,51세,상해없음,승용,남,45세,중상
2012122400100310,2012년 12월 24일 16시,월요일,경상남도 거제시 남부면,중상사고,0,2,1,0,차대차 - 기타,중앙선침범,건조,맑음,단일로 - 기타,승용,여,35세,상해없음,승용,여,21세,중상
2012122400100341,2012년 12월 24일 17시,월요일,경상남도 창원시 마산합포구 산호동,중상사고,0,1,0,0,차대사람 - 기타,안전운전불이행,건조,맑음,교차로 - 교차로부근,승용,남,46세,상해없음,보행자,여,65세,중상
2012122400100389,2012년 12월 24일 18시,월요일,경상남도 진주시 집현면,중상사고,0,1,2,0,차대차 - 기타,안전운전불이행,건조,맑음,교차로 - 교차로안,승용,남,34세,상해없음,승용,남,59세,경상
2012122400100390,2012년 12월 24일 18시,월요일,경상남도 창원시 진해구 경화동,경상사고,0,0,1,0,차대차 - 측면직각충돌,안전운전불이행,건조,맑음,교차로 - 교차로부근,승용,여,41세,상해없음,이륜,남,21세,경상
2012122400100391,2012년 12월 24일 18시,월요일,경상남도 창원시 진해구 청안동,경상사고,0,0,2,0,차대사람 - 횡단중,안전운전불이행,건조,맑음,단일로 - 기타,승용,남,29세,상해없음,보행자,남,14세,경상
2012122400100392,2012년 12월 24일 18시,월요일,경상남도 양산시 중부동,경상사고,0,0,1,1,차대차 - 측면직각충돌,안전운전불이행,건조,맑음,교차로 - 교차로안,승용,남,61세,상해없음,승용,남,65세,경상
2012122400100393,2012년 12월 24일 18시,월요일,경상남도 고성군 고성읍,중상사고,0,1,1,0,차대차 - 측면직각충돌,중앙선침범,건조,맑음,교차로 - 교차로부근,승용,남,61세,상해없음,화물,남,76세,중상
2012122400100394,2012년 12월 24일 18시,월요일,경상남도 거제시 장평동,중상사고,0,1,0,0,차대사람 - 횡단중,보행자보호의무위반,건조,맑음,교차로 - 교차로부근,승용,여,38세,상해없음,보행자,여,26세,중상
2012122400100395,2012년 12월 24일 18시,월요일,경상남도 창원시 의창구 신월동,중상사고,0,1,0,0,차대사람 - 횡단중,보행자보호의무위반,건조,맑음,단일로 - 횡단보도상,승합,남,58세,상해없음,보행자,여,13세,중상
2012122400100434,2012년 12월 24일 19시,월요일,경상남도 김해시 내동,경상사고,0,0,1,0,차대차 - 측면직각충돌,교차로운행방법위반,건조,맑음,교차로 - 교차로안,승용,남,46세,상해없음,원동기,남,17세,경상
2012122400100435,2012년 12월 24일 19시,월요일,경상남도 함안군 가야읍,경상사고,0,0,1,0,차대차 - 기타,신호위반,건조,맑음,단일로 - 횡단보도상,화물,남,58세,상해없음,자전거,남,72세,경상
2012122400100472,2012년 12월 24일 20시,월요일,경상남도 진주시 상대동,중상사고,0,1,2,0,차대차 - 기타,안전운전불이행,건조,맑음,단일로 - 기타,화물,남,50세,상해없음,승용,남,27세,경상
2012122400100474,2012년 12월 24일 20시,월요일,경상남도 거제시 고현동,중상사고,0,1,0,0,차대사람 - 보도통행중,기타,건조,맑음,기타 - 기타,승용,남,54세,기타불명,보행자,여,44세,중상
2012122400100475,2012년 12월 24일 20시,월요일,경상남도 창원시 의창구 도계동,경상사고,0,0,1,0,차대차 - 기타,안전운전불이행,건조,맑음,교차로 - 교차로부근,승합,남,47세,상해없음,이륜,남,18세,상해없음
2012122400100502,2012년 12월 24일 21시,월요일,경상남도 밀양시 내일동,중상사고,0,2,0,0,차대차 - 추돌 - 주정차중,안전운전불이행,건조,맑음,단일로 - 기타,승용,남,57세,상해없음,승용,남,46세,중상
2012122400100503,2012년 12월 24일 21시,월요일,경상남도 거제시 상동동,중상사고,0,1,0,0,차대차 - 기타,안전운전불이행,건조,맑음,교차로 - 교차로안,승용,남,59세,상해없음,원동기,남,18세,중상
2012122400100531,2012년 12월 24일 22시,월요일,경상남도 사천시 동림동,경상사고,0,0,2,0,차대차 - 추돌 - 주정차중,안전운전불이행,건조,맑음,단일로 - 기타,승용,여,50세,상해없음,승용,남,57세,경상
2012122400100559,2012년 12월 24일 23시,월요일,경상남도 진주시 칠암동,경상사고,0,0,2,0,차대차 - 기타,안전운전불이행,건조,맑음,단일로 - 기타,화물,남,37세,상해없음,승용,남,23세,경상
2012122400100560,2012년 12월 24일 23시,월요일,경상남도 창원시 마산회원구 양덕동,중상사고,0,1,0,0,차대차 - 측면직각충돌,신호위반,건조,맑음,교차로 - 교차로안,승용,여,47세,상해없음,승용,남,59세,중상
2012122500100017,2012년 12월 25일 00시,화요일,경상남도 통영시 무전동,경상사고,0,0,2,0,차대차 - 측면직각충돌,신호위반,건조,맑음,교차로 - 교차로안,승용,남,63세,상해없음,승용,남,22세,경상
2012122500100032,2012년 12월 25일 01시,화요일,경상남도 함안군 군북면,중상사고,0,2,0,0,차대차 - 추돌 - 진행중,안전운전불이행,건조,맑음,단일로 - 기타,승용,남,34세,상해없음,화물,남,45세,중상
2012122500100053,2012년 12월 25일 02시,화요일,경상남도 창원시 의창구 용호동,경상사고,0,0,1,0,차대차 - 정면충돌,중앙선침범,건조,맑음,단일로 - 기타,승용,남,25세,상해없음,승용,남,53세,경상
2012122500100054,2012년 12월 25일 02시,화요일,경상남도 창원시 성산구 토월동,경상사고,0,0,2,0,차대차 - 추돌 - 주정차중,안전운전불이행,건조,맑음,단일로 - 기타,승용,남,31세,상해없음,승용,남,33세,경상
2012122500100082,2012년 12월 25일 04시,화요일,경상남도 통영시 중앙동,중상사고,0,1,0,0,차대사람 - 횡단중,신호위반,건조,맑음,단일로 - 횡단보도상,화물,남,28세,상해없음,보행자,여,85세,중상
2012122500100083,2012년 12월 25일 04시,화요일,경상남도 산청군 단성면,경상사고,0,0,1,0,차량단독 - 공작물충돌,안전운전불이행,건조,맑음,단일로 - 기타,승용,남,57세,기타불명,,,,
2012122500100098,2012년 12월 25일 05시,화요일,경상남도 김해시 삼정동,경상사고,0,0,2,0,차대차 - 추돌 - 주정차중,안전운전불이행,건조,맑음,단일로 - 기타,승용,남,25세,상해없음,승용,남,23세,경상
2012122500100123,2012년 12월 25일 07시,화요일,경상남도 양산시 신기동,중상사고,0,1,0,0,차대차 - 측면직각충돌,안전운전불이행,건조,맑음,교차로 - 교차로안,승용,남,49세,상해없음,자전거,남,61세,중상
2012122500100124,2012년 12월 25일 07시,화요일,경상남도 거제시 옥포동,경상사고,0,0,1,0,차대사람 - 보도통행중,안전운전불이행,건조,맑음,단일로 - 기타,승용,남,25세,상해없음,보행자,남,32세,경상
2012122500100138,2012년 12월 25일 08시,화요일,경상남도 남해군 미조면,중상사고,0,1,0,0,차대차 - 기타,안전운전불이행,건조,맑음,단일로 - 기타,이륜,남,41세,중상,승용,남,63세,상해없음
2012122500100154,2012년 12월 25일 09시,화요일,경상남도 창원시 의창구 봉곡동,중상사고,0,1,0,0,차대차 - 측면직각충돌,교차로운행방법위반,건조,맑음,교차로 - 교차로안,승용,여,40세,상해없음,자전거,남,51세,중상
2012122500100167,2012년 12월 25일 10시,화요일,경상남도 통영시 서호동,중상사고,0,1,0,0,차대사람 - 보도통행중,기타,건조,맑음,단일로 - 횡단보도부근,승용,남,42세,상해없음,보행자,여,58세,중상
2012122500100168,2012년 12월 25일 10시,화요일,경상남도 창원시 마산회원구 석전동,중상사고,0,1,0,0,차대사람 - 횡단중,안전운전불이행,건조,맑음,교차로 - 교차로부근,화물,남,35세,상해없음,보행자,남,82세,중상
2012122500100180,2012년 12월 25일 11시,화요일,경상남도 창원시 진해구 이동,경상사고,0,0,1,0,차대차 - 기타,안전운전불이행,건조,맑음,교차로 - 교차로부근,승용,남,36세,상해없음,화물,남,35세,경상
2012122500100194,2012년 12월 25일 12시,화요일,경상남도 김해시 한림면,중상사고,0,1,0,0,차대차 - 측면직각충돌,교차로운행방법위반,건조,맑음,교차로 - 교차로안,화물,남,72세,상해없음,화물,남,54세,상해없음
2012122500100231,2012년 12월 25일 14시,화요일,경상남도 함양군 함양읍,부상신고사고,0,0,0,1,차대차 - 측면직각충돌,교차로운행방법위반,건조,맑음,교차로 - 교차로안,원동기,남,49세,부상신고,승용,여,35세,상해없음
2012122500100280,2012년 12월 25일 16시,화요일,경상남도 진주시 신안동,중상사고,0,1,0,0,차대사람 - 횡단중,신호위반,건조,맑음,교차로 - 교차로안,승용,여,57세,상해없음,보행자,여,16세,중상
2012122500100281,2012년 12월 25일 16시,화요일,경상남도 창원시 진해구 풍호동,중상사고,0,1,0,0,차대차 - 기타,안전운전불이행,건조,맑음,단일로 - 기타,승용,남,64세,상해없음,승용,여,52세,중상
2012122500100282,2012년 12월 25일 16시,화요일,경상남도 김해시 진영읍,경상사고,0,0,1,0,차대차 - 기타,직진우회전진행방해,건조,맑음,교차로 - 교차로안,승용,남,55세,상해없음,화물,남,51세,상해없음
2012122500100311,2012년 12월 25일 17시,화요일,경상남도 김해시 구산동,사망사고,1,0,0,0,차대사람 - 횡단중,안전운전불이행,건조,흐림,단일로 - 기타,승용,여,52세,상해없음,보행자,남,55세,사망
2012122500100333,2012년 12월 25일 18시,화요일,경상남도 양산시 삼호동,경상사고,0,0,1,0,차대차 - 기타,안전거리미확보,건조,맑음,단일로 - 기타,승용,남,51세,상해없음,이륜,남,45세,경상
2012122500100354,2012년 12월 25일 19시,화요일,경상남도 고성군 거류면,경상사고,0,0,2,0,차대차 - 측면직각충돌,안전운전불이행,결빙,맑음,단일로 - 기타,승용,남,34세,상해없음,승용,남,30세,상해없음
2012122500100355,2012년 12월 25일 19시,화요일,경상남도 창원시 성산구 대방동,중상사고,0,1,0,0,차대차 - 측면직각충돌,안전거리미확보,건조,맑음,단일로 - 기타,승용,남,48세,상해없음,이륜,남,31세,중상
2012122500100356,2012년 12월 25일 19시,화요일,경상남도 창원시 의창구 북면,경상사고,0,0,1,0,차대사람 - 기타,안전운전불이행,건조,맑음,단일로 - 기타,승용,남,33세,상해없음,보행자,여,44세,경상
2012122500100377,2012년 12월 25일 20시,화요일,경상남도 양산시 중부동,경상사고,0,0,1,0,차대차 - 추돌 - 주정차중,안전운전불이행,건조,맑음,단일로 - 기타,승용,여,52세,상해없음,승용,남,27세,경상
2012122500100434,2012년 12월 25일 22시,화요일,경상남도 거제시 아주동,중상사고,0,1,0,0,차대사람 - 횡단중,안전운전불이행,건조,맑음,교차로 - 교차로안,승용,여,34세,상해없음,보행자,남,47세,중상
2012122600100009,2012년 12월 26일 00시,수요일,경상남도 창원시 마산합포구 산호동,중상사고,0,1,0,0,차대사람 - 길가장자리구역통행중,안전운전불이행,건조,맑음,교차로 - 교차로부근,승용,남,55세,상해없음,보행자,여,47세,중상
2012122600100016,2012년 12월 26일 01시,수요일,경상남도 창원시 마산회원구 합성동,중상사고,0,1,0,0,차대사람 - 횡단중,안전운전불이행,건조,맑음,단일로 - 기타,승용,남,55세,상해없음,보행자,여,50세,중상
2012122600100024,2012년 12월 26일 02시,수요일,경상남도 김해시 동상동,중상사고,0,1,0,0,차대차 - 추돌 - 진행중,안전운전불이행,건조,맑음,교차로 - 교차로안,화물,남,34세,상해없음,승합,여,23세,중상
2012122600100025,2012년 12월 26일 02시,수요일,경상남도 김해시 어방동,중상사고,0,1,0,0,차대차 - 측면직각충돌,안전거리미확보,건조,맑음,단일로 - 기타,화물,남,46세,기타불명,승용,여,48세,중상
2012122600100092,2012년 12월 26일 07시,수요일,경상남도 창원시 진해구 석동,경상사고,0,0,2,0,차대차 - 추돌 - 주정차중,안전거리미확보,건조,맑음,교차로 - 교차로부근,승합,남,36세,경상,승용,남,40세,상해없음
2012122600100093,2012년 12월 26일 07시,수요일,경상남도 김해시 내동,중상사고,0,1,0,0,차대사람 - 횡단중,안전운전불이행,건조,맑음,단일로 - 기타,승용,여,43세,상해없음,보행자,여,14세,중상
2012122600100094,2012년 12월 26일 07시,수요일,경상남도 김해시 한림면,중상사고,0,1,4,0,차대차 - 측면직각충돌,직진우회전진행방해,건조,맑음,교차로 - 교차로안,승합,남,60세,상해없음,화물,남,53세,중상
2012122600100130,2012년 12월 26일 08시,수요일,경상남도 통영시 용남면,중상사고,0,1,0,0,차대사람 - 횡단중,안전운전불이행,건조,맑음,교차로 - 교차로안,승용,남,48세,상해없음,보행자,남,10세,중상
2012122600100162,2012년 12월 26일 09시,수요일,경상남도 거제시 장평동,경상사고,0,0,1,0,차대차 - 추돌 - 진행중,안전운전불이행,건조,맑음,단일로 - 기타,화물,남,52세,상해없음,승용,남,58세,경상
2012122600100163,2012년 12월 26일 09시,수요일,경상남도 김해시 흥동,중상사고,0,1,0,0,차대차 - 측면직각충돌,신호위반,건조,맑음,교차로 - 교차로안,이륜,남,76세,중상,승용,남,49세,상해없음
2012122600100195,2012년 12월 26일 10시,수요일,경상남도 진주시 동성동,중상사고,0,2,1,0,차대차 - 측면직각충돌,직진우회전진행방해,건조,맑음,교차로 - 교차로안,승용,남,25세,상해없음,승용,남,75세,중상
2012122600100196,2012년 12월 26일 10시,수요일,경상남도 김해시 외동,경상사고,0,0,2,0,차대차 - 추돌 - 주정차중,안전거리미확보,건조,맑음,단일로 - 기타,화물,남,51세,상해없음,승용,여,32세,경상
2012122600100197,2012년 12월 26일 10시,수요일,경상남도 김해시 외동,중상사고,0,1,0,0,차대사람 - 기타,안전운전불이행,건조,맑음,교차로 - 교차로부근,승용,남,50세,상해없음,보행자,여,75세,중상
2012122600100233,2012년 12월 26일 11시,수요일,경상남도 거제시 아주동,중상사고,0,1,0,0,차대차 - 추돌 - 진행중,신호위반,건조,맑음,교차로 - 교차로안,승용,여,37세,상해없음,승용,여,41세,중상
2012122600100234,2012년 12월 26일 11시,수요일,경상남도 창원시 의창구 북면,중상사고,0,1,0,0,차대차 - 측면직각충돌,직진우회전진행방해,건조,맑음,교차로 - 교차로안,승용,여,56세,상해없음,승용,여,63세,상해없음
2012122600100261,2012년 12월 26일 12시,수요일,경상남도 창원시 마산합포구 진동면,중상사고,0,1,0,0,차대사람 - 기타,안전운전불이행,건조,맑음,단일로 - 기타,화물,기타불명,기타불명,기타불명,보행자,여,76세,중상
2012122600100262,2012년 12월 26일 12시,수요일,경상남도 양산시 삼호동,중상사고,0,1,0,0,차대차 - 측면직각충돌,교차로운행방법위반,건조,맑음,교차로 - 교차로안,승합,남,52세,상해없음,승용,여,24세,상해없음
2012122600100289,2012년 12월 26일 13시,수요일,경상남도 김해시 대성동,중상사고,0,2,3,0,차대차 - 측면직각충돌,교차로운행방법위반,건조,맑음,교차로 - 교차로안,승용,여,48세,경상,승용,남,59세,중상
2012122600100290,2012년 12월 26일 13시,수요일,경상남도 합천군 대병면,사망사고,1,0,0,0,차대사람 - 기타,안전운전불이행,건조,맑음,기타 - 기타,승합,남,48세,상해없음,보행자,여,80세,사망
2012122600100311,2012년 12월 26일 14시,수요일,경상남도 통영시 무전동,경상사고,0,0,1,0,차대차 - 기타,안전운전불이행,건조,맑음,교차로 - 교차로안,승용,여,63세,상해없음,승합,남,49세,상해없음
2012122600100343,2012년 12월 26일 15시,수요일,경상남도 사천시 사천읍,중상사고,0,1,0,0,차대사람 - 횡단중,보행자보호의무위반,건조,맑음,단일로 - 횡단보도상,화물,남,53세,상해없음,보행자,남,13세,중상
2012122600100344,2012년 12월 26일 15시,수요일,경상남도 고성군 마암면,경상사고,0,0,1,0,차대차 - 추돌 - 주정차중,안전운전불이행,건조,맑음,단일로 - 기타,화물,남,44세,상해없음,승용,남,33세,경상
2012122600100345,2012년 12월 26일 15시,수요일,경상남도 하동군 진교면,중상사고,0,1,0,0,차대차 - 측면직각충돌,교차로운행방법위반,건조,맑음,교차로 - 교차로안,원동기,남,48세,상해없음,화물,남,57세,상해없음
2012122600100346,2012년 12월 26일 15시,수요일,경상남도 함안군 가야읍,경상사고,0,0,2,0,차대차 - 측면직각충돌,안전운전불이행,건조,맑음,교차로 - 교차로안,승용,남,74세,상해없음,승합,남,71세,경상
2012122600100377,2012년 12월 26일 16시,수요일,경상남도 진주시 미천면,중상사고,0,1,0,0,차대차 - 기타,안전운전불이행,결빙,맑음,단일로 - 기타,화물,남,32세,상해없음,이륜,남,43세,중상
2012122600100378,2012년 12월 26일 16시,수요일,경상남도 양산시 중부동,경상사고,0,0,1,0,차대차 - 추돌 - 진행중,안전운전불이행,건조,맑음,단일로 - 기타,승용,남,56세,상해없음,승용,여,41세,경상
2012122600100379,2012년 12월 26일 16시,수요일,경상남도 김해시 진영읍,중상사고,0,1,0,0,차대차 - 추돌 - 주정차중,안전운전불이행,건조,맑음,교차로 - 교차로부근,화물,남,33세,상해없음,화물,남,57세,중상
2012122600100420,2012년 12월 26일 17시,수요일,경상남도 창원시 마산회원구 합성동,중상사고,0,1,0,0,차대차 - 추돌 - 주정차중,안전운전불이행,건조,맑음,단일로 - 기타,승용,여,53세,상해없음,승용,남,41세,기타불명
2012122600100421,2012년 12월 26일 17시,수요일,경상남도 김해시 장유면,중상사고,0,1,0,0,차대사람 - 보도통행중,보행자보호의무위반,건조,맑음,교차로 - 교차로부근,승용,여,57세,상해없음,보행자,여,82세,중상
2012122600100471,2012년 12월 26일 18시,수요일,경상남도 진주시 상평동,중상사고,0,1,1,0,차대차 - 추돌 - 진행중,안전거리미확보,건조,맑음,교차로 - 교차로부근,승용,남,53세,상해없음,승용,여,32세,경상
2012122600100473,2012년 12월 26일 18시,수요일,경상남도 창원시 성산구 대방동,중상사고,0,1,0,0,차대차 - 측면직각충돌,신호위반,건조,맑음,교차로 - 교차로안,승용,남,51세,상해없음,원동기,남,18세,중상
2012122600100498,2012년 12월 26일 19시,수요일,경상남도 함양군 서상면,사망사고,1,1,1,0,차량단독 - 전도전복,안전운전불이행,기타,맑음,단일로 - 기타,승용,남,19세,상해없음,,,,
2012122600100500,2012년 12월 26일 19시,수요일,경상남도 김해시 삼정동,경상사고,0,0,1,0,차대차 - 측면직각충돌,교차로운행방법위반,건조,맑음,교차로 - 교차로안,원동기,남,19세,상해없음,승용,여,24세,상해없음
2012122600100540,2012년 12월 26일 20시,수요일,경상남도 통영시 북신동,경상사고,0,0,1,0,차대차 - 기타,교차로운행방법위반,건조,맑음,교차로 - 교차로부근,승용,남,36세,상해없음,이륜,남,18세,경상
2012122600100541,2012년 12월 26일 20시,수요일,경상남도 창원시 의창구 중동,중상사고,0,1,0,0,차량단독 - 기타,안전운전불이행,건조,맑음,단일로 - 기타,승합,남,37세,상해없음,,,,
2012122600100569,2012년 12월 26일 21시,수요일,경상남도 창녕군 남지읍,경상사고,0,0,1,0,차대차 - 기타,안전운전불이행,건조,맑음,교차로 - 교차로안,화물,남,53세,상해없음,승용,남,43세,상해없음
2012122600100618,2012년 12월 26일 22시,수요일,경상남도 진주시 평거동,중상사고,0,1,0,0,차대차 - 기타,교차로운행방법위반,건조,맑음,교차로 - 교차로안,승용,남,45세,상해없음,이륜,남,18세,중상
2012122600100648,2012년 12월 26일 23시,수요일,경상남도 창원시 마산합포구 홍문동,경상사고,0,0,2,0,차대차 - 측면직각충돌,교차로운행방법위반,건조,맑음,교차로 - 교차로안,승용,여,46세,상해없음,승용,남,56세,경상
2012122600100649,2012년 12월 26일 23시,수요일,경상남도 창원시 진해구 경화동,경상사고,0,0,1,0,차대사람 - 기타,안전운전불이행,건조,맑음,교차로 - 교차로부근,승용,남,48세,상해없음,보행자,남,42세,경상
2012122600100650,2012년 12월 26일 23시,수요일,경상남도 사천시 사남면,경상사고,0,0,1,0,차대차 - 측면직각충돌,안전운전불이행,건조,맑음,단일로 - 기타,승용,남,31세,상해없음,승용,남,40세,경상
2012122600100652,2012년 12월 26일 23시,수요일,경상남도 창원시 마산회원구 구암동,경상사고,0,0,1,0,차대차 - 추돌 - 주정차중,안전운전불이행,건조,맑음,단일로 - 기타,이륜,남,18세,상해없음,승용,남,47세,상해없음
2012122700100097,2012년 12월 27일 05시,목요일,경상남도 창원시 성산구 귀산동,사망사고,1,1,0,0,차량단독 - 공작물충돌,안전운전불이행,건조,맑음,단일로 - 기타,승용,남,16세,상해없음,,,,
2012122700100124,2012년 12월 27일 07시,목요일,경상남도 사천시 노룡동,경상사고,0,0,1,0,차대차 - 추돌 - 주정차중,안전운전불이행,건조,맑음,교차로 - 교차로부근,승용,남,49세,상해없음,승용,남,49세,경상
2012122700100125,2012년 12월 27일 07시,목요일,경상남도 김해시 외동,중상사고,0,2,1,0,차대차 - 추돌 - 주정차중,안전거리미확보,건조,맑음,단일로 - 기타,화물,남,39세,중상,화물,남,41세,경상
2012122700100154,2012년 12월 27일 08시,목요일,경상남도 고성군 고성읍,경상사고,0,0,1,0,차대사람 - 횡단중,안전운전불이행,건조,맑음,단일로 - 기타,승합,남,56세,상해없음,보행자,여,15세,경상
2012122700100155,2012년 12월 27일 08시,목요일,경상남도 창원시 마산회원구 내서읍,중상사고,0,1,0,0,차대차 - 측면직각충돌,신호위반,건조,맑음,교차로 - 교차로안,승용,여,48세,상해없음,승용,여,30세,중상
2012122700100196,2012년 12월 27일 10시,목요일,경상남도 사천시 곤명면,부상신고사고,0,0,0,1,차대차 - 측면직각충돌,안전운전불이행,건조,맑음,단일로 - 기타,이륜,남,63세,부상신고,화물,남,49세,상해없음
2012122700100197,2012년 12월 27일 10시,목요일,경상남도 거제시 옥포동,중상사고,0,1,0,0,차대차 - 기타,신호위반,건조,맑음,교차로 - 교차로안,이륜,남,58세,중상,승용,여,36세,상해없음
2012122700100224,2012년 12월 27일 11시,목요일,경상남도 함양군 함양읍,경상사고,0,0,1,1,차대차 - 추돌 - 진행중,안전운전불이행,건조,맑음,교차로 - 교차로부근,원동기,남,70세,부상신고,원동기,남,65세,경상
2012122700100225,2012년 12월 27일 11시,목요일,경상남도 진주시 호탄동,경상사고,0,0,1,0,차대사람 - 기타,안전운전불이행,건조,맑음,단일로 - 기타,화물,남,55세,상해없음,보행자,남,30세,경상
2012122700100251,2012년 12월 27일 12시,목요일,경상남도 거창군 거창읍,중상사고,0,1,2,0,차대차 - 측면직각충돌,안전운전불이행,건조,맑음,교차로 - 교차로안,승용,여,62세,상해없음,원동기,남,18세,경상
2012122700100252,2012년 12월 27일 12시,목요일,경상남도 창원시 마산회원구 회성동,중상사고,0,1,0,0,차대차 - 추돌 - 주정차중,안전운전불이행,건조,맑음,단일로 - 기타,화물,남,56세,상해없음,승용,여,31세,중상
2012122700100282,2012년 12월 27일 13시,목요일,경상남도 양산시 북정동,경상사고,0,0,1,0,차대사람 - 기타,안전운전불이행,건조,맑음,단일로 - 기타,승용,여,50세,상해없음,보행자,남,63세,경상
2012122700100283,2012년 12월 27일 13시,목요일,경상남도 고성군 고성읍,사망사고,1,0,0,0,차량단독 - 공작물충돌,안전운전불이행,건조,맑음,단일로 - 기타,원동기,남,70세,사망,,,,
2012122700100311,2012년 12월 27일 14시,목요일,경상남도 김해시 서상동,경상사고,0,0,1,0,차대사람 - 차도통행중,안전운전불이행,건조,맑음,단일로 - 기타,승용,여,48세,상해없음,보행자,여,57세,경상
2012122700100336,2012년 12월 27일 15시,목요일,경상남도 진주시 대안동,중상사고,0,1,0,0,차대사람 - 보도통행중,기타,건조,맑음,기타 - 기타,원동기,남,78세,상해없음,보행자,여,19세,중상
2012122700100337,2012년 12월 27일 15시,목요일,경상남도 김해시 상동면,사망사고,1,0,0,0,차대사람 - 횡단중,안전운전불이행,건조,맑음,교차로 - 교차로안,화물,남,36세,상해없음,보행자,여,80세,사망
2012122700100338,2012년 12월 27일 15시,목요일,경상남도 거제시 옥포동,중상사고,0,1,0,0,차대사람 - 횡단중,보행자보호의무위반,건조,맑음,교차로 - 교차로안,화물,남,42세,기타불명,보행자,여,42세,중상
2012122700100359,2012년 12월 27일 16시,목요일,경상남도 합천군 가야면,중상사고,0,1,0,0,차량단독 - 기타,안전운전불이행,결빙,맑음,단일로 - 기타,승용,남,69세,상해없음,,,,
2012122700100360,2012년 12월 27일 16시,목요일,경상남도 거제시 고현동,경상사고,0,0,1,0,차대사람 - 차도통행중,안전운전불이행,건조,맑음,단일로 - 기타,승용,남,48세,상해없음,보행자,남,6세,경상
2012122700100391,2012년 12월 27일 17시,목요일,경상남도 사천시 용현면,경상사고,0,0,2,0,차대차 - 추돌 - 진행중,안전운전불이행,건조,맑음,단일로 - 기타,승용,남,28세,경상,승용,남,57세,상해없음
2012122700100392,2012년 12월 27일 17시,목요일,경상남도 창원시 의창구 신월동,중상사고,0,1,0,0,차대차 - 측면직각충돌,안전운전불이행,건조,맑음,단일로 - 기타,승용,남,46세,상해없음,이륜,남,38세,중상