사고번호,사고일시,요일,시군구,사고내용,사망자수,중상자수,경상자수,부상신고자수,사고유형,법규위반,노면상태,기상상태,도로형태,가해운전자 차종,가해운전자 성별,가해운전자 연령,가해운전자 상해정도,피해운전자 차종,피해운전자 성별,피해운전자 연령,피해운전자 상해정도
2012122700100435,2012년 12월 27일 18시,목요일,경상남도 창원시 성산구 반지동,중상사고,0,1,0,0,차대차 - 측면직각충돌,교차로운행방법위반,건조,맑음,교차로 - 교차로안,승용,남,45세,상해없음,이륜,남,18세,중상
2012122700100436,2012년 12월 27일 18시,목요일,경상남도 창원시 의창구 동읍,사망사고,1,0,0,0,차대사람 - 횡단중,안전운전불이행,건조,맑음,단일로 - 횡단보도부근,승용,남,22세,상해없음,보행자,여,80세,사망
2012122700100482,2012년 12월 27일 19시,목요일,경상남도 창원시 의창구 팔용동,경상사고,0,0,1,0,차대사람 - 횡단중,안전운전불이행,건조,맑음,단일로 - 기타,승용,남,43세,상해없음,보행자,여,27세,경상
2012122700100578,2012년 12월 27일 22시,목요일,경상남도 밀양시 내이동,경상사고,0,0,1,0,차대차 - 기타,안전운전불이행,건조,맑음,단일로 - 기타,승용,여,41세,상해없음,자전거,여,59세,경상
2012122700100579,2012년 12월 27일 22시,목요일,경상남도 김해시 삼정동,중상사고,0,1,0,0,차대사람 - 횡단중,안전운전불이행,건조,맑음,교차로 - 교차로부근,승용,남,55세,상해없음,보행자,남,38세,중상
2012122700100580,2012년 12월 27일 22시,목요일,경상남도 양산시 평산동,사망사고,1,0,0,0,차대사람 - 기타,안전운전불이행,건조,맑음,교차로 - 교차로부근,화물,남,22세,상해없음,보행자,남,48세,사망
2012122700100581,2012년 12월 27일 22시,목요일,경상남도 거제시 장승포동,경상사고,0,0,1,0,차대차 - 기타,신호위반,건조,맑음,교차로 - 교차로안,이륜,남,19세,상해없음,자전거,남,52세,경상
2012122700100623,2012년 12월 27일 23시,목요일,경상남도 창원시 성산구 안민동,경상사고,0,0,1,0,차대차 - 측면직각충돌,안전거리미확보,건조,맑음,단일로 - 기타,승용,남,29세,상해없음,승용,여,27세,경상
2012122700100624,2012년 12월 27일 23시,목요일,경상남도 창원시 성산구 대방동,중상사고,0,1,0,0,차대차 - 추돌 - 주정차중,안전운전불이행,건조,맑음,단일로 - 기타,승용,남,47세,상해없음,승용,남,52세,중상
2012122800100076,2012년 12월 28일 03시,금요일,경상남도 창원시 진해구 석동,경상사고,0,0,2,0,차대차 - 측면직각충돌,신호위반,결빙,눈,교차로 - 교차로안,승용,남,35세,기타불명,승용,남,33세,경상
2012122800100077,2012년 12월 28일 03시,금요일,경상남도 창원시 마산회원구 회성동,경상사고,0,0,2,0,차대차 - 추돌 - 진행중,안전운전불이행,결빙,눈,단일로 - 기타,승용,남,33세,상해없음,승용,남,60세,경상
2012122800100078,2012년 12월 28일 03시,금요일,경상남도 창원시 의창구 동읍,경상사고,0,0,1,0,차량단독 - 공작물충돌,안전운전불이행,적설,눈,단일로 - 기타,승용,남,50세,상해없음,,,,
2012122800100092,2012년 12월 28일 04시,금요일,경상남도 통영시 광도면,경상사고,0,0,1,0,차대사람 - 길가장자리구역통행중,안전운전불이행,적설,눈,단일로 - 기타,승용,남,18세,상해없음,보행자,여,37세,경상
2012122800100098,2012년 12월 28일 05시,금요일,경상남도 양산시 북정동,사망사고,1,2,0,0,차량단독 - 전도전복,안전운전불이행,적설,눈,단일로 - 기타,승용,남,51세,사망,,,,
2012122800100120,2012년 12월 28일 06시,금요일,경상남도 함양군 서상면,사망사고,1,0,0,0,차량단독 - 전도전복,안전운전불이행,적설,눈,단일로 - 기타,화물,남,38세,사망,,,,
2012122800100128,2012년 12월 28일 06시,금요일,경상남도 양산시 소주동,중상사고,0,1,0,0,차대사람 - 차도통행중,안전운전불이행,결빙,눈,단일로 - 기타,승용,남,48세,상해없음,보행자,여,66세,중상
2012122800100129,2012년 12월 28일 06시,금요일,경상남도 창원시 의창구 대원동,경상사고,0,0,1,0,차대차 - 추돌 - 진행중,안전운전불이행,적설,눈,단일로 - 기타,승용,남,21세,상해없음,승용,남,56세,경상
2012122800100156,2012년 12월 28일 07시,금요일,경상남도 창원시 진해구 풍호동,경상사고,0,0,1,0,차대차 - 측면직각충돌,안전거리미확보,결빙,눈,단일로 - 기타,화물,남,35세,상해없음,승용,남,28세,경상
2012122800100157,2012년 12월 28일 07시,금요일,경상남도 창원시 의창구 팔용동,중상사고,0,2,0,0,차대차 - 추돌 - 진행중,안전거리미확보,적설,맑음,단일로 - 기타,승용,남,28세,상해없음,승용,남,38세,중상
2012122800100222,2012년 12월 28일 09시,금요일,경상남도 통영시 무전동,경상사고,0,0,1,0,차대차 - 측면직각충돌,안전운전불이행,결빙,맑음,단일로 - 기타,승용,남,51세,상해없음,승용,남,50세,상해없음
2012122800100275,2012년 12월 28일 12시,금요일,경상남도 창원시 의창구 대원동,중상사고,0,1,0,0,차량단독 - 공작물충돌,안전운전불이행,결빙,눈,단일로 - 기타,승용,남,59세,상해없음,,,,
2012122800100288,2012년 12월 28일 13시,금요일,경상남도 밀양시 상동면,중상사고,0,1,0,0,차대차 - 추돌 - 주정차중,안전거리미확보,결빙,눈,단일로 - 기타,화물,남,50세,상해없음,승용,남,36세,상해없음
2012122800100296,2012년 12월 28일 13시,금요일,경상남도 창원시 성산구 안민동,중상사고,0,1,0,1,차대차 - 측면직각충돌,안전거리미확보,결빙,눈,단일로 - 기타,승용,남,59세,상해없음,승용,남,27세,상해없음
2012122800100297,2012년 12월 28일 13시,금요일,경상남도 진주시 진성면,중상사고,0,1,0,0,차대차 - 측면직각충돌,안전운전불이행,습기,눈,단일로 - 기타,승용,여,48세,중상,화물,남,41세,상해없음
2012122800100329,2012년 12월 28일 15시,금요일,경상남도 고성군 동해면,중상사고,0,1,0,0,차대차 - 추돌 - 주정차중,안전운전불이행,결빙,눈,단일로 - 기타,승용,남,39세,상해없음,승용,남,49세,상해없음
2012122800100352,2012년 12월 28일 16시,금요일,경상남도 창원시 마산합포구 현동,중상사고,0,1,2,0,차량단독 - 공작물충돌,안전운전불이행,적설,맑음,단일로 - 기타,승용,남,37세,상해없음,,,,
2012122800100353,2012년 12월 28일 16시,금요일,경상남도 하동군 금남면,경상사고,0,0,1,0,차량단독 - 전도전복,안전운전불이행,적설,눈,단일로 - 기타,승합,남,23세,상해없음,,,,
2012122800100354,2012년 12월 28일 16시,금요일,경상남도 남해군 삼동면,경상사고,0,0,1,1,차대차 - 측면직각충돌,안전운전불이행,결빙,맑음,교차로 - 교차로부근,승용,여,40세,상해없음,승용,여,44세,부상신고
2012122800100412,2012년 12월 28일 18시,금요일,경상남도 창원시 마산합포구 현동,경상사고,0,0,1,1,차대차 - 측면직각충돌,안전운전불이행,적설,맑음,단일로 - 기타,화물,남,40세,부상신고,승합,남,50세,경상
2012122800100413,2012년 12월 28일 18시,금요일,경상남도 김해시 상동면,경상사고,0,0,3,0,차대사람 - 차도통행중,안전운전불이행,적설,맑음,단일로 - 기타,승용,남,24세,상해없음,보행자,남,32세,경상
2012122800100441,2012년 12월 28일 19시,금요일,경상남도 창원시 마산합포구 현동,경상사고,0,0,1,0,차대차 - 기타,안전운전불이행,결빙,맑음,단일로 - 기타,승용,남,32세,상해없음,승용,여,34세,상해없음
2012122800100442,2012년 12월 28일 19시,금요일,경상남도 통영시 무전동,중상사고,0,1,0,0,차대사람 - 횡단중,안전운전불이행,건조,맑음,단일로 - 기타,승용,여,29세,상해없음,보행자,여,14세,중상
2012122800100478,2012년 12월 28일 20시,금요일,경상남도 사천시 사천읍,중상사고,0,1,2,0,차대차 - 정면충돌,중앙선침범,결빙,맑음,단일로 - 기타,화물,남,63세,경상,승용,남,41세,중상
2012122800100510,2012년 12월 28일 21시,금요일,경상남도 창원시 성산구 신촌동,중상사고,0,1,0,0,차량단독 - 공작물충돌,안전운전불이행,결빙,눈,단일로 - 기타,승용,남,52세,상해없음,,,,
2012122800100584,2012년 12월 28일 23시,금요일,경상남도 창원시 의창구 두대동,경상사고,0,0,1,0,차대차 - 추돌 - 진행중,안전운전불이행,결빙,눈,교차로 - 교차로부근,승용,남,57세,상해없음,승용,여,41세,경상
2012122900100026,2012년 12월 29일 00시,토요일,경상남도 거제시 장평동,중상사고,0,1,0,0,차대차 - 측면직각충돌,안전거리미확보,결빙,맑음,교차로 - 교차로부근,승용,남,54세,상해없음,승용,남,29세,중상
2012122900100064,2012년 12월 29일 02시,토요일,경상남도 진주시 강남동,중상사고,0,1,0,0,차대사람 - 길가장자리구역통행중,중앙선침범,결빙,맑음,단일로 - 기타,승용,남,29세,상해없음,보행자,남,35세,중상
2012122900100065,2012년 12월 29일 02시,토요일,경상남도 창원시 진해구 경화동,중상사고,0,2,0,0,차대차 - 추돌 - 주정차중,안전운전불이행,습기,흐림,단일로 - 기타,승용,남,31세,중상,승용,여,47세,중상
2012122900100066,2012년 12월 29일 02시,토요일,경상남도 김해시 불암동,경상사고,0,0,4,0,차대차 - 추돌 - 진행중,안전거리미확보,결빙,맑음,단일로 - 기타,승용,남,35세,기타불명,승용,남,58세,경상
2012122900100067,2012년 12월 29일 02시,토요일,경상남도 거제시 두모동,경상사고,0,0,1,0,차대차 - 기타,안전운전불이행,결빙,눈,기타 - 기타,승용,남,53세,상해없음,승용,남,24세,상해없음
2012122900100091,2012년 12월 29일 03시,토요일,경상남도 하동군 하동읍,중상사고,0,1,0,0,차대차 - 추돌 - 진행중,안전운전불이행,결빙,눈,단일로 - 기타,승용,남,44세,상해없음,승용,여,48세,중상
2012122900100112,2012년 12월 29일 04시,토요일,경상남도 창원시 진해구 마천동,중상사고,0,2,0,0,차량단독 - 전도전복,안전운전불이행,결빙,눈,단일로 - 기타,화물,남,59세,중상,,,,
2012122900100113,2012년 12월 29일 04시,토요일,경상남도 통영시 용남면,경상사고,0,0,2,0,차대차 - 추돌 - 진행중,안전운전불이행,결빙,맑음,단일로 - 기타,승용,남,59세,상해없음,승용,여,40세,경상
2012122900100114,2012년 12월 29일 04시,토요일,경상남도 양산시 남부동,중상사고,0,1,0,0,차대사람 - 기타,안전운전불이행,결빙,맑음,단일로 - 기타,승용,남,23세,상해없음,보행자,여,30세,중상
2012122900100134,2012년 12월 29일 05시,토요일,경상남도 거제시 고현동,중상사고,0,1,0,0,차대차 - 기타,교차로운행방법위반,결빙,눈,교차로 - 교차로안,승합,남,53세,상해없음,승용,여,47세,중상
2012122900100156,2012년 12월 29일 06시,토요일,경상남도 진주시 옥봉동,중상사고,0,1,0,0,차대사람 - 기타,안전운전불이행,결빙,흐림,단일로 - 기타,승용,남,61세,상해없음,보행자,남,83세,중상
2012122900100195,2012년 12월 29일 08시,토요일,경상남도 통영시 무전동,중상사고,0,1,0,0,차량단독 - 공작물충돌,안전운전불이행,결빙,맑음,단일로 - 기타,승용,남,50세,중상,,,,
2012122900100196,2012년 12월 29일 08시,토요일,경상남도 함안군 가야읍,중상사고,0,2,0,0,차대차 - 측면직각충돌,중앙선침범,결빙,흐림,교차로 - 교차로안,승합,남,53세,상해없음,승용,남,26세,중상
2012122900100220,2012년 12월 29일 09시,토요일,경상남도 사천시 정동면,경상사고,0,0,1,0,차대차 - 측면직각충돌,안전운전불이행,결빙,맑음,단일로 - 기타,이륜,남,64세,경상,화물,남,49세,상해없음
2012122900100221,2012년 12월 29일 09시,토요일,경상남도 김해시 장유면,중상사고,0,1,0,0,차대차 - 추돌 - 주정차중,안전운전불이행,결빙,흐림,단일로 - 기타,화물,남,39세,상해없음,화물,남,58세,중상
2012122900100243,2012년 12월 29일 10시,토요일,경상남도 창원시 마산합포구 동성동,경상사고,0,0,2,0,차대차 - 추돌 - 주정차중,안전거리미확보,결빙,맑음,교차로 - 교차로부근,승용,남,44세,상해없음,승용,남,31세,경상
2012122900100397,2012년 12월 29일 18시,토요일,경상남도 창원시 마산합포구 진동면,경상사고,0,0,3,0,차대차 - 추돌 - 주정차중,안전운전불이행,건조,맑음,단일로 - 기타,화물,남,22세,상해없음,승용,남,28세,경상
2012122900100398,2012년 12월 29일 18시,토요일,경상남도 밀양시 초동면,경상사고,0,0,2,1,차대차 - 추돌 - 진행중,안전운전불이행,결빙,맑음,단일로 - 기타,화물,남,57세,상해없음,승용,남,30세,경상
2012122900100399,2012년 12월 29일 18시,토요일,경상남도 창녕군 계성면,경상사고,0,0,2,0,차대차 - 정면충돌,안전운전불이행,결빙,눈,단일로 - 기타,승용,남,62세,상해없음,승용,남,31세,경상
2012122900100430,2012년 12월 29일 19시,토요일,경상남도 통영시 광도면,경상사고,0,0,1,0,차대사람 - 횡단중,안전운전불이행,건조,맑음,교차로 - 교차로안,승용,남,55세,상해없음,보행자,남,48세,경상
2012122900100431,2012년 12월 29일 19시,토요일,경상남도 김해시 한림면,중상사고,0,1,0,0,차대차 - 추돌 - 주정차중,안전운전불이행,결빙,흐림,교차로 - 교차로부근,승합,남,44세,상해없음,특수,남,46세,기타불명
2012122900100462,2012년 12월 29일 20시,토요일,경상남도 김해시 한림면,중상사고,0,3,0,0,차대차 - 측면직각충돌,안전운전불이행,결빙,맑음,단일로 - 기타,화물,남,55세,중상,화물,남,41세,중상
2012122900100481,2012년 12월 29일 21시,토요일,경상남도 김해시 장유면,경상사고,0,0,4,0,차대차 - 추돌 - 주정차중,안전운전불이행,건조,맑음,단일로 - 기타,승용,남,40세,상해없음,승용,남,50세,경상
2012122900100522,2012년 12월 29일 22시,토요일,경상남도 거제시 고현동,경상사고,0,0,1,0,차대차 - 측면직각충돌,중앙선침범,건조,맑음,단일로 - 기타,승용,남,31세,상해없음,승용,남,21세,경상
2012122900100580,2012년 12월 29일 23시,토요일,경상남도 김해시 어방동,중상사고,0,1,0,0,차대사람 - 길가장자리구역통행중,안전운전불이행,건조,맑음,교차로 - 교차로안,승용,남,33세,상해없음,보행자,남,52세,중상
2012122900100581,2012년 12월 29일 23시,토요일,경상남도 양산시 덕계동,중상사고,0,1,0,0,차대사람 - 차도통행중,안전운전불이행,건조,맑음,단일로 - 기타,승용,남,42세,상해없음,보행자,남,48세,중상
2012122900100582,2012년 12월 29일 23시,토요일,경상남도 함안군 산인면,경상사고,0,0,2,0,차량단독 - 공작물충돌,안전운전불이행,결빙,눈,단일로 - 기타,승용,남,52세,상해없음,,,,
2012122900100583,2012년 12월 29일 23시,토요일,경상남도 창원시 마산회원구 합성동,경상사고,0,0,3,0,차대차 - 기타,안전운전불이행,건조,맑음,교차로 - 교차로안,승용,남,50세,상해없음,승용,남,56세,상해없음
2012123000100036,2012년 12월 30일 00시,일요일,경상남도 거제시 고현동,경상사고,0,0,2,0,차대차 - 추돌 - 주정차중,안전운전불이행,건조,맑음,단일로 - 기타,승용,남,37세,상해없음,승용,남,26세,경상
2012123000100129,2012년 12월 30일 02시,일요일,경상남도 창원시 의창구 대산면,중상사고,0,1,1,0,차대차 - 추돌 - 주정차중,안전운전불이행,습기,비,교차로 - 교차로부근,화물,남,51세,상해없음,승용,남,55세,중상
2012123000100169,2012년 12월 30일 04시,일요일,경상남도 거제시 고현동,중상사고,0,2,0,0,차대차 - 추돌 - 진행중,안전운전불이행,건조,맑음,교차로 - 교차로안,승용,남,55세,상해없음,승용,남,26세,중상
2012123000100170,2012년 12월 30일 04시,일요일,경상남도 창원시 의창구 봉곡동,경상사고,0,0,1,0,차량단독 - 기타,안전운전불이행,건조,맑음,단일로 - 기타,승용,남,45세,상해없음,,,,
2012123000100268,2012년 12월 30일 10시,일요일,경상남도 김해시 대동면,경상사고,0,0,4,0,차대차 - 추돌 - 진행중,안전거리미확보,건조,맑음,단일로 - 기타,화물,남,45세,상해없음,승용,남,28세,경상
2012123000100298,2012년 12월 30일 11시,일요일,경상남도 창원시 진해구 이동,경상사고,0,0,1,0,차대차 - 추돌 - 진행중,안전거리미확보,건조,맑음,교차로 - 교차로부근,건설기계,남,46세,상해없음,승용,남,46세,경상
2012123000100299,2012년 12월 30일 11시,일요일,경상남도 김해시 삼방동,중상사고,0,1,0,0,차대차 - 측면직각충돌,신호위반,건조,맑음,교차로 - 교차로안,승용,남,46세,상해없음,승용,남,29세,중상
2012123000100311,2012년 12월 30일 12시,일요일,경상남도 밀양시 부북면,경상사고,0,0,3,0,차대차 - 측면직각충돌,중앙선침범,결빙,흐림,단일로 - 기타,승용,남,41세,상해없음,화물,남,34세,경상
2012123000100333,2012년 12월 30일 13시,일요일,경상남도 진주시 이현동,중상사고,0,4,0,0,차대차 - 추돌 - 주정차중,안전운전불이행,건조,맑음,교차로 - 교차로부근,승용,남,41세,상해없음,승용,남,45세,중상
2012123000100334,2012년 12월 30일 13시,일요일,경상남도 창녕군 창녕읍,중상사고,0,2,3,0,차대차 - 정면충돌,중앙선침범,결빙,흐림,단일로 - 기타,승용,남,51세,상해없음,승용,남,70세,경상
2012123000100335,2012년 12월 30일 13시,일요일,경상남도 창원시 의창구 대원동,경상사고,0,0,2,0,차대차 - 기타,신호위반,기타,맑음,교차로 - 교차로안,승용,남,49세,상해없음,화물,남,53세,상해없음
2012123000100336,2012년 12월 30일 13시,일요일,경상남도 창원시 의창구 북면,중상사고,0,1,1,0,차대차 - 추돌 - 주정차중,안전운전불이행,결빙,맑음,단일로 - 터널,승용,남,63세,상해없음,승용,여,31세,상해없음
2012123000100361,2012년 12월 30일 14시,일요일,경상남도 사천시 사천읍,부상신고사고,0,0,0,1,차대차 - 기타,안전운전불이행,건조,맑음,교차로 - 교차로부근,기타불명,기타불명,기타불명,기타불명,자전거,남,15세,부상신고
2012123000100362,2012년 12월 30일 14시,일요일,경상남도 하동군 진교면,경상사고,0,0,1,1,차대차 - 측면직각충돌,교차로운행방법위반,건조,맑음,교차로 - 교차로안,승용,여,60세,부상신고,화물,남,57세,경상
2012123000100363,2012년 12월 30일 14시,일요일,경상남도 창원시 마산회원구 내서읍,경상사고,0,0,2,0,차대차 - 추돌 - 주정차중,안전운전불이행,건조,맑음,단일로 - 터널,승용,남,63세,상해없음,승용,여,30세,경상
2012123000100364,2012년 12월 30일 14시,일요일,경상남도 창원시 의창구 동정동,중상사고,0,3,0,1,차대차 - 추돌 - 주정차중,안전운전불이행,결빙,맑음,단일로 - 터널,승용,남,41세,상해없음,승용,남,40세,중상
2012123000100398,2012년 12월 30일 15시,일요일,경상남도 창원시 진해구 용원동,경상사고,0,0,2,0,차대차 - 정면충돌,중앙선침범,건조,맑음,교차로 - 교차로부근,승용,남,34세,상해없음,화물,남,66세,경상
2012123000100399,2012년 12월 30일 15시,일요일,경상남도 밀양시 가곡동,경상사고,0,0,1,0,차대사람 - 기타,안전운전불이행,건조,맑음,단일로 - 기타,승용,남,53세,상해없음,보행자,남,60세,경상
2012123000100400,2012년 12월 30일 15시,일요일,경상남도 창원시 의창구 명서동,중상사고,0,1,0,0,차대사람 - 횡단중,보행자보호의무위반,건조,맑음,교차로 - 교차로부근,승용,남,53세,상해없음,보행자,남,53세,중상
2012123000100424,2012년 12월 30일 16시,일요일,경상남도 김해시 내동,중상사고,0,1,0,0,차대차 - 기타,안전운전불이행,건조,맑음,단일로 - 기타,승용,여,60세,상해없음,이륜,남,60세,중상
2012123000100425,2012년 12월 30일 16시,일요일,경상남도 창원시 의창구 명서동,중상사고,0,3,0,0,차대차 - 추돌 - 주정차중,안전운전불이행,건조,맑음,교차로 - 교차로부근,승용,남,52세,상해없음,승용,남,50세,중상
2012123000100477,2012년 12월 30일 18시,일요일,경상남도 사천시 사천읍,중상사고,0,1,0,0,차대사람 - 기타,안전운전불이행,건조,맑음,단일로 - 기타,승용,남,21세,상해없음,보행자,남,76세,중상
2012123000100478,2012년 12월 30일 18시,일요일,경상남도 밀양시 초동면,중상사고,0,1,1,1,차대차 - 추돌 - 진행중,안전운전불이행,결빙,흐림,단일로 - 기타,승용,남,35세,상해없음,이륜,남,60세,경상
2012123000100479,2012년 12월 30일 18시,일요일,경상남도 하동군 옥종면,중상사고,0,2,0,0,차대사람 - 기타,안전운전불이행,건조,맑음,단일로 - 기타,화물,남,29세,상해없음,보행자,남,65세,중상
2012123000100505,2012년 12월 30일 19시,일요일,경상남도 창원시 진해구 용원동,중상사고,0,1,0,0,차대차 - 측면직각충돌,직진우회전진행방해,건조,맑음,교차로 - 교차로안,승용,여,35세,상해없음,승용,남,47세,중상
2012123000100506,2012년 12월 30일 19시,일요일,경상남도 밀양시 하남읍,중상사고,0,1,0,0,차대사람 - 횡단중,안전운전불이행,결빙,흐림,교차로 - 교차로부근,승용,남,36세,상해없음,보행자,여,18세,중상
2012123000100528,2012년 12월 30일 20시,일요일,경상남도 창녕군 창녕읍,중상사고,0,1,3,0,차대차 - 정면충돌,신호위반,건조,맑음,교차로 - 교차로안,승용,남,51세,상해없음,승용,여,43세,경상
2012123000100545,2012년 12월 30일 21시,일요일,경상남도 통영시 태평동,중상사고,0,1,0,0,차대차 - 정면충돌,중앙선침범,건조,맑음,단일로 - 기타,화물,남,36세,상해없음,승합,남,43세,중상
2012123000100546,2012년 12월 30일 21시,일요일,경상남도 산청군 시천면,사망사고,1,0,0,0,차량단독 - 공작물충돌,안전운전불이행,결빙,맑음,단일로 - 기타,화물,남,35세,사망,,,,
2012123000100579,2012년 12월 30일 23시,일요일,경상남도 창원시 성산구 반지동,경상사고,0,0,3,0,차대차 - 기타,신호위반,기타,맑음,교차로 - 교차로안,승용,남,54세,상해없음,승용,남,37세,경상
2012123000100580,2012년 12월 30일 23시,일요일,경상남도 창원시 의창구 도계동,중상사고,0,1,0,0,차대사람 - 기타,기타,건조,맑음,단일로 - 기타,승용,남,52세,상해없음,보행자,남,41세,중상
2012123100100014,2012년 12월 31일 00시,월요일,경상남도 함안군 군북면,경상사고,0,0,1,0,차대차 - 추돌 - 진행중,안전운전불이행,건조,맑음,단일로 - 기타,화물,남,40세,상해없음,승용,남,30세,경상
2012123100100025,2012년 12월 31일 01시,월요일,경상남도 창원시 마산합포구 자산동,부상신고사고,0,0,0,1,차대차 - 측면직각충돌,교차로운행방법위반,건조,맑음,교차로 - 교차로안,승용,남,45세,상해없음,승용,여,48세,상해없음
2012123100100079,2012년 12월 31일 06시,월요일,경상남도 거제시 아주동,부상신고사고,0,0,0,1,차대차 - 추돌 - 진행중,안전운전불이행,건조,맑음,단일로 - 기타,기타불명,기타불명,기타불명,기타불명,승용,남,29세,부상신고
2012123100100099,2012년 12월 31일 07시,월요일,경상남도 진주시 망경동,중상사고,0,1,0,0,차대사람 - 횡단중,보행자보호의무위반,건조,맑음,교차로 - 교차로안,승용,여,27세,상해없음,보행자,남,44세,중상
2012123100100125,2012년 12월 31일 08시,월요일,경상남도 양산시 북부동,중상사고,0,2,0,0,차대차 - 측면직각충돌,교차로운행방법위반,건조,맑음,교차로 - 교차로안,화물,남,51세,기타불명,화물,남,58세,중상
2012123100100219,2012년 12월 31일 12시,월요일,경상남도 창원시 의창구 봉곡동,경상사고,0,0,3,0,차대차 - 추돌 - 주정차중,안전거리미확보,건조,맑음,단일로 - 기타,승용,남,55세,상해없음,승용,여,37세,경상
2012123100100325,2012년 12월 31일 15시,월요일,경상남도 통영시 무전동,경상사고,0,0,1,0,차대차 - 추돌 - 진행중,안전운전불이행,건조,맑음,교차로 - 교차로안,화물,남,41세,상해없음,화물,남,49세,경상
2012123100100326,2012년 12월 31일 15시,월요일,경상남도 김해시 구산동,중상사고,0,1,0,0,차대사람 - 횡단중,보행자보호의무위반,건조,맑음,단일로 - 횡단보도상,승용,여,48세,상해없음,보행자,남,12세,중상
2012123100100360,2012년 12월 31일 16시,월요일,경상남도 거창군 마리면,중상사고,0,1,0,0,차대차 - 정면충돌,중앙선침범,건조,맑음,단일로 - 기타,승용,남,30세,상해없음,화물,남,35세,중상
2012123100100361,2012년 12월 31일 16시,월요일,경상남도 창녕군 대지면,중상사고,0,1,0,0,차대차 - 측면직각충돌,안전운전불이행,건조,맑음,단일로 - 기타,화물,남,42세,상해없음,승용,여,49세,중상
2012123100100362,2012년 12월 31일 16시,월요일,경상남도 거제시 장목면,중상사고,0,2,1,0,차대차 - 정면충돌,중앙선침범,건조,맑음,단일로 - 기타,승용,남,60세,상해없음,화물,남,70세,중상
2012123100100363,2012년 12월 31일 16시,월요일,경상남도 함안군 함안면,중상사고,0,1,2,0,차대차 - 측면직각충돌,중앙선침범,결빙,맑음,단일로 - 기타,승용,남,34세,상해없음,화물,남,57세,경상
2012123100100380,2012년 12월 31일 17시,월요일,경상남도 창원시 의창구 명서동,중상사고,0,1,0,0,차대차 - 기타,안전운전불이행,건조,맑음,단일로 - 기타,원동기,남,14세,상해없음,승용,남,48세,기타불명
2012123100100381,2012년 12월 31일 17시,월요일,경상남도 창원시 의창구 팔용동,경상사고,0,0,1,0,차대차 - 기타,안전운전불이행,건조,맑음,단일로 - 기타,승용,남,32세,상해없음,승합,남,49세,상해없음
2012123100100417,2012년 12월 31일 18시,월요일,경상남도 진주시 평거동,중상사고,0,1,0,0,차대차 - 기타,안전운전불이행,건조,맑음,단일로 - 기타,승용,남,23세,상해없음,이륜,남,22세,중상
2012123100100418,2012년 12월 31일 18시,월요일,경상남도 창원시 진해구 용원동,중상사고,0,1,0,0,차대차 - 측면직각충돌,직진우회전진행방해,건조,맑음,교차로 - 교차로안,승용,여,45세,상해없음,원동기,남,23세,중상
2012123100100420,2012년 12월 31일 18시,월요일,경상남도 함양군 안의면,중상사고,0,1,0,0,차대차 - 측면직각충돌,중앙선침범,결빙,맑음,단일로 - 기타,승용,여,41세,상해없음,승용,여,44세,상해없음
2012123100100421,2012년 12월 31일 18시,월요일,경상남도 양산시 동면,중상사고,0,1,0,0,차대차 - 기타,신호위반,건조,맑음,교차로 - 교차로안,승용,남,30세,상해없음,승용,여,24세,중상
2012123100100422,2012년 12월 31일 18시,월요일,경상남도 김해시 장유면,중상사고,0,1,0,0,차대차 - 기타,안전운전불이행,건조,맑음,교차로 - 교차로안,승용,남,36세,상해없음,이륜,남,27세,중상
2012123100100457,2012년 12월 31일 19시,월요일,경상남도 김해시 어방동,중상사고,0,1,0,0,차대차 - 측면직각충돌,안전운전불이행,건조,맑음,단일로 - 기타,승용,남,39세,상해없음,이륜,남,18세,중상
2012123100100489,2012년 12월 31일 20시,월요일,경상남도 진주시 정촌면,중상사고,0,2,1,0,차대차 - 기타,신호위반,건조,맑음,교차로 - 교차로안,승용,여,35세,경상,승용,남,31세,중상
2012123100100490,2012년 12월 31일 20시,월요일,경상남도 거제시 고현동,중상사고,0,1,0,0,차대차 - 측면직각충돌,안전운전불이행,건조,흐림,교차로 - 교차로안,승합,남,46세,상해없음,이륜,남,57세,중상
2012123100100491,2012년 12월 31일 20시,월요일,경상남도 거제시 장목면,중상사고,0,2,0,0,차대차 - 기타,안전운전불이행,건조,맑음,기타 - 기타,승용,남,29세,기타불명,승용,남,28세,중상
2012123100100492,2012년 12월 31일 20시,월요일,경상남도 창원시 마산회원구 내서읍,중상사고,0,1,0,0,차대차 - 기타,안전운전불이행,결빙,맑음,단일로 - 기타,승합,남,60세,상해없음,이륜,남,50세,중상
2012123100100548,2012년 12월 31일 22시,월요일,경상남도 창원시 성산구 웅남동,경상사고,0,0,1,0,차대차 - 기타,안전운전불이행,기타,맑음,단일로 - 기타,승용,남,51세,상해없음,자전거,남,22세,경상
2012123100100549,2012년 12월 31일 22시,월요일,경상남도 창원시 마산회원구 구암동,경상사고,0,0,3,0,차대차 - 기타,신호위반,건조,맑음,교차로 - 교차로안,승용,남,27세,상해없음,승용,남,51세,경상